totalPass,accuratePass,totalLongBalls,accurateLongBalls,duelWon,wasFouled,savedShotsFromInsideTheBox,saves,minutesPlayed,touches,rating,possessionLostCtrl,ratingVersions,player,team,home,away,matchweek,totalCross,accurateCross,aerialLost,duelLost,totalContest,wonContest,ShotOffTarget,totalClearance,outfielderBlock,interceptionWon,totalTackle,challengeLost,fouls,aerialWon,goalAssist,keyPass,dispossessed,ShotOnTarget,goals,blockedScoringAttempt,bigChanceCreated,hitWoodwork,goodHighClaim,punches,totalKeeperSweeper,accurateKeeperSweeper,totalOffside,bigChanceMissed,penaltyConceded,penaltyWon,penaltyMiss,penaltySave,clearanceOffLine,errorLeadToAGoal,errorLeadToAShot,lastManTackle,TotalShots,accuratePass_p90,TotalShots_p90,ShotOnTarget_p90
22.0,14.0,11.0,3.0,1.0,1.0,1.0,3.0,90.0,30.0,7.1,8.0,"{'original': 7.1, 'alternative': 7.3}",Federico Lanzillota,aucas,aucas,orense,1,0.0,0.0,0.0,0.0,0.0,0.0,0.0,0.0,0.0,0.0,0.0,0.0,0.0,0.0,0.0,0.0,0.0,0.0,0.0,0.0,0.0,0.0,0.0,0.0,0.0,0.0,0.0,0.0,0.0,0.0,0.0,0.0,0.0,0.0,0.0,0.0,0.0,14.0,0.0,0.0
43.0,37.0,6.0,4.0,5.0,3.0,0.0,0.0,90.0,73.0,7.8,9.0,"{'original': 7.8, 'alternative': 7.8}",Juan Gonzalez,aucas,aucas,orense,1,3.0,1.0,1.0,1.0,1.0,1.0,1.0,1.0,2.0,2.0,1.0,0.0,0.0,0.0,0.0,0.0,0.0,0.0,0.0,0.0,0.0,0.0,0.0,0.0,0.0,0.0,0.0,0.0,0.0,0.0,0.0,0.0,0.0,0.0,0.0,0.0,1.0,37.0,1.0,0.0
61.0,51.0,16.0,9.0,2.0,0.0,0.0,0.0,90.0,74.0,7.4,10.0,"{'original': 7.4, 'alternative': 7.3}",Jhon Ontaneda,aucas,aucas,orense,1,0.0,0.0,0.0,3.0,0.0,0.0,0.0,5.0,2.0,1.0,2.0,2.0,1.0,0.0,0.0,0.0,0.0,0.0,0.0,0.0,0.0,0.0,0.0,0.0,0.0,0.0,0.0,0.0,0.0,0.0,0.0,0.0,0.0,0.0,0.0,0.0,0.0,51.0,0.0,0.0
37.0,31.0,8.0,5.0,2.0,0.0,0.0,0.0,90.0,42.0,6.7,7.0,"{'original': 6.7, 'alternative': 6.8}",Byron Carabalí,aucas,aucas,orense,1,0.0,0.0,0.0,2.0,1.0,0.0,0.0,2.0,0.0,0.0,1.0,0.0,1.0,1.0,0.0,0.0,0.0,0.0,0.0,0.0,0.0,0.0,0.0,0.0,0.0,0.0,0.0,0.0,0.0,0.0,0.0,0.0,0.0,0.0,0.0,0.0,0.0,31.0,0.0,0.0
29.0,24.0,8.0,4.0,2.0,0.0,0.0,0.0,90.0,46.0,7.6,9.0,"{'original': 7.6, 'alternative': 7.7}",Jonnathan Mina,aucas,aucas,orense,1,6.0,2.0,0.0,0.0,0.0,0.0,1.0,2.0,0.0,2.0,1.0,0.0,1.0,1.0,1.0,1.0,0.0,0.0,0.0,0.0,0.0,0.0,0.0,0.0,0.0,0.0,0.0,0.0,0.0,0.0,0.0,0.0,0.0,0.0,0.0,0.0,1.0,24.0,1.0,0.0
42.0,36.0,6.0,4.0,2.0,0.0,0.0,0.0,90.0,51.0,6.8,9.0,"{'original': 6.8, 'alternative': 6.6}",Edison Vega,aucas,aucas,orense,1,0.0,0.0,1.0,5.0,0.0,0.0,1.0,0.0,0.0,1.0,1.0,1.0,1.0,1.0,0.0,1.0,2.0,0.0,0.0,0.0,0.0,0.0,0.0,0.0,0.0,0.0,0.0,0.0,0.0,0.0,0.0,0.0,0.0,0.0,0.0,0.0,1.0,36.0,1.0,0.0
21.0,16.0,1.0,0.0,3.0,3.0,0.0,0.0,90.0,44.0,6.7,19.0,"{'original': 6.7, 'alternative': 6.5}",Luis Cano,aucas,aucas,orense,1,10.0,1.0,1.0,8.0,1.0,0.0,0.0,0.0,0.0,0.0,0.0,2.0,2.0,0.0,0.0,1.0,2.0,1.0,0.0,0.0,0.0,0.0,0.0,0.0,0.0,0.0,0.0,0.0,0.0,0.0,0.0,0.0,0.0,0.0,0.0,0.0,1.0,16.0,1.0,1.0
43.0,37.0,5.0,4.0,1.0,0.0,0.0,0.0,89.0,62.0,7.0,17.0,"{'original': 7, 'alternative': 6.6}",Angelo Mina,aucas,aucas,orense,1,1.0,0.0,1.0,9.0,3.0,0.0,0.0,2.0,0.0,1.0,1.0,1.0,1.0,0.0,0.0,0.0,3.0,1.0,1.0,0.0,0.0,0.0,0.0,0.0,0.0,0.0,0.0,0.0,0.0,0.0,0.0,0.0,0.0,0.0,0.0,0.0,1.0,37.41573033707866,1.0112359550561798,1.0112359550561798
28.0,26.0,4.0,3.0,2.0,0.0,0.0,0.0,73.0,34.0,6.8,3.0,"{'original': 6.8, 'alternative': 6.5}",Renny Jaramillo,aucas,aucas,orense,1,0.0,0.0,0.0,4.0,0.0,0.0,0.0,1.0,0.0,0.0,1.0,3.0,0.0,1.0,0.0,0.0,1.0,0.0,0.0,1.0,0.0,0.0,0.0,0.0,0.0,0.0,0.0,0.0,0.0,0.0,0.0,0.0,0.0,0.0,0.0,0.0,0.0,32.054794520547944,0.0,0.0
12.0,10.0,2.0,2.0,3.0,1.0,0.0,0.0,85.0,31.0,7.0,11.0,"{'original': 7, 'alternative': 6.9}",Ronald Briones,aucas,aucas,orense,1,2.0,1.0,0.0,6.0,4.0,1.0,0.0,0.0,0.0,0.0,1.0,0.0,2.0,0.0,1.0,2.0,1.0,0.0,0.0,0.0,1.0,0.0,0.0,0.0,0.0,0.0,0.0,0.0,0.0,0.0,0.0,0.0,0.0,0.0,0.0,0.0,0.0,10.588235294117647,0.0,0.0
17.0,15.0,4.0,3.0,3.0,2.0,0.0,0.0,85.0,33.0,7.9,10.0,"{'original': 7.9, 'alternative': 7.7}",Jeison Medina,aucas,aucas,orense,1,0.0,0.0,3.0,6.0,0.0,0.0,3.0,0.0,0.0,0.0,1.0,1.0,1.0,0.0,0.0,1.0,1.0,1.0,1.0,0.0,0.0,1.0,0.0,0.0,0.0,0.0,0.0,0.0,0.0,0.0,0.0,0.0,0.0,0.0,0.0,0.0,4.0,15.882352941176471,4.235294117647059,1.0588235294117647
12.0,9.0,3.0,2.0,2.0,1.0,0.0,0.0,17.0,18.0,6.8,4.0,"{'original': 6.8, 'alternative': 6.8}",Michael Carcelén,aucas,aucas,orense,1,0.0,0.0,0.0,1.0,1.0,0.0,0.0,0.0,1.0,0.0,1.0,0.0,0.0,0.0,0.0,0.0,0.0,0.0,0.0,0.0,0.0,0.0,0.0,0.0,0.0,0.0,0.0,0.0,0.0,0.0,0.0,0.0,0.0,0.0,0.0,0.0,0.0,47.64705882352941,0.0,0.0
3.0,3.0,0.0,0.0,0.0,0.0,0.0,0.0,9.0,3.0,6.5,0.0,"{'original': 6.5, 'alternative': 6.5}",Hancel Batalla,aucas,aucas,orense,1,0.0,0.0,0.0,0.0,0.0,0.0,0.0,0.0,0.0,0.0,0.0,0.0,0.0,0.0,0.0,0.0,0.0,0.0,0.0,0.0,0.0,0.0,0.0,0.0,0.0,0.0,0.0,0.0,0.0,0.0,0.0,0.0,0.0,0.0,0.0,0.0,0.0,30.0,0.0,0.0
4.0,2.0,0.0,0.0,3.0,1.0,0.0,0.0,9.0,6.0,6.6,2.0,"{'original': 6.6, 'alternative': 6.6}",Jean Carlos Blanco,aucas,aucas,orense,1,0.0,0.0,1.0,2.0,0.0,0.0,0.0,1.0,0.0,0.0,0.0,0.0,1.0,2.0,0.0,0.0,0.0,0.0,0.0,0.0,0.0,0.0,0.0,0.0,0.0,0.0,0.0,0.0,0.0,0.0,0.0,0.0,0.0,0.0,0.0,0.0,0.0,20.0,0.0,0.0
1.0,0.0,0.0,0.0,0.0,0.0,0.0,0.0,1.0,1.0,0.0,1.0,0,Cristian Tobar,aucas,aucas,orense,1,0.0,0.0,0.0,0.0,0.0,0.0,0.0,0.0,0.0,0.0,0.0,0.0,0.0,0.0,0.0,0.0,0.0,0.0,0.0,0.0,0.0,0.0,0.0,0.0,0.0,0.0,0.0,0.0,0.0,0.0,0.0,0.0,0.0,0.0,0.0,0.0,0.0,0.0,0.0,0.0
0.0,0.0,0.0,0.0,0.0,0.0,0.0,0.0,0.0,0.0,0.0,0.0,0,Edson Resendez,aucas,aucas,orense,1,0.0,0.0,0.0,0.0,0.0,0.0,0.0,0.0,0.0,0.0,0.0,0.0,0.0,0.0,0.0,0.0,0.0,0.0,0.0,0.0,0.0,0.0,0.0,0.0,0.0,0.0,0.0,0.0,0.0,0.0,0.0,0.0,0.0,0.0,0.0,0.0,0.0,0.0,0.0,0.0
0.0,0.0,0.0,0.0,0.0,0.0,0.0,0.0,0.0,0.0,0.0,0.0,0,Diego Espinosa,aucas,aucas,orense,1,0.0,0.0,0.0,0.0,0.0,0.0,0.0,0.0,0.0,0.0,0.0,0.0,0.0,0.0,0.0,0.0,0.0,0.0,0.0,0.0,0.0,0.0,0.0,0.0,0.0,0.0,0.0,0.0,0.0,0.0,0.0,0.0,0.0,0.0,0.0,0.0,0.0,0.0,0.0,0.0
0.0,0.0,0.0,0.0,0.0,0.0,0.0,0.0,0.0,0.0,0.0,0.0,0,Bismar Castro,aucas,aucas,orense,1,0.0,0.0,0.0,0.0,0.0,0.0,0.0,0.0,0.0,0.0,0.0,0.0,0.0,0.0,0.0,0.0,0.0,0.0,0.0,0.0,0.0,0.0,0.0,0.0,0.0,0.0,0.0,0.0,0.0,0.0,0.0,0.0,0.0,0.0,0.0,0.0,0.0,0.0,0.0,0.0
0.0,0.0,0.0,0.0,0.0,0.0,0.0,0.0,0.0,0.0,0.0,0.0,0,Mario Sanabria,aucas,aucas,orense,1,0.0,0.0,0.0,0.0,0.0,0.0,0.0,0.0,0.0,0.0,0.0,0.0,0.0,0.0,0.0,0.0,0.0,0.0,0.0,0.0,0.0,0.0,0.0,0.0,0.0,0.0,0.0,0.0,0.0,0.0,0.0,0.0,0.0,0.0,0.0,0.0,0.0,0.0,0.0,0.0
0.0,0.0,0.0,0.0,0.0,0.0,0.0,0.0,0.0,0.0,0.0,0.0,0,Jordán Mohor,aucas,aucas,orense,1,0.0,0.0,0.0,0.0,0.0,0.0,0.0,0.0,0.0,0.0,0.0,0.0,0.0,0.0,0.0,0.0,0.0,0.0,0.0,0.0,0.0,0.0,0.0,0.0,0.0,0.0,0.0,0.0,0.0,0.0,0.0,0.0,0.0,0.0,0.0,0.0,0.0,0.0,0.0,0.0
0.0,0.0,0.0,0.0,0.0,0.0,0.0,0.0,0.0,0.0,0.0,0.0,0,Adolfo Muñoz,aucas,aucas,orense,1,0.0,0.0,0.0,0.0,0.0,0.0,0.0,0.0,0.0,0.0,0.0,0.0,0.0,0.0,0.0,0.0,0.0,0.0,0.0,0.0,0.0,0.0,0.0,0.0,0.0,0.0,0.0,0.0,0.0,0.0,0.0,0.0,0.0,0.0,0.0,0.0,0.0,0.0,0.0,0.0
0.0,0.0,0.0,0.0,0.0,0.0,0.0,0.0,0.0,0.0,0.0,0.0,0,Asamoa Caicedo,aucas,aucas,orense,1,0.0,0.0,0.0,0.0,0.0,0.0,0.0,0.0,0.0,0.0,0.0,0.0,0.0,0.0,0.0,0.0,0.0,0.0,0.0,0.0,0.0,0.0,0.0,0.0,0.0,0.0,0.0,0.0,0.0,0.0,0.0,0.0,0.0,0.0,0.0,0.0,0.0,0.0,0.0,0.0
28.0,21.0,11.0,4.0,0.0,0.0,1.0,1.0,90.0,40.0,6.7,9.0,"{'original': 6.7, 'alternative': 6.5}",Rolando David Silva,orense,aucas,orense,1,0.0,0.0,0.0,0.0,0.0,0.0,0.0,5.0,0.0,0.0,0.0,0.0,0.0,0.0,0.0,1.0,0.0,0.0,0.0,0.0,0.0,0.0,1.0,3.0,1.0,1.0,0.0,0.0,0.0,0.0,0.0,0.0,0.0,0.0,0.0,0.0,0.0,21.0,0.0,0.0
32.0,23.0,7.0,3.0,3.0,1.0,0.0,0.0,90.0,48.0,6.5,10.0,"{'original': 6.5, 'alternative': 6.5}",Pedro Velasco,orense,aucas,orense,1,0.0,0.0,0.0,1.0,2.0,1.0,0.0,3.0,0.0,1.0,1.0,0.0,0.0,0.0,0.0,0.0,0.0,0.0,0.0,1.0,0.0,0.0,0.0,0.0,0.0,0.0,0.0,0.0,0.0,0.0,0.0,0.0,0.0,0.0,0.0,0.0,0.0,23.0,0.0,0.0
33.0,31.0,5.0,5.0,6.0,1.0,0.0,0.0,90.0,43.0,7.0,2.0,"{'original': 7, 'alternative': 7.1}",Gabriel Achilier,orense,aucas,orense,1,0.0,0.0,0.0,0.0,1.0,1.0,0.0,4.0,0.0,0.0,2.0,0.0,0.0,2.0,0.0,1.0,0.0,0.0,0.0,0.0,0.0,0.0,0.0,0.0,0.0,0.0,0.0,0.0,0.0,0.0,0.0,0.0,0.0,0.0,0.0,0.0,0.0,31.0,0.0,0.0
44.0,34.0,8.0,2.0,4.0,0.0,0.0,0.0,90.0,56.0,6.5,11.0,"{'original': 6.5, 'alternative': 6.5}",Nicolas Del Grecco,orense,aucas,orense,1,0.0,0.0,3.0,4.0,1.0,1.0,0.0,8.0,0.0,0.0,1.0,0.0,1.0,2.0,0.0,0.0,0.0,0.0,0.0,0.0,0.0,0.0,0.0,0.0,0.0,0.0,0.0,0.0,0.0,0.0,0.0,0.0,0.0,0.0,0.0,0.0,0.0,34.0,0.0,0.0
25.0,20.0,6.0,3.0,2.0,0.0,0.0,0.0,79.0,47.0,6.6,12.0,"{'original': 6.6, 'alternative': 6.6}",Jose Luis Monaga Quinonez,orense,aucas,orense,1,4.0,1.0,0.0,2.0,1.0,1.0,1.0,3.0,0.0,0.0,1.0,0.0,2.0,0.0,0.0,0.0,0.0,0.0,0.0,0.0,0.0,0.0,0.0,0.0,0.0,0.0,0.0,0.0,0.0,0.0,0.0,0.0,0.0,0.0,0.0,0.0,1.0,22.78481012658228,1.139240506329114,0.0
13.0,10.0,1.0,1.0,4.0,0.0,0.0,0.0,63.0,20.0,6.8,4.0,"{'original': 6.8, 'alternative': 6.9}",Erick Plúas,orense,aucas,orense,1,0.0,0.0,0.0,0.0,0.0,0.0,0.0,0.0,0.0,0.0,4.0,0.0,0.0,0.0,0.0,1.0,0.0,0.0,0.0,0.0,0.0,0.0,0.0,0.0,0.0,0.0,0.0,0.0,0.0,0.0,0.0,0.0,0.0,0.0,0.0,0.0,0.0,14.285714285714285,0.0,0.0
49.0,39.0,2.0,1.0,3.0,2.0,0.0,0.0,90.0,58.0,6.5,12.0,"{'original': 6.5, 'alternative': 6.4}",Emiliano Sosa,orense,aucas,orense,1,0.0,0.0,1.0,5.0,0.0,0.0,0.0,2.0,1.0,0.0,1.0,0.0,3.0,0.0,0.0,1.0,1.0,0.0,0.0,0.0,0.0,0.0,0.0,0.0,0.0,0.0,0.0,0.0,0.0,0.0,0.0,0.0,0.0,0.0,0.0,0.0,0.0,39.0,0.0,0.0
23.0,15.0,1.0,1.0,6.0,0.0,0.0,0.0,56.0,33.0,6.7,13.0,"{'original': 6.7, 'alternative': 6.6}",Cristian Barros,orense,aucas,orense,1,1.0,0.0,0.0,2.0,1.0,0.0,0.0,0.0,0.0,0.0,4.0,1.0,0.0,2.0,0.0,0.0,0.0,0.0,0.0,1.0,0.0,0.0,0.0,0.0,0.0,0.0,0.0,0.0,0.0,0.0,0.0,0.0,0.0,0.0,0.0,0.0,0.0,24.107142857142858,0.0,0.0
16.0,14.0,1.0,1.0,3.0,1.0,0.0,0.0,56.0,28.0,6.6,7.0,"{'original': 6.6, 'alternative': 6.5}",Marcelo Eggel,orense,aucas,orense,1,2.0,0.0,1.0,6.0,4.0,1.0,1.0,0.0,0.0,0.0,1.0,1.0,1.0,0.0,0.0,0.0,0.0,1.0,0.0,0.0,0.0,0.0,0.0,0.0,0.0,0.0,0.0,0.0,0.0,0.0,0.0,0.0,0.0,0.0,0.0,0.0,2.0,22.5,3.214285714285714,1.607142857142857
20.0,14.0,2.0,1.0,6.0,2.0,0.0,0.0,90.0,34.0,7.4,11.0,"{'original': 7.4, 'alternative': 7.2}",Walter Agustin Herrera,orense,aucas,orense,1,0.0,0.0,0.0,1.0,3.0,3.0,0.0,0.0,0.0,0.0,0.0,0.0,0.0,1.0,0.0,3.0,1.0,1.0,0.0,0.0,0.0,0.0,0.0,0.0,0.0,0.0,0.0,0.0,0.0,0.0,0.0,0.0,0.0,0.0,0.0,0.0,1.0,14.0,1.0,1.0
18.0,14.0,1.0,0.0,1.0,0.0,0.0,0.0,79.0,27.0,6.7,6.0,"{'original': 6.7, 'alternative': 6.6}",Robert Burbano,orense,aucas,orense,1,1.0,1.0,0.0,2.0,1.0,0.0,1.0,0.0,0.0,0.0,1.0,0.0,1.0,0.0,0.0,0.0,0.0,0.0,0.0,0.0,0.0,0.0,0.0,0.0,0.0,0.0,0.0,0.0,0.0,0.0,0.0,0.0,0.0,0.0,0.0,0.0,1.0,15.949367088607595,1.139240506329114,0.0
24.0,18.0,7.0,5.0,2.0,1.0,0.0,0.0,34.0,33.0,7.1,10.0,"{'original': 7.1, 'alternative': 7.1}",Richard Calderón,orense,aucas,orense,1,5.0,1.0,0.0,2.0,1.0,1.0,2.0,0.0,0.0,0.0,0.0,0.0,2.0,0.0,0.0,2.0,0.0,0.0,0.0,0.0,0.0,0.0,0.0,0.0,0.0,0.0,0.0,0.0,0.0,0.0,0.0,0.0,0.0,0.0,0.0,0.0,2.0,47.64705882352941,5.294117647058823,0.0
7.0,5.0,1.0,0.0,1.0,0.0,0.0,0.0,34.0,13.0,6.8,4.0,"{'original': 6.8, 'alternative': 6.7}",Agustin Maziero,orense,aucas,orense,1,0.0,0.0,1.0,3.0,1.0,1.0,0.0,0.0,0.0,0.0,0.0,0.0,1.0,0.0,0.0,1.0,1.0,1.0,0.0,2.0,0.0,0.0,0.0,0.0,0.0,0.0,0.0,0.0,0.0,0.0,0.0,0.0,0.0,0.0,0.0,0.0,1.0,13.23529411764706,2.6470588235294117,2.6470588235294117
3.0,2.0,0.0,0.0,2.0,1.0,0.0,0.0,27.0,9.0,6.6,3.0,"{'original': 6.6, 'alternative': 6.6}",Dany Coronel,orense,aucas,orense,1,0.0,0.0,0.0,1.0,0.0,0.0,0.0,1.0,0.0,0.0,1.0,0.0,0.0,0.0,0.0,0.0,1.0,0.0,0.0,0.0,0.0,0.0,0.0,0.0,0.0,0.0,0.0,0.0,0.0,0.0,0.0,0.0,0.0,0.0,0.0,0.0,0.0,6.666666666666666,0.0,0.0
13.0,9.0,2.0,1.0,4.0,1.0,0.0,0.0,11.0,20.0,6.9,4.0,"{'original': 6.9, 'alternative': 7.1}",Bryan Elian Vinan Rodriguez,orense,aucas,orense,1,1.0,1.0,0.0,0.0,0.0,0.0,0.0,0.0,0.0,0.0,2.0,0.0,0.0,1.0,0.0,0.0,0.0,0.0,0.0,0.0,0.0,0.0,0.0,0.0,0.0,0.0,0.0,0.0,0.0,0.0,0.0,0.0,0.0,0.0,0.0,0.0,0.0,73.63636363636364,0.0,0.0
7.0,4.0,0.0,0.0,0.0,0.0,0.0,0.0,11.0,10.0,6.3,5.0,"{'original': 6.3, 'alternative': 6.3}",Ariel Suarez,orense,aucas,orense,1,1.0,0.0,0.0,2.0,0.0,0.0,0.0,0.0,0.0,0.0,0.0,0.0,1.0,0.0,0.0,0.0,1.0,0.0,0.0,1.0,0.0,0.0,0.0,0.0,0.0,0.0,0.0,0.0,0.0,0.0,0.0,0.0,0.0,0.0,0.0,0.0,0.0,32.72727272727273,0.0,0.0
0.0,0.0,0.0,0.0,0.0,0.0,0.0,0.0,0.0,0.0,0.0,0.0,0,José Cárdenas,orense,aucas,orense,1,0.0,0.0,0.0,0.0,0.0,0.0,0.0,0.0,0.0,0.0,0.0,0.0,0.0,0.0,0.0,0.0,0.0,0.0,0.0,0.0,0.0,0.0,0.0,0.0,0.0,0.0,0.0,0.0,0.0,0.0,0.0,0.0,0.0,0.0,0.0,0.0,0.0,0.0,0.0,0.0
0.0,0.0,0.0,0.0,0.0,0.0,0.0,0.0,0.0,0.0,0.0,0.0,0,Marlon Quiñónez,orense,aucas,orense,1,0.0,0.0,0.0,0.0,0.0,0.0,0.0,0.0,0.0,0.0,0.0,0.0,0.0,0.0,0.0,0.0,0.0,0.0,0.0,0.0,0.0,0.0,0.0,0.0,0.0,0.0,0.0,0.0,0.0,0.0,0.0,0.0,0.0,0.0,0.0,0.0,0.0,0.0,0.0,0.0
0.0,0.0,0.0,0.0,0.0,0.0,0.0,0.0,0.0,0.0,0.0,0.0,0,Santiago Kubiszyn,orense,aucas,orense,1,0.0,0.0,0.0,0.0,0.0,0.0,0.0,0.0,0.0,0.0,0.0,0.0,0.0,0.0,0.0,0.0,0.0,0.0,0.0,0.0,0.0,0.0,0.0,0.0,0.0,0.0,0.0,0.0,0.0,0.0,0.0,0.0,0.0,0.0,0.0,0.0,0.0,0.0,0.0,0.0
0.0,0.0,0.0,0.0,0.0,0.0,0.0,0.0,0.0,0.0,0.0,0.0,0,Sergio Vasquez,orense,aucas,orense,1,0.0,0.0,0.0,0.0,0.0,0.0,0.0,0.0,0.0,0.0,0.0,0.0,0.0,0.0,0.0,0.0,0.0,0.0,0.0,0.0,0.0,0.0,0.0,0.0,0.0,0.0,0.0,0.0,0.0,0.0,0.0,0.0,0.0,0.0,0.0,0.0,0.0,0.0,0.0,0.0
0.0,0.0,0.0,0.0,0.0,0.0,0.0,0.0,0.0,0.0,0.0,0.0,0,Erick Zambrano,orense,aucas,orense,1,0.0,0.0,0.0,0.0,0.0,0.0,0.0,0.0,0.0,0.0,0.0,0.0,0.0,0.0,0.0,0.0,0.0,0.0,0.0,0.0,0.0,0.0,0.0,0.0,0.0,0.0,0.0,0.0,0.0,0.0,0.0,0.0,0.0,0.0,0.0,0.0,0.0,0.0,0.0,0.0
0.0,0.0,0.0,0.0,0.0,0.0,0.0,0.0,0.0,0.0,0.0,0.0,0,Bryan Quinonez,orense,aucas,orense,1,0.0,0.0,0.0,0.0,0.0,0.0,0.0,0.0,0.0,0.0,0.0,0.0,0.0,0.0,0.0,0.0,0.0,0.0,0.0,0.0,0.0,0.0,0.0,0.0,0.0,0.0,0.0,0.0,0.0,0.0,0.0,0.0,0.0,0.0,0.0,0.0,0.0,0.0,0.0,0.0
32.0,27.0,8.0,3.0,1.0,0.0,1.0,5.0,90.0,40.0,7.7,5.0,"{'original': 7.7, 'alternative': 7.9}",Javier Burrai,barcelona,barcelona,imbabura,1,0.0,0.0,0.0,0.0,0.0,0.0,0.0,1.0,0.0,0.0,0.0,0.0,0.0,1.0,0.0,0.0,0.0,0.0,0.0,0.0,0.0,0.0,0.0,1.0,0.0,0.0,0.0,0.0,0.0,0.0,0.0,0.0,0.0,0.0,0.0,0.0,0.0,27.0,0.0,0.0
22.0,14.0,5.0,0.0,3.0,1.0,0.0,0.0,90.0,45.0,7.5,12.0,"{'original': 7.5, 'alternative': 7.4}",William Vargas,barcelona,barcelona,imbabura,1,4.0,2.0,0.0,1.0,1.0,0.0,0.0,1.0,0.0,0.0,1.0,0.0,0.0,1.0,1.0,2.0,0.0,0.0,0.0,0.0,1.0,0.0,0.0,0.0,0.0,0.0,0.0,0.0,0.0,0.0,0.0,0.0,0.0,0.0,0.0,0.0,0.0,14.0,0.0,0.0
34.0,29.0,8.0,6.0,3.0,0.0,0.0,0.0,90.0,41.0,7.0,6.0,"{'original': 7, 'alternative': 7}",Carlos Rodríguez,barcelona,barcelona,imbabura,1,0.0,0.0,2.0,6.0,1.0,0.0,0.0,2.0,2.0,0.0,1.0,1.0,2.0,2.0,0.0,0.0,0.0,0.0,0.0,0.0,0.0,0.0,0.0,0.0,0.0,0.0,0.0,0.0,0.0,0.0,0.0,0.0,0.0,0.0,0.0,0.0,0.0,29.000000000000004,0.0,0.0
55.0,44.0,9.0,6.0,5.0,0.0,0.0,0.0,90.0,63.0,7.4,14.0,"{'original': 7.4, 'alternative': 7.2}",Luca Sosa,barcelona,barcelona,imbabura,1,1.0,0.0,1.0,3.0,2.0,1.0,0.0,0.0,2.0,1.0,1.0,1.0,0.0,3.0,0.0,0.0,0.0,0.0,0.0,0.0,0.0,0.0,0.0,0.0,0.0,0.0,0.0,0.0,0.0,0.0,0.0,0.0,0.0,0.0,0.0,0.0,0.0,44.0,0.0,0.0
28.0,22.0,1.0,0.0,2.0,0.0,0.0,0.0,90.0,48.0,7.2,12.0,"{'original': 7.2, 'alternative': 7.1}",Anibal Chalá,barcelona,barcelona,imbabura,1,6.0,0.0,1.0,4.0,0.0,0.0,0.0,2.0,1.0,2.0,0.0,0.0,3.0,2.0,0.0,1.0,0.0,0.0,0.0,0.0,0.0,0.0,0.0,0.0,0.0,0.0,0.0,0.0,0.0,0.0,0.0,0.0,0.0,0.0,0.0,0.0,0.0,22.0,0.0,0.0
39.0,36.0,5.0,5.0,12.0,5.0,0.0,0.0,90.0,65.0,8.2,5.0,"{'original': 8.2, 'alternative': 8.2}",Leonai Souza de Almeida,barcelona,barcelona,imbabura,1,1.0,1.0,0.0,7.0,1.0,1.0,2.0,1.0,0.0,3.0,6.0,2.0,4.0,0.0,0.0,3.0,1.0,0.0,0.0,3.0,1.0,0.0,0.0,0.0,0.0,0.0,0.0,0.0,0.0,0.0,0.0,0.0,0.0,0.0,0.0,0.0,2.0,36.0,2.0,0.0
46.0,40.0,1.0,1.0,3.0,1.0,0.0,0.0,79.0,55.0,7.5,8.0,"{'original': 7.5, 'alternative': 7.3}",Jesús Trindade,barcelona,barcelona,imbabura,1,0.0,0.0,1.0,4.0,0.0,0.0,0.0,1.0,1.0,1.0,2.0,1.0,2.0,0.0,1.0,1.0,0.0,0.0,0.0,0.0,0.0,0.0,0.0,0.0,0.0,0.0,0.0,0.0,0.0,0.0,0.0,0.0,0.0,0.0,0.0,0.0,0.0,45.56962025316456,0.0,0.0
14.0,9.0,0.0,0.0,5.0,3.0,0.0,0.0,88.0,32.0,7.2,16.0,"{'original': 7.2, 'alternative': 6.9}",Janner Corozo,barcelona,barcelona,imbabura,1,2.0,0.0,2.0,8.0,5.0,0.0,0.0,0.0,0.0,1.0,1.0,0.0,1.0,1.0,0.0,0.0,0.0,1.0,1.0,0.0,0.0,0.0,0.0,0.0,0.0,0.0,1.0,0.0,0.0,0.0,0.0,0.0,0.0,0.0,0.0,0.0,1.0,9.204545454545455,1.0227272727272727,1.0227272727272727
36.0,28.0,6.0,4.0,4.0,1.0,0.0,0.0,74.0,61.0,7.6,19.0,"{'original': 7.6, 'alternative': 7.3}",Damián Díaz,barcelona,barcelona,imbabura,1,8.0,3.0,0.0,6.0,4.0,2.0,2.0,1.0,0.0,0.0,1.0,2.0,0.0,0.0,0.0,6.0,2.0,1.0,0.0,1.0,1.0,0.0,0.0,0.0,0.0,0.0,1.0,1.0,0.0,0.0,0.0,0.0,0.0,0.0,0.0,0.0,3.0,34.054054054054056,3.6486486486486487,1.2162162162162162
17.0,16.0,1.0,1.0,4.0,0.0,0.0,0.0,79.0,34.0,6.8,9.0,"{'original': 6.8, 'alternative': 6.7}",Cristhian Solano,barcelona,barcelona,imbabura,1,0.0,0.0,0.0,8.0,4.0,1.0,1.0,0.0,0.0,0.0,3.0,1.0,4.0,0.0,0.0,0.0,0.0,1.0,0.0,0.0,0.0,0.0,0.0,0.0,0.0,0.0,0.0,0.0,0.0,0.0,0.0,0.0,0.0,0.0,0.0,0.0,2.0,18.227848101265824,2.278481012658228,1.139240506329114
18.0,15.0,0.0,0.0,1.0,0.0,0.0,0.0,73.0,32.0,7.2,5.0,"{'original': 7.2, 'alternative': 7}",Francisco Fydriszewski,barcelona,barcelona,imbabura,1,0.0,0.0,1.0,4.0,0.0,0.0,1.0,0.0,0.0,1.0,1.0,1.0,2.0,0.0,0.0,1.0,0.0,4.0,1.0,2.0,0.0,0.0,0.0,0.0,0.0,0.0,1.0,2.0,0.0,0.0,0.0,0.0,0.0,0.0,0.0,0.0,5.0,18.493150684931507,6.164383561643835,4.931506849315069
7.0,7.0,0.0,0.0,0.0,0.0,0.0,0.0,17.0,9.0,6.4,1.0,"{'original': 6.4, 'alternative': 6.2}",Gabriel Cortez,barcelona,barcelona,imbabura,1,1.0,0.0,0.0,3.0,0.0,0.0,1.0,0.0,0.0,0.0,0.0,3.0,0.0,0.0,0.0,0.0,0.0,0.0,0.0,0.0,0.0,0.0,0.0,0.0,0.0,0.0,0.0,0.0,0.0,0.0,0.0,0.0,0.0,0.0,0.0,0.0,1.0,37.05882352941176,5.294117647058823,0.0
2.0,2.0,0.0,0.0,0.0,0.0,0.0,0.0,16.0,5.0,6.5,2.0,"{'original': 6.5, 'alternative': 6.5}",Djorkaeff Reasco,barcelona,barcelona,imbabura,1,0.0,0.0,1.0,2.0,0.0,0.0,0.0,0.0,0.0,1.0,0.0,0.0,1.0,0.0,0.0,0.0,0.0,0.0,0.0,0.0,0.0,0.0,0.0,0.0,0.0,0.0,0.0,0.0,0.0,0.0,0.0,0.0,0.0,0.0,0.0,0.0,0.0,11.25,0.0,0.0
8.0,6.0,1.0,1.0,0.0,0.0,0.0,0.0,11.0,9.0,6.3,3.0,"{'original': 6.3, 'alternative': 6.3}",Fernando Gaibor,barcelona,barcelona,imbabura,1,0.0,0.0,0.0,2.0,1.0,0.0,0.0,0.0,0.0,0.0,0.0,1.0,0.0,0.0,0.0,0.0,0.0,0.0,0.0,0.0,0.0,0.0,0.0,0.0,0.0,0.0,0.0,0.0,0.0,0.0,0.0,0.0,0.0,0.0,0.0,0.0,0.0,49.090909090909086,0.0,0.0
12.0,12.0,2.0,2.0,2.0,1.0,0.0,0.0,11.0,15.0,6.7,1.0,"{'original': 6.7, 'alternative': 6.6}",Dixon Arroyo,barcelona,barcelona,imbabura,1,0.0,0.0,0.0,2.0,0.0,0.0,0.0,0.0,0.0,0.0,1.0,0.0,1.0,0.0,0.0,0.0,1.0,0.0,0.0,0.0,0.0,0.0,0.0,0.0,0.0,0.0,0.0,0.0,0.0,0.0,0.0,0.0,0.0,0.0,0.0,0.0,0.0,98.18181818181817,0.0,0.0
2.0,2.0,1.0,1.0,0.0,0.0,0.0,0.0,2.0,3.0,0.0,1.0,0,Jandry Gómez,barcelona,barcelona,imbabura,1,0.0,0.0,0.0,2.0,0.0,0.0,0.0,0.0,0.0,0.0,0.0,1.0,0.0,0.0,0.0,0.0,1.0,0.0,0.0,0.0,0.0,0.0,0.0,0.0,0.0,0.0,0.0,0.0,0.0,0.0,0.0,0.0,0.0,0.0,0.0,0.0,0.0,90.0,0.0,0.0
0.0,0.0,0.0,0.0,0.0,0.0,0.0,0.0,0.0,0.0,0.0,0.0,0,Victor Mendoza,barcelona,barcelona,imbabura,1,0.0,0.0,0.0,0.0,0.0,0.0,0.0,0.0,0.0,0.0,0.0,0.0,0.0,0.0,0.0,0.0,0.0,0.0,0.0,0.0,0.0,0.0,0.0,0.0,0.0,0.0,0.0,0.0,0.0,0.0,0.0,0.0,0.0,0.0,0.0,0.0,0.0,0.0,0.0,0.0
0.0,0.0,0.0,0.0,0.0,0.0,0.0,0.0,0.0,0.0,0.0,0.0,0,Alex Rangel,barcelona,barcelona,imbabura,1,0.0,0.0,0.0,0.0,0.0,0.0,0.0,0.0,0.0,0.0,0.0,0.0,0.0,0.0,0.0,0.0,0.0,0.0,0.0,0.0,0.0,0.0,0.0,0.0,0.0,0.0,0.0,0.0,0.0,0.0,0.0,0.0,0.0,0.0,0.0,0.0,0.0,0.0,0.0,0.0
0.0,0.0,0.0,0.0,0.0,0.0,0.0,0.0,0.0,0.0,0.0,0.0,0,Jhonnier Chala,barcelona,barcelona,imbabura,1,0.0,0.0,0.0,0.0,0.0,0.0,0.0,0.0,0.0,0.0,0.0,0.0,0.0,0.0,0.0,0.0,0.0,0.0,0.0,0.0,0.0,0.0,0.0,0.0,0.0,0.0,0.0,0.0,0.0,0.0,0.0,0.0,0.0,0.0,0.0,0.0,0.0,0.0,0.0,0.0
0.0,0.0,0.0,0.0,0.0,0.0,0.0,0.0,0.0,0.0,0.0,0.0,0,Jefferson Arce,barcelona,barcelona,imbabura,1,0.0,0.0,0.0,0.0,0.0,0.0,0.0,0.0,0.0,0.0,0.0,0.0,0.0,0.0,0.0,0.0,0.0,0.0,0.0,0.0,0.0,0.0,0.0,0.0,0.0,0.0,0.0,0.0,0.0,0.0,0.0,0.0,0.0,0.0,0.0,0.0,0.0,0.0,0.0,0.0
0.0,0.0,0.0,0.0,0.0,0.0,0.0,0.0,0.0,0.0,0.0,0.0,0,Dylan Luque,barcelona,barcelona,imbabura,1,0.0,0.0,0.0,0.0,0.0,0.0,0.0,0.0,0.0,0.0,0.0,0.0,0.0,0.0,0.0,0.0,0.0,0.0,0.0,0.0,0.0,0.0,0.0,0.0,0.0,0.0,0.0,0.0,0.0,0.0,0.0,0.0,0.0,0.0,0.0,0.0,0.0,0.0,0.0,0.0
0.0,0.0,0.0,0.0,0.0,0.0,0.0,0.0,0.0,0.0,0.0,0.0,0,Bruno Piñatares,barcelona,barcelona,imbabura,1,0.0,0.0,0.0,0.0,0.0,0.0,0.0,0.0,0.0,0.0,0.0,0.0,0.0,0.0,0.0,0.0,0.0,0.0,0.0,0.0,0.0,0.0,0.0,0.0,0.0,0.0,0.0,0.0,0.0,0.0,0.0,0.0,0.0,0.0,0.0,0.0,0.0,0.0,0.0,0.0
0.0,0.0,0.0,0.0,0.0,0.0,0.0,0.0,0.0,0.0,0.0,0.0,0,Allen Obando,barcelona,barcelona,imbabura,1,0.0,0.0,0.0,0.0,0.0,0.0,0.0,0.0,0.0,0.0,0.0,0.0,0.0,0.0,0.0,0.0,0.0,0.0,0.0,0.0,0.0,0.0,0.0,0.0,0.0,0.0,0.0,0.0,0.0,0.0,0.0,0.0,0.0,0.0,0.0,0.0,0.0,0.0,0.0,0.0
26.0,19.0,13.0,6.0,0.0,0.0,3.0,5.0,90.0,36.0,7.3,8.0,"{'original': 7.3, 'alternative': 7}",Mario Valero Sanchez,imbabura,barcelona,imbabura,1,0.0,0.0,0.0,0.0,0.0,0.0,0.0,2.0,0.0,0.0,0.0,0.0,0.0,0.0,0.0,1.0,0.0,0.0,0.0,0.0,0.0,0.0,0.0,1.0,0.0,0.0,0.0,0.0,0.0,0.0,0.0,0.0,0.0,0.0,0.0,0.0,0.0,19.0,0.0,0.0
26.0,17.0,4.0,1.0,10.0,3.0,0.0,0.0,90.0,43.0,7.0,10.0,"{'original': 7, 'alternative': 7}",Edison Caicedo,imbabura,barcelona,imbabura,1,0.0,0.0,0.0,0.0,2.0,2.0,0.0,1.0,0.0,0.0,4.0,0.0,0.0,1.0,0.0,0.0,0.0,0.0,0.0,1.0,0.0,0.0,0.0,0.0,0.0,0.0,0.0,0.0,0.0,0.0,0.0,0.0,0.0,0.0,0.0,0.0,0.0,17.0,0.0,0.0
15.0,12.0,3.0,2.0,4.0,1.0,0.0,0.0,45.0,24.0,7.0,3.0,"{'original': 7, 'alternative': 7}",Edilson Cabeza,imbabura,barcelona,imbabura,1,0.0,0.0,0.0,0.0,0.0,0.0,0.0,2.0,1.0,0.0,3.0,0.0,0.0,0.0,0.0,0.0,0.0,0.0,0.0,0.0,0.0,0.0,0.0,0.0,0.0,0.0,0.0,0.0,0.0,0.0,0.0,0.0,0.0,0.0,0.0,0.0,0.0,24.0,0.0,0.0
29.0,21.0,3.0,0.0,1.0,0.0,0.0,0.0,90.0,39.0,6.5,8.0,"{'original': 6.5, 'alternative': 6.5}",Alexis Santacruz,imbabura,barcelona,imbabura,1,0.0,0.0,0.0,1.0,0.0,0.0,0.0,4.0,1.0,2.0,0.0,0.0,1.0,1.0,0.0,0.0,0.0,0.0,0.0,0.0,0.0,0.0,0.0,0.0,0.0,0.0,0.0,0.0,0.0,0.0,0.0,0.0,0.0,0.0,0.0,0.0,0.0,21.0,0.0,0.0
21.0,16.0,2.0,1.0,3.0,1.0,0.0,0.0,90.0,35.0,5.9,11.0,"{'original': 5.9, 'alternative': 5.8}",Roni Chávez,imbabura,barcelona,imbabura,1,0.0,0.0,3.0,10.0,3.0,0.0,0.0,2.0,1.0,0.0,0.0,0.0,4.0,2.0,0.0,0.0,0.0,0.0,0.0,0.0,0.0,0.0,0.0,0.0,0.0,0.0,0.0,0.0,0.0,0.0,0.0,0.0,0.0,0.0,0.0,0.0,0.0,16.0,0.0,0.0
31.0,24.0,1.0,0.0,6.0,2.0,0.0,0.0,90.0,44.0,6.9,11.0,"{'original': 6.9, 'alternative': 6.9}",Óscar Pepinos,imbabura,barcelona,imbabura,1,3.0,2.0,0.0,4.0,0.0,0.0,0.0,0.0,1.0,1.0,3.0,1.0,2.0,1.0,0.0,2.0,1.0,0.0,0.0,0.0,0.0,0.0,0.0,0.0,0.0,0.0,0.0,0.0,0.0,0.0,0.0,0.0,0.0,0.0,0.0,0.0,0.0,24.0,0.0,0.0
21.0,19.0,2.0,2.0,3.0,1.0,0.0,0.0,60.0,32.0,6.4,7.0,"{'original': 6.4, 'alternative': 6.4}",Xavier Pineda,imbabura,barcelona,imbabura,1,3.0,1.0,0.0,5.0,4.0,2.0,0.0,0.0,0.0,0.0,0.0,1.0,2.0,0.0,0.0,0.0,0.0,0.0,0.0,1.0,0.0,0.0,0.0,0.0,0.0,0.0,0.0,0.0,0.0,0.0,0.0,0.0,0.0,0.0,0.0,0.0,0.0,28.5,0.0,0.0
16.0,12.0,1.0,0.0,6.0,3.0,0.0,0.0,89.0,35.0,6.9,7.0,"{'original': 6.9, 'alternative': 6.7}",Leandro Pantoja,imbabura,barcelona,imbabura,1,0.0,0.0,3.0,7.0,2.0,0.0,0.0,2.0,1.0,0.0,3.0,2.0,0.0,0.0,0.0,2.0,0.0,1.0,0.0,2.0,0.0,0.0,0.0,0.0,0.0,0.0,0.0,0.0,0.0,0.0,0.0,0.0,0.0,0.0,0.0,0.0,1.0,12.134831460674157,1.0112359550561798,1.0112359550561798
17.0,9.0,0.0,0.0,14.0,4.0,0.0,0.0,90.0,40.0,7.9,12.0,"{'original': 7.9, 'alternative': 7.8}",Federico Paz,imbabura,barcelona,imbabura,1,0.0,0.0,0.0,3.0,8.0,7.0,1.0,2.0,0.0,0.0,0.0,0.0,1.0,3.0,0.0,2.0,1.0,2.0,0.0,0.0,0.0,0.0,0.0,0.0,0.0,0.0,0.0,0.0,0.0,0.0,0.0,0.0,0.0,0.0,0.0,0.0,3.0,9.0,3.0,2.0
16.0,9.0,1.0,0.0,6.0,3.0,0.0,0.0,90.0,40.0,6.8,17.0,"{'original': 6.8, 'alternative': 6.6}",Erick Mendoza,imbabura,barcelona,imbabura,1,0.0,0.0,3.0,8.0,4.0,1.0,0.0,0.0,1.0,0.0,2.0,0.0,0.0,0.0,0.0,0.0,2.0,2.0,0.0,2.0,0.0,0.0,0.0,0.0,0.0,0.0,0.0,0.0,0.0,0.0,0.0,0.0,0.0,0.0,0.0,0.0,2.0,9.0,2.0,2.0
18.0,13.0,0.0,0.0,4.0,0.0,0.0,0.0,61.0,32.0,6.9,11.0,"{'original': 6.9, 'alternative': 6.7}",Danny Burbano,imbabura,barcelona,imbabura,1,2.0,0.0,0.0,2.0,2.0,1.0,0.0,1.0,0.0,1.0,2.0,0.0,1.0,1.0,0.0,0.0,0.0,0.0,0.0,0.0,0.0,0.0,0.0,0.0,0.0,0.0,0.0,0.0,0.0,0.0,0.0,0.0,0.0,0.0,0.0,0.0,0.0,19.18032786885246,0.0,0.0
12.0,8.0,1.0,0.0,1.0,1.0,0.0,0.0,45.0,27.0,6.4,5.0,"{'original': 6.4, 'alternative': 6.3}",Wilson Alfredo Folleco Morales,imbabura,barcelona,imbabura,1,0.0,0.0,0.0,1.0,0.0,0.0,0.0,1.0,0.0,0.0,0.0,0.0,1.0,0.0,0.0,0.0,0.0,0.0,0.0,0.0,0.0,0.0,0.0,0.0,0.0,0.0,0.0,0.0,0.0,0.0,0.0,0.0,0.0,0.0,0.0,0.0,0.0,16.0,0.0,0.0
13.0,11.0,2.0,1.0,2.0,1.0,0.0,0.0,30.0,21.0,6.4,5.0,"{'original': 6.4, 'alternative': 6.4}",Rony Caicedo,imbabura,barcelona,imbabura,1,0.0,0.0,0.0,2.0,1.0,0.0,0.0,0.0,0.0,0.0,1.0,0.0,0.0,0.0,0.0,0.0,1.0,0.0,0.0,0.0,0.0,0.0,0.0,0.0,0.0,0.0,0.0,0.0,0.0,0.0,0.0,0.0,0.0,0.0,0.0,0.0,0.0,33.0,0.0,0.0
15.0,13.0,0.0,0.0,1.0,0.0,0.0,0.0,29.0,18.0,6.7,3.0,"{'original': 6.7, 'alternative': 6.6}",Juan Alcivar,imbabura,barcelona,imbabura,1,1.0,0.0,1.0,2.0,0.0,0.0,0.0,0.0,0.0,0.0,1.0,1.0,0.0,0.0,0.0,2.0,0.0,0.0,0.0,0.0,0.0,0.0,0.0,0.0,0.0,0.0,1.0,0.0,0.0,0.0,0.0,0.0,0.0,0.0,0.0,0.0,0.0,40.3448275862069,0.0,0.0
1.0,1.0,0.0,0.0,1.0,0.0,0.0,0.0,1.0,2.0,0.0,0.0,0,Maicol Mina,imbabura,barcelona,imbabura,1,0.0,0.0,0.0,0.0,1.0,1.0,0.0,0.0,0.0,0.0,0.0,0.0,0.0,0.0,0.0,0.0,0.0,0.0,0.0,0.0,0.0,0.0,0.0,0.0,0.0,0.0,0.0,0.0,0.0,0.0,0.0,0.0,0.0,0.0,0.0,0.0,0.0,90.0,0.0,0.0
0.0,0.0,0.0,0.0,0.0,0.0,0.0,0.0,0.0,0.0,0.0,0.0,0,Patrik Minda,imbabura,barcelona,imbabura,1,0.0,0.0,0.0,0.0,0.0,0.0,0.0,0.0,0.0,0.0,0.0,0.0,0.0,0.0,0.0,0.0,0.0,0.0,0.0,0.0,0.0,0.0,0.0,0.0,0.0,0.0,0.0,0.0,0.0,0.0,0.0,0.0,0.0,0.0,0.0,0.0,0.0,0.0,0.0,0.0
0.0,0.0,0.0,0.0,0.0,0.0,0.0,0.0,0.0,0.0,0.0,0.0,0,Guillermo Rendón,imbabura,barcelona,imbabura,1,0.0,0.0,0.0,0.0,0.0,0.0,0.0,0.0,0.0,0.0,0.0,0.0,0.0,0.0,0.0,0.0,0.0,0.0,0.0,0.0,0.0,0.0,0.0,0.0,0.0,0.0,0.0,0.0,0.0,0.0,0.0,0.0,0.0,0.0,0.0,0.0,0.0,0.0,0.0,0.0
0.0,0.0,0.0,0.0,0.0,0.0,0.0,0.0,0.0,0.0,0.0,0.0,0,Michael Chala,imbabura,barcelona,imbabura,1,0.0,0.0,0.0,0.0,0.0,0.0,0.0,0.0,0.0,0.0,0.0,0.0,0.0,0.0,0.0,0.0,0.0,0.0,0.0,0.0,0.0,0.0,0.0,0.0,0.0,0.0,0.0,0.0,0.0,0.0,0.0,0.0,0.0,0.0,0.0,0.0,0.0,0.0,0.0,0.0
0.0,0.0,0.0,0.0,0.0,0.0,0.0,0.0,0.0,0.0,0.0,0.0,0,Jerson Guisamano,imbabura,barcelona,imbabura,1,0.0,0.0,0.0,0.0,0.0,0.0,0.0,0.0,0.0,0.0,0.0,0.0,0.0,0.0,0.0,0.0,0.0,0.0,0.0,0.0,0.0,0.0,0.0,0.0,0.0,0.0,0.0,0.0,0.0,0.0,0.0,0.0,0.0,0.0,0.0,0.0,0.0,0.0,0.0,0.0
0.0,0.0,0.0,0.0,0.0,0.0,0.0,0.0,0.0,0.0,0.0,0.0,0,Gilmar Cevallos,imbabura,barcelona,imbabura,1,0.0,0.0,0.0,0.0,0.0,0.0,0.0,0.0,0.0,0.0,0.0,0.0,0.0,0.0,0.0,0.0,0.0,0.0,0.0,0.0,0.0,0.0,0.0,0.0,0.0,0.0,0.0,0.0,0.0,0.0,0.0,0.0,0.0,0.0,0.0,0.0,0.0,0.0,0.0,0.0
0.0,0.0,0.0,0.0,0.0,0.0,0.0,0.0,0.0,0.0,0.0,0.0,0,Julián Ariel Yar Burbano,imbabura,barcelona,imbabura,1,0.0,0.0,0.0,0.0,0.0,0.0,0.0,0.0,0.0,0.0,0.0,0.0,0.0,0.0,0.0,0.0,0.0,0.0,0.0,0.0,0.0,0.0,0.0,0.0,0.0,0.0,0.0,0.0,0.0,0.0,0.0,0.0,0.0,0.0,0.0,0.0,0.0,0.0,0.0,0.0
0.0,0.0,0.0,0.0,0.0,0.0,0.0,0.0,0.0,0.0,0.0,0.0,0,Jacson Pita Mina,imbabura,barcelona,imbabura,1,0.0,0.0,0.0,0.0,0.0,0.0,0.0,0.0,0.0,0.0,0.0,0.0,0.0,0.0,0.0,0.0,0.0,0.0,0.0,0.0,0.0,0.0,0.0,0.0,0.0,0.0,0.0,0.0,0.0,0.0,0.0,0.0,0.0,0.0,0.0,0.0,0.0,0.0,0.0,0.0
0.0,0.0,0.0,0.0,0.0,0.0,0.0,0.0,0.0,0.0,0.0,0.0,0,Alexis Villamil,imbabura,barcelona,imbabura,1,0.0,0.0,0.0,0.0,0.0,0.0,0.0,0.0,0.0,0.0,0.0,0.0,0.0,0.0,0.0,0.0,0.0,0.0,0.0,0.0,0.0,0.0,0.0,0.0,0.0,0.0,0.0,0.0,0.0,0.0,0.0,0.0,0.0,0.0,0.0,0.0,0.0,0.0,0.0,0.0
31.0,30.0,7.0,6.0,0.0,0.0,0.0,1.0,90.0,40.0,7.1,1.0,"{'original': 7.1, 'alternative': 7.2}",Rafael Romo,catolica,catolica,nacional,1,0.0,0.0,0.0,0.0,0.0,0.0,0.0,2.0,0.0,0.0,0.0,0.0,0.0,0.0,0.0,0.0,0.0,0.0,0.0,0.0,0.0,0.0,0.0,1.0,0.0,0.0,0.0,0.0,0.0,0.0,0.0,0.0,0.0,0.0,0.0,0.0,0.0,30.0,0.0,0.0
55.0,47.0,5.0,2.0,6.0,2.0,0.0,0.0,90.0,79.0,6.9,14.0,"{'original': 6.9, 'alternative': 6.9}",Gregori Anangonó,catolica,catolica,nacional,1,2.0,0.0,2.0,5.0,2.0,2.0,0.0,2.0,0.0,0.0,0.0,0.0,2.0,2.0,0.0,0.0,1.0,0.0,0.0,0.0,0.0,0.0,0.0,0.0,0.0,0.0,0.0,0.0,0.0,0.0,0.0,0.0,0.0,0.0,0.0,0.0,0.0,47.0,0.0,0.0
54.0,49.0,4.0,2.0,6.0,0.0,0.0,0.0,67.0,62.0,7.1,5.0,"{'original': 7.1, 'alternative': 7.1}",Exon Gustavo Vallecilla,catolica,catolica,nacional,1,0.0,0.0,0.0,3.0,0.0,0.0,1.0,3.0,0.0,0.0,3.0,0.0,4.0,3.0,0.0,1.0,0.0,0.0,0.0,0.0,0.0,0.0,0.0,0.0,0.0,0.0,0.0,0.0,0.0,0.0,0.0,0.0,0.0,0.0,0.0,0.0,1.0,65.82089552238806,1.3432835820895521,0.0
73.0,70.0,8.0,5.0,4.0,0.0,0.0,0.0,90.0,84.0,7.4,4.0,"{'original': 7.4, 'alternative': 7.4}",Fausto Grillo,catolica,catolica,nacional,1,0.0,0.0,0.0,2.0,0.0,0.0,1.0,3.0,0.0,0.0,2.0,0.0,2.0,2.0,0.0,1.0,0.0,0.0,0.0,0.0,0.0,0.0,0.0,0.0,0.0,0.0,0.0,0.0,0.0,0.0,0.0,0.0,0.0,0.0,0.0,0.0,1.0,70.0,1.0,0.0
82.0,75.0,2.0,2.0,0.0,0.0,0.0,0.0,90.0,96.0,7.1,12.0,"{'original': 7.1, 'alternative': 7}",Layan Loor,catolica,catolica,nacional,1,3.0,0.0,1.0,2.0,0.0,0.0,0.0,0.0,0.0,0.0,0.0,0.0,1.0,0.0,0.0,0.0,0.0,0.0,0.0,0.0,0.0,0.0,0.0,0.0,0.0,0.0,0.0,0.0,0.0,0.0,0.0,0.0,0.0,0.0,0.0,0.0,0.0,75.0,0.0,0.0
89.0,81.0,20.0,16.0,5.0,1.0,0.0,0.0,73.0,102.0,7.8,13.0,"{'original': 7.8, 'alternative': 7.6}",Facundo Martinez,catolica,catolica,nacional,1,1.0,0.0,1.0,4.0,3.0,2.0,0.0,0.0,0.0,1.0,2.0,1.0,0.0,0.0,0.0,3.0,1.0,0.0,0.0,0.0,0.0,0.0,0.0,0.0,0.0,0.0,0.0,0.0,0.0,0.0,0.0,0.0,0.0,0.0,0.0,0.0,0.0,99.86301369863014,0.0,0.0
55.0,50.0,4.0,3.0,4.0,0.0,0.0,0.0,90.0,64.0,7.7,6.0,"{'original': 7.7, 'alternative': 7.8}",Kevin Minda,catolica,catolica,nacional,1,0.0,0.0,2.0,3.0,0.0,0.0,2.0,2.0,0.0,0.0,2.0,0.0,1.0,2.0,0.0,1.0,0.0,1.0,1.0,0.0,0.0,0.0,0.0,0.0,0.0,0.0,0.0,0.0,0.0,0.0,0.0,0.0,0.0,0.0,0.0,0.0,3.0,50.0,3.0,1.0
60.0,53.0,10.0,8.0,2.0,0.0,0.0,0.0,72.0,70.0,7.4,10.0,"{'original': 7.4, 'alternative': 7.5}",Luciano Nieto,catolica,catolica,nacional,1,5.0,3.0,0.0,3.0,3.0,2.0,1.0,0.0,0.0,1.0,0.0,0.0,2.0,0.0,0.0,3.0,0.0,0.0,0.0,0.0,0.0,0.0,0.0,0.0,0.0,0.0,0.0,0.0,0.0,0.0,0.0,0.0,0.0,0.0,0.0,0.0,1.0,66.25,1.25,0.0
24.0,20.0,1.0,1.0,6.0,0.0,0.0,0.0,62.0,41.0,7.2,12.0,"{'original': 7.2, 'alternative': 7.2}",Kevin Quevedo,catolica,catolica,nacional,1,3.0,0.0,1.0,5.0,5.0,3.0,0.0,0.0,0.0,0.0,3.0,0.0,1.0,0.0,0.0,1.0,1.0,2.0,0.0,0.0,0.0,0.0,0.0,0.0,0.0,0.0,0.0,0.0,0.0,0.0,0.0,0.0,0.0,0.0,0.0,0.0,2.0,29.032258064516128,2.903225806451613,2.903225806451613
6.0,5.0,0.0,0.0,1.0,0.0,0.0,0.0,63.0,11.0,7.5,2.0,"{'original': 7.5, 'alternative': 7.5}",Jhon Cifuente,catolica,catolica,nacional,1,0.0,0.0,1.0,1.0,0.0,0.0,0.0,0.0,0.0,0.0,0.0,0.0,0.0,1.0,0.0,1.0,0.0,2.0,1.0,2.0,0.0,0.0,0.0,0.0,0.0,0.0,0.0,0.0,0.0,0.0,0.0,0.0,0.0,0.0,0.0,0.0,2.0,7.142857142857142,2.8571428571428568,2.8571428571428568
45.0,40.0,0.0,0.0,4.0,1.0,0.0,0.0,90.0,61.0,7.7,11.0,"{'original': 7.7, 'alternative': 7.5}",Ismael Díaz,catolica,catolica,nacional,1,0.0,0.0,1.0,6.0,6.0,3.0,1.0,1.0,1.0,0.0,0.0,0.0,1.0,0.0,1.0,3.0,1.0,1.0,0.0,1.0,1.0,0.0,0.0,0.0,0.0,0.0,1.0,0.0,0.0,0.0,0.0,0.0,0.0,0.0,0.0,0.0,2.0,40.0,2.0,1.0
12.0,7.0,1.0,0.0,1.0,0.0,0.0,0.0,28.0,21.0,6.8,9.0,"{'original': 6.8, 'alternative': 6.7}",Arón Rodríguez,catolica,catolica,nacional,1,2.0,0.0,0.0,2.0,2.0,1.0,0.0,0.0,0.0,0.0,0.0,0.0,0.0,0.0,1.0,1.0,1.0,0.0,0.0,2.0,1.0,0.0,0.0,0.0,0.0,0.0,0.0,1.0,0.0,0.0,0.0,0.0,0.0,0.0,0.0,0.0,0.0,22.5,0.0,0.0
9.0,8.0,0.0,0.0,0.0,0.0,0.0,0.0,27.0,11.0,7.4,2.0,"{'original': 7.4, 'alternative': 7.4}",José Fajardo,catolica,catolica,nacional,1,0.0,0.0,0.0,2.0,0.0,0.0,0.0,0.0,0.0,0.0,0.0,0.0,1.0,0.0,0.0,1.0,1.0,1.0,1.0,0.0,1.0,0.0,0.0,0.0,0.0,0.0,0.0,0.0,0.0,0.0,0.0,0.0,0.0,0.0,0.0,0.0,1.0,26.666666666666664,3.333333333333333,3.333333333333333
15.0,15.0,3.0,3.0,0.0,0.0,0.0,0.0,23.0,16.0,6.6,0.0,"{'original': 6.6, 'alternative': 6.6}",Daniel Clavijo,catolica,catolica,nacional,1,0.0,0.0,0.0,1.0,0.0,0.0,0.0,1.0,0.0,0.0,0.0,1.0,0.0,0.0,0.0,0.0,0.0,0.0,0.0,0.0,0.0,0.0,0.0,0.0,0.0,0.0,0.0,0.0,0.0,0.0,0.0,0.0,0.0,0.0,0.0,0.0,0.0,58.69565217391305,0.0,0.0
21.0,19.0,6.0,5.0,1.0,1.0,0.0,0.0,18.0,23.0,6.7,3.0,"{'original': 6.7, 'alternative': 6.6}",Luis Moreno,catolica,catolica,nacional,1,0.0,0.0,0.0,1.0,1.0,0.0,0.0,0.0,0.0,0.0,0.0,0.0,0.0,0.0,0.0,0.0,0.0,0.0,0.0,0.0,0.0,0.0,0.0,0.0,0.0,0.0,0.0,0.0,0.0,0.0,0.0,0.0,0.0,0.0,0.0,0.0,0.0,95.0,0.0,0.0
15.0,15.0,2.0,2.0,4.0,1.0,0.0,0.0,17.0,20.0,6.9,0.0,"{'original': 6.9, 'alternative': 7}",Joshue Quinonez,catolica,catolica,nacional,1,0.0,0.0,1.0,2.0,0.0,0.0,0.0,1.0,0.0,0.0,3.0,0.0,1.0,0.0,0.0,0.0,0.0,0.0,0.0,0.0,0.0,0.0,0.0,0.0,0.0,0.0,0.0,0.0,0.0,0.0,0.0,0.0,0.0,0.0,0.0,0.0,0.0,79.41176470588235,0.0,0.0
0.0,0.0,0.0,0.0,0.0,0.0,0.0,0.0,0.0,0.0,0.0,0.0,0,Elías Valencia,catolica,catolica,nacional,1,0.0,0.0,0.0,0.0,0.0,0.0,0.0,0.0,0.0,0.0,0.0,0.0,0.0,0.0,0.0,0.0,0.0,0.0,0.0,0.0,0.0,0.0,0.0,0.0,0.0,0.0,0.0,0.0,0.0,0.0,0.0,0.0,0.0,0.0,0.0,0.0,0.0,0.0,0.0,0.0
0.0,0.0,0.0,0.0,0.0,0.0,0.0,0.0,0.0,0.0,0.0,0.0,0,Ignacio Mosquera,catolica,catolica,nacional,1,0.0,0.0,0.0,0.0,0.0,0.0,0.0,0.0,0.0,0.0,0.0,0.0,0.0,0.0,0.0,0.0,0.0,0.0,0.0,0.0,0.0,0.0,0.0,0.0,0.0,0.0,0.0,0.0,0.0,0.0,0.0,0.0,0.0,0.0,0.0,0.0,0.0,0.0,0.0,0.0
0.0,0.0,0.0,0.0,0.0,0.0,0.0,0.0,0.0,0.0,0.0,0.0,0,Luis Castillo,catolica,catolica,nacional,1,0.0,0.0,0.0,0.0,0.0,0.0,0.0,0.0,0.0,0.0,0.0,0.0,0.0,0.0,0.0,0.0,0.0,0.0,0.0,0.0,0.0,0.0,0.0,0.0,0.0,0.0,0.0,0.0,0.0,0.0,0.0,0.0,0.0,0.0,0.0,0.0,0.0,0.0,0.0,0.0
0.0,0.0,0.0,0.0,0.0,0.0,0.0,0.0,0.0,0.0,0.0,0.0,0,Daniel Mejia,catolica,catolica,nacional,1,0.0,0.0,0.0,0.0,0.0,0.0,0.0,0.0,0.0,0.0,0.0,0.0,0.0,0.0,0.0,0.0,0.0,0.0,0.0,0.0,0.0,0.0,0.0,0.0,0.0,0.0,0.0,0.0,0.0,0.0,0.0,0.0,0.0,0.0,0.0,0.0,0.0,0.0,0.0,0.0
0.0,0.0,0.0,0.0,0.0,0.0,0.0,0.0,0.0,0.0,0.0,0.0,0,Rooney Troya,catolica,catolica,nacional,1,0.0,0.0,0.0,0.0,0.0,0.0,0.0,0.0,0.0,0.0,0.0,0.0,0.0,0.0,0.0,0.0,0.0,0.0,0.0,0.0,0.0,0.0,0.0,0.0,0.0,0.0,0.0,0.0,0.0,0.0,0.0,0.0,0.0,0.0,0.0,0.0,0.0,0.0,0.0,0.0
0.0,0.0,0.0,0.0,0.0,0.0,0.0,0.0,0.0,0.0,0.0,0.0,0,Janus Vivar,catolica,catolica,nacional,1,0.0,0.0,0.0,0.0,0.0,0.0,0.0,0.0,0.0,0.0,0.0,0.0,0.0,0.0,0.0,0.0,0.0,0.0,0.0,0.0,0.0,0.0,0.0,0.0,0.0,0.0,0.0,0.0,0.0,0.0,0.0,0.0,0.0,0.0,0.0,0.0,0.0,0.0,0.0,0.0
23.0,13.0,16.0,6.0,1.0,0.0,3.0,4.0,90.0,33.0,6.9,10.0,"{'original': 6.9, 'alternative': 6.4}",David Cabezas,nacional,catolica,nacional,1,0.0,0.0,0.0,0.0,0.0,0.0,0.0,0.0,0.0,0.0,0.0,0.0,0.0,1.0,0.0,0.0,0.0,0.0,0.0,0.0,0.0,0.0,1.0,0.0,0.0,0.0,0.0,0.0,0.0,0.0,0.0,0.0,0.0,0.0,0.0,0.0,0.0,12.999999999999998,0.0,0.0
27.0,12.0,8.0,1.0,2.0,0.0,0.0,0.0,90.0,40.0,6.3,17.0,"{'original': 6.3, 'alternative': 6.4}",César Vélez,nacional,catolica,nacional,1,1.0,0.0,0.0,1.0,0.0,0.0,0.0,1.0,0.0,3.0,2.0,0.0,1.0,0.0,0.0,1.0,0.0,0.0,0.0,0.0,0.0,0.0,0.0,0.0,0.0,0.0,0.0,0.0,0.0,0.0,0.0,0.0,0.0,0.0,0.0,0.0,0.0,12.0,0.0,0.0
12.0,7.0,5.0,1.0,0.0,0.0,0.0,0.0,85.0,14.0,6.0,5.0,"{'original': 6, 'alternative': 6}",Mateo Lozano,nacional,catolica,nacional,1,0.0,0.0,0.0,1.0,0.0,0.0,0.0,0.0,1.0,0.0,0.0,1.0,0.0,0.0,0.0,0.0,0.0,0.0,0.0,0.0,0.0,0.0,0.0,0.0,0.0,0.0,0.0,0.0,0.0,0.0,0.0,0.0,0.0,0.0,0.0,0.0,0.0,7.411764705882353,0.0,0.0
18.0,15.0,6.0,4.0,2.0,1.0,0.0,0.0,90.0,26.0,6.3,3.0,"{'original': 6.3, 'alternative': 6.4}",Daniel Patino,nacional,catolica,nacional,1,0.0,0.0,0.0,0.0,0.0,0.0,0.0,6.0,0.0,0.0,1.0,0.0,0.0,0.0,0.0,0.0,0.0,0.0,0.0,0.0,0.0,0.0,0.0,0.0,0.0,0.0,0.0,0.0,0.0,0.0,0.0,0.0,0.0,0.0,0.0,0.0,0.0,15.0,0.0,0.0
27.0,19.0,9.0,4.0,6.0,1.0,0.0,0.0,90.0,41.0,7.0,8.0,"{'original': 7, 'alternative': 6.8}",Kevin Peralta,nacional,catolica,nacional,1,0.0,0.0,1.0,3.0,1.0,1.0,1.0,4.0,2.0,0.0,2.0,2.0,0.0,2.0,0.0,2.0,0.0,0.0,0.0,0.0,0.0,0.0,0.0,0.0,0.0,0.0,0.0,0.0,0.0,0.0,0.0,0.0,0.0,0.0,0.0,0.0,1.0,19.0,1.0,0.0
12.0,9.0,2.0,2.0,6.0,0.0,0.0,0.0,90.0,38.0,6.6,9.0,"{'original': 6.6, 'alternative': 6.6}",Josué Chala,nacional,catolica,nacional,1,2.0,1.0,1.0,6.0,2.0,0.0,0.0,4.0,2.0,1.0,5.0,2.0,1.0,1.0,0.0,0.0,0.0,0.0,0.0,0.0,0.0,0.0,0.0,0.0,0.0,0.0,0.0,0.0,0.0,0.0,0.0,0.0,0.0,0.0,0.0,0.0,0.0,9.0,0.0,0.0
8.0,6.0,0.0,0.0,4.0,2.0,0.0,0.0,45.0,17.0,6.3,5.0,"{'original': 6.3, 'alternative': 6.3}",Jonathan Zambrano,nacional,catolica,nacional,1,0.0,0.0,1.0,5.0,4.0,1.0,1.0,0.0,0.0,0.0,0.0,1.0,0.0,1.0,0.0,0.0,0.0,0.0,0.0,0.0,0.0,0.0,0.0,0.0,0.0,0.0,0.0,0.0,0.0,0.0,0.0,0.0,0.0,0.0,0.0,0.0,1.0,12.0,2.0,0.0
23.0,17.0,4.0,2.0,3.0,3.0,0.0,0.0,89.0,38.0,6.5,12.0,"{'original': 6.5, 'alternative': 6.4}",Teddye Lara,nacional,catolica,nacional,1,6.0,1.0,0.0,4.0,0.0,0.0,0.0,3.0,0.0,1.0,0.0,2.0,3.0,0.0,0.0,1.0,0.0,0.0,0.0,1.0,0.0,0.0,0.0,0.0,0.0,0.0,0.0,0.0,0.0,0.0,0.0,0.0,0.0,0.0,0.0,0.0,0.0,17.191011235955056,0.0,0.0
12.0,4.0,4.0,1.0,2.0,2.0,0.0,0.0,90.0,19.0,6.3,10.0,"{'original': 6.3, 'alternative': 6.2}",Jordy Burbano,nacional,catolica,nacional,1,1.0,0.0,3.0,5.0,0.0,0.0,2.0,0.0,0.0,0.0,0.0,1.0,1.0,0.0,0.0,0.0,0.0,1.0,0.0,0.0,0.0,0.0,0.0,0.0,0.0,0.0,0.0,0.0,0.0,0.0,0.0,0.0,0.0,0.0,0.0,0.0,3.0,4.0,3.0,1.0
4.0,2.0,0.0,0.0,1.0,0.0,0.0,0.0,45.0,8.0,6.4,5.0,"{'original': 6.4, 'alternative': 6.4}",Jhon Caicedo,nacional,catolica,nacional,1,0.0,0.0,1.0,3.0,2.0,0.0,1.0,0.0,0.0,0.0,0.0,0.0,0.0,1.0,0.0,1.0,0.0,0.0,0.0,0.0,0.0,0.0,0.0,0.0,0.0,0.0,0.0,0.0,0.0,0.0,0.0,0.0,0.0,0.0,0.0,0.0,1.0,4.0,2.0,0.0
16.0,9.0,0.0,0.0,7.0,4.0,0.0,0.0,90.0,32.0,6.5,16.0,"{'original': 6.5, 'alternative': 6.3}",Gustavo Asprilla,nacional,catolica,nacional,1,2.0,0.0,3.0,9.0,3.0,0.0,0.0,1.0,0.0,0.0,0.0,0.0,1.0,3.0,0.0,1.0,2.0,0.0,0.0,0.0,0.0,0.0,0.0,0.0,0.0,0.0,1.0,0.0,0.0,0.0,0.0,0.0,0.0,0.0,0.0,0.0,0.0,9.0,0.0,0.0
6.0,3.0,0.0,0.0,4.0,2.0,0.0,0.0,45.0,11.0,6.5,3.0,"{'original': 6.5, 'alternative': 6.5}",Anthony Espinoza,nacional,catolica,nacional,1,0.0,0.0,0.0,1.0,0.0,0.0,0.0,0.0,0.0,0.0,1.0,1.0,0.0,1.0,0.0,0.0,0.0,0.0,0.0,0.0,0.0,0.0,0.0,0.0,0.0,0.0,0.0,0.0,0.0,0.0,0.0,0.0,0.0,0.0,0.0,0.0,0.0,6.0,0.0,0.0
13.0,10.0,1.0,0.0,2.0,0.0,0.0,0.0,45.0,22.0,6.3,7.0,"{'original': 6.3, 'alternative': 6.1}",Luis Benalcazar,nacional,catolica,nacional,1,0.0,0.0,0.0,6.0,2.0,0.0,2.0,0.0,0.0,1.0,2.0,3.0,0.0,0.0,0.0,0.0,1.0,0.0,0.0,0.0,0.0,0.0,0.0,0.0,0.0,0.0,0.0,0.0,0.0,0.0,0.0,0.0,0.0,0.0,0.0,0.0,2.0,20.0,4.0,0.0
4.0,3.0,1.0,0.0,0.0,0.0,0.0,0.0,9.0,4.0,6.5,1.0,"{'original': 6.5, 'alternative': 6.5}",Wilder Estupiñan,nacional,catolica,nacional,1,0.0,0.0,0.0,0.0,0.0,0.0,0.0,0.0,0.0,0.0,0.0,0.0,0.0,0.0,0.0,0.0,0.0,0.0,0.0,0.0,0.0,0.0,0.0,0.0,0.0,0.0,0.0,0.0,0.0,0.0,0.0,0.0,0.0,0.0,0.0,0.0,0.0,30.0,0.0,0.0
0.0,0.0,0.0,0.0,2.0,0.0,0.0,0.0,1.0,2.0,0.0,0.0,0,Anthony Piloso,nacional,catolica,nacional,1,0.0,0.0,0.0,0.0,0.0,0.0,0.0,0.0,0.0,0.0,2.0,0.0,0.0,0.0,0.0,0.0,0.0,0.0,0.0,0.0,0.0,0.0,0.0,0.0,0.0,0.0,0.0,0.0,0.0,0.0,0.0,0.0,0.0,0.0,0.0,0.0,0.0,0.0,0.0,0.0
0.0,0.0,0.0,0.0,0.0,0.0,0.0,0.0,0.0,0.0,0.0,0.0,0,Tommy Acurio,nacional,catolica,nacional,1,0.0,0.0,0.0,0.0,0.0,0.0,0.0,0.0,0.0,0.0,0.0,0.0,0.0,0.0,0.0,0.0,0.0,0.0,0.0,0.0,0.0,0.0,0.0,0.0,0.0,0.0,0.0,0.0,0.0,0.0,0.0,0.0,0.0,0.0,0.0,0.0,0.0,0.0,0.0,0.0
0.0,0.0,0.0,0.0,0.0,0.0,0.0,0.0,0.0,0.0,0.0,0.0,0,Sebastián Zumba,nacional,catolica,nacional,1,0.0,0.0,0.0,0.0,0.0,0.0,0.0,0.0,0.0,0.0,0.0,0.0,0.0,0.0,0.0,0.0,0.0,0.0,0.0,0.0,0.0,0.0,0.0,0.0,0.0,0.0,0.0,0.0,0.0,0.0,0.0,0.0,0.0,0.0,0.0,0.0,0.0,0.0,0.0,0.0
31.0,28.0,8.0,5.0,0.0,0.0,1.0,1.0,90.0,37.0,6.2,4.0,"{'original': 6.2, 'alternative': 6.2}",Hamilton Piedra,cuenca,cuenca,emelec,1,0.0,0.0,0.0,0.0,0.0,0.0,0.0,0.0,0.0,0.0,0.0,0.0,0.0,0.0,0.0,0.0,0.0,0.0,0.0,0.0,0.0,0.0,0.0,0.0,0.0,0.0,0.0,0.0,0.0,0.0,0.0,0.0,0.0,0.0,0.0,0.0,0.0,28.0,0.0,0.0
25.0,18.0,4.0,1.0,1.0,0.0,0.0,0.0,90.0,48.0,6.9,10.0,"{'original': 6.9, 'alternative': 6.9}",Esteban Davila,cuenca,cuenca,emelec,1,0.0,0.0,0.0,2.0,0.0,0.0,1.0,2.0,0.0,0.0,1.0,0.0,1.0,0.0,0.0,0.0,1.0,1.0,1.0,0.0,0.0,0.0,0.0,0.0,0.0,0.0,0.0,0.0,0.0,0.0,0.0,0.0,0.0,0.0,0.0,0.0,2.0,18.0,2.0,1.0
57.0,41.0,16.0,4.0,5.0,0.0,0.0,0.0,90.0,65.0,6.4,17.0,"{'original': 6.4, 'alternative': 6.4}",Guillermo Fratta,cuenca,cuenca,emelec,1,0.0,0.0,3.0,3.0,0.0,0.0,1.0,2.0,0.0,0.0,2.0,0.0,0.0,3.0,0.0,0.0,0.0,0.0,0.0,0.0,0.0,0.0,0.0,0.0,0.0,0.0,0.0,0.0,0.0,0.0,0.0,0.0,0.0,0.0,0.0,0.0,1.0,41.0,1.0,0.0
24.0,16.0,8.0,3.0,4.0,1.0,0.0,0.0,54.0,32.0,6.0,9.0,"{'original': 6, 'alternative': 6.1}",Rodrigo Ivan Diaz,cuenca,cuenca,emelec,1,0.0,0.0,0.0,2.0,1.0,1.0,0.0,1.0,1.0,0.0,2.0,0.0,2.0,0.0,0.0,0.0,0.0,0.0,0.0,0.0,0.0,0.0,0.0,0.0,0.0,0.0,0.0,0.0,0.0,0.0,0.0,0.0,0.0,0.0,0.0,0.0,0.0,26.666666666666664,0.0,0.0
31.0,26.0,9.0,6.0,1.0,1.0,0.0,0.0,90.0,45.0,6.6,9.0,"{'original': 6.6, 'alternative': 6.5}",Nazareno Romero,cuenca,cuenca,emelec,1,2.0,0.0,0.0,3.0,1.0,0.0,1.0,1.0,0.0,0.0,0.0,0.0,2.0,0.0,0.0,1.0,0.0,0.0,0.0,0.0,0.0,0.0,0.0,0.0,0.0,0.0,0.0,0.0,0.0,0.0,0.0,0.0,0.0,0.0,0.0,0.0,1.0,25.999999999999996,1.0,0.0
28.0,20.0,7.0,5.0,3.0,1.0,0.0,0.0,79.0,41.0,6.6,12.0,"{'original': 6.6, 'alternative': 6.5}",David Noboa,cuenca,cuenca,emelec,1,0.0,0.0,0.0,2.0,0.0,0.0,0.0,0.0,0.0,1.0,2.0,1.0,0.0,0.0,0.0,0.0,1.0,0.0,0.0,0.0,0.0,0.0,0.0,0.0,0.0,0.0,0.0,0.0,0.0,0.0,0.0,0.0,0.0,0.0,0.0,0.0,0.0,22.78481012658228,0.0,0.0
40.0,29.0,6.0,3.0,5.0,0.0,0.0,0.0,90.0,53.0,6.5,14.0,"{'original': 6.5, 'alternative': 6.5}",Rodrigo Melo,cuenca,cuenca,emelec,1,1.0,0.0,0.0,4.0,1.0,1.0,0.0,4.0,0.0,2.0,1.0,0.0,2.0,3.0,0.0,0.0,2.0,0.0,0.0,0.0,0.0,0.0,0.0,0.0,0.0,0.0,0.0,0.0,0.0,0.0,0.0,0.0,0.0,0.0,0.0,0.0,0.0,29.000000000000004,0.0,0.0
10.0,9.0,0.0,0.0,1.0,0.0,0.0,0.0,79.0,13.0,6.4,3.0,"{'original': 6.4, 'alternative': 6.3}",Walter Chalá,cuenca,cuenca,emelec,1,0.0,0.0,0.0,2.0,2.0,1.0,0.0,0.0,0.0,0.0,0.0,0.0,1.0,0.0,0.0,1.0,1.0,0.0,0.0,0.0,0.0,0.0,0.0,0.0,0.0,0.0,0.0,0.0,0.0,0.0,0.0,0.0,0.0,0.0,0.0,0.0,0.0,10.253164556962025,0.0,0.0
15.0,9.0,2.0,1.0,1.0,1.0,0.0,0.0,70.0,27.0,6.4,12.0,"{'original': 6.4, 'alternative': 6.3}",Francisco Mera,cuenca,cuenca,emelec,1,4.0,1.0,1.0,4.0,1.0,0.0,2.0,0.0,0.0,0.0,0.0,1.0,0.0,0.0,0.0,0.0,1.0,0.0,0.0,0.0,0.0,0.0,0.0,0.0,0.0,0.0,0.0,0.0,0.0,0.0,0.0,0.0,0.0,0.0,0.0,0.0,2.0,11.57142857142857,2.571428571428571,0.0
20.0,13.0,3.0,1.0,2.0,0.0,0.0,0.0,56.0,30.0,6.8,12.0,"{'original': 6.8, 'alternative': 6.7}",Vilinton Branda,cuenca,cuenca,emelec,1,3.0,0.0,0.0,2.0,2.0,2.0,0.0,0.0,0.0,1.0,0.0,0.0,1.0,0.0,0.0,2.0,1.0,0.0,0.0,1.0,0.0,0.0,0.0,0.0,0.0,0.0,0.0,0.0,0.0,0.0,0.0,0.0,0.0,0.0,0.0,0.0,0.0,20.892857142857142,0.0,0.0
7.0,4.0,0.0,0.0,0.0,0.0,0.0,0.0,70.0,13.0,6.3,7.0,"{'original': 6.3, 'alternative': 6.3}",Raúl Becerra,cuenca,cuenca,emelec,1,0.0,0.0,1.0,2.0,1.0,0.0,0.0,0.0,0.0,0.0,0.0,0.0,0.0,0.0,0.0,0.0,0.0,0.0,0.0,0.0,0.0,0.0,0.0,0.0,0.0,0.0,0.0,0.0,0.0,0.0,0.0,0.0,0.0,0.0,0.0,0.0,0.0,5.142857142857142,0.0,0.0
24.0,21.0,1.0,0.0,1.0,0.0,0.0,0.0,34.0,27.0,6.3,3.0,"{'original': 6.3, 'alternative': 6.3}",Sixto Mina,cuenca,cuenca,emelec,1,0.0,0.0,0.0,0.0,0.0,0.0,0.0,2.0,0.0,0.0,1.0,0.0,0.0,0.0,0.0,0.0,0.0,0.0,0.0,0.0,0.0,0.0,0.0,0.0,0.0,0.0,0.0,0.0,0.0,0.0,0.0,0.0,0.0,0.0,0.0,0.0,0.0,55.58823529411765,0.0,0.0
5.0,3.0,1.0,0.0,1.0,0.0,0.0,0.0,20.0,11.0,6.7,5.0,"{'original': 6.7, 'alternative': 6.8}",Lucas Mancinelli,cuenca,cuenca,emelec,1,3.0,1.0,0.0,1.0,2.0,1.0,1.0,0.0,0.0,0.0,0.0,0.0,0.0,0.0,0.0,1.0,0.0,0.0,0.0,0.0,0.0,0.0,0.0,0.0,0.0,0.0,0.0,0.0,0.0,0.0,0.0,0.0,0.0,0.0,0.0,0.0,1.0,13.5,4.5,0.0
5.0,4.0,0.0,0.0,1.0,0.0,0.0,0.0,20.0,8.0,6.8,2.0,"{'original': 6.8, 'alternative': 6.8}",Pablo Daniel Magnin,cuenca,cuenca,emelec,1,0.0,0.0,0.0,0.0,0.0,0.0,2.0,0.0,0.0,0.0,0.0,0.0,0.0,1.0,0.0,0.0,0.0,0.0,0.0,0.0,0.0,0.0,0.0,0.0,0.0,0.0,0.0,0.0,0.0,0.0,0.0,0.0,0.0,0.0,0.0,0.0,2.0,18.0,9.0,0.0
12.0,11.0,2.0,2.0,1.0,1.0,0.0,0.0,11.0,17.0,7.5,3.0,"{'original': 7.5, 'alternative': 7.4}",Danny Luna,cuenca,cuenca,emelec,1,3.0,2.0,0.0,0.0,0.0,0.0,0.0,0.0,0.0,0.0,0.0,0.0,0.0,0.0,1.0,2.0,0.0,0.0,0.0,0.0,0.0,0.0,0.0,0.0,0.0,0.0,0.0,0.0,0.0,0.0,0.0,0.0,0.0,0.0,0.0,0.0,0.0,90.0,0.0,0.0
5.0,5.0,0.0,0.0,1.0,0.0,0.0,0.0,11.0,10.0,6.4,3.0,"{'original': 6.4, 'alternative': 6.4}",Luis Aldair Arroyo Cabeza,cuenca,cuenca,emelec,1,1.0,0.0,1.0,4.0,3.0,1.0,0.0,0.0,0.0,0.0,0.0,0.0,1.0,0.0,0.0,0.0,0.0,0.0,0.0,1.0,0.0,0.0,0.0,0.0,0.0,0.0,0.0,0.0,0.0,0.0,0.0,0.0,0.0,0.0,0.0,0.0,0.0,40.90909090909091,0.0,0.0
0.0,0.0,0.0,0.0,0.0,0.0,0.0,0.0,0.0,0.0,0.0,0.0,0,Eduardo Jiménez,cuenca,cuenca,emelec,1,0.0,0.0,0.0,0.0,0.0,0.0,0.0,0.0,0.0,0.0,0.0,0.0,0.0,0.0,0.0,0.0,0.0,0.0,0.0,0.0,0.0,0.0,0.0,0.0,0.0,0.0,0.0,0.0,0.0,0.0,0.0,0.0,0.0,0.0,0.0,0.0,0.0,0.0,0.0,0.0
0.0,0.0,0.0,0.0,0.0,0.0,0.0,0.0,0.0,0.0,0.0,0.0,0,Yorkaeff Caicedo,cuenca,cuenca,emelec,1,0.0,0.0,0.0,0.0,0.0,0.0,0.0,0.0,0.0,0.0,0.0,0.0,0.0,0.0,0.0,0.0,0.0,0.0,0.0,0.0,0.0,0.0,0.0,0.0,0.0,0.0,0.0,0.0,0.0,0.0,0.0,0.0,0.0,0.0,0.0,0.0,0.0,0.0,0.0,0.0
0.0,0.0,0.0,0.0,0.0,0.0,0.0,0.0,0.0,0.0,0.0,0.0,0,Ronny Biojo,cuenca,cuenca,emelec,1,0.0,0.0,0.0,0.0,0.0,0.0,0.0,0.0,0.0,0.0,0.0,0.0,0.0,0.0,0.0,0.0,0.0,0.0,0.0,0.0,0.0,0.0,0.0,0.0,0.0,0.0,0.0,0.0,0.0,0.0,0.0,0.0,0.0,0.0,0.0,0.0,0.0,0.0,0.0,0.0
0.0,0.0,0.0,0.0,0.0,0.0,0.0,0.0,0.0,0.0,0.0,0.0,0,Yerlin Quinonez,cuenca,cuenca,emelec,1,0.0,0.0,0.0,0.0,0.0,0.0,0.0,0.0,0.0,0.0,0.0,0.0,0.0,0.0,0.0,0.0,0.0,0.0,0.0,0.0,0.0,0.0,0.0,0.0,0.0,0.0,0.0,0.0,0.0,0.0,0.0,0.0,0.0,0.0,0.0,0.0,0.0,0.0,0.0,0.0
0.0,0.0,0.0,0.0,0.0,0.0,0.0,0.0,0.0,0.0,0.0,0.0,0,Marcos Andrés López,cuenca,cuenca,emelec,1,0.0,0.0,0.0,0.0,0.0,0.0,0.0,0.0,0.0,0.0,0.0,0.0,0.0,0.0,0.0,0.0,0.0,0.0,0.0,0.0,0.0,0.0,0.0,0.0,0.0,0.0,0.0,0.0,0.0,0.0,0.0,0.0,0.0,0.0,0.0,0.0,0.0,0.0,0.0,0.0
0.0,0.0,0.0,0.0,0.0,0.0,0.0,0.0,0.0,0.0,0.0,0.0,0,Mayer Mendez,cuenca,cuenca,emelec,1,0.0,0.0,0.0,0.0,0.0,0.0,0.0,0.0,0.0,0.0,0.0,0.0,0.0,0.0,0.0,0.0,0.0,0.0,0.0,0.0,0.0,0.0,0.0,0.0,0.0,0.0,0.0,0.0,0.0,0.0,0.0,0.0,0.0,0.0,0.0,0.0,0.0,0.0,0.0,0.0
0.0,0.0,0.0,0.0,0.0,0.0,0.0,0.0,0.0,0.0,0.0,0.0,0,Bryan Corozo,cuenca,cuenca,emelec,1,0.0,0.0,0.0,0.0,0.0,0.0,0.0,0.0,0.0,0.0,0.0,0.0,0.0,0.0,0.0,0.0,0.0,0.0,0.0,0.0,0.0,0.0,0.0,0.0,0.0,0.0,0.0,0.0,0.0,0.0,0.0,0.0,0.0,0.0,0.0,0.0,0.0,0.0,0.0,0.0
19.0,9.0,10.0,0.0,2.0,0.0,0.0,0.0,90.0,25.0,6.3,10.0,"{'original': 6.3, 'alternative': 6.4}",Pedro Ortiz,emelec,cuenca,emelec,1,0.0,0.0,0.0,0.0,0.0,0.0,0.0,0.0,0.0,0.0,1.0,0.0,0.0,1.0,0.0,0.0,0.0,0.0,0.0,0.0,0.0,0.0,1.0,0.0,0.0,0.0,0.0,0.0,0.0,0.0,0.0,0.0,0.0,0.0,0.0,0.0,0.0,9.0,0.0,0.0
32.0,21.0,5.0,1.0,2.0,1.0,0.0,0.0,90.0,53.0,6.8,17.0,"{'original': 6.8, 'alternative': 6.8}",Romario Caicedo,emelec,cuenca,emelec,1,3.0,1.0,0.0,1.0,0.0,0.0,1.0,2.0,0.0,1.0,0.0,1.0,0.0,1.0,1.0,1.0,0.0,0.0,0.0,0.0,0.0,0.0,0.0,0.0,0.0,0.0,0.0,0.0,0.0,0.0,0.0,0.0,0.0,0.0,0.0,0.0,1.0,21.0,1.0,0.0
31.0,23.0,14.0,7.0,1.0,0.0,0.0,0.0,90.0,38.0,6.7,8.0,"{'original': 6.7, 'alternative': 6.7}",Luis Fernando León,emelec,cuenca,emelec,1,0.0,0.0,0.0,1.0,0.0,0.0,0.0,5.0,1.0,0.0,0.0,0.0,1.0,1.0,0.0,0.0,0.0,0.0,0.0,0.0,0.0,0.0,0.0,0.0,0.0,0.0,0.0,0.0,0.0,0.0,0.0,0.0,0.0,0.0,0.0,0.0,0.0,23.0,0.0,0.0
24.0,16.0,8.0,1.0,3.0,0.0,0.0,0.0,86.0,31.0,6.4,8.0,"{'original': 6.4, 'alternative': 6.3}",Joao Quinones,emelec,cuenca,emelec,1,0.0,0.0,0.0,2.0,0.0,0.0,1.0,2.0,0.0,1.0,1.0,1.0,1.0,2.0,0.0,0.0,0.0,0.0,0.0,0.0,0.0,0.0,0.0,0.0,0.0,0.0,0.0,0.0,0.0,0.0,0.0,0.0,0.0,0.0,0.0,0.0,1.0,16.74418604651163,1.0465116279069768,0.0
30.0,25.0,2.0,1.0,6.0,0.0,0.0,0.0,90.0,64.0,7.4,14.0,"{'original': 7.4, 'alternative': 7.4}",Gustavo Cortez,emelec,cuenca,emelec,1,1.0,0.0,2.0,2.0,1.0,1.0,2.0,3.0,0.0,3.0,5.0,0.0,0.0,0.0,0.0,0.0,0.0,0.0,0.0,0.0,0.0,0.0,0.0,0.0,0.0,0.0,0.0,0.0,0.0,0.0,0.0,0.0,0.0,0.0,0.0,0.0,2.0,25.0,2.0,0.0
24.0,21.0,4.0,3.0,2.0,0.0,0.0,0.0,62.0,35.0,6.7,5.0,"{'original': 6.7, 'alternative': 6.6}",Cristian Erbes,emelec,cuenca,emelec,1,0.0,0.0,0.0,2.0,1.0,1.0,0.0,2.0,0.0,0.0,1.0,2.0,0.0,0.0,0.0,0.0,0.0,0.0,0.0,0.0,0.0,0.0,0.0,0.0,0.0,0.0,0.0,0.0,0.0,0.0,0.0,0.0,0.0,0.0,0.0,0.0,0.0,30.483870967741932,0.0,0.0
21.0,13.0,4.0,2.0,2.0,0.0,0.0,0.0,62.0,30.0,6.6,13.0,"{'original': 6.6, 'alternative': 6.7}",Jhon Sánchez,emelec,cuenca,emelec,1,4.0,1.0,2.0,2.0,0.0,0.0,0.0,1.0,0.0,0.0,1.0,0.0,0.0,1.0,0.0,1.0,0.0,0.0,0.0,0.0,0.0,0.0,0.0,0.0,0.0,0.0,0.0,0.0,0.0,0.0,0.0,0.0,0.0,0.0,0.0,0.0,0.0,18.870967741935484,0.0,0.0
27.0,23.0,3.0,2.0,3.0,2.0,0.0,0.0,90.0,37.0,7.5,8.0,"{'original': 7.5, 'alternative': 7.3}",Marcelo Meli,emelec,cuenca,emelec,1,1.0,0.0,0.0,1.0,0.0,0.0,0.0,1.0,1.0,0.0,1.0,1.0,0.0,0.0,0.0,0.0,0.0,1.0,1.0,0.0,0.0,0.0,0.0,0.0,0.0,0.0,0.0,0.0,0.0,0.0,0.0,0.0,0.0,0.0,0.0,0.0,1.0,23.0,1.0,1.0
18.0,13.0,3.0,1.0,2.0,1.0,0.0,0.0,45.0,25.0,6.5,9.0,"{'original': 6.5, 'alternative': 6.4}",Andrés Ricaurte,emelec,cuenca,emelec,1,0.0,0.0,0.0,4.0,1.0,0.0,0.0,1.0,0.0,0.0,1.0,0.0,1.0,0.0,0.0,1.0,2.0,0.0,0.0,0.0,0.0,0.0,0.0,0.0,0.0,0.0,0.0,0.0,0.0,0.0,0.0,0.0,0.0,0.0,0.0,0.0,0.0,25.999999999999996,0.0,0.0
17.0,10.0,1.0,0.0,2.0,2.0,0.0,0.0,62.0,29.0,6.5,11.0,"{'original': 6.5, 'alternative': 6.4}",Juan Ruiz Gómez,emelec,cuenca,emelec,1,1.0,1.0,0.0,5.0,2.0,0.0,0.0,0.0,0.0,1.0,0.0,1.0,0.0,0.0,0.0,1.0,2.0,1.0,0.0,0.0,0.0,0.0,0.0,0.0,0.0,0.0,0.0,0.0,0.0,0.0,0.0,0.0,0.0,0.0,0.0,0.0,1.0,14.516129032258064,1.4516129032258065,1.4516129032258065
13.0,9.0,2.0,1.0,2.0,1.0,0.0,0.0,77.0,19.0,7.8,6.0,"{'original': 7.8, 'alternative': 7.7}",Facundo Castelli,emelec,cuenca,emelec,1,0.0,0.0,2.0,5.0,1.0,0.0,0.0,0.0,0.0,0.0,1.0,1.0,1.0,0.0,1.0,1.0,0.0,1.0,1.0,1.0,0.0,0.0,0.0,0.0,0.0,0.0,1.0,0.0,0.0,0.0,0.0,0.0,0.0,0.0,0.0,0.0,1.0,10.519480519480519,1.168831168831169,1.168831168831169
16.0,8.0,2.0,0.0,1.0,1.0,0.0,0.0,45.0,23.0,6.4,12.0,"{'original': 6.4, 'alternative': 6.4}",Tommy Chamba,emelec,cuenca,emelec,1,2.0,0.0,0.0,1.0,0.0,0.0,1.0,0.0,0.0,0.0,0.0,0.0,0.0,0.0,0.0,0.0,1.0,0.0,0.0,0.0,0.0,0.0,0.0,0.0,0.0,0.0,0.0,0.0,0.0,0.0,0.0,0.0,0.0,0.0,0.0,0.0,1.0,16.0,2.0,0.0
10.0,8.0,1.0,0.0,0.0,0.0,0.0,0.0,28.0,12.0,6.5,4.0,"{'original': 6.5, 'alternative': 6.5}",Maicon Solís,emelec,cuenca,emelec,1,1.0,0.0,0.0,1.0,0.0,0.0,0.0,0.0,0.0,0.0,0.0,0.0,1.0,0.0,0.0,1.0,0.0,0.0,0.0,0.0,0.0,0.0,0.0,0.0,0.0,0.0,0.0,0.0,0.0,0.0,0.0,0.0,0.0,0.0,0.0,0.0,0.0,25.71428571428571,0.0,0.0
3.0,2.0,0.0,0.0,0.0,0.0,0.0,0.0,27.0,4.0,6.6,1.0,"{'original': 6.6, 'alternative': 6.6}",Washington Corozo,emelec,cuenca,emelec,1,0.0,0.0,0.0,0.0,0.0,0.0,0.0,1.0,0.0,0.0,0.0,0.0,0.0,0.0,0.0,1.0,0.0,0.0,0.0,0.0,0.0,0.0,0.0,0.0,0.0,0.0,0.0,0.0,0.0,0.0,0.0,0.0,0.0,0.0,0.0,0.0,0.0,6.666666666666666,0.0,0.0
6.0,6.0,1.0,1.0,1.0,1.0,0.0,0.0,13.0,7.0,6.7,0.0,"{'original': 6.7, 'alternative': 6.6}",Jaime Ayoví,emelec,cuenca,emelec,1,0.0,0.0,1.0,1.0,0.0,0.0,0.0,0.0,0.0,0.0,0.0,0.0,0.0,0.0,0.0,0.0,0.0,0.0,0.0,0.0,0.0,0.0,0.0,0.0,0.0,0.0,0.0,0.0,0.0,0.0,0.0,0.0,0.0,0.0,0.0,0.0,0.0,41.53846153846154,0.0,0.0
2.0,0.0,1.0,0.0,2.0,0.0,0.0,0.0,11.0,4.0,6.4,2.0,"{'original': 6.4, 'alternative': 6.5}",Diogo Bagui,emelec,cuenca,emelec,1,0.0,0.0,0.0,0.0,0.0,0.0,0.0,0.0,0.0,0.0,2.0,0.0,0.0,0.0,0.0,0.0,0.0,0.0,0.0,0.0,0.0,0.0,0.0,0.0,0.0,0.0,0.0,0.0,0.0,0.0,0.0,0.0,0.0,0.0,0.0,0.0,0.0,0.0,0.0,0.0
0.0,0.0,0.0,0.0,0.0,0.0,0.0,0.0,0.0,0.0,0.0,0.0,0,Gilmar Napa,emelec,cuenca,emelec,1,0.0,0.0,0.0,0.0,0.0,0.0,0.0,0.0,0.0,0.0,0.0,0.0,0.0,0.0,0.0,0.0,0.0,0.0,0.0,0.0,0.0,0.0,0.0,0.0,0.0,0.0,0.0,0.0,0.0,0.0,0.0,0.0,0.0,0.0,0.0,0.0,0.0,0.0,0.0,0.0
0.0,0.0,0.0,0.0,0.0,0.0,0.0,0.0,0.0,0.0,0.0,0.0,0,Alexander González,emelec,cuenca,emelec,1,0.0,0.0,0.0,0.0,0.0,0.0,0.0,0.0,0.0,0.0,0.0,0.0,0.0,0.0,0.0,0.0,0.0,0.0,0.0,0.0,0.0,0.0,0.0,0.0,0.0,0.0,0.0,0.0,0.0,0.0,0.0,0.0,0.0,0.0,0.0,0.0,0.0,0.0,0.0,0.0
0.0,0.0,0.0,0.0,0.0,0.0,0.0,0.0,0.0,0.0,0.0,0.0,0,Roberto Garcés,emelec,cuenca,emelec,1,0.0,0.0,0.0,0.0,0.0,0.0,0.0,0.0,0.0,0.0,0.0,0.0,0.0,0.0,0.0,0.0,0.0,0.0,0.0,0.0,0.0,0.0,0.0,0.0,0.0,0.0,0.0,0.0,0.0,0.0,0.0,0.0,0.0,0.0,0.0,0.0,0.0,0.0,0.0,0.0
0.0,0.0,0.0,0.0,0.0,0.0,0.0,0.0,0.0,0.0,0.0,0.0,0,Dixon Vera,emelec,cuenca,emelec,1,0.0,0.0,0.0,0.0,0.0,0.0,0.0,0.0,0.0,0.0,0.0,0.0,0.0,0.0,0.0,0.0,0.0,0.0,0.0,0.0,0.0,0.0,0.0,0.0,0.0,0.0,0.0,0.0,0.0,0.0,0.0,0.0,0.0,0.0,0.0,0.0,0.0,0.0,0.0,0.0
0.0,0.0,0.0,0.0,0.0,0.0,0.0,0.0,0.0,0.0,0.0,0.0,0,Ronny Borja,emelec,cuenca,emelec,1,0.0,0.0,0.0,0.0,0.0,0.0,0.0,0.0,0.0,0.0,0.0,0.0,0.0,0.0,0.0,0.0,0.0,0.0,0.0,0.0,0.0,0.0,0.0,0.0,0.0,0.0,0.0,0.0,0.0,0.0,0.0,0.0,0.0,0.0,0.0,0.0,0.0,0.0,0.0,0.0
0.0,0.0,0.0,0.0,0.0,0.0,0.0,0.0,0.0,0.0,0.0,0.0,0,Jackson Rodríguez,emelec,cuenca,emelec,1,0.0,0.0,0.0,0.0,0.0,0.0,0.0,0.0,0.0,0.0,0.0,0.0,0.0,0.0,0.0,0.0,0.0,0.0,0.0,0.0,0.0,0.0,0.0,0.0,0.0,0.0,0.0,0.0,0.0,0.0,0.0,0.0,0.0,0.0,0.0,0.0,0.0,0.0,0.0,0.0
20.0,5.0,16.0,1.0,0.0,0.0,2.0,2.0,90.0,26.0,6.5,16.0,"{'original': 6.5, 'alternative': 6.7}",Edisson Recalde,delfin,delfin,independiente,1,0.0,0.0,0.0,0.0,0.0,0.0,0.0,1.0,0.0,0.0,0.0,0.0,0.0,0.0,0.0,0.0,0.0,0.0,0.0,0.0,0.0,0.0,0.0,0.0,0.0,0.0,0.0,0.0,0.0,0.0,0.0,0.0,0.0,0.0,0.0,0.0,0.0,5.0,0.0,0.0
15.0,10.0,4.0,1.0,6.0,3.0,0.0,0.0,90.0,37.0,6.7,14.0,"{'original': 6.7, 'alternative': 6.7}",Josué Cuero,delfin,delfin,independiente,1,1.0,0.0,2.0,5.0,0.0,0.0,0.0,2.0,0.0,3.0,1.0,0.0,2.0,2.0,0.0,1.0,1.0,0.0,0.0,0.0,0.0,0.0,0.0,0.0,0.0,0.0,0.0,0.0,0.0,0.0,0.0,0.0,0.0,0.0,0.0,0.0,0.0,10.0,0.0,0.0
20.0,7.0,12.0,3.0,4.0,0.0,0.0,0.0,90.0,29.0,6.4,15.0,"{'original': 6.4, 'alternative': 6.4}",Jefferson Nazareno,delfin,delfin,independiente,1,0.0,0.0,1.0,2.0,0.0,0.0,0.0,5.0,0.0,0.0,2.0,1.0,0.0,2.0,0.0,0.0,0.0,0.0,0.0,0.0,0.0,0.0,0.0,0.0,0.0,0.0,0.0,0.0,0.0,0.0,0.0,0.0,0.0,0.0,0.0,0.0,0.0,7.0,0.0,0.0
25.0,18.0,10.0,5.0,2.0,1.0,0.0,0.0,90.0,32.0,6.9,7.0,"{'original': 6.9, 'alternative': 6.8}",Nicolás Goitea,delfin,delfin,independiente,1,0.0,0.0,0.0,0.0,0.0,0.0,1.0,3.0,1.0,1.0,0.0,0.0,0.0,1.0,0.0,0.0,0.0,0.0,0.0,0.0,0.0,0.0,0.0,0.0,0.0,0.0,0.0,0.0,0.0,0.0,0.0,0.0,0.0,0.0,0.0,0.0,1.0,18.0,1.0,0.0
23.0,8.0,8.0,2.0,5.0,0.0,0.0,0.0,90.0,45.0,6.6,25.0,"{'original': 6.6, 'alternative': 6.5}",Juan Manuel Elordi,delfin,delfin,independiente,1,4.0,0.0,2.0,6.0,3.0,2.0,0.0,1.0,1.0,1.0,1.0,0.0,2.0,2.0,0.0,0.0,1.0,0.0,0.0,0.0,0.0,0.0,0.0,0.0,0.0,0.0,0.0,0.0,0.0,0.0,0.0,0.0,0.0,0.0,0.0,0.0,0.0,8.0,0.0,0.0
9.0,5.0,1.0,0.0,7.0,2.0,0.0,0.0,76.0,24.0,6.7,11.0,"{'original': 6.7, 'alternative': 6.6}",Maikel Reyes,delfin,delfin,independiente,1,1.0,0.0,3.0,6.0,1.0,1.0,0.0,0.0,0.0,0.0,3.0,0.0,0.0,1.0,0.0,0.0,3.0,0.0,0.0,0.0,0.0,0.0,0.0,0.0,0.0,0.0,0.0,0.0,0.0,0.0,0.0,0.0,0.0,0.0,0.0,0.0,0.0,5.921052631578947,0.0,0.0
28.0,19.0,6.0,3.0,6.0,2.0,0.0,0.0,76.0,34.0,6.6,10.0,"{'original': 6.6, 'alternative': 6.5}",Cristian García,delfin,delfin,independiente,1,0.0,0.0,1.0,4.0,1.0,0.0,0.0,0.0,1.0,0.0,0.0,0.0,2.0,4.0,0.0,0.0,0.0,0.0,0.0,0.0,0.0,0.0,0.0,0.0,0.0,0.0,0.0,0.0,0.0,0.0,0.0,0.0,0.0,0.0,0.0,0.0,0.0,22.5,0.0,0.0
18.0,9.0,6.0,2.0,7.0,1.0,0.0,0.0,90.0,31.0,7.1,14.0,"{'original': 7.1, 'alternative': 7.3}",Luis Castro,delfin,delfin,independiente,1,5.0,1.0,3.0,4.0,1.0,1.0,0.0,0.0,0.0,0.0,2.0,0.0,1.0,3.0,0.0,2.0,0.0,1.0,0.0,1.0,1.0,0.0,0.0,0.0,0.0,0.0,0.0,0.0,0.0,0.0,0.0,0.0,0.0,0.0,0.0,0.0,1.0,9.0,1.0,1.0
5.0,4.0,0.0,0.0,0.0,0.0,0.0,0.0,35.0,8.0,6.6,1.0,"{'original': 6.6, 'alternative': 6.6}",Enzo Gaggi,delfin,delfin,independiente,1,0.0,0.0,0.0,0.0,0.0,0.0,0.0,0.0,0.0,1.0,0.0,0.0,0.0,0.0,0.0,0.0,0.0,0.0,0.0,0.0,0.0,0.0,0.0,0.0,0.0,0.0,0.0,0.0,0.0,0.0,0.0,0.0,0.0,0.0,0.0,0.0,0.0,10.285714285714285,0.0,0.0
9.0,4.0,1.0,0.0,2.0,2.0,0.0,0.0,62.0,21.0,6.4,11.0,"{'original': 6.4, 'alternative': 6.3}",Jostin Alman,delfin,delfin,independiente,1,2.0,0.0,1.0,2.0,0.0,0.0,0.0,2.0,0.0,0.0,0.0,0.0,1.0,0.0,0.0,0.0,0.0,1.0,0.0,0.0,0.0,0.0,0.0,0.0,0.0,0.0,1.0,1.0,0.0,0.0,0.0,0.0,0.0,0.0,0.0,0.0,1.0,5.806451612903226,1.4516129032258065,1.4516129032258065
10.0,5.0,5.0,2.0,3.0,1.0,0.0,0.0,76.0,17.0,6.5,7.0,"{'original': 6.5, 'alternative': 6.5}",Nicolás Messiniti,delfin,delfin,independiente,1,0.0,0.0,3.0,6.0,1.0,0.0,1.0,0.0,0.0,0.0,1.0,2.0,0.0,1.0,0.0,0.0,0.0,0.0,0.0,0.0,0.0,0.0,0.0,0.0,0.0,0.0,1.0,0.0,0.0,0.0,0.0,0.0,0.0,0.0,0.0,0.0,1.0,5.921052631578947,1.1842105263157894,0.0
15.0,9.0,5.0,2.0,5.0,1.0,0.0,0.0,55.0,24.0,6.6,10.0,"{'original': 6.6, 'alternative': 6.6}",Mejia Marcos,delfin,delfin,independiente,1,4.0,0.0,2.0,5.0,1.0,1.0,0.0,0.0,0.0,0.0,1.0,1.0,2.0,2.0,0.0,0.0,0.0,0.0,0.0,0.0,0.0,0.0,0.0,0.0,0.0,0.0,0.0,0.0,0.0,0.0,0.0,0.0,0.0,0.0,0.0,0.0,0.0,14.727272727272727,0.0,0.0
4.0,2.0,0.0,0.0,0.0,0.0,0.0,0.0,28.0,8.0,6.2,6.0,"{'original': 6.2, 'alternative': 6.2}",Jose Enrique Angulo,delfin,delfin,independiente,1,0.0,0.0,3.0,6.0,0.0,0.0,0.0,0.0,0.0,0.0,0.0,0.0,0.0,0.0,0.0,0.0,3.0,0.0,0.0,0.0,0.0,0.0,0.0,0.0,0.0,0.0,1.0,0.0,0.0,0.0,0.0,0.0,0.0,0.0,0.0,0.0,0.0,6.428571428571428,0.0,0.0
3.0,2.0,0.0,0.0,1.0,1.0,0.0,0.0,14.0,7.0,6.5,3.0,"{'original': 6.5, 'alternative': 6.4}",Gianni Cagua,delfin,delfin,independiente,1,0.0,0.0,1.0,2.0,0.0,0.0,0.0,0.0,0.0,0.0,0.0,0.0,0.0,0.0,0.0,0.0,1.0,0.0,0.0,0.0,0.0,0.0,0.0,0.0,0.0,0.0,0.0,0.0,0.0,0.0,0.0,0.0,0.0,0.0,0.0,0.0,0.0,12.857142857142856,0.0,0.0
7.0,4.0,3.0,1.0,0.0,0.0,0.0,0.0,14.0,9.0,6.4,4.0,"{'original': 6.4, 'alternative': 6.3}",Jean Humanante,delfin,delfin,independiente,1,0.0,0.0,1.0,2.0,0.0,0.0,0.0,0.0,0.0,0.0,0.0,1.0,0.0,0.0,0.0,0.0,0.0,0.0,0.0,0.0,0.0,0.0,0.0,0.0,0.0,0.0,0.0,0.0,0.0,0.0,0.0,0.0,0.0,0.0,0.0,0.0,0.0,25.71428571428571,0.0,0.0
9.0,5.0,1.0,0.0,1.0,0.0,0.0,0.0,14.0,13.0,6.4,7.0,"{'original': 6.4, 'alternative': 6.3}",Mariano Miño,delfin,delfin,independiente,1,0.0,0.0,0.0,2.0,0.0,0.0,0.0,0.0,0.0,0.0,1.0,0.0,0.0,0.0,0.0,0.0,2.0,0.0,0.0,0.0,0.0,0.0,0.0,0.0,0.0,0.0,0.0,0.0,0.0,0.0,0.0,0.0,0.0,0.0,0.0,0.0,0.0,32.142857142857146,0.0,0.0
0.0,0.0,0.0,0.0,0.0,0.0,0.0,0.0,0.0,0.0,0.0,0.0,0,Pierre Bellolio,delfin,delfin,independiente,1,0.0,0.0,0.0,0.0,0.0,0.0,0.0,0.0,0.0,0.0,0.0,0.0,0.0,0.0,0.0,0.0,0.0,0.0,0.0,0.0,0.0,0.0,0.0,0.0,0.0,0.0,0.0,0.0,0.0,0.0,0.0,0.0,0.0,0.0,0.0,0.0,0.0,0.0,0.0,0.0
0.0,0.0,0.0,0.0,0.0,0.0,0.0,0.0,0.0,0.0,0.0,0.0,0,Luis Becerra,delfin,delfin,independiente,1,0.0,0.0,0.0,0.0,0.0,0.0,0.0,0.0,0.0,0.0,0.0,0.0,0.0,0.0,0.0,0.0,0.0,0.0,0.0,0.0,0.0,0.0,0.0,0.0,0.0,0.0,0.0,0.0,0.0,0.0,0.0,0.0,0.0,0.0,0.0,0.0,0.0,0.0,0.0,0.0
0.0,0.0,0.0,0.0,0.0,0.0,0.0,0.0,0.0,0.0,0.0,0.0,0,Ignacio Gariglio,delfin,delfin,independiente,1,0.0,0.0,0.0,0.0,0.0,0.0,0.0,0.0,0.0,0.0,0.0,0.0,0.0,0.0,0.0,0.0,0.0,0.0,0.0,0.0,0.0,0.0,0.0,0.0,0.0,0.0,0.0,0.0,0.0,0.0,0.0,0.0,0.0,0.0,0.0,0.0,0.0,0.0,0.0,0.0
0.0,0.0,0.0,0.0,0.0,0.0,0.0,0.0,0.0,0.0,0.0,0.0,0,Jordano Zambrano,delfin,delfin,independiente,1,0.0,0.0,0.0,0.0,0.0,0.0,0.0,0.0,0.0,0.0,0.0,0.0,0.0,0.0,0.0,0.0,0.0,0.0,0.0,0.0,0.0,0.0,0.0,0.0,0.0,0.0,0.0,0.0,0.0,0.0,0.0,0.0,0.0,0.0,0.0,0.0,0.0,0.0,0.0,0.0
0.0,0.0,0.0,0.0,0.0,0.0,0.0,0.0,0.0,0.0,0.0,0.0,0,Kevin Sambonino,delfin,delfin,independiente,1,0.0,0.0,0.0,0.0,0.0,0.0,0.0,0.0,0.0,0.0,0.0,0.0,0.0,0.0,0.0,0.0,0.0,0.0,0.0,0.0,0.0,0.0,0.0,0.0,0.0,0.0,0.0,0.0,0.0,0.0,0.0,0.0,0.0,0.0,0.0,0.0,0.0,0.0,0.0,0.0
0.0,0.0,0.0,0.0,0.0,0.0,0.0,0.0,0.0,0.0,0.0,0.0,0,Michael Mieles,delfin,delfin,independiente,1,0.0,0.0,0.0,0.0,0.0,0.0,0.0,0.0,0.0,0.0,0.0,0.0,0.0,0.0,0.0,0.0,0.0,0.0,0.0,0.0,0.0,0.0,0.0,0.0,0.0,0.0,0.0,0.0,0.0,0.0,0.0,0.0,0.0,0.0,0.0,0.0,0.0,0.0,0.0,0.0
0.0,0.0,0.0,0.0,0.0,0.0,0.0,0.0,0.0,0.0,0.0,0.0,0,Erick Zuniga,delfin,delfin,independiente,1,0.0,0.0,0.0,0.0,0.0,0.0,0.0,0.0,0.0,0.0,0.0,0.0,0.0,0.0,0.0,0.0,0.0,0.0,0.0,0.0,0.0,0.0,0.0,0.0,0.0,0.0,0.0,0.0,0.0,0.0,0.0,0.0,0.0,0.0,0.0,0.0,0.0,0.0,0.0,0.0
21.0,9.0,18.0,7.0,1.0,1.0,1.0,2.0,90.0,28.0,7.2,12.0,"{'original': 7.2, 'alternative': 7.3}",Guido Villar,independiente,delfin,independiente,1,0.0,0.0,0.0,0.0,0.0,0.0,0.0,0.0,0.0,0.0,0.0,0.0,0.0,0.0,0.0,0.0,0.0,0.0,0.0,0.0,0.0,0.0,1.0,0.0,0.0,0.0,0.0,0.0,0.0,0.0,0.0,0.0,0.0,0.0,0.0,0.0,0.0,9.0,0.0,0.0
29.0,19.0,8.0,2.0,0.0,0.0,0.0,0.0,70.0,41.0,6.3,16.0,"{'original': 6.3, 'alternative': 6.3}",Matías Fernández,independiente,delfin,independiente,1,1.0,0.0,0.0,1.0,1.0,0.0,0.0,0.0,0.0,0.0,0.0,0.0,0.0,0.0,0.0,0.0,0.0,0.0,0.0,0.0,0.0,0.0,0.0,0.0,0.0,0.0,0.0,0.0,0.0,0.0,0.0,0.0,0.0,0.0,0.0,0.0,0.0,24.428571428571427,0.0,0.0
23.0,19.0,8.0,6.0,1.0,0.0,0.0,0.0,90.0,44.0,7.6,7.0,"{'original': 7.6, 'alternative': 7.5}",Luis Felipe Zárate,independiente,delfin,independiente,1,0.0,0.0,2.0,3.0,0.0,0.0,0.0,13.0,1.0,2.0,0.0,0.0,1.0,1.0,0.0,0.0,0.0,1.0,0.0,0.0,0.0,0.0,0.0,0.0,0.0,0.0,0.0,0.0,0.0,0.0,0.0,0.0,0.0,0.0,0.0,0.0,1.0,19.0,1.0,1.0
27.0,22.0,6.0,3.0,4.0,1.0,0.0,0.0,90.0,38.0,7.1,5.0,"{'original': 7.1, 'alternative': 6.9}",Mateo Carabajal,independiente,delfin,independiente,1,0.0,0.0,1.0,3.0,0.0,0.0,0.0,7.0,0.0,0.0,0.0,0.0,2.0,3.0,0.0,0.0,0.0,0.0,0.0,0.0,0.0,0.0,0.0,0.0,0.0,0.0,0.0,0.0,0.0,0.0,0.0,0.0,0.0,0.0,0.0,0.0,0.0,22.0,0.0,0.0
51.0,33.0,17.0,7.0,8.0,2.0,0.0,0.0,90.0,72.0,8.0,21.0,"{'original': 8, 'alternative': 7.8}",Beder Caicedo,independiente,delfin,independiente,1,0.0,0.0,1.0,1.0,1.0,1.0,0.0,1.0,0.0,1.0,4.0,0.0,0.0,1.0,1.0,1.0,0.0,0.0,0.0,0.0,1.0,0.0,0.0,0.0,0.0,0.0,0.0,0.0,0.0,0.0,0.0,0.0,0.0,0.0,0.0,0.0,0.0,33.0,0.0,0.0
62.0,47.0,15.0,6.0,3.0,1.0,0.0,0.0,90.0,70.0,6.8,18.0,"{'original': 6.8, 'alternative': 6.8}",Joao Ortíz,independiente,delfin,independiente,1,0.0,0.0,1.0,1.0,0.0,0.0,0.0,2.0,0.0,0.0,1.0,0.0,0.0,1.0,0.0,0.0,0.0,0.0,0.0,0.0,0.0,0.0,0.0,0.0,0.0,0.0,0.0,0.0,0.0,0.0,0.0,0.0,0.0,0.0,0.0,0.0,0.0,47.0,0.0,0.0
36.0,29.0,4.0,3.0,8.0,1.0,0.0,0.0,90.0,53.0,6.7,15.0,"{'original': 6.7, 'alternative': 6.7}",Cristian Zabala,independiente,delfin,independiente,1,1.0,0.0,2.0,10.0,0.0,0.0,1.0,1.0,0.0,1.0,4.0,1.0,6.0,3.0,0.0,0.0,1.0,0.0,0.0,1.0,0.0,0.0,0.0,0.0,0.0,0.0,0.0,0.0,0.0,0.0,0.0,0.0,0.0,0.0,0.0,0.0,1.0,29.000000000000004,1.0,0.0
17.0,10.0,2.0,0.0,2.0,0.0,0.0,0.0,76.0,28.0,6.5,14.0,"{'original': 6.5, 'alternative': 6.4}",Yaimar Medina,independiente,delfin,independiente,1,2.0,1.0,2.0,5.0,2.0,1.0,0.0,0.0,0.0,0.0,0.0,1.0,0.0,1.0,0.0,1.0,1.0,1.0,0.0,0.0,0.0,0.0,0.0,0.0,0.0,0.0,0.0,0.0,0.0,0.0,0.0,0.0,0.0,0.0,0.0,0.0,1.0,11.842105263157894,1.1842105263157894,1.1842105263157894
25.0,23.0,3.0,2.0,5.0,2.0,0.0,0.0,70.0,37.0,6.9,5.0,"{'original': 6.9, 'alternative': 6.7}",Kendry Páez,independiente,delfin,independiente,1,2.0,2.0,2.0,8.0,3.0,2.0,0.0,1.0,0.0,0.0,0.0,2.0,2.0,1.0,0.0,1.0,1.0,0.0,0.0,1.0,0.0,0.0,0.0,0.0,0.0,0.0,0.0,0.0,0.0,0.0,0.0,0.0,0.0,0.0,0.0,0.0,0.0,29.571428571428573,0.0,0.0
15.0,10.0,1.0,1.0,4.0,0.0,0.0,0.0,70.0,19.0,6.9,5.0,"{'original': 6.9, 'alternative': 6.8}",Renzo López,independiente,delfin,independiente,1,0.0,0.0,4.0,6.0,0.0,0.0,1.0,0.0,0.0,0.0,2.0,1.0,2.0,2.0,0.0,1.0,0.0,0.0,0.0,0.0,0.0,0.0,0.0,0.0,0.0,0.0,0.0,0.0,0.0,0.0,0.0,0.0,0.0,0.0,0.0,0.0,1.0,12.857142857142856,1.2857142857142856,0.0
30.0,26.0,0.0,0.0,5.0,2.0,0.0,0.0,56.0,36.0,7.1,7.0,"{'original': 7.1, 'alternative': 7}",Junior Sornoza,independiente,delfin,independiente,1,2.0,1.0,1.0,3.0,1.0,0.0,0.0,0.0,0.0,0.0,0.0,0.0,0.0,3.0,0.0,3.0,1.0,0.0,0.0,0.0,0.0,0.0,0.0,0.0,0.0,0.0,0.0,0.0,0.0,0.0,0.0,0.0,0.0,0.0,0.0,0.0,0.0,41.785714285714285,0.0,0.0
8.0,7.0,0.0,0.0,2.0,0.0,0.0,0.0,34.0,13.0,7.1,5.0,"{'original': 7.1, 'alternative': 7.1}",Michael Hoyos,independiente,delfin,independiente,1,1.0,0.0,2.0,4.0,1.0,0.0,0.0,0.0,0.0,0.0,0.0,0.0,1.0,2.0,0.0,1.0,0.0,1.0,1.0,0.0,0.0,0.0,0.0,0.0,0.0,0.0,2.0,0.0,0.0,0.0,0.0,0.0,0.0,0.0,0.0,0.0,1.0,18.52941176470588,2.6470588235294117,2.6470588235294117
8.0,5.0,0.0,0.0,2.0,0.0,0.0,0.0,20.0,15.0,6.7,6.0,"{'original': 6.7, 'alternative': 6.7}",Anthony Landázuri,independiente,delfin,independiente,1,0.0,0.0,0.0,0.0,0.0,0.0,0.0,2.0,0.0,0.0,0.0,0.0,0.0,2.0,0.0,0.0,0.0,0.0,0.0,0.0,0.0,0.0,0.0,0.0,0.0,0.0,0.0,0.0,0.0,0.0,0.0,0.0,0.0,0.0,0.0,0.0,0.0,22.5,0.0,0.0
13.0,11.0,3.0,3.0,5.0,0.0,0.0,0.0,20.0,18.0,6.9,3.0,"{'original': 6.9, 'alternative': 7}",Jordy Alcivar,independiente,delfin,independiente,1,0.0,0.0,0.0,1.0,0.0,0.0,0.0,1.0,0.0,0.0,2.0,0.0,1.0,3.0,0.0,0.0,0.0,0.0,0.0,1.0,0.0,0.0,0.0,0.0,0.0,0.0,0.0,0.0,0.0,0.0,0.0,0.0,0.0,0.0,0.0,0.0,0.0,49.50000000000001,0.0,0.0
14.0,10.0,0.0,0.0,1.0,0.0,0.0,0.0,20.0,24.0,6.3,12.0,"{'original': 6.3, 'alternative': 6.2}",Keny Arroyo,independiente,delfin,independiente,1,2.0,0.0,0.0,3.0,3.0,1.0,0.0,1.0,0.0,0.0,0.0,0.0,0.0,0.0,0.0,0.0,1.0,0.0,0.0,0.0,0.0,0.0,0.0,0.0,0.0,0.0,2.0,0.0,0.0,0.0,0.0,0.0,0.0,0.0,0.0,0.0,0.0,45.0,0.0,0.0
1.0,1.0,0.0,0.0,1.0,0.0,0.0,0.0,14.0,6.0,6.7,0.0,"{'original': 6.7, 'alternative': 6.8}",Richard Schunke,independiente,delfin,independiente,1,0.0,0.0,0.0,0.0,0.0,0.0,0.0,3.0,0.0,1.0,1.0,0.0,0.0,0.0,0.0,0.0,0.0,0.0,0.0,0.0,0.0,0.0,0.0,0.0,0.0,0.0,0.0,0.0,0.0,0.0,0.0,0.0,0.0,0.0,0.0,0.0,0.0,6.428571428571428,0.0,0.0
0.0,0.0,0.0,0.0,0.0,0.0,0.0,0.0,0.0,0.0,0.0,0.0,0,Cristhian Loor,independiente,delfin,independiente,1,0.0,0.0,0.0,0.0,0.0,0.0,0.0,0.0,0.0,0.0,0.0,0.0,0.0,0.0,0.0,0.0,0.0,0.0,0.0,0.0,0.0,0.0,0.0,0.0,0.0,0.0,0.0,0.0,0.0,0.0,0.0,0.0,0.0,0.0,0.0,0.0,0.0,0.0,0.0,0.0
0.0,0.0,0.0,0.0,0.0,0.0,0.0,0.0,0.0,0.0,0.0,0.0,0,Elkin Ruiz,independiente,delfin,independiente,1,0.0,0.0,0.0,0.0,0.0,0.0,0.0,0.0,0.0,0.0,0.0,0.0,0.0,0.0,0.0,0.0,0.0,0.0,0.0,0.0,0.0,0.0,0.0,0.0,0.0,0.0,0.0,0.0,0.0,0.0,0.0,0.0,0.0,0.0,0.0,0.0,0.0,0.0,0.0,0.0
0.0,0.0,0.0,0.0,0.0,0.0,0.0,0.0,0.0,0.0,0.0,0.0,0,Orlando Herrera,independiente,delfin,independiente,1,0.0,0.0,0.0,0.0,0.0,0.0,0.0,0.0,0.0,0.0,0.0,0.0,0.0,0.0,0.0,0.0,0.0,0.0,0.0,0.0,0.0,0.0,0.0,0.0,0.0,0.0,0.0,0.0,0.0,0.0,0.0,0.0,0.0,0.0,0.0,0.0,0.0,0.0,0.0,0.0
0.0,0.0,0.0,0.0,0.0,0.0,0.0,0.0,0.0,0.0,0.0,0.0,0,Renato Ibarra,independiente,delfin,independiente,1,0.0,0.0,0.0,0.0,0.0,0.0,0.0,0.0,0.0,0.0,0.0,0.0,0.0,0.0,0.0,0.0,0.0,0.0,0.0,0.0,0.0,0.0,0.0,0.0,0.0,0.0,0.0,0.0,0.0,0.0,0.0,0.0,0.0,0.0,0.0,0.0,0.0,0.0,0.0,0.0
0.0,0.0,0.0,0.0,0.0,0.0,0.0,0.0,0.0,0.0,0.0,0.0,0,Patrik Mercado,independiente,delfin,independiente,1,0.0,0.0,0.0,0.0,0.0,0.0,0.0,0.0,0.0,0.0,0.0,0.0,0.0,0.0,0.0,0.0,0.0,0.0,0.0,0.0,0.0,0.0,0.0,0.0,0.0,0.0,0.0,0.0,0.0,0.0,0.0,0.0,0.0,0.0,0.0,0.0,0.0,0.0,0.0,0.0
0.0,0.0,0.0,0.0,0.0,0.0,0.0,0.0,0.0,0.0,0.0,0.0,0,Michael Ayovi,independiente,delfin,independiente,1,0.0,0.0,0.0,0.0,0.0,0.0,0.0,0.0,0.0,0.0,0.0,0.0,0.0,0.0,0.0,0.0,0.0,0.0,0.0,0.0,0.0,0.0,0.0,0.0,0.0,0.0,0.0,0.0,0.0,0.0,0.0,0.0,0.0,0.0,0.0,0.0,0.0,0.0,0.0,0.0
41.0,28.0,17.0,5.0,0.0,0.0,3.0,6.0,90.0,54.0,7.3,13.0,"{'original': 7.3, 'alternative': 7.1}",Alexander Domínguez,liga,liga,macara,1,0.0,0.0,0.0,1.0,0.0,0.0,0.0,0.0,0.0,0.0,0.0,0.0,1.0,0.0,0.0,0.0,0.0,0.0,0.0,0.0,0.0,0.0,0.0,0.0,0.0,0.0,0.0,0.0,1.0,0.0,0.0,0.0,0.0,0.0,0.0,0.0,0.0,28.0,0.0,0.0
46.0,30.0,6.0,1.0,9.0,3.0,0.0,0.0,90.0,69.0,8.5,19.0,"{'original': 8.5, 'alternative': 8.4}",José Quintero,liga,liga,macara,1,4.0,4.0,1.0,4.0,4.0,2.0,0.0,1.0,1.0,3.0,1.0,0.0,1.0,3.0,2.0,4.0,0.0,0.0,0.0,0.0,2.0,0.0,0.0,0.0,0.0,0.0,0.0,0.0,0.0,0.0,0.0,0.0,0.0,0.0,0.0,0.0,0.0,30.0,0.0,0.0
67.0,59.0,8.0,3.0,6.0,2.0,0.0,0.0,90.0,80.0,7.1,8.0,"{'original': 7.1, 'alternative': 7.2}",Ricardo Adé,liga,liga,macara,1,0.0,0.0,0.0,1.0,0.0,0.0,0.0,7.0,2.0,1.0,1.0,0.0,1.0,3.0,0.0,0.0,0.0,0.0,0.0,0.0,0.0,0.0,0.0,0.0,0.0,0.0,0.0,0.0,0.0,0.0,0.0,0.0,0.0,0.0,0.0,0.0,0.0,59.0,0.0,0.0
78.0,69.0,7.0,3.0,9.0,1.0,0.0,0.0,90.0,89.0,7.1,10.0,"{'original': 7.1, 'alternative': 7.2}",Facundo Rodríguez,liga,liga,macara,1,0.0,0.0,4.0,6.0,0.0,0.0,0.0,3.0,1.0,1.0,4.0,0.0,2.0,4.0,0.0,0.0,0.0,0.0,0.0,0.0,0.0,0.0,0.0,0.0,0.0,0.0,0.0,0.0,0.0,0.0,0.0,0.0,0.0,0.0,0.0,0.0,0.0,69.0,0.0,0.0
42.0,37.0,4.0,2.0,1.0,1.0,0.0,0.0,90.0,59.0,7.1,10.0,"{'original': 7.1, 'alternative': 7.1}",Leonel Quiñónez,liga,liga,macara,1,4.0,0.0,0.0,0.0,0.0,0.0,0.0,2.0,1.0,1.0,0.0,0.0,0.0,0.0,0.0,2.0,0.0,0.0,0.0,0.0,1.0,0.0,0.0,0.0,0.0,0.0,1.0,0.0,0.0,0.0,0.0,0.0,0.0,0.0,0.0,0.0,0.0,37.0,0.0,0.0
20.0,17.0,2.0,0.0,1.0,0.0,0.0,0.0,80.0,36.0,6.8,9.0,"{'original': 6.8, 'alternative': 6.7}",Lisandro Alzugaray,liga,liga,macara,1,2.0,1.0,2.0,5.0,0.0,0.0,1.0,0.0,0.0,0.0,1.0,0.0,1.0,0.0,0.0,1.0,2.0,1.0,1.0,3.0,0.0,0.0,0.0,0.0,0.0,0.0,0.0,1.0,0.0,0.0,0.0,0.0,0.0,0.0,0.0,0.0,2.0,19.125,2.25,1.125
54.0,49.0,6.0,5.0,3.0,0.0,0.0,0.0,59.0,63.0,6.9,8.0,"{'original': 6.9, 'alternative': 6.9}",Ezequiel Piovi,liga,liga,macara,1,2.0,0.0,0.0,2.0,2.0,1.0,0.0,0.0,0.0,1.0,2.0,1.0,0.0,0.0,0.0,0.0,0.0,0.0,0.0,0.0,0.0,0.0,0.0,0.0,0.0,0.0,0.0,0.0,0.0,0.0,0.0,0.0,0.0,0.0,0.0,0.0,0.0,74.7457627118644,0.0,0.0
61.0,55.0,3.0,3.0,4.0,0.0,0.0,0.0,90.0,77.0,7.5,9.0,"{'original': 7.5, 'alternative': 7.5}",Óscar Zambrano,liga,liga,macara,1,0.0,0.0,0.0,3.0,0.0,0.0,4.0,0.0,0.0,3.0,4.0,1.0,1.0,0.0,0.0,1.0,1.0,0.0,0.0,1.0,0.0,1.0,0.0,0.0,0.0,0.0,0.0,0.0,0.0,0.0,0.0,0.0,0.0,0.0,0.0,0.0,4.0,55.00000000000001,4.0,0.0
32.0,28.0,3.0,1.0,7.0,2.0,0.0,0.0,80.0,42.0,7.1,5.0,"{'original': 7.1, 'alternative': 6.9}",Alexander Alvarado,liga,liga,macara,1,0.0,0.0,0.0,4.0,2.0,1.0,0.0,0.0,0.0,1.0,3.0,1.0,2.0,1.0,0.0,1.0,0.0,0.0,0.0,1.0,0.0,0.0,0.0,0.0,0.0,0.0,0.0,0.0,0.0,0.0,0.0,0.0,0.0,0.0,0.0,0.0,0.0,31.499999999999996,0.0,0.0
8.0,7.0,0.0,0.0,3.0,0.0,0.0,0.0,65.0,18.0,6.3,4.0,"{'original': 6.3, 'alternative': 6.1}",Michael Estrada,liga,liga,macara,1,0.0,0.0,4.0,5.0,1.0,1.0,2.0,0.0,0.0,0.0,1.0,0.0,1.0,1.0,0.0,1.0,0.0,1.0,0.0,0.0,0.0,0.0,0.0,0.0,0.0,0.0,0.0,2.0,0.0,0.0,0.0,0.0,0.0,0.0,0.0,0.0,3.0,9.692307692307693,4.153846153846154,1.3846153846153846
11.0,8.0,0.0,0.0,2.0,0.0,0.0,0.0,80.0,18.0,7.5,7.0,"{'original': 7.5, 'alternative': 7.4}",Alex Arce,liga,liga,macara,1,1.0,0.0,1.0,2.0,0.0,0.0,1.0,0.0,0.0,0.0,0.0,0.0,0.0,2.0,0.0,1.0,1.0,2.0,1.0,0.0,0.0,0.0,0.0,0.0,0.0,0.0,0.0,0.0,0.0,0.0,0.0,0.0,0.0,0.0,0.0,0.0,3.0,9.0,3.375,2.25
8.0,3.0,1.0,0.0,1.0,0.0,0.0,0.0,31.0,10.0,6.4,7.0,"{'original': 6.4, 'alternative': 6.4}",Gabriel Villamil,liga,liga,macara,1,0.0,0.0,0.0,2.0,1.0,0.0,0.0,0.0,0.0,0.0,0.0,0.0,1.0,1.0,0.0,0.0,0.0,0.0,0.0,0.0,0.0,0.0,0.0,0.0,0.0,0.0,0.0,0.0,0.0,0.0,0.0,0.0,0.0,0.0,0.0,0.0,0.0,8.709677419354838,0.0,0.0
6.0,5.0,2.0,2.0,3.0,1.0,0.0,0.0,25.0,10.0,6.6,2.0,"{'original': 6.6, 'alternative': 6.6}",Sebastián González,liga,liga,macara,1,0.0,0.0,0.0,3.0,0.0,0.0,0.0,0.0,0.0,0.0,1.0,0.0,3.0,1.0,0.0,0.0,0.0,0.0,0.0,0.0,0.0,0.0,0.0,0.0,0.0,0.0,0.0,0.0,0.0,0.0,0.0,0.0,0.0,0.0,0.0,0.0,0.0,18.0,0.0,0.0
9.0,7.0,1.0,1.0,0.0,0.0,0.0,0.0,10.0,11.0,6.5,2.0,"{'original': 6.5, 'alternative': 6.5}",Jefferson Valverde,liga,liga,macara,1,0.0,0.0,0.0,1.0,0.0,0.0,0.0,2.0,0.0,0.0,0.0,1.0,0.0,0.0,0.0,0.0,0.0,0.0,0.0,0.0,0.0,0.0,0.0,0.0,0.0,0.0,0.0,0.0,0.0,0.0,0.0,0.0,0.0,0.0,0.0,0.0,0.0,62.99999999999999,0.0,0.0
5.0,5.0,0.0,0.0,0.0,0.0,0.0,0.0,10.0,5.0,6.6,0.0,"{'original': 6.6, 'alternative': 6.6}",Luis Estupiñan,liga,liga,macara,1,0.0,0.0,0.0,2.0,0.0,0.0,0.0,0.0,0.0,0.0,0.0,0.0,2.0,0.0,0.0,1.0,0.0,0.0,0.0,0.0,0.0,0.0,0.0,0.0,0.0,0.0,0.0,0.0,0.0,0.0,0.0,0.0,0.0,0.0,0.0,0.0,0.0,45.0,0.0,0.0
4.0,3.0,0.0,0.0,1.0,0.0,0.0,0.0,10.0,6.0,6.6,1.0,"{'original': 6.6, 'alternative': 6.6}",Andrés Parrales,liga,liga,macara,1,0.0,0.0,0.0,0.0,0.0,0.0,0.0,1.0,0.0,0.0,0.0,0.0,0.0,1.0,0.0,0.0,0.0,0.0,0.0,0.0,0.0,0.0,0.0,0.0,0.0,0.0,0.0,0.0,0.0,0.0,0.0,0.0,0.0,0.0,0.0,0.0,0.0,27.0,0.0,0.0
0.0,0.0,0.0,0.0,0.0,0.0,0.0,0.0,0.0,0.0,0.0,0.0,0,Gonzalo Valle,liga,liga,macara,1,0.0,0.0,0.0,0.0,0.0,0.0,0.0,0.0,0.0,0.0,0.0,0.0,0.0,0.0,0.0,0.0,0.0,0.0,0.0,0.0,0.0,0.0,0.0,0.0,0.0,0.0,0.0,0.0,0.0,0.0,0.0,0.0,0.0,0.0,0.0,0.0,0.0,0.0,0.0,0.0
0.0,0.0,0.0,0.0,0.0,0.0,0.0,0.0,0.0,0.0,0.0,0.0,0,Daykol Romero,liga,liga,macara,1,0.0,0.0,0.0,0.0,0.0,0.0,0.0,0.0,0.0,0.0,0.0,0.0,0.0,0.0,0.0,0.0,0.0,0.0,0.0,0.0,0.0,0.0,0.0,0.0,0.0,0.0,0.0,0.0,0.0,0.0,0.0,0.0,0.0,0.0,0.0,0.0,0.0,0.0,0.0,0.0
0.0,0.0,0.0,0.0,0.0,0.0,0.0,0.0,0.0,0.0,0.0,0.0,0,Richard Mina,liga,liga,macara,1,0.0,0.0,0.0,0.0,0.0,0.0,0.0,0.0,0.0,0.0,0.0,0.0,0.0,0.0,0.0,0.0,0.0,0.0,0.0,0.0,0.0,0.0,0.0,0.0,0.0,0.0,0.0,0.0,0.0,0.0,0.0,0.0,0.0,0.0,0.0,0.0,0.0,0.0,0.0,0.0
0.0,0.0,0.0,0.0,0.0,0.0,0.0,0.0,0.0,0.0,0.0,0.0,0,Bryan Ramirez,liga,liga,macara,1,0.0,0.0,0.0,0.0,0.0,0.0,0.0,0.0,0.0,0.0,0.0,0.0,0.0,0.0,0.0,0.0,0.0,0.0,0.0,0.0,0.0,0.0,0.0,0.0,0.0,0.0,0.0,0.0,0.0,0.0,0.0,0.0,0.0,0.0,0.0,0.0,0.0,0.0,0.0,0.0
0.0,0.0,0.0,0.0,0.0,0.0,0.0,0.0,0.0,0.0,0.0,0.0,0,Andres Zanini,liga,liga,macara,1,0.0,0.0,0.0,0.0,0.0,0.0,0.0,0.0,0.0,0.0,0.0,0.0,0.0,0.0,0.0,0.0,0.0,0.0,0.0,0.0,0.0,0.0,0.0,0.0,0.0,0.0,0.0,0.0,0.0,0.0,0.0,0.0,0.0,0.0,0.0,0.0,0.0,0.0,0.0,0.0
0.0,0.0,0.0,0.0,0.0,0.0,0.0,0.0,0.0,0.0,0.0,0.0,0,Jairon Charcopa,liga,liga,macara,1,0.0,0.0,0.0,0.0,0.0,0.0,0.0,0.0,0.0,0.0,0.0,0.0,0.0,0.0,0.0,0.0,0.0,0.0,0.0,0.0,0.0,0.0,0.0,0.0,0.0,0.0,0.0,0.0,0.0,0.0,0.0,0.0,0.0,0.0,0.0,0.0,0.0,0.0,0.0,0.0
0.0,0.0,0.0,0.0,0.0,0.0,0.0,0.0,0.0,0.0,0.0,0.0,0,Jan Hurtado,liga,liga,macara,1,0.0,0.0,0.0,0.0,0.0,0.0,0.0,0.0,0.0,0.0,0.0,0.0,0.0,0.0,0.0,0.0,0.0,0.0,0.0,0.0,0.0,0.0,0.0,0.0,0.0,0.0,0.0,0.0,0.0,0.0,0.0,0.0,0.0,0.0,0.0,0.0,0.0,0.0,0.0,0.0
24.0,16.0,16.0,8.0,0.0,0.0,2.0,2.0,90.0,30.0,6.5,9.0,"{'original': 6.5, 'alternative': 6.2}",Cristian Correa,macara,liga,macara,1,0.0,0.0,0.0,0.0,0.0,0.0,0.0,0.0,0.0,0.0,0.0,0.0,0.0,0.0,0.0,0.0,0.0,0.0,0.0,0.0,0.0,0.0,0.0,0.0,0.0,0.0,0.0,0.0,0.0,0.0,0.0,0.0,0.0,0.0,0.0,0.0,0.0,16.0,0.0,0.0
32.0,27.0,6.0,4.0,6.0,5.0,0.0,0.0,90.0,52.0,6.7,12.0,"{'original': 6.7, 'alternative': 6.7}",Cristopher Angulo,macara,liga,macara,1,3.0,0.0,0.0,1.0,2.0,1.0,0.0,2.0,0.0,0.0,0.0,0.0,0.0,0.0,0.0,0.0,0.0,0.0,0.0,0.0,0.0,0.0,0.0,0.0,0.0,0.0,0.0,0.0,0.0,0.0,0.0,0.0,0.0,0.0,0.0,0.0,0.0,27.0,0.0,0.0
7.0,4.0,2.0,0.0,2.0,0.0,0.0,0.0,45.0,19.0,6.8,3.0,"{'original': 6.8, 'alternative': 6.8}",Gino Barbieri,macara,liga,macara,1,0.0,0.0,1.0,1.0,0.0,0.0,0.0,6.0,1.0,1.0,1.0,0.0,0.0,1.0,0.0,0.0,0.0,0.0,0.0,2.0,0.0,0.0,0.0,0.0,0.0,0.0,0.0,0.0,0.0,0.0,0.0,0.0,0.0,0.0,0.0,0.0,0.0,8.0,0.0,0.0
38.0,33.0,9.0,7.0,4.0,0.0,0.0,0.0,90.0,46.0,7.0,5.0,"{'original': 7, 'alternative': 7}",Ronaldo Lora,macara,liga,macara,1,0.0,0.0,1.0,3.0,0.0,0.0,0.0,2.0,3.0,1.0,2.0,1.0,1.0,2.0,0.0,0.0,0.0,0.0,0.0,0.0,0.0,0.0,0.0,0.0,0.0,0.0,0.0,0.0,0.0,0.0,0.0,0.0,0.0,0.0,0.0,0.0,0.0,33.0,0.0,0.0
39.0,32.0,9.0,6.0,1.0,0.0,0.0,0.0,90.0,47.0,6.5,10.0,"{'original': 6.5, 'alternative': 6.4}",José Luis Marrufo,macara,liga,macara,1,0.0,0.0,1.0,1.0,0.0,0.0,0.0,2.0,0.0,0.0,0.0,0.0,0.0,1.0,0.0,0.0,0.0,0.0,0.0,0.0,0.0,0.0,0.0,0.0,0.0,0.0,0.0,0.0,0.0,0.0,0.0,0.0,0.0,0.0,0.0,0.0,0.0,32.0,0.0,0.0
23.0,20.0,1.0,0.0,3.0,1.0,0.0,0.0,89.0,33.0,6.7,7.0,"{'original': 6.7, 'alternative': 6.6}",Jorge Valdez,macara,liga,macara,1,3.0,0.0,3.0,5.0,2.0,1.0,1.0,0.0,0.0,1.0,0.0,1.0,0.0,1.0,0.0,0.0,0.0,1.0,0.0,1.0,0.0,0.0,0.0,0.0,0.0,0.0,0.0,0.0,0.0,0.0,0.0,0.0,0.0,0.0,0.0,0.0,2.0,20.224719101123593,2.0224719101123596,1.0112359550561798
33.0,28.0,5.0,5.0,1.0,1.0,0.0,0.0,85.0,39.0,6.5,8.0,"{'original': 6.5, 'alternative': 6.5}",Emiliano Romero,macara,liga,macara,1,0.0,0.0,1.0,3.0,2.0,0.0,0.0,0.0,0.0,2.0,0.0,0.0,0.0,0.0,0.0,0.0,0.0,0.0,0.0,0.0,0.0,0.0,0.0,0.0,0.0,0.0,0.0,0.0,0.0,0.0,0.0,0.0,0.0,0.0,0.0,0.0,0.0,29.647058823529413,0.0,0.0
25.0,19.0,5.0,2.0,2.0,1.0,0.0,0.0,90.0,47.0,7.0,12.0,"{'original': 7, 'alternative': 6.9}",Leonel Álvarez,macara,liga,macara,1,0.0,0.0,1.0,7.0,5.0,0.0,2.0,0.0,1.0,5.0,1.0,1.0,0.0,0.0,0.0,2.0,0.0,2.0,0.0,1.0,0.0,0.0,0.0,0.0,0.0,0.0,0.0,0.0,0.0,0.0,0.0,0.0,0.0,0.0,0.0,0.0,4.0,19.0,4.0,2.0
8.0,5.0,1.0,0.0,4.0,1.0,0.0,0.0,45.0,16.0,6.8,5.0,"{'original': 6.8, 'alternative': 6.8}",Janpol Morales,macara,liga,macara,1,1.0,1.0,1.0,4.0,1.0,1.0,0.0,0.0,0.0,1.0,2.0,0.0,3.0,0.0,0.0,1.0,0.0,0.0,0.0,0.0,1.0,0.0,0.0,0.0,0.0,0.0,0.0,0.0,0.0,0.0,0.0,0.0,0.0,0.0,0.0,0.0,0.0,10.0,0.0,0.0
8.0,4.0,0.0,0.0,5.0,1.0,0.0,0.0,71.0,20.0,6.7,10.0,"{'original': 6.7, 'alternative': 6.6}",Daniel Porozo,macara,liga,macara,1,2.0,0.0,0.0,3.0,1.0,1.0,0.0,1.0,0.0,0.0,1.0,0.0,2.0,2.0,0.0,0.0,1.0,0.0,0.0,0.0,0.0,0.0,0.0,0.0,0.0,0.0,0.0,0.0,0.0,0.0,0.0,0.0,0.0,0.0,0.0,0.0,0.0,5.070422535211268,0.0,0.0
16.0,10.0,0.0,0.0,6.0,4.0,0.0,0.0,90.0,34.0,7.1,12.0,"{'original': 7.1, 'alternative': 6.9}",Facundo Pons,macara,liga,macara,1,1.0,0.0,6.0,12.0,1.0,0.0,3.0,0.0,0.0,1.0,0.0,1.0,3.0,2.0,0.0,2.0,2.0,3.0,1.0,0.0,0.0,0.0,0.0,0.0,0.0,0.0,0.0,2.0,0.0,1.0,0.0,0.0,0.0,0.0,0.0,0.0,6.0,10.0,6.0,3.0
32.0,24.0,9.0,6.0,5.0,1.0,0.0,0.0,45.0,43.0,7.0,11.0,"{'original': 7, 'alternative': 6.9}",Glendys Mina,macara,liga,macara,1,0.0,0.0,1.0,2.0,0.0,0.0,0.0,0.0,0.0,1.0,2.0,1.0,0.0,2.0,0.0,0.0,0.0,0.0,0.0,0.0,0.0,0.0,0.0,0.0,0.0,0.0,0.0,0.0,0.0,0.0,0.0,0.0,0.0,0.0,0.0,0.0,0.0,48.0,0.0,0.0
9.0,7.0,1.0,0.0,1.0,1.0,0.0,0.0,45.0,19.0,6.4,8.0,"{'original': 6.4, 'alternative': 6.4}",Miguel Perea,macara,liga,macara,1,4.0,1.0,1.0,3.0,0.0,0.0,0.0,0.0,0.0,0.0,0.0,0.0,1.0,0.0,0.0,0.0,1.0,0.0,0.0,1.0,0.0,0.0,0.0,0.0,0.0,0.0,0.0,0.0,0.0,0.0,0.0,0.0,0.0,0.0,0.0,0.0,0.0,14.0,0.0,0.0
13.0,10.0,0.0,0.0,0.0,0.0,0.0,0.0,19.0,17.0,6.4,6.0,"{'original': 6.4, 'alternative': 6.2}",Freddy Mina,macara,liga,macara,1,1.0,0.0,0.0,3.0,0.0,0.0,0.0,0.0,0.0,0.0,0.0,0.0,1.0,0.0,0.0,0.0,2.0,0.0,0.0,0.0,0.0,0.0,0.0,0.0,0.0,0.0,0.0,0.0,0.0,0.0,0.0,0.0,0.0,0.0,0.0,0.0,0.0,47.368421052631575,0.0,0.0
5.0,4.0,0.0,0.0,1.0,0.0,0.0,0.0,12.0,7.0,6.9,2.0,"{'original': 6.9, 'alternative': 6.8}",Joffré Escobar,macara,liga,macara,1,0.0,0.0,0.0,0.0,0.0,0.0,0.0,0.0,0.0,0.0,0.0,0.0,0.0,1.0,0.0,1.0,0.0,1.0,0.0,0.0,0.0,0.0,0.0,0.0,0.0,0.0,0.0,0.0,0.0,0.0,0.0,0.0,0.0,0.0,0.0,0.0,1.0,30.0,7.5,7.5
0.0,0.0,0.0,0.0,0.0,0.0,0.0,0.0,1.0,3.0,0.0,2.0,0,Kevin Valencia,macara,liga,macara,1,0.0,0.0,0.0,2.0,2.0,0.0,0.0,0.0,0.0,0.0,0.0,0.0,0.0,0.0,0.0,0.0,0.0,0.0,0.0,0.0,0.0,0.0,0.0,0.0,0.0,0.0,0.0,0.0,0.0,0.0,0.0,0.0,0.0,0.0,0.0,0.0,0.0,0.0,0.0,0.0
0.0,0.0,0.0,0.0,0.0,0.0,0.0,0.0,0.0,0.0,0.0,0.0,0,Jose Cevallos,macara,liga,macara,1,0.0,0.0,0.0,0.0,0.0,0.0,0.0,0.0,0.0,0.0,0.0,0.0,0.0,0.0,0.0,0.0,0.0,0.0,0.0,0.0,0.0,0.0,0.0,0.0,0.0,0.0,0.0,0.0,0.0,0.0,0.0,0.0,0.0,0.0,0.0,0.0,0.0,0.0,0.0,0.0
0.0,0.0,0.0,0.0,0.0,0.0,0.0,0.0,0.0,0.0,0.0,0.0,0,Edwin Mesa,macara,liga,macara,1,0.0,0.0,0.0,0.0,0.0,0.0,0.0,0.0,0.0,0.0,0.0,0.0,0.0,0.0,0.0,0.0,0.0,0.0,0.0,0.0,0.0,0.0,0.0,0.0,0.0,0.0,0.0,0.0,0.0,0.0,0.0,0.0,0.0,0.0,0.0,0.0,0.0,0.0,0.0,0.0
0.0,0.0,0.0,0.0,0.0,0.0,0.0,0.0,0.0,0.0,0.0,0.0,0,John Jiménez,macara,liga,macara,1,0.0,0.0,0.0,0.0,0.0,0.0,0.0,0.0,0.0,0.0,0.0,0.0,0.0,0.0,0.0,0.0,0.0,0.0,0.0,0.0,0.0,0.0,0.0,0.0,0.0,0.0,0.0,0.0,0.0,0.0,0.0,0.0,0.0,0.0,0.0,0.0,0.0,0.0,0.0,0.0
0.0,0.0,0.0,0.0,0.0,0.0,0.0,0.0,0.0,0.0,0.0,0.0,0,Martin Tello,macara,liga,macara,1,0.0,0.0,0.0,0.0,0.0,0.0,0.0,0.0,0.0,0.0,0.0,0.0,0.0,0.0,0.0,0.0,0.0,0.0,0.0,0.0,0.0,0.0,0.0,0.0,0.0,0.0,0.0,0.0,0.0,0.0,0.0,0.0,0.0,0.0,0.0,0.0,0.0,0.0,0.0,0.0
23.0,17.0,13.0,8.0,2.0,2.0,2.0,3.0,90.0,32.0,7.0,7.0,"{'original': 7, 'alternative': 6.8}",Jorge Pinos,mushuc-runa,mushuc-runa,libertad,1,0.0,0.0,0.0,0.0,0.0,0.0,0.0,0.0,0.0,0.0,0.0,0.0,0.0,0.0,0.0,0.0,0.0,0.0,0.0,0.0,0.0,0.0,0.0,0.0,0.0,0.0,0.0,0.0,0.0,0.0,0.0,0.0,0.0,0.0,0.0,0.0,0.0,17.0,0.0,0.0
43.0,34.0,6.0,2.0,7.0,4.0,0.0,0.0,90.0,65.0,7.2,14.0,"{'original': 7.2, 'alternative': 7.2}",Marco Montaño,mushuc-runa,mushuc-runa,libertad,1,4.0,1.0,1.0,2.0,0.0,0.0,0.0,2.0,0.0,0.0,2.0,0.0,1.0,1.0,0.0,3.0,0.0,0.0,0.0,0.0,0.0,0.0,0.0,0.0,0.0,0.0,0.0,0.0,0.0,0.0,0.0,0.0,0.0,0.0,0.0,0.0,0.0,34.0,0.0,0.0
31.0,29.0,3.0,3.0,4.0,0.0,0.0,0.0,90.0,35.0,6.5,3.0,"{'original': 6.5, 'alternative': 6.5}",Dennis Quintero,mushuc-runa,mushuc-runa,libertad,1,1.0,0.0,2.0,6.0,0.0,0.0,0.0,0.0,0.0,0.0,3.0,1.0,3.0,1.0,0.0,0.0,0.0,0.0,0.0,0.0,0.0,0.0,0.0,0.0,0.0,0.0,0.0,0.0,0.0,0.0,0.0,0.0,0.0,0.0,0.0,0.0,0.0,29.000000000000004,0.0,0.0
57.0,46.0,18.0,12.0,3.0,2.0,0.0,0.0,90.0,73.0,7.7,12.0,"{'original': 7.7, 'alternative': 7.6}",Jerry Parrales,mushuc-runa,mushuc-runa,libertad,1,2.0,1.0,1.0,3.0,0.0,0.0,0.0,4.0,1.0,1.0,1.0,0.0,2.0,0.0,1.0,2.0,0.0,2.0,0.0,0.0,0.0,0.0,0.0,0.0,0.0,0.0,0.0,0.0,0.0,0.0,0.0,0.0,0.0,0.0,0.0,0.0,2.0,46.0,2.0,2.0
34.0,29.0,4.0,3.0,3.0,0.0,0.0,0.0,90.0,55.0,6.6,10.0,"{'original': 6.6, 'alternative': 6.6}",Rody Zambrano,mushuc-runa,mushuc-runa,libertad,1,4.0,1.0,3.0,6.0,0.0,0.0,0.0,1.0,0.0,0.0,1.0,0.0,3.0,2.0,0.0,1.0,0.0,0.0,0.0,0.0,0.0,0.0,0.0,0.0,0.0,0.0,0.0,0.0,0.0,0.0,0.0,0.0,0.0,0.0,0.0,0.0,0.0,29.000000000000004,0.0,0.0
34.0,26.0,9.0,5.0,4.0,2.0,0.0,0.0,90.0,61.0,7.2,25.0,"{'original': 7.2, 'alternative': 7.3}",Mauricio Alonso,mushuc-runa,mushuc-runa,libertad,1,12.0,2.0,1.0,6.0,4.0,1.0,0.0,1.0,0.0,0.0,1.0,0.0,0.0,0.0,0.0,5.0,2.0,0.0,0.0,1.0,1.0,0.0,0.0,0.0,0.0,0.0,0.0,0.0,0.0,0.0,0.0,0.0,0.0,0.0,0.0,0.0,0.0,25.999999999999996,0.0,0.0
25.0,21.0,2.0,2.0,10.0,2.0,0.0,0.0,90.0,37.0,7.2,5.0,"{'original': 7.2, 'alternative': 7.3}",Steven Tapiero,mushuc-runa,mushuc-runa,libertad,1,0.0,0.0,3.0,5.0,0.0,0.0,1.0,1.0,0.0,0.0,6.0,0.0,1.0,2.0,0.0,0.0,1.0,1.0,0.0,0.0,0.0,0.0,0.0,0.0,0.0,0.0,0.0,0.0,0.0,0.0,0.0,0.0,0.0,0.0,0.0,0.0,2.0,21.0,2.0,1.0
33.0,27.0,6.0,3.0,2.0,0.0,0.0,0.0,70.0,43.0,6.5,10.0,"{'original': 6.5, 'alternative': 6.5}",Charles Vélez,mushuc-runa,mushuc-runa,libertad,1,1.0,1.0,0.0,5.0,3.0,1.0,1.0,1.0,0.0,0.0,1.0,1.0,1.0,0.0,0.0,1.0,1.0,0.0,0.0,0.0,0.0,0.0,0.0,0.0,0.0,0.0,0.0,0.0,0.0,0.0,0.0,0.0,0.0,0.0,0.0,0.0,1.0,34.714285714285715,1.2857142857142856,0.0
40.0,30.0,5.0,3.0,6.0,3.0,0.0,0.0,90.0,68.0,7.8,23.0,"{'original': 7.8, 'alternative': 7.7}",Joaquín Vergés,mushuc-runa,mushuc-runa,libertad,1,11.0,2.0,1.0,4.0,1.0,1.0,1.0,1.0,0.0,0.0,1.0,0.0,1.0,1.0,0.0,2.0,2.0,3.0,1.0,1.0,0.0,0.0,0.0,0.0,0.0,0.0,0.0,1.0,0.0,0.0,0.0,0.0,0.0,0.0,0.0,0.0,4.0,30.0,4.0,3.0
11.0,9.0,1.0,0.0,2.0,1.0,0.0,0.0,70.0,21.0,6.6,6.0,"{'original': 6.6, 'alternative': 6.5}",Diego Ledesma,mushuc-runa,mushuc-runa,libertad,1,1.0,0.0,0.0,2.0,0.0,0.0,1.0,0.0,1.0,0.0,0.0,0.0,0.0,1.0,0.0,1.0,2.0,2.0,0.0,0.0,0.0,1.0,0.0,0.0,0.0,0.0,0.0,1.0,0.0,0.0,1.0,0.0,0.0,0.0,0.0,0.0,3.0,11.57142857142857,3.857142857142857,2.571428571428571
16.0,14.0,1.0,1.0,1.0,1.0,0.0,0.0,45.0,30.0,6.9,11.0,"{'original': 6.9, 'alternative': 6.9}",Bagner Delgado,mushuc-runa,mushuc-runa,libertad,1,5.0,1.0,0.0,2.0,0.0,0.0,1.0,0.0,0.0,0.0,0.0,0.0,1.0,0.0,0.0,1.0,2.0,1.0,0.0,0.0,0.0,0.0,0.0,0.0,0.0,0.0,0.0,0.0,0.0,0.0,0.0,0.0,0.0,0.0,0.0,0.0,2.0,28.0,4.0,2.0
3.0,1.0,0.0,0.0,1.0,0.0,0.0,0.0,45.0,5.0,6.7,2.0,"{'original': 6.7, 'alternative': 6.7}",Jonathan Dos Santos,mushuc-runa,mushuc-runa,libertad,1,0.0,0.0,4.0,4.0,0.0,0.0,1.0,0.0,0.0,0.0,0.0,0.0,0.0,1.0,0.0,0.0,0.0,1.0,0.0,0.0,0.0,0.0,0.0,0.0,0.0,0.0,0.0,0.0,0.0,0.0,0.0,0.0,0.0,0.0,0.0,0.0,2.0,2.0,4.0,2.0
16.0,14.0,1.0,0.0,1.0,0.0,0.0,0.0,20.0,21.0,6.7,6.0,"{'original': 6.7, 'alternative': 6.6}",Jean Carlos Estacio,mushuc-runa,mushuc-runa,libertad,1,1.0,0.0,0.0,0.0,0.0,0.0,0.0,0.0,0.0,0.0,1.0,0.0,0.0,0.0,0.0,0.0,0.0,0.0,0.0,0.0,0.0,0.0,0.0,0.0,0.0,0.0,0.0,0.0,0.0,0.0,0.0,0.0,0.0,0.0,0.0,0.0,0.0,62.99999999999999,0.0,0.0
3.0,3.0,0.0,0.0,0.0,0.0,0.0,0.0,20.0,9.0,7.6,0.0,"{'original': 7.6, 'alternative': 7.5}",Daniel Segura,mushuc-runa,mushuc-runa,libertad,1,0.0,0.0,0.0,0.0,0.0,0.0,4.0,0.0,0.0,0.0,0.0,0.0,0.0,0.0,0.0,0.0,0.0,1.0,1.0,1.0,0.0,0.0,0.0,0.0,0.0,0.0,0.0,0.0,0.0,0.0,0.0,0.0,0.0,0.0,0.0,0.0,5.0,13.5,22.5,4.5
0.0,0.0,0.0,0.0,0.0,0.0,0.0,0.0,0.0,0.0,0.0,0.0,0,Wilman Pabón,mushuc-runa,mushuc-runa,libertad,1,0.0,0.0,0.0,0.0,0.0,0.0,0.0,0.0,0.0,0.0,0.0,0.0,0.0,0.0,0.0,0.0,0.0,0.0,0.0,0.0,0.0,0.0,0.0,0.0,0.0,0.0,0.0,0.0,0.0,0.0,0.0,0.0,0.0,0.0,0.0,0.0,0.0,0.0,0.0,0.0
0.0,0.0,0.0,0.0,0.0,0.0,0.0,0.0,0.0,0.0,0.0,0.0,0,Juan Cruz Randazzo,mushuc-runa,mushuc-runa,libertad,1,0.0,0.0,0.0,0.0,0.0,0.0,0.0,0.0,0.0,0.0,0.0,0.0,0.0,0.0,0.0,0.0,0.0,0.0,0.0,0.0,0.0,0.0,0.0,0.0,0.0,0.0,0.0,0.0,0.0,0.0,0.0,0.0,0.0,0.0,0.0,0.0,0.0,0.0,0.0,0.0
0.0,0.0,0.0,0.0,0.0,0.0,0.0,0.0,0.0,0.0,0.0,0.0,0,José Luis Quiñones,mushuc-runa,mushuc-runa,libertad,1,0.0,0.0,0.0,0.0,0.0,0.0,0.0,0.0,0.0,0.0,0.0,0.0,0.0,0.0,0.0,0.0,0.0,0.0,0.0,0.0,0.0,0.0,0.0,0.0,0.0,0.0,0.0,0.0,0.0,0.0,0.0,0.0,0.0,0.0,0.0,0.0,0.0,0.0,0.0,0.0
0.0,0.0,0.0,0.0,0.0,0.0,0.0,0.0,0.0,0.0,0.0,0.0,0,Ariel Fernando Alcivar,mushuc-runa,mushuc-runa,libertad,1,0.0,0.0,0.0,0.0,0.0,0.0,0.0,0.0,0.0,0.0,0.0,0.0,0.0,0.0,0.0,0.0,0.0,0.0,0.0,0.0,0.0,0.0,0.0,0.0,0.0,0.0,0.0,0.0,0.0,0.0,0.0,0.0,0.0,0.0,0.0,0.0,0.0,0.0,0.0,0.0
0.0,0.0,0.0,0.0,0.0,0.0,0.0,0.0,0.0,0.0,0.0,0.0,0,Arnaldo Zambrano,mushuc-runa,mushuc-runa,libertad,1,0.0,0.0,0.0,0.0,0.0,0.0,0.0,0.0,0.0,0.0,0.0,0.0,0.0,0.0,0.0,0.0,0.0,0.0,0.0,0.0,0.0,0.0,0.0,0.0,0.0,0.0,0.0,0.0,0.0,0.0,0.0,0.0,0.0,0.0,0.0,0.0,0.0,0.0,0.0,0.0
0.0,0.0,0.0,0.0,0.0,0.0,0.0,0.0,0.0,0.0,0.0,0.0,0,Luis Ayala,mushuc-runa,mushuc-runa,libertad,1,0.0,0.0,0.0,0.0,0.0,0.0,0.0,0.0,0.0,0.0,0.0,0.0,0.0,0.0,0.0,0.0,0.0,0.0,0.0,0.0,0.0,0.0,0.0,0.0,0.0,0.0,0.0,0.0,0.0,0.0,0.0,0.0,0.0,0.0,0.0,0.0,0.0,0.0,0.0,0.0
0.0,0.0,0.0,0.0,0.0,0.0,0.0,0.0,0.0,0.0,0.0,0.0,0,William Ocles,mushuc-runa,mushuc-runa,libertad,1,0.0,0.0,0.0,0.0,0.0,0.0,0.0,0.0,0.0,0.0,0.0,0.0,0.0,0.0,0.0,0.0,0.0,0.0,0.0,0.0,0.0,0.0,0.0,0.0,0.0,0.0,0.0,0.0,0.0,0.0,0.0,0.0,0.0,0.0,0.0,0.0,0.0,0.0,0.0,0.0
36.0,22.0,28.0,14.0,1.0,0.0,7.0,9.0,90.0,56.0,9.0,14.0,"{'original': 9, 'alternative': 8.7}",Juan Bolado,libertad,mushuc-runa,libertad,1,0.0,0.0,0.0,0.0,0.0,0.0,0.0,1.0,0.0,0.0,0.0,0.0,0.0,1.0,0.0,0.0,0.0,0.0,0.0,0.0,0.0,0.0,2.0,0.0,0.0,0.0,0.0,0.0,0.0,0.0,0.0,1.0,0.0,0.0,0.0,0.0,0.0,22.0,0.0,0.0
17.0,14.0,2.0,0.0,5.0,1.0,0.0,0.0,90.0,40.0,7.1,5.0,"{'original': 7.1, 'alternative': 7.1}",Denilson Bolanos,libertad,mushuc-runa,libertad,1,1.0,0.0,0.0,0.0,0.0,0.0,0.0,6.0,1.0,3.0,3.0,0.0,0.0,1.0,0.0,0.0,0.0,0.0,0.0,0.0,0.0,0.0,0.0,0.0,0.0,0.0,0.0,0.0,0.0,0.0,0.0,0.0,0.0,0.0,0.0,0.0,0.0,14.0,0.0,0.0
16.0,9.0,8.0,1.0,3.0,0.0,0.0,0.0,90.0,27.0,6.3,8.0,"{'original': 6.3, 'alternative': 6.3}",Cristian Enciso,libertad,mushuc-runa,libertad,1,0.0,0.0,1.0,3.0,0.0,0.0,0.0,9.0,0.0,0.0,0.0,0.0,2.0,3.0,0.0,0.0,0.0,0.0,0.0,0.0,0.0,0.0,0.0,0.0,0.0,0.0,0.0,0.0,0.0,0.0,0.0,0.0,0.0,0.0,0.0,0.0,0.0,9.0,0.0,0.0
21.0,15.0,4.0,0.0,4.0,0.0,0.0,0.0,90.0,38.0,6.8,6.0,"{'original': 6.8, 'alternative': 6.9}",Juan Alvacete,libertad,mushuc-runa,libertad,1,1.0,1.0,2.0,2.0,0.0,0.0,0.0,15.0,1.0,0.0,0.0,0.0,0.0,4.0,0.0,1.0,0.0,0.0,0.0,0.0,0.0,0.0,0.0,0.0,0.0,0.0,0.0,0.0,0.0,0.0,0.0,0.0,0.0,0.0,0.0,0.0,0.0,15.0,0.0,0.0
19.0,14.0,3.0,0.0,7.0,1.0,0.0,0.0,90.0,46.0,6.3,12.0,"{'original': 6.3, 'alternative': 6.3}",José Hernández,libertad,mushuc-runa,libertad,1,0.0,0.0,1.0,5.0,2.0,0.0,0.0,2.0,0.0,2.0,6.0,0.0,2.0,0.0,0.0,0.0,1.0,0.0,0.0,0.0,0.0,0.0,0.0,0.0,0.0,0.0,0.0,0.0,1.0,0.0,0.0,0.0,0.0,0.0,0.0,0.0,0.0,14.0,0.0,0.0
19.0,18.0,4.0,3.0,1.0,0.0,0.0,0.0,65.0,23.0,6.9,1.0,"{'original': 6.9, 'alternative': 6.9}",Pedro Larrea,libertad,mushuc-runa,libertad,1,0.0,0.0,0.0,0.0,0.0,0.0,0.0,1.0,1.0,1.0,1.0,0.0,0.0,0.0,0.0,0.0,0.0,0.0,0.0,0.0,0.0,0.0,0.0,0.0,0.0,0.0,0.0,0.0,0.0,0.0,0.0,0.0,0.0,0.0,0.0,0.0,0.0,24.923076923076923,0.0,0.0
16.0,13.0,2.0,0.0,6.0,3.0,0.0,0.0,90.0,27.0,7.1,5.0,"{'original': 7.1, 'alternative': 7}",Ivan Zambrano,libertad,mushuc-runa,libertad,1,2.0,0.0,0.0,4.0,0.0,0.0,0.0,1.0,0.0,0.0,2.0,0.0,4.0,1.0,0.0,2.0,0.0,0.0,0.0,1.0,1.0,0.0,0.0,0.0,0.0,0.0,0.0,0.0,0.0,0.0,0.0,0.0,0.0,0.0,0.0,0.0,0.0,12.999999999999998,0.0,0.0
29.0,24.0,2.0,0.0,3.0,1.0,0.0,0.0,90.0,40.0,6.8,7.0,"{'original': 6.8, 'alternative': 6.8}",Lautaro Disanto,libertad,mushuc-runa,libertad,1,1.0,1.0,0.0,1.0,2.0,1.0,1.0,2.0,0.0,0.0,1.0,0.0,0.0,0.0,0.0,1.0,0.0,0.0,0.0,0.0,0.0,0.0,0.0,0.0,0.0,0.0,0.0,0.0,0.0,0.0,0.0,0.0,0.0,0.0,0.0,0.0,1.0,24.0,1.0,0.0
26.0,22.0,2.0,2.0,3.0,0.0,0.0,0.0,79.0,37.0,7.6,9.0,"{'original': 7.6, 'alternative': 7.5}",Andrés Felipe Ávila,libertad,mushuc-runa,libertad,1,3.0,0.0,1.0,3.0,0.0,0.0,1.0,0.0,0.0,0.0,2.0,1.0,1.0,1.0,0.0,1.0,0.0,1.0,1.0,0.0,0.0,0.0,0.0,0.0,0.0,0.0,0.0,0.0,0.0,0.0,0.0,0.0,0.0,0.0,0.0,0.0,2.0,25.063291139240505,2.278481012658228,1.139240506329114
4.0,3.0,0.0,0.0,1.0,0.0,0.0,0.0,24.0,6.0,6.5,2.0,"{'original': 6.5, 'alternative': 6.4}",Jonny Uchuari,libertad,mushuc-runa,libertad,1,0.0,0.0,0.0,1.0,0.0,0.0,0.0,0.0,0.0,0.0,0.0,0.0,0.0,1.0,0.0,0.0,1.0,0.0,0.0,0.0,0.0,0.0,0.0,0.0,0.0,0.0,0.0,0.0,0.0,0.0,0.0,0.0,0.0,0.0,0.0,0.0,0.0,11.25,0.0,0.0
16.0,10.0,1.0,0.0,6.0,3.0,0.0,0.0,75.0,34.0,6.2,15.0,"{'original': 6.2, 'alternative': 6}",Tobías Donsanti,libertad,mushuc-runa,libertad,1,0.0,0.0,3.0,15.0,7.0,1.0,2.0,0.0,0.0,0.0,0.0,0.0,5.0,2.0,1.0,1.0,1.0,2.0,0.0,0.0,1.0,0.0,0.0,0.0,0.0,0.0,0.0,1.0,0.0,0.0,0.0,0.0,0.0,0.0,0.0,0.0,4.0,12.0,4.800000000000001,2.4000000000000004
14.0,8.0,1.0,0.0,1.0,0.0,0.0,0.0,55.0,25.0,6.1,12.0,"{'original': 6.1, 'alternative': 6}",Jhon Huilca,libertad,mushuc-runa,libertad,1,0.0,0.0,0.0,6.0,3.0,0.0,0.0,2.0,0.0,0.0,0.0,1.0,1.0,1.0,0.0,0.0,1.0,0.0,0.0,1.0,0.0,0.0,0.0,0.0,0.0,0.0,0.0,0.0,0.0,0.0,0.0,0.0,0.0,0.0,0.0,0.0,0.0,13.09090909090909,0.0,0.0
10.0,7.0,1.0,1.0,3.0,2.0,0.0,0.0,25.0,18.0,6.8,4.0,"{'original': 6.8, 'alternative': 6.6}",Nixon Molina,libertad,mushuc-runa,libertad,1,0.0,0.0,0.0,2.0,0.0,0.0,0.0,4.0,0.0,0.0,0.0,1.0,0.0,1.0,0.0,1.0,1.0,1.0,0.0,0.0,0.0,0.0,0.0,0.0,0.0,0.0,0.0,0.0,0.0,0.0,0.0,0.0,0.0,0.0,0.0,0.0,1.0,25.200000000000003,3.6,3.6
1.0,1.0,0.0,0.0,0.0,0.0,0.0,0.0,11.0,2.0,6.0,0.0,"{'original': 6, 'alternative': 6}",Cesar Obando,libertad,mushuc-runa,libertad,1,0.0,0.0,0.0,0.0,0.0,0.0,0.0,1.0,0.0,0.0,0.0,0.0,0.0,0.0,0.0,0.0,0.0,0.0,0.0,0.0,0.0,0.0,0.0,0.0,0.0,0.0,0.0,0.0,0.0,0.0,0.0,0.0,0.0,0.0,0.0,0.0,0.0,8.181818181818182,0.0,0.0
7.0,7.0,0.0,0.0,1.0,1.0,0.0,0.0,11.0,8.0,6.5,0.0,"{'original': 6.5, 'alternative': 6.4}",Leandro Basan,libertad,mushuc-runa,libertad,1,0.0,0.0,1.0,4.0,0.0,0.0,0.0,0.0,0.0,0.0,0.0,0.0,3.0,0.0,0.0,0.0,0.0,0.0,0.0,0.0,0.0,0.0,0.0,0.0,0.0,0.0,0.0,0.0,0.0,0.0,0.0,0.0,0.0,0.0,0.0,0.0,0.0,57.27272727272727,0.0,0.0
0.0,0.0,0.0,0.0,0.0,0.0,0.0,0.0,0.0,0.0,0.0,0.0,0,Eduardo Bores,libertad,mushuc-runa,libertad,1,0.0,0.0,0.0,0.0,0.0,0.0,0.0,0.0,0.0,0.0,0.0,0.0,0.0,0.0,0.0,0.0,0.0,0.0,0.0,0.0,0.0,0.0,0.0,0.0,0.0,0.0,0.0,0.0,0.0,0.0,0.0,0.0,0.0,0.0,0.0,0.0,0.0,0.0,0.0,0.0
0.0,0.0,0.0,0.0,0.0,0.0,0.0,0.0,0.0,0.0,0.0,0.0,0,Gonzalo Valenzuela,libertad,mushuc-runa,libertad,1,0.0,0.0,0.0,0.0,0.0,0.0,0.0,0.0,0.0,0.0,0.0,0.0,0.0,0.0,0.0,0.0,0.0,0.0,0.0,0.0,0.0,0.0,0.0,0.0,0.0,0.0,0.0,0.0,0.0,0.0,0.0,0.0,0.0,0.0,0.0,0.0,0.0,0.0,0.0,0.0
0.0,0.0,0.0,0.0,0.0,0.0,0.0,0.0,0.0,0.0,0.0,0.0,0,Jose Caicedo,libertad,mushuc-runa,libertad,1,0.0,0.0,0.0,0.0,0.0,0.0,0.0,0.0,0.0,0.0,0.0,0.0,0.0,0.0,0.0,0.0,0.0,0.0,0.0,0.0,0.0,0.0,0.0,0.0,0.0,0.0,0.0,0.0,0.0,0.0,0.0,0.0,0.0,0.0,0.0,0.0,0.0,0.0,0.0,0.0
0.0,0.0,0.0,0.0,0.0,0.0,0.0,0.0,0.0,0.0,0.0,0.0,0,Richard Farias,libertad,mushuc-runa,libertad,1,0.0,0.0,0.0,0.0,0.0,0.0,0.0,0.0,0.0,0.0,0.0,0.0,0.0,0.0,0.0,0.0,0.0,0.0,0.0,0.0,0.0,0.0,0.0,0.0,0.0,0.0,0.0,0.0,0.0,0.0,0.0,0.0,0.0,0.0,0.0,0.0,0.0,0.0,0.0,0.0
0.0,0.0,0.0,0.0,0.0,0.0,0.0,0.0,0.0,0.0,0.0,0.0,0,Diego Ávila,libertad,mushuc-runa,libertad,1,0.0,0.0,0.0,0.0,0.0,0.0,0.0,0.0,0.0,0.0,0.0,0.0,0.0,0.0,0.0,0.0,0.0,0.0,0.0,0.0,0.0,0.0,0.0,0.0,0.0,0.0,0.0,0.0,0.0,0.0,0.0,0.0,0.0,0.0,0.0,0.0,0.0,0.0,0.0,0.0
31.0,27.0,10.0,6.0,1.0,1.0,2.0,4.0,90.0,39.0,7.6,4.0,"{'original': 7.6, 'alternative': 7.7}",Walter Chavez,tecnico,tecnico,cumbaya,1,0.0,0.0,0.0,0.0,0.0,0.0,0.0,1.0,0.0,0.0,0.0,0.0,0.0,0.0,0.0,0.0,0.0,0.0,0.0,0.0,0.0,0.0,0.0,0.0,0.0,0.0,0.0,0.0,0.0,0.0,0.0,0.0,0.0,0.0,0.0,0.0,0.0,27.0,0.0,0.0
55.0,47.0,10.0,7.0,6.0,1.0,0.0,0.0,90.0,64.0,7.4,8.0,"{'original': 7.4, 'alternative': 7.4}",Eddie Guevara,tecnico,tecnico,cumbaya,1,0.0,0.0,1.0,1.0,0.0,0.0,0.0,4.0,0.0,0.0,0.0,0.0,0.0,5.0,0.0,0.0,0.0,1.0,0.0,0.0,0.0,0.0,0.0,0.0,0.0,0.0,0.0,0.0,0.0,0.0,0.0,0.0,0.0,0.0,0.0,0.0,1.0,47.0,1.0,1.0
20.0,13.0,6.0,3.0,1.0,0.0,0.0,0.0,45.0,26.0,6.4,8.0,"{'original': 6.4, 'alternative': 6.3}",Edison Carcelen,tecnico,tecnico,cumbaya,1,0.0,0.0,1.0,3.0,0.0,0.0,1.0,1.0,0.0,0.0,0.0,1.0,1.0,1.0,0.0,0.0,0.0,0.0,0.0,0.0,0.0,0.0,0.0,0.0,0.0,0.0,0.0,0.0,0.0,0.0,0.0,0.0,0.0,0.0,0.0,0.0,1.0,25.999999999999996,2.0,0.0
36.0,31.0,7.0,3.0,3.0,1.0,0.0,0.0,63.0,44.0,6.4,8.0,"{'original': 6.4, 'alternative': 6.2}",Marlon Medranda,tecnico,tecnico,cumbaya,1,0.0,0.0,1.0,8.0,0.0,0.0,0.0,1.0,0.0,2.0,0.0,2.0,2.0,2.0,0.0,1.0,3.0,0.0,0.0,0.0,0.0,0.0,0.0,0.0,0.0,0.0,0.0,0.0,0.0,0.0,0.0,0.0,0.0,0.0,0.0,0.0,0.0,44.285714285714285,0.0,0.0
29.0,25.0,6.0,3.0,4.0,2.0,0.0,0.0,90.0,52.0,7.5,11.0,"{'original': 7.5, 'alternative': 7.5}",Elvis Patta,tecnico,tecnico,cumbaya,1,6.0,4.0,0.0,2.0,0.0,0.0,0.0,0.0,0.0,1.0,2.0,1.0,0.0,0.0,1.0,3.0,1.0,0.0,0.0,0.0,0.0,0.0,0.0,0.0,0.0,0.0,0.0,0.0,0.0,0.0,0.0,0.0,0.0,0.0,0.0,0.0,0.0,25.0,0.0,0.0
52.0,42.0,15.0,11.0,6.0,3.0,0.0,0.0,90.0,66.0,7.4,11.0,"{'original': 7.4, 'alternative': 7.5}",Edison Caicedo,tecnico,tecnico,cumbaya,1,1.0,1.0,2.0,6.0,0.0,0.0,0.0,0.0,0.0,3.0,3.0,0.0,4.0,0.0,0.0,2.0,0.0,0.0,0.0,0.0,0.0,0.0,0.0,0.0,0.0,0.0,0.0,0.0,0.0,0.0,0.0,0.0,0.0,0.0,0.0,0.0,0.0,42.0,0.0,0.0
18.0,14.0,1.0,0.0,5.0,2.0,0.0,0.0,90.0,27.0,7.1,5.0,"{'original': 7.1, 'alternative': 7}",Juan Jimenez,tecnico,tecnico,cumbaya,1,0.0,0.0,0.0,3.0,2.0,2.0,0.0,0.0,0.0,2.0,1.0,1.0,2.0,0.0,0.0,0.0,0.0,1.0,0.0,0.0,0.0,0.0,0.0,0.0,0.0,0.0,0.0,0.0,0.0,0.0,0.0,0.0,0.0,0.0,0.0,0.0,1.0,14.0,1.0,1.0
37.0,28.0,6.0,4.0,2.0,0.0,0.0,0.0,90.0,54.0,7.3,16.0,"{'original': 7.3, 'alternative': 7.2}",Carlos Arboleda,tecnico,tecnico,cumbaya,1,6.0,1.0,0.0,4.0,1.0,0.0,3.0,1.0,0.0,0.0,1.0,0.0,3.0,1.0,0.0,3.0,0.0,0.0,0.0,1.0,0.0,1.0,0.0,0.0,0.0,0.0,0.0,0.0,0.0,0.0,0.0,0.0,0.0,0.0,0.0,0.0,3.0,28.0,3.0,0.0
18.0,16.0,3.0,2.0,3.0,0.0,0.0,0.0,56.0,35.0,7.1,7.0,"{'original': 7.1, 'alternative': 7}",Milton Maciel,tecnico,tecnico,cumbaya,1,6.0,4.0,1.0,6.0,2.0,0.0,2.0,0.0,0.0,0.0,3.0,0.0,2.0,0.0,0.0,3.0,1.0,2.0,0.0,0.0,0.0,0.0,0.0,0.0,0.0,0.0,1.0,1.0,0.0,0.0,0.0,0.0,0.0,0.0,0.0,0.0,4.0,25.71428571428571,6.428571428571428,3.214285714285714
7.0,6.0,1.0,1.0,2.0,1.0,0.0,0.0,56.0,14.0,7.1,3.0,"{'original': 7.1, 'alternative': 7}",Rodrigo Ruiz Díaz,tecnico,tecnico,cumbaya,1,0.0,0.0,1.0,2.0,1.0,1.0,0.0,0.0,0.0,1.0,0.0,0.0,1.0,0.0,0.0,2.0,0.0,1.0,0.0,0.0,0.0,0.0,0.0,0.0,0.0,0.0,0.0,0.0,0.0,0.0,0.0,0.0,0.0,0.0,0.0,0.0,1.0,9.642857142857142,1.607142857142857,1.607142857142857
17.0,15.0,3.0,2.0,1.0,0.0,0.0,0.0,69.0,29.0,7.9,7.0,"{'original': 7.9, 'alternative': 7.9}",Diego Armas,tecnico,tecnico,cumbaya,1,3.0,0.0,0.0,3.0,0.0,0.0,0.0,0.0,1.0,0.0,1.0,2.0,0.0,0.0,0.0,1.0,1.0,3.0,1.0,1.0,1.0,0.0,0.0,0.0,0.0,0.0,0.0,0.0,0.0,0.0,0.0,0.0,0.0,0.0,0.0,0.0,3.0,19.565217391304348,3.9130434782608696,3.9130434782608696
23.0,17.0,6.0,3.0,4.0,1.0,0.0,0.0,45.0,31.0,6.9,7.0,"{'original': 6.9, 'alternative': 6.7}",Emmanuel Torres,tecnico,tecnico,cumbaya,1,0.0,0.0,0.0,1.0,1.0,1.0,0.0,3.0,0.0,1.0,0.0,0.0,0.0,2.0,0.0,0.0,1.0,0.0,0.0,1.0,0.0,0.0,0.0,0.0,0.0,0.0,0.0,0.0,0.0,0.0,0.0,0.0,0.0,0.0,0.0,0.0,0.0,34.0,0.0,0.0
10.0,4.0,0.0,0.0,3.0,1.0,0.0,0.0,34.0,14.0,6.6,8.0,"{'original': 6.6, 'alternative': 6.5}",Jeison Chalá,tecnico,tecnico,cumbaya,1,1.0,0.0,1.0,3.0,0.0,0.0,0.0,1.0,0.0,0.0,0.0,0.0,1.0,2.0,0.0,0.0,1.0,0.0,0.0,0.0,0.0,0.0,0.0,0.0,0.0,0.0,0.0,0.0,0.0,0.0,0.0,0.0,0.0,0.0,0.0,0.0,0.0,10.588235294117647,0.0,0.0
2.0,2.0,1.0,1.0,1.0,0.0,0.0,0.0,34.0,8.0,6.9,2.0,"{'original': 6.9, 'alternative': 6.8}",Gastón Poncet,tecnico,tecnico,cumbaya,1,0.0,0.0,1.0,2.0,0.0,0.0,1.0,0.0,0.0,0.0,1.0,0.0,1.0,0.0,0.0,0.0,0.0,1.0,0.0,0.0,0.0,0.0,0.0,0.0,0.0,0.0,1.0,0.0,0.0,0.0,0.0,0.0,0.0,0.0,0.0,0.0,2.0,5.294117647058823,5.294117647058823,2.6470588235294117
11.0,10.0,4.0,3.0,0.0,0.0,0.0,0.0,27.0,14.0,6.6,2.0,"{'original': 6.6, 'alternative': 6.5}",Carlos Pérez,tecnico,tecnico,cumbaya,1,0.0,0.0,0.0,1.0,0.0,0.0,1.0,0.0,0.0,0.0,0.0,0.0,0.0,0.0,0.0,0.0,1.0,0.0,0.0,0.0,0.0,0.0,0.0,0.0,0.0,0.0,0.0,0.0,0.0,0.0,0.0,0.0,0.0,0.0,0.0,0.0,1.0,33.33333333333333,3.333333333333333,0.0
4.0,3.0,1.0,1.0,4.0,2.0,0.0,0.0,21.0,10.0,6.9,1.0,"{'original': 6.9, 'alternative': 6.9}",Jefferson Caicedo,tecnico,tecnico,cumbaya,1,0.0,0.0,0.0,1.0,2.0,2.0,0.0,0.0,0.0,0.0,0.0,0.0,1.0,0.0,0.0,0.0,0.0,0.0,0.0,0.0,0.0,0.0,0.0,0.0,0.0,0.0,0.0,0.0,0.0,0.0,0.0,0.0,0.0,0.0,0.0,0.0,0.0,12.857142857142856,0.0,0.0
0.0,0.0,0.0,0.0,0.0,0.0,0.0,0.0,0.0,0.0,0.0,0.0,0,Darwin Cuero,tecnico,tecnico,cumbaya,1,0.0,0.0,0.0,0.0,0.0,0.0,0.0,0.0,0.0,0.0,0.0,0.0,0.0,0.0,0.0,0.0,0.0,0.0,0.0,0.0,0.0,0.0,0.0,0.0,0.0,0.0,0.0,0.0,0.0,0.0,0.0,0.0,0.0,0.0,0.0,0.0,0.0,0.0,0.0,0.0
0.0,0.0,0.0,0.0,0.0,0.0,0.0,0.0,0.0,0.0,0.0,0.0,0,Tito Valencia,tecnico,tecnico,cumbaya,1,0.0,0.0,0.0,0.0,0.0,0.0,0.0,0.0,0.0,0.0,0.0,0.0,0.0,0.0,0.0,0.0,0.0,0.0,0.0,0.0,0.0,0.0,0.0,0.0,0.0,0.0,0.0,0.0,0.0,0.0,0.0,0.0,0.0,0.0,0.0,0.0,0.0,0.0,0.0,0.0
0.0,0.0,0.0,0.0,0.0,0.0,0.0,0.0,0.0,0.0,0.0,0.0,0,Willian Cevallos,tecnico,tecnico,cumbaya,1,0.0,0.0,0.0,0.0,0.0,0.0,0.0,0.0,0.0,0.0,0.0,0.0,0.0,0.0,0.0,0.0,0.0,0.0,0.0,0.0,0.0,0.0,0.0,0.0,0.0,0.0,0.0,0.0,0.0,0.0,0.0,0.0,0.0,0.0,0.0,0.0,0.0,0.0,0.0,0.0
0.0,0.0,0.0,0.0,0.0,0.0,0.0,0.0,0.0,0.0,0.0,0.0,0,Jason Folleco,tecnico,tecnico,cumbaya,1,0.0,0.0,0.0,0.0,0.0,0.0,0.0,0.0,0.0,0.0,0.0,0.0,0.0,0.0,0.0,0.0,0.0,0.0,0.0,0.0,0.0,0.0,0.0,0.0,0.0,0.0,0.0,0.0,0.0,0.0,0.0,0.0,0.0,0.0,0.0,0.0,0.0,0.0,0.0,0.0
33.0,21.0,15.0,3.0,1.0,0.0,3.0,7.0,90.0,47.0,7.8,12.0,"{'original': 7.8, 'alternative': 7.9}",Felipe San Juan,cumbaya,tecnico,cumbaya,1,0.0,0.0,0.0,0.0,0.0,0.0,0.0,1.0,0.0,0.0,0.0,0.0,0.0,1.0,0.0,0.0,0.0,0.0,0.0,0.0,0.0,0.0,0.0,1.0,0.0,0.0,0.0,0.0,0.0,0.0,0.0,0.0,0.0,0.0,0.0,0.0,0.0,21.0,0.0,0.0
18.0,11.0,6.0,2.0,4.0,1.0,0.0,0.0,75.0,29.0,6.7,8.0,"{'original': 6.7, 'alternative': 6.6}",Luis Gustavino,cumbaya,tecnico,cumbaya,1,0.0,0.0,1.0,2.0,0.0,0.0,1.0,0.0,0.0,0.0,1.0,1.0,0.0,2.0,0.0,1.0,0.0,0.0,0.0,1.0,0.0,0.0,0.0,0.0,0.0,0.0,0.0,0.0,0.0,0.0,0.0,0.0,0.0,0.0,0.0,0.0,1.0,13.2,1.2000000000000002,0.0
40.0,29.0,10.0,2.0,2.0,2.0,0.0,0.0,90.0,49.0,6.6,11.0,"{'original': 6.6, 'alternative': 6.5}",Kevin Hurtado,cumbaya,tecnico,cumbaya,1,0.0,0.0,0.0,3.0,0.0,0.0,0.0,1.0,2.0,0.0,0.0,0.0,3.0,0.0,0.0,0.0,0.0,0.0,0.0,0.0,0.0,0.0,0.0,0.0,0.0,0.0,0.0,0.0,0.0,0.0,0.0,0.0,0.0,0.0,0.0,0.0,0.0,29.000000000000004,0.0,0.0
40.0,27.0,15.0,8.0,2.0,0.0,0.0,0.0,90.0,49.0,6.9,14.0,"{'original': 6.9, 'alternative': 6.7}",Franco Suárez,cumbaya,tecnico,cumbaya,1,0.0,0.0,1.0,1.0,0.0,0.0,0.0,4.0,0.0,1.0,1.0,0.0,0.0,1.0,0.0,1.0,0.0,0.0,0.0,0.0,0.0,0.0,0.0,0.0,0.0,0.0,0.0,0.0,0.0,0.0,0.0,0.0,0.0,0.0,0.0,0.0,0.0,27.0,0.0,0.0
25.0,20.0,5.0,3.0,4.0,3.0,0.0,0.0,90.0,40.0,6.4,11.0,"{'original': 6.4, 'alternative': 6.3}",Gorman Estacio,cumbaya,tecnico,cumbaya,1,1.0,0.0,2.0,5.0,0.0,0.0,1.0,1.0,0.0,0.0,0.0,0.0,1.0,1.0,0.0,0.0,2.0,0.0,0.0,0.0,0.0,0.0,0.0,0.0,0.0,0.0,0.0,0.0,0.0,0.0,0.0,0.0,0.0,0.0,0.0,0.0,1.0,20.0,1.0,0.0
14.0,10.0,0.0,0.0,3.0,0.0,0.0,0.0,69.0,26.0,7.3,10.0,"{'original': 7.3, 'alternative': 7.3}",Ariel Almagro,cumbaya,tecnico,cumbaya,1,1.0,0.0,0.0,2.0,2.0,1.0,1.0,1.0,1.0,0.0,2.0,0.0,1.0,0.0,0.0,1.0,0.0,0.0,0.0,0.0,0.0,0.0,0.0,0.0,0.0,0.0,0.0,0.0,0.0,0.0,0.0,0.0,1.0,0.0,0.0,0.0,1.0,13.043478260869566,1.3043478260869565,0.0
32.0,25.0,3.0,3.0,3.0,2.0,0.0,0.0,69.0,40.0,6.8,11.0,"{'original': 6.8, 'alternative': 6.7}",Juan Carlos Paredes,cumbaya,tecnico,cumbaya,1,0.0,0.0,0.0,3.0,1.0,0.0,0.0,0.0,0.0,1.0,1.0,1.0,0.0,0.0,0.0,1.0,1.0,0.0,0.0,0.0,0.0,0.0,0.0,0.0,0.0,0.0,0.0,0.0,0.0,0.0,0.0,0.0,0.0,0.0,0.0,0.0,0.0,32.608695652173914,0.0,0.0
42.0,37.0,9.0,7.0,5.0,3.0,0.0,0.0,90.0,50.0,6.8,6.0,"{'original': 6.8, 'alternative': 6.7}",Alejandro Altuna,cumbaya,tecnico,cumbaya,1,0.0,0.0,1.0,5.0,0.0,0.0,0.0,2.0,0.0,0.0,1.0,2.0,1.0,1.0,0.0,1.0,1.0,0.0,0.0,0.0,0.0,0.0,0.0,0.0,0.0,0.0,0.0,0.0,0.0,0.0,0.0,0.0,0.0,0.0,0.0,0.0,0.0,37.0,0.0,0.0
18.0,16.0,1.0,1.0,2.0,0.0,0.0,0.0,45.0,26.0,6.8,7.0,"{'original': 6.8, 'alternative': 6.6}",Maikel Valencia,cumbaya,tecnico,cumbaya,1,2.0,0.0,0.0,2.0,1.0,1.0,0.0,0.0,0.0,0.0,1.0,0.0,0.0,0.0,0.0,2.0,2.0,0.0,0.0,0.0,0.0,0.0,0.0,0.0,0.0,0.0,0.0,0.0,0.0,0.0,0.0,0.0,0.0,0.0,0.0,0.0,0.0,32.0,0.0,0.0
19.0,14.0,0.0,0.0,12.0,4.0,0.0,0.0,75.0,37.0,8.0,7.0,"{'original': 8, 'alternative': 8}",Melvin Diaz,cumbaya,tecnico,cumbaya,1,2.0,1.0,3.0,4.0,5.0,4.0,0.0,0.0,1.0,0.0,3.0,0.0,0.0,1.0,0.0,2.0,0.0,3.0,0.0,0.0,0.0,0.0,0.0,0.0,0.0,0.0,0.0,0.0,0.0,0.0,0.0,0.0,0.0,0.0,0.0,0.0,3.0,16.8,3.6,3.6
1.0,0.0,0.0,0.0,1.0,1.0,0.0,0.0,33.0,4.0,5.4,1.0,"{'original': 5.4, 'alternative': 5.4}",Augusto Magoia,cumbaya,tecnico,cumbaya,1,0.0,0.0,1.0,3.0,0.0,0.0,0.0,1.0,0.0,0.0,0.0,0.0,2.0,0.0,0.0,0.0,0.0,1.0,0.0,0.0,0.0,0.0,0.0,0.0,0.0,0.0,0.0,0.0,0.0,0.0,0.0,0.0,0.0,0.0,0.0,0.0,1.0,0.0,2.7272727272727275,2.7272727272727275
6.0,4.0,0.0,0.0,2.0,0.0,0.0,0.0,45.0,12.0,6.5,6.0,"{'original': 6.5, 'alternative': 6.3}",Elian Carabali,cumbaya,tecnico,cumbaya,1,0.0,0.0,4.0,9.0,0.0,0.0,2.0,0.0,0.0,0.0,0.0,0.0,4.0,2.0,0.0,0.0,1.0,0.0,0.0,0.0,0.0,0.0,0.0,0.0,0.0,0.0,0.0,0.0,0.0,0.0,0.0,0.0,0.0,0.0,0.0,0.0,2.0,8.0,4.0,0.0
12.0,11.0,0.0,0.0,2.0,0.0,0.0,0.0,21.0,16.0,6.6,1.0,"{'original': 6.6, 'alternative': 6.6}",Thiago Serpa,cumbaya,tecnico,cumbaya,1,0.0,0.0,0.0,3.0,0.0,0.0,0.0,1.0,0.0,0.0,2.0,1.0,2.0,0.0,0.0,0.0,0.0,0.0,0.0,0.0,0.0,0.0,0.0,0.0,0.0,0.0,0.0,0.0,0.0,0.0,0.0,0.0,0.0,0.0,0.0,0.0,0.0,47.142857142857146,0.0,0.0
7.0,5.0,1.0,1.0,2.0,1.0,0.0,0.0,21.0,15.0,6.6,5.0,"{'original': 6.6, 'alternative': 6.6}",Kevin Rivera,cumbaya,tecnico,cumbaya,1,1.0,0.0,0.0,2.0,2.0,1.0,0.0,0.0,0.0,1.0,0.0,0.0,0.0,0.0,0.0,0.0,1.0,0.0,0.0,0.0,0.0,0.0,0.0,0.0,0.0,0.0,0.0,0.0,0.0,0.0,0.0,0.0,0.0,0.0,0.0,0.0,0.0,21.428571428571427,0.0,0.0
11.0,8.0,1.0,0.0,0.0,0.0,0.0,0.0,15.0,11.0,6.5,3.0,"{'original': 6.5, 'alternative': 6.5}",Rommel Tapia,cumbaya,tecnico,cumbaya,1,0.0,0.0,0.0,0.0,0.0,0.0,0.0,0.0,0.0,0.0,0.0,0.0,0.0,0.0,0.0,0.0,0.0,0.0,0.0,0.0,0.0,0.0,0.0,0.0,0.0,0.0,0.0,0.0,0.0,0.0,0.0,0.0,0.0,0.0,0.0,0.0,0.0,48.0,0.0,0.0
6.0,3.0,1.0,0.0,1.0,1.0,0.0,0.0,15.0,9.0,6.4,3.0,"{'original': 6.4, 'alternative': 6.3}",David Ortiz,cumbaya,tecnico,cumbaya,1,0.0,0.0,0.0,2.0,0.0,0.0,0.0,0.0,0.0,0.0,0.0,1.0,1.0,0.0,0.0,0.0,0.0,0.0,0.0,0.0,0.0,0.0,0.0,0.0,0.0,0.0,0.0,0.0,0.0,0.0,0.0,0.0,0.0,0.0,0.0,0.0,0.0,18.0,0.0,0.0
0.0,0.0,0.0,0.0,0.0,0.0,0.0,0.0,0.0,0.0,0.0,0.0,0,Alexi Lemos,cumbaya,tecnico,cumbaya,1,0.0,0.0,0.0,0.0,0.0,0.0,0.0,0.0,0.0,0.0,0.0,0.0,0.0,0.0,0.0,0.0,0.0,0.0,0.0,0.0,0.0,0.0,0.0,0.0,0.0,0.0,0.0,0.0,0.0,0.0,0.0,0.0,0.0,0.0,0.0,0.0,0.0,0.0,0.0,0.0
0.0,0.0,0.0,0.0,0.0,0.0,0.0,0.0,0.0,0.0,0.0,0.0,0,José Angulo,cumbaya,tecnico,cumbaya,1,0.0,0.0,0.0,0.0,0.0,0.0,0.0,0.0,0.0,0.0,0.0,0.0,0.0,0.0,0.0,0.0,0.0,0.0,0.0,0.0,0.0,0.0,0.0,0.0,0.0,0.0,0.0,0.0,0.0,0.0,0.0,0.0,0.0,0.0,0.0,0.0,0.0,0.0,0.0,0.0
0.0,0.0,0.0,0.0,0.0,0.0,0.0,0.0,0.0,0.0,0.0,0.0,0,Jaime Ortiz,cumbaya,tecnico,cumbaya,1,0.0,0.0,0.0,0.0,0.0,0.0,0.0,0.0,0.0,0.0,0.0,0.0,0.0,0.0,0.0,0.0,0.0,0.0,0.0,0.0,0.0,0.0,0.0,0.0,0.0,0.0,0.0,0.0,0.0,0.0,0.0,0.0,0.0,0.0,0.0,0.0,0.0,0.0,0.0,0.0
0.0,0.0,0.0,0.0,0.0,0.0,0.0,0.0,0.0,0.0,0.0,0.0,0,Fernando Delgado,cumbaya,tecnico,cumbaya,1,0.0,0.0,0.0,0.0,0.0,0.0,0.0,0.0,0.0,0.0,0.0,0.0,0.0,0.0,0.0,0.0,0.0,0.0,0.0,0.0,0.0,0.0,0.0,0.0,0.0,0.0,0.0,0.0,0.0,0.0,0.0,0.0,0.0,0.0,0.0,0.0,0.0,0.0,0.0,0.0
18.0,17.0,7.0,6.0,0.0,0.0,0.0,1.0,90.0,24.0,6.6,1.0,"{'original': 6.6, 'alternative': 6.4}",Federico Lanzillota,aucas,aucas,tecnico,2,0.0,0.0,0.0,0.0,0.0,0.0,0.0,0.0,0.0,0.0,0.0,0.0,0.0,0.0,0.0,0.0,0.0,0.0,0.0,0.0,0.0,0.0,0.0,0.0,0.0,0.0,0.0,0.0,0.0,0.0,0.0,0.0,0.0,0.0,0.0,0.0,0.0,17.0,0.0,0.0
45.0,34.0,4.0,1.0,3.0,0.0,0.0,0.0,83.0,63.0,6.8,13.0,"{'original': 6.8, 'alternative': 6.8}",Juan Gonzalez,aucas,aucas,tecnico,2,3.0,1.0,0.0,2.0,0.0,0.0,1.0,0.0,0.0,2.0,2.0,1.0,1.0,1.0,0.0,1.0,0.0,0.0,0.0,1.0,0.0,0.0,0.0,0.0,0.0,0.0,0.0,0.0,0.0,0.0,0.0,0.0,0.0,0.0,0.0,0.0,1.0,36.86746987951807,1.0843373493975905,0.0
66.0,61.0,10.0,7.0,4.0,2.0,0.0,0.0,81.0,76.0,7.1,6.0,"{'original': 7.1, 'alternative': 7.1}",Jhon Ontaneda,aucas,aucas,tecnico,2,0.0,0.0,2.0,2.0,0.0,0.0,0.0,3.0,0.0,1.0,1.0,0.0,0.0,1.0,0.0,1.0,0.0,0.0,0.0,0.0,0.0,0.0,0.0,0.0,0.0,0.0,0.0,0.0,0.0,0.0,0.0,0.0,0.0,0.0,0.0,0.0,0.0,67.77777777777779,0.0,0.0
54.0,47.0,8.0,4.0,5.0,1.0,0.0,0.0,90.0,57.0,6.6,7.0,"{'original': 6.6, 'alternative': 6.5}",Carlos Rolón,aucas,aucas,tecnico,2,0.0,0.0,0.0,2.0,0.0,0.0,0.0,1.0,0.0,0.0,0.0,1.0,1.0,4.0,0.0,0.0,0.0,0.0,0.0,0.0,0.0,0.0,0.0,0.0,0.0,0.0,0.0,0.0,0.0,0.0,0.0,0.0,0.0,0.0,0.0,0.0,0.0,47.0,0.0,0.0
46.0,38.0,4.0,1.0,2.0,1.0,0.0,0.0,90.0,67.0,6.8,17.0,"{'original': 6.8, 'alternative': 6.8}",Jonnathan Mina,aucas,aucas,tecnico,2,7.0,0.0,0.0,1.0,1.0,0.0,0.0,2.0,0.0,0.0,1.0,0.0,0.0,0.0,0.0,1.0,0.0,0.0,0.0,0.0,0.0,0.0,0.0,0.0,0.0,0.0,0.0,0.0,0.0,0.0,0.0,0.0,0.0,0.0,0.0,0.0,0.0,38.0,0.0,0.0
26.0,22.0,2.0,1.0,2.0,2.0,0.0,0.0,45.0,32.0,6.6,6.0,"{'original': 6.6, 'alternative': 6.5}",Angelo Mina,aucas,aucas,tecnico,2,0.0,0.0,1.0,4.0,1.0,0.0,1.0,0.0,0.0,1.0,0.0,1.0,1.0,0.0,0.0,0.0,0.0,0.0,0.0,0.0,0.0,1.0,0.0,0.0,0.0,0.0,0.0,0.0,0.0,0.0,0.0,0.0,0.0,0.0,0.0,0.0,1.0,44.0,2.0,0.0
50.0,46.0,3.0,2.0,2.0,1.0,0.0,0.0,90.0,53.0,6.6,5.0,"{'original': 6.6, 'alternative': 6.5}",Edison Vega,aucas,aucas,tecnico,2,1.0,1.0,0.0,3.0,0.0,0.0,0.0,0.0,0.0,0.0,0.0,1.0,2.0,1.0,0.0,0.0,0.0,0.0,0.0,0.0,0.0,0.0,0.0,0.0,0.0,0.0,0.0,0.0,0.0,0.0,0.0,0.0,0.0,0.0,0.0,0.0,0.0,46.0,0.0,0.0
25.0,16.0,0.0,0.0,0.0,0.0,0.0,0.0,70.0,36.0,6.6,16.0,"{'original': 6.6, 'alternative': 6.4}",Luis Cano,aucas,aucas,tecnico,2,5.0,1.0,0.0,4.0,1.0,0.0,0.0,0.0,0.0,0.0,0.0,1.0,1.0,0.0,0.0,2.0,1.0,0.0,0.0,0.0,0.0,0.0,0.0,0.0,0.0,0.0,0.0,0.0,0.0,0.0,0.0,0.0,0.0,0.0,0.0,0.0,0.0,20.57142857142857,0.0,0.0
46.0,41.0,4.0,3.0,1.0,1.0,0.0,0.0,90.0,55.0,7.2,7.0,"{'original': 7.2, 'alternative': 6.9}",Renny Jaramillo,aucas,aucas,tecnico,2,0.0,0.0,1.0,6.0,1.0,0.0,1.0,0.0,0.0,1.0,0.0,2.0,2.0,0.0,1.0,1.0,0.0,2.0,0.0,1.0,0.0,0.0,0.0,0.0,0.0,0.0,0.0,0.0,0.0,0.0,0.0,0.0,0.0,0.0,0.0,0.0,3.0,41.0,3.0,2.0
19.0,13.0,4.0,3.0,5.0,2.0,0.0,0.0,90.0,38.0,7.8,14.0,"{'original': 7.8, 'alternative': 7.6}",Ronald Briones,aucas,aucas,tecnico,2,5.0,2.0,0.0,5.0,4.0,1.0,1.0,0.0,0.0,0.0,1.0,1.0,2.0,1.0,0.0,2.0,0.0,1.0,1.0,1.0,1.0,0.0,0.0,0.0,0.0,0.0,0.0,0.0,0.0,0.0,0.0,0.0,0.0,0.0,0.0,0.0,2.0,12.999999999999998,2.0,1.0
18.0,16.0,1.0,1.0,2.0,1.0,0.0,0.0,71.0,28.0,8.0,5.0,"{'original': 8, 'alternative': 7.8}",Jeison Medina,aucas,aucas,tecnico,2,0.0,0.0,1.0,3.0,1.0,0.0,2.0,0.0,0.0,0.0,0.0,0.0,0.0,1.0,0.0,1.0,1.0,3.0,2.0,0.0,0.0,1.0,0.0,0.0,0.0,0.0,0.0,2.0,0.0,0.0,0.0,0.0,0.0,0.0,0.0,0.0,5.0,20.281690140845072,6.338028169014085,3.8028169014084505
31.0,28.0,1.0,1.0,2.0,0.0,0.0,0.0,45.0,36.0,7.1,4.0,"{'original': 7.1, 'alternative': 6.9}",Cristian Tobar,aucas,aucas,tecnico,2,0.0,0.0,0.0,0.0,0.0,0.0,1.0,0.0,0.0,0.0,2.0,0.0,0.0,0.0,0.0,1.0,0.0,0.0,0.0,0.0,0.0,0.0,0.0,0.0,0.0,0.0,0.0,0.0,0.0,0.0,0.0,0.0,0.0,0.0,0.0,0.0,1.0,56.0,2.0,0.0
7.0,7.0,0.0,0.0,1.0,0.0,0.0,0.0,20.0,10.0,6.9,1.0,"{'original': 6.9, 'alternative': 6.9}",Adolfo Muñoz,aucas,aucas,tecnico,2,1.0,0.0,0.0,0.0,0.0,0.0,0.0,0.0,1.0,0.0,1.0,0.0,0.0,0.0,0.0,1.0,0.0,0.0,0.0,0.0,0.0,0.0,0.0,0.0,0.0,0.0,0.0,0.0,0.0,0.0,0.0,0.0,0.0,0.0,0.0,0.0,0.0,31.499999999999996,0.0,0.0
9.0,9.0,0.0,0.0,1.0,1.0,0.0,0.0,19.0,12.0,6.5,2.0,"{'original': 6.5, 'alternative': 6.5}",Jean Carlos Blanco,aucas,aucas,tecnico,2,0.0,0.0,1.0,3.0,0.0,0.0,0.0,0.0,0.0,0.0,0.0,0.0,2.0,0.0,0.0,0.0,0.0,0.0,0.0,0.0,0.0,0.0,0.0,0.0,0.0,0.0,0.0,0.0,0.0,0.0,0.0,0.0,0.0,0.0,0.0,0.0,0.0,42.63157894736842,0.0,0.0
5.0,3.0,1.0,0.0,1.0,0.0,0.0,0.0,9.0,6.0,6.6,2.0,"{'original': 6.6, 'alternative': 6.5}",Luis Cangá,aucas,aucas,tecnico,2,0.0,0.0,0.0,0.0,0.0,0.0,0.0,1.0,0.0,0.0,0.0,0.0,0.0,1.0,0.0,0.0,0.0,0.0,0.0,0.0,0.0,0.0,0.0,0.0,0.0,0.0,0.0,0.0,0.0,0.0,0.0,0.0,0.0,0.0,0.0,0.0,0.0,30.0,0.0,0.0
2.0,2.0,0.0,0.0,1.0,1.0,0.0,0.0,14.0,5.0,6.5,2.0,"{'original': 6.5, 'alternative': 6.4}",Hancel Batalla,aucas,aucas,tecnico,2,0.0,0.0,1.0,3.0,0.0,0.0,0.0,0.0,0.0,0.0,0.0,0.0,2.0,0.0,0.0,0.0,0.0,0.0,0.0,0.0,0.0,0.0,0.0,0.0,0.0,0.0,0.0,0.0,0.0,0.0,0.0,0.0,0.0,0.0,0.0,0.0,0.0,12.857142857142856,0.0,0.0
0.0,0.0,0.0,0.0,0.0,0.0,0.0,0.0,0.0,0.0,0.0,0.0,0,Diego Espinosa,aucas,aucas,tecnico,2,0.0,0.0,0.0,0.0,0.0,0.0,0.0,0.0,0.0,0.0,0.0,0.0,0.0,0.0,0.0,0.0,0.0,0.0,0.0,0.0,0.0,0.0,0.0,0.0,0.0,0.0,0.0,0.0,0.0,0.0,0.0,0.0,0.0,0.0,0.0,0.0,0.0,0.0,0.0,0.0
0.0,0.0,0.0,0.0,0.0,0.0,0.0,0.0,0.0,0.0,0.0,0.0,0,Edson Resendez,aucas,aucas,tecnico,2,0.0,0.0,0.0,0.0,0.0,0.0,0.0,0.0,0.0,0.0,0.0,0.0,0.0,0.0,0.0,0.0,0.0,0.0,0.0,0.0,0.0,0.0,0.0,0.0,0.0,0.0,0.0,0.0,0.0,0.0,0.0,0.0,0.0,0.0,0.0,0.0,0.0,0.0,0.0,0.0
0.0,0.0,0.0,0.0,0.0,0.0,0.0,0.0,0.0,0.0,0.0,0.0,0,Byron Carabalí,aucas,aucas,tecnico,2,0.0,0.0,0.0,0.0,0.0,0.0,0.0,0.0,0.0,0.0,0.0,0.0,0.0,0.0,0.0,0.0,0.0,0.0,0.0,0.0,0.0,0.0,0.0,0.0,0.0,0.0,0.0,0.0,0.0,0.0,0.0,0.0,0.0,0.0,0.0,0.0,0.0,0.0,0.0,0.0
0.0,0.0,0.0,0.0,0.0,0.0,0.0,0.0,0.0,0.0,0.0,0.0,0,Ariel Garcia,aucas,aucas,tecnico,2,0.0,0.0,0.0,0.0,0.0,0.0,0.0,0.0,0.0,0.0,0.0,0.0,0.0,0.0,0.0,0.0,0.0,0.0,0.0,0.0,0.0,0.0,0.0,0.0,0.0,0.0,0.0,0.0,0.0,0.0,0.0,0.0,0.0,0.0,0.0,0.0,0.0,0.0,0.0,0.0
0.0,0.0,0.0,0.0,0.0,0.0,0.0,0.0,0.0,0.0,0.0,0.0,0,Michael Carcelén,aucas,aucas,tecnico,2,0.0,0.0,0.0,0.0,0.0,0.0,0.0,0.0,0.0,0.0,0.0,0.0,0.0,0.0,0.0,0.0,0.0,0.0,0.0,0.0,0.0,0.0,0.0,0.0,0.0,0.0,0.0,0.0,0.0,0.0,0.0,0.0,0.0,0.0,0.0,0.0,0.0,0.0,0.0,0.0
0.0,0.0,0.0,0.0,0.0,0.0,0.0,0.0,0.0,0.0,0.0,0.0,0,Mario Sanabria,aucas,aucas,tecnico,2,0.0,0.0,0.0,0.0,0.0,0.0,0.0,0.0,0.0,0.0,0.0,0.0,0.0,0.0,0.0,0.0,0.0,0.0,0.0,0.0,0.0,0.0,0.0,0.0,0.0,0.0,0.0,0.0,0.0,0.0,0.0,0.0,0.0,0.0,0.0,0.0,0.0,0.0,0.0,0.0
0.0,0.0,0.0,0.0,0.0,0.0,0.0,0.0,0.0,0.0,0.0,0.0,0,Jordán Mohor,aucas,aucas,tecnico,2,0.0,0.0,0.0,0.0,0.0,0.0,0.0,0.0,0.0,0.0,0.0,0.0,0.0,0.0,0.0,0.0,0.0,0.0,0.0,0.0,0.0,0.0,0.0,0.0,0.0,0.0,0.0,0.0,0.0,0.0,0.0,0.0,0.0,0.0,0.0,0.0,0.0,0.0,0.0,0.0
19.0,13.0,10.0,4.0,0.0,0.0,2.0,3.0,90.0,26.0,6.4,6.0,"{'original': 6.4, 'alternative': 6.2}",Walter Chavez,tecnico,aucas,tecnico,2,0.0,0.0,0.0,0.0,0.0,0.0,0.0,1.0,0.0,0.0,0.0,0.0,0.0,0.0,0.0,1.0,0.0,0.0,0.0,0.0,0.0,0.0,1.0,0.0,0.0,0.0,0.0,0.0,0.0,0.0,0.0,0.0,0.0,0.0,0.0,0.0,0.0,12.999999999999998,0.0,0.0
14.0,11.0,4.0,3.0,2.0,2.0,0.0,0.0,89.0,22.0,6.7,3.0,"{'original': 6.7, 'alternative': 6.7}",Eddie Guevara,tecnico,aucas,tecnico,2,0.0,0.0,1.0,1.0,0.0,0.0,0.0,4.0,2.0,0.0,0.0,0.0,0.0,0.0,0.0,0.0,0.0,0.0,0.0,0.0,0.0,0.0,0.0,0.0,0.0,0.0,0.0,0.0,0.0,0.0,0.0,0.0,0.0,0.0,0.0,0.0,0.0,11.123595505617978,0.0,0.0
32.0,24.0,9.0,4.0,0.0,0.0,0.0,0.0,90.0,38.0,6.2,8.0,"{'original': 6.2, 'alternative': 6.2}",Carlos Pérez,tecnico,aucas,tecnico,2,0.0,0.0,0.0,2.0,0.0,0.0,0.0,4.0,1.0,0.0,0.0,0.0,2.0,0.0,0.0,0.0,0.0,0.0,0.0,0.0,0.0,0.0,0.0,0.0,0.0,0.0,0.0,0.0,0.0,0.0,0.0,0.0,0.0,0.0,0.0,0.0,0.0,24.0,0.0,0.0
26.0,17.0,9.0,4.0,4.0,0.0,0.0,0.0,90.0,40.0,6.6,11.0,"{'original': 6.6, 'alternative': 6.5}",Marlon Medranda,tecnico,aucas,tecnico,2,0.0,0.0,1.0,1.0,0.0,0.0,0.0,7.0,0.0,1.0,2.0,0.0,0.0,2.0,0.0,0.0,0.0,0.0,0.0,0.0,0.0,0.0,0.0,0.0,0.0,0.0,0.0,0.0,0.0,0.0,0.0,0.0,0.0,0.0,0.0,0.0,0.0,17.0,0.0,0.0
23.0,14.0,5.0,1.0,2.0,1.0,0.0,0.0,90.0,36.0,7.2,14.0,"{'original': 7.2, 'alternative': 7.2}",Elvis Patta,tecnico,aucas,tecnico,2,1.0,0.0,0.0,0.0,0.0,0.0,1.0,2.0,0.0,0.0,1.0,0.0,0.0,0.0,0.0,1.0,0.0,1.0,1.0,0.0,0.0,0.0,0.0,0.0,0.0,0.0,0.0,0.0,0.0,0.0,0.0,0.0,0.0,0.0,0.0,0.0,2.0,14.0,2.0,1.0
31.0,24.0,6.0,2.0,5.0,4.0,0.0,0.0,90.0,40.0,6.5,8.0,"{'original': 6.5, 'alternative': 6.4}",Edison Caicedo,tecnico,aucas,tecnico,2,0.0,0.0,1.0,4.0,1.0,1.0,0.0,2.0,0.0,0.0,0.0,1.0,2.0,0.0,0.0,1.0,0.0,0.0,0.0,0.0,0.0,0.0,0.0,0.0,0.0,0.0,0.0,0.0,0.0,0.0,0.0,0.0,0.0,0.0,0.0,0.0,0.0,24.0,0.0,0.0
19.0,14.0,3.0,1.0,4.0,3.0,0.0,0.0,62.0,27.0,6.5,5.0,"{'original': 6.5, 'alternative': 6.6}",Jose Cazares,tecnico,aucas,tecnico,2,0.0,0.0,0.0,2.0,0.0,0.0,0.0,2.0,0.0,1.0,1.0,0.0,2.0,0.0,0.0,0.0,0.0,0.0,0.0,0.0,0.0,0.0,0.0,0.0,0.0,0.0,0.0,0.0,0.0,0.0,0.0,0.0,0.0,0.0,0.0,0.0,0.0,20.32258064516129,0.0,0.0
11.0,5.0,3.0,1.0,4.0,1.0,0.0,0.0,62.0,26.0,7.0,10.0,"{'original': 7, 'alternative': 7}",Bryan Nazareno,tecnico,aucas,tecnico,2,2.0,1.0,0.0,0.0,1.0,1.0,0.0,0.0,0.0,0.0,2.0,0.0,0.0,0.0,1.0,1.0,0.0,0.0,0.0,0.0,0.0,0.0,0.0,0.0,0.0,0.0,0.0,0.0,0.0,0.0,0.0,0.0,0.0,0.0,0.0,0.0,0.0,7.258064516129032,0.0,0.0
17.0,11.0,3.0,1.0,7.0,1.0,0.0,0.0,90.0,32.0,6.8,9.0,"{'original': 6.8, 'alternative': 6.7}",Emmanuel Torres,tecnico,aucas,tecnico,2,0.0,0.0,3.0,6.0,1.0,0.0,1.0,4.0,0.0,1.0,2.0,0.0,3.0,4.0,0.0,0.0,0.0,0.0,0.0,0.0,0.0,0.0,0.0,0.0,0.0,0.0,0.0,0.0,0.0,0.0,0.0,0.0,0.0,0.0,0.0,0.0,1.0,11.0,1.0,0.0
18.0,16.0,1.0,1.0,1.0,0.0,0.0,0.0,84.0,25.0,6.3,5.0,"{'original': 6.3, 'alternative': 6.3}",Diego Armas,tecnico,aucas,tecnico,2,2.0,2.0,0.0,3.0,2.0,1.0,1.0,0.0,0.0,0.0,0.0,0.0,1.0,0.0,0.0,2.0,1.0,0.0,0.0,0.0,0.0,0.0,0.0,0.0,0.0,0.0,0.0,0.0,0.0,0.0,0.0,0.0,0.0,1.0,0.0,0.0,1.0,17.142857142857142,1.0714285714285714,0.0
9.0,7.0,1.0,0.0,1.0,0.0,0.0,0.0,62.0,12.0,6.3,4.0,"{'original': 6.3, 'alternative': 6.3}",Rodrigo Ruiz Díaz,tecnico,aucas,tecnico,2,1.0,0.0,4.0,8.0,0.0,0.0,1.0,0.0,0.0,0.0,0.0,0.0,3.0,1.0,0.0,0.0,1.0,0.0,0.0,0.0,0.0,0.0,0.0,0.0,0.0,0.0,0.0,0.0,0.0,0.0,0.0,0.0,0.0,0.0,0.0,0.0,1.0,10.161290322580644,1.4516129032258065,0.0
4.0,2.0,0.0,0.0,6.0,1.0,0.0,0.0,28.0,16.0,6.3,6.0,"{'original': 6.3, 'alternative': 6.2}",Milton Maciel,tecnico,aucas,tecnico,2,0.0,0.0,0.0,3.0,5.0,4.0,1.0,0.0,0.0,0.0,1.0,0.0,0.0,0.0,0.0,0.0,2.0,1.0,0.0,0.0,0.0,0.0,0.0,0.0,0.0,0.0,0.0,0.0,0.0,0.0,0.0,0.0,0.0,1.0,0.0,0.0,2.0,6.428571428571428,6.428571428571428,3.214285714285714
2.0,2.0,0.0,0.0,0.0,0.0,0.0,0.0,28.0,2.0,6.5,0.0,"{'original': 6.5, 'alternative': 6.5}",Gastón Poncet,tecnico,aucas,tecnico,2,0.0,0.0,0.0,1.0,0.0,0.0,0.0,0.0,0.0,0.0,0.0,0.0,1.0,0.0,0.0,0.0,0.0,0.0,0.0,0.0,0.0,0.0,0.0,0.0,0.0,0.0,0.0,0.0,0.0,0.0,0.0,0.0,0.0,0.0,0.0,0.0,0.0,6.428571428571428,0.0,0.0
8.0,6.0,2.0,0.0,2.0,0.0,0.0,0.0,28.0,14.0,6.6,4.0,"{'original': 6.6, 'alternative': 6.6}",Jefferson Caicedo,tecnico,aucas,tecnico,2,1.0,0.0,0.0,1.0,1.0,1.0,0.0,0.0,0.0,0.0,1.0,0.0,0.0,0.0,0.0,0.0,1.0,0.0,0.0,1.0,0.0,0.0,0.0,0.0,0.0,0.0,0.0,0.0,0.0,0.0,0.0,0.0,0.0,0.0,0.0,0.0,0.0,19.285714285714285,0.0,0.0
1.0,1.0,0.0,0.0,0.0,0.0,0.0,0.0,13.0,1.0,6.5,0.0,"{'original': 6.5, 'alternative': 6.5}",Jeison Chalá,tecnico,aucas,tecnico,2,0.0,0.0,0.0,0.0,0.0,0.0,0.0,0.0,0.0,0.0,0.0,0.0,0.0,0.0,0.0,0.0,0.0,0.0,0.0,0.0,0.0,0.0,0.0,0.0,0.0,0.0,0.0,0.0,0.0,0.0,0.0,0.0,0.0,0.0,0.0,0.0,0.0,6.923076923076923,0.0,0.0
0.0,0.0,0.0,0.0,0.0,0.0,0.0,0.0,8.0,0.0,6.2,0.0,"{'original': 6.2, 'alternative': 6.4}",Jason Folleco,tecnico,aucas,tecnico,2,0.0,0.0,0.0,0.0,0.0,0.0,0.0,0.0,0.0,0.0,0.0,0.0,0.0,0.0,0.0,0.0,0.0,0.0,0.0,0.0,0.0,0.0,0.0,0.0,0.0,0.0,0.0,0.0,0.0,0.0,0.0,0.0,0.0,0.0,0.0,0.0,0.0,0.0,0.0,0.0
0.0,0.0,0.0,0.0,0.0,0.0,0.0,0.0,0.0,0.0,0.0,0.0,0,John Mero,tecnico,aucas,tecnico,2,0.0,0.0,0.0,0.0,0.0,0.0,0.0,0.0,0.0,0.0,0.0,0.0,0.0,0.0,0.0,0.0,0.0,0.0,0.0,0.0,0.0,0.0,0.0,0.0,0.0,0.0,0.0,0.0,0.0,0.0,0.0,0.0,0.0,0.0,0.0,0.0,0.0,0.0,0.0,0.0
0.0,0.0,0.0,0.0,0.0,0.0,0.0,0.0,0.0,0.0,0.0,0.0,0,Tito Valencia,tecnico,aucas,tecnico,2,0.0,0.0,0.0,0.0,0.0,0.0,0.0,0.0,0.0,0.0,0.0,0.0,0.0,0.0,0.0,0.0,0.0,0.0,0.0,0.0,0.0,0.0,0.0,0.0,0.0,0.0,0.0,0.0,0.0,0.0,0.0,0.0,0.0,0.0,0.0,0.0,0.0,0.0,0.0,0.0
0.0,0.0,0.0,0.0,0.0,0.0,0.0,0.0,0.0,0.0,0.0,0.0,0,Davis Camacho,tecnico,aucas,tecnico,2,0.0,0.0,0.0,0.0,0.0,0.0,0.0,0.0,0.0,0.0,0.0,0.0,0.0,0.0,0.0,0.0,0.0,0.0,0.0,0.0,0.0,0.0,0.0,0.0,0.0,0.0,0.0,0.0,0.0,0.0,0.0,0.0,0.0,0.0,0.0,0.0,0.0,0.0,0.0,0.0
0.0,0.0,0.0,0.0,0.0,0.0,0.0,0.0,0.0,0.0,0.0,0.0,0,Juan Jimenez,tecnico,aucas,tecnico,2,0.0,0.0,0.0,0.0,0.0,0.0,0.0,0.0,0.0,0.0,0.0,0.0,0.0,0.0,0.0,0.0,0.0,0.0,0.0,0.0,0.0,0.0,0.0,0.0,0.0,0.0,0.0,0.0,0.0,0.0,0.0,0.0,0.0,0.0,0.0,0.0,0.0,0.0,0.0,0.0
17.0,15.0,7.0,5.0,1.0,0.0,2.0,3.0,90.0,32.0,6.8,2.0,"{'original': 6.8, 'alternative': 6.3}",Felipe San Juan,cumbaya,cumbaya,liga,2,0.0,0.0,0.0,0.0,0.0,0.0,0.0,1.0,0.0,0.0,0.0,0.0,0.0,0.0,0.0,0.0,0.0,0.0,0.0,0.0,0.0,0.0,1.0,0.0,0.0,0.0,0.0,0.0,0.0,0.0,0.0,0.0,0.0,0.0,0.0,0.0,0.0,15.0,0.0,0.0
26.0,24.0,1.0,0.0,2.0,1.0,0.0,0.0,90.0,42.0,6.5,5.0,"{'original': 6.5, 'alternative': 6.5}",Luis Gustavino,cumbaya,cumbaya,liga,2,1.0,0.0,3.0,4.0,0.0,0.0,3.0,2.0,1.0,0.0,1.0,0.0,1.0,0.0,0.0,1.0,0.0,0.0,0.0,0.0,0.0,0.0,0.0,0.0,0.0,0.0,0.0,0.0,0.0,0.0,0.0,0.0,0.0,0.0,0.0,0.0,3.0,24.0,3.0,0.0
26.0,20.0,4.0,1.0,2.0,0.0,0.0,0.0,90.0,34.0,5.8,6.0,"{'original': 5.8, 'alternative': 5.7}",Kevin Hurtado,cumbaya,cumbaya,liga,2,0.0,0.0,0.0,3.0,0.0,0.0,0.0,4.0,0.0,1.0,1.0,1.0,2.0,1.0,0.0,0.0,0.0,0.0,0.0,0.0,0.0,0.0,0.0,0.0,0.0,0.0,0.0,0.0,1.0,0.0,0.0,0.0,0.0,0.0,0.0,0.0,0.0,20.0,0.0,0.0
26.0,20.0,5.0,1.0,3.0,0.0,0.0,0.0,90.0,35.0,6.1,7.0,"{'original': 6.1, 'alternative': 6}",Franco Suárez,cumbaya,cumbaya,liga,2,0.0,0.0,1.0,4.0,0.0,0.0,0.0,5.0,0.0,0.0,2.0,1.0,1.0,1.0,0.0,0.0,1.0,0.0,0.0,0.0,0.0,0.0,0.0,0.0,0.0,0.0,0.0,0.0,0.0,0.0,0.0,0.0,0.0,0.0,0.0,0.0,0.0,20.0,0.0,0.0
55.0,47.0,5.0,2.0,2.0,0.0,0.0,0.0,90.0,67.0,6.3,11.0,"{'original': 6.3, 'alternative': 6.1}",Gorman Estacio,cumbaya,cumbaya,liga,2,1.0,1.0,0.0,3.0,1.0,0.0,0.0,1.0,0.0,1.0,1.0,1.0,1.0,1.0,0.0,1.0,0.0,0.0,0.0,0.0,0.0,0.0,0.0,0.0,0.0,0.0,0.0,0.0,0.0,0.0,0.0,0.0,0.0,0.0,0.0,0.0,0.0,47.0,0.0,0.0
21.0,15.0,2.0,0.0,1.0,1.0,0.0,0.0,62.0,32.0,6.6,12.0,"{'original': 6.6, 'alternative': 6.4}",Ariel Almagro,cumbaya,cumbaya,liga,2,2.0,1.0,0.0,2.0,1.0,0.0,1.0,0.0,0.0,0.0,0.0,0.0,0.0,0.0,0.0,0.0,1.0,1.0,0.0,0.0,0.0,0.0,0.0,0.0,0.0,0.0,0.0,0.0,0.0,0.0,0.0,0.0,0.0,0.0,0.0,0.0,2.0,21.774193548387096,2.903225806451613,1.4516129032258065
24.0,23.0,2.0,1.0,3.0,1.0,0.0,0.0,71.0,35.0,6.7,3.0,"{'original': 6.7, 'alternative': 6.7}",Juan Carlos Paredes,cumbaya,cumbaya,liga,2,0.0,0.0,0.0,1.0,1.0,0.0,0.0,2.0,1.0,0.0,2.0,0.0,0.0,0.0,0.0,1.0,0.0,0.0,0.0,0.0,0.0,0.0,0.0,0.0,0.0,0.0,0.0,0.0,0.0,0.0,0.0,0.0,0.0,0.0,0.0,0.0,0.0,29.15492957746479,0.0,0.0
51.0,45.0,8.0,5.0,3.0,2.0,0.0,0.0,90.0,56.0,6.6,6.0,"{'original': 6.6, 'alternative': 6.6}",Alejandro Altuna,cumbaya,cumbaya,liga,2,0.0,0.0,0.0,3.0,1.0,1.0,1.0,0.0,0.0,0.0,0.0,0.0,3.0,0.0,0.0,1.0,0.0,0.0,0.0,1.0,0.0,0.0,0.0,0.0,0.0,0.0,0.0,0.0,0.0,0.0,0.0,0.0,0.0,0.0,0.0,0.0,1.0,45.0,1.0,0.0
31.0,25.0,0.0,0.0,1.0,1.0,0.0,0.0,71.0,38.0,6.8,8.0,"{'original': 6.8, 'alternative': 6.8}",Maikel Valencia,cumbaya,cumbaya,liga,2,1.0,1.0,0.0,1.0,0.0,0.0,1.0,0.0,0.0,0.0,0.0,0.0,1.0,0.0,0.0,2.0,0.0,1.0,0.0,0.0,0.0,0.0,0.0,0.0,0.0,0.0,0.0,0.0,0.0,0.0,0.0,0.0,0.0,0.0,0.0,0.0,2.0,31.69014084507042,2.535211267605634,1.267605633802817
24.0,18.0,2.0,0.0,7.0,2.0,0.0,0.0,90.0,45.0,7.5,13.0,"{'original': 7.5, 'alternative': 7.3}",Melvin Diaz,cumbaya,cumbaya,liga,2,8.0,4.0,0.0,0.0,3.0,3.0,0.0,0.0,0.0,0.0,0.0,0.0,0.0,2.0,0.0,3.0,0.0,0.0,0.0,0.0,0.0,0.0,0.0,0.0,0.0,0.0,2.0,0.0,0.0,0.0,0.0,0.0,0.0,0.0,0.0,0.0,0.0,18.0,0.0,0.0
16.0,15.0,0.0,0.0,1.0,1.0,0.0,0.0,90.0,31.0,7.0,9.0,"{'original': 7, 'alternative': 6.9}",Elian Carabali,cumbaya,cumbaya,liga,2,0.0,0.0,2.0,7.0,0.0,0.0,3.0,1.0,0.0,0.0,0.0,0.0,1.0,0.0,1.0,1.0,4.0,0.0,0.0,0.0,1.0,0.0,0.0,0.0,0.0,0.0,0.0,0.0,0.0,0.0,0.0,0.0,0.0,0.0,0.0,0.0,3.0,15.0,3.0,0.0
12.0,11.0,1.0,1.0,4.0,2.0,0.0,0.0,28.0,18.0,6.8,2.0,"{'original': 6.8, 'alternative': 6.7}",Kevin Rivera,cumbaya,cumbaya,liga,2,0.0,0.0,0.0,1.0,2.0,2.0,0.0,0.0,0.0,0.0,0.0,0.0,0.0,0.0,0.0,0.0,1.0,0.0,0.0,0.0,0.0,0.0,0.0,0.0,0.0,0.0,0.0,0.0,0.0,0.0,0.0,0.0,0.0,0.0,0.0,0.0,0.0,35.357142857142854,0.0,0.0
18.0,16.0,1.0,0.0,1.0,1.0,0.0,0.0,19.0,24.0,6.6,4.0,"{'original': 6.6, 'alternative': 6.5}",Luis Caicedo,cumbaya,cumbaya,liga,2,0.0,0.0,0.0,1.0,1.0,0.0,0.0,1.0,0.0,1.0,0.0,0.0,0.0,0.0,0.0,0.0,0.0,0.0,0.0,1.0,0.0,0.0,0.0,0.0,0.0,0.0,0.0,0.0,0.0,0.0,0.0,0.0,0.0,0.0,0.0,0.0,0.0,75.78947368421052,0.0,0.0
0.0,0.0,0.0,0.0,0.0,0.0,0.0,0.0,11.0,1.0,7.4,0.0,"{'original': 7.4, 'alternative': 7.3}",Bruno Vides,cumbaya,cumbaya,liga,2,0.0,0.0,0.0,0.0,0.0,0.0,0.0,0.0,0.0,0.0,0.0,0.0,0.0,0.0,0.0,0.0,0.0,1.0,1.0,0.0,0.0,0.0,0.0,0.0,0.0,0.0,0.0,0.0,0.0,0.0,0.0,0.0,0.0,0.0,0.0,0.0,1.0,0.0,8.181818181818182,8.181818181818182
11.0,10.0,2.0,1.0,0.0,0.0,0.0,0.0,8.0,13.0,6.5,2.0,"{'original': 6.5, 'alternative': 6.5}",Rommel Tapia,cumbaya,cumbaya,liga,2,0.0,0.0,0.0,1.0,0.0,0.0,0.0,0.0,0.0,0.0,0.0,0.0,1.0,0.0,0.0,0.0,0.0,0.0,0.0,0.0,0.0,0.0,0.0,0.0,0.0,0.0,0.0,0.0,0.0,0.0,0.0,0.0,0.0,0.0,0.0,0.0,0.0,112.5,0.0,0.0
0.0,0.0,0.0,0.0,0.0,0.0,0.0,0.0,0.0,0.0,0.0,0.0,0,Alexi Lemos,cumbaya,cumbaya,liga,2,0.0,0.0,0.0,0.0,0.0,0.0,0.0,0.0,0.0,0.0,0.0,0.0,0.0,0.0,0.0,0.0,0.0,0.0,0.0,0.0,0.0,0.0,0.0,0.0,0.0,0.0,0.0,0.0,0.0,0.0,0.0,0.0,0.0,0.0,0.0,0.0,0.0,0.0,0.0,0.0
0.0,0.0,0.0,0.0,0.0,0.0,0.0,0.0,0.0,0.0,0.0,0.0,0,Thiago Serpa,cumbaya,cumbaya,liga,2,0.0,0.0,0.0,0.0,0.0,0.0,0.0,0.0,0.0,0.0,0.0,0.0,0.0,0.0,0.0,0.0,0.0,0.0,0.0,0.0,0.0,0.0,0.0,0.0,0.0,0.0,0.0,0.0,0.0,0.0,0.0,0.0,0.0,0.0,0.0,0.0,0.0,0.0,0.0,0.0
0.0,0.0,0.0,0.0,0.0,0.0,0.0,0.0,0.0,0.0,0.0,0.0,0,José Angulo,cumbaya,cumbaya,liga,2,0.0,0.0,0.0,0.0,0.0,0.0,0.0,0.0,0.0,0.0,0.0,0.0,0.0,0.0,0.0,0.0,0.0,0.0,0.0,0.0,0.0,0.0,0.0,0.0,0.0,0.0,0.0,0.0,0.0,0.0,0.0,0.0,0.0,0.0,0.0,0.0,0.0,0.0,0.0,0.0
0.0,0.0,0.0,0.0,0.0,0.0,0.0,0.0,0.0,0.0,0.0,0.0,0,Jaime Ortiz,cumbaya,cumbaya,liga,2,0.0,0.0,0.0,0.0,0.0,0.0,0.0,0.0,0.0,0.0,0.0,0.0,0.0,0.0,0.0,0.0,0.0,0.0,0.0,0.0,0.0,0.0,0.0,0.0,0.0,0.0,0.0,0.0,0.0,0.0,0.0,0.0,0.0,0.0,0.0,0.0,0.0,0.0,0.0,0.0
0.0,0.0,0.0,0.0,0.0,0.0,0.0,0.0,0.0,0.0,0.0,0.0,0,Fernando Delgado,cumbaya,cumbaya,liga,2,0.0,0.0,0.0,0.0,0.0,0.0,0.0,0.0,0.0,0.0,0.0,0.0,0.0,0.0,0.0,0.0,0.0,0.0,0.0,0.0,0.0,0.0,0.0,0.0,0.0,0.0,0.0,0.0,0.0,0.0,0.0,0.0,0.0,0.0,0.0,0.0,0.0,0.0,0.0,0.0
36.0,30.0,10.0,4.0,0.0,0.0,1.0,2.0,90.0,43.0,6.7,6.0,"{'original': 6.7, 'alternative': 6.6}",Alexander Domínguez,liga,cumbaya,liga,2,0.0,0.0,0.0,0.0,0.0,0.0,0.0,0.0,0.0,0.0,0.0,0.0,0.0,0.0,0.0,0.0,0.0,0.0,0.0,0.0,0.0,0.0,0.0,0.0,0.0,0.0,0.0,0.0,0.0,0.0,0.0,0.0,0.0,0.0,0.0,0.0,0.0,30.0,0.0,0.0
39.0,31.0,7.0,4.0,1.0,1.0,0.0,0.0,66.0,50.0,6.7,13.0,"{'original': 6.7, 'alternative': 6.8}",José Quintero,liga,cumbaya,liga,2,5.0,1.0,0.0,1.0,0.0,0.0,0.0,0.0,0.0,0.0,0.0,0.0,1.0,0.0,0.0,0.0,0.0,0.0,0.0,0.0,0.0,0.0,0.0,0.0,0.0,0.0,0.0,0.0,0.0,0.0,0.0,0.0,0.0,0.0,0.0,0.0,0.0,42.27272727272727,0.0,0.0
75.0,73.0,4.0,3.0,1.0,0.0,0.0,0.0,90.0,86.0,6.8,3.0,"{'original': 6.8, 'alternative': 6.8}",Ricardo Adé,liga,cumbaya,liga,2,0.0,0.0,0.0,2.0,1.0,0.0,0.0,7.0,0.0,1.0,1.0,0.0,1.0,0.0,0.0,0.0,0.0,0.0,0.0,0.0,0.0,0.0,0.0,0.0,0.0,0.0,0.0,0.0,0.0,0.0,0.0,0.0,0.0,0.0,0.0,0.0,0.0,73.0,0.0,0.0
68.0,61.0,12.0,6.0,4.0,1.0,0.0,0.0,90.0,72.0,6.7,7.0,"{'original': 6.7, 'alternative': 6.7}",Facundo Rodríguez,liga,cumbaya,liga,2,0.0,0.0,0.0,1.0,0.0,0.0,0.0,1.0,0.0,1.0,1.0,0.0,1.0,2.0,0.0,0.0,0.0,0.0,0.0,0.0,0.0,0.0,0.0,0.0,0.0,0.0,0.0,0.0,0.0,0.0,0.0,0.0,0.0,0.0,0.0,0.0,0.0,61.0,0.0,0.0
44.0,40.0,7.0,5.0,3.0,1.0,0.0,0.0,90.0,60.0,7.4,8.0,"{'original': 7.4, 'alternative': 7.3}",Leonel Quiñónez,liga,cumbaya,liga,2,1.0,1.0,0.0,1.0,0.0,0.0,0.0,0.0,0.0,2.0,2.0,0.0,1.0,0.0,1.0,1.0,0.0,0.0,0.0,0.0,1.0,0.0,0.0,0.0,0.0,0.0,0.0,0.0,0.0,0.0,0.0,0.0,0.0,0.0,0.0,0.0,0.0,40.0,0.0,0.0
25.0,21.0,2.0,2.0,2.0,2.0,0.0,0.0,67.0,33.0,8.2,7.0,"{'original': 8.2, 'alternative': 8.2}",Lisandro Alzugaray,liga,cumbaya,liga,2,4.0,2.0,1.0,3.0,0.0,0.0,0.0,0.0,0.0,0.0,0.0,1.0,1.0,0.0,1.0,2.0,0.0,1.0,1.0,0.0,1.0,0.0,0.0,0.0,0.0,0.0,2.0,0.0,0.0,0.0,0.0,0.0,0.0,0.0,0.0,0.0,1.0,28.208955223880597,1.3432835820895521,1.3432835820895521
76.0,73.0,10.0,8.0,4.0,2.0,0.0,0.0,90.0,92.0,7.6,9.0,"{'original': 7.6, 'alternative': 7.4}",Ezequiel Piovi,liga,cumbaya,liga,2,5.0,3.0,1.0,5.0,0.0,0.0,0.0,0.0,1.0,1.0,2.0,2.0,2.0,0.0,0.0,2.0,0.0,0.0,0.0,0.0,0.0,0.0,0.0,0.0,0.0,0.0,0.0,0.0,0.0,0.0,0.0,0.0,0.0,0.0,0.0,0.0,0.0,73.0,0.0,0.0
69.0,65.0,7.0,6.0,1.0,0.0,0.0,0.0,90.0,72.0,6.5,4.0,"{'original': 6.5, 'alternative': 6.5}",Óscar Zambrano,liga,cumbaya,liga,2,0.0,0.0,0.0,4.0,0.0,0.0,0.0,1.0,0.0,0.0,1.0,3.0,1.0,0.0,0.0,0.0,0.0,0.0,0.0,1.0,0.0,0.0,0.0,0.0,0.0,0.0,0.0,0.0,0.0,0.0,0.0,0.0,0.0,0.0,0.0,0.0,0.0,65.0,0.0,0.0
26.0,21.0,0.0,0.0,5.0,3.0,0.0,0.0,74.0,39.0,7.6,10.0,"{'original': 7.6, 'alternative': 7.3}",Alexander Alvarado,liga,cumbaya,liga,2,1.0,0.0,0.0,2.0,0.0,0.0,1.0,0.0,0.0,0.0,2.0,0.0,1.0,0.0,0.0,1.0,1.0,0.0,0.0,0.0,1.0,0.0,0.0,0.0,0.0,0.0,0.0,0.0,0.0,1.0,0.0,0.0,0.0,0.0,0.0,0.0,1.0,25.54054054054054,1.2162162162162162,0.0
12.0,10.0,0.0,0.0,3.0,0.0,0.0,0.0,88.0,22.0,6.2,5.0,"{'original': 6.2, 'alternative': 6.1}",Michael Estrada,liga,cumbaya,liga,2,1.0,0.0,0.0,3.0,2.0,2.0,2.0,0.0,1.0,1.0,0.0,0.0,2.0,1.0,0.0,0.0,2.0,1.0,0.0,0.0,0.0,1.0,0.0,0.0,0.0,0.0,3.0,2.0,0.0,0.0,1.0,0.0,0.0,0.0,0.0,0.0,3.0,10.227272727272727,3.068181818181818,1.0227272727272727
13.0,9.0,1.0,1.0,5.0,1.0,0.0,0.0,74.0,28.0,8.8,10.0,"{'original': 8.8, 'alternative': 8.6}",Alex Arce,liga,cumbaya,liga,2,1.0,0.0,1.0,2.0,1.0,1.0,1.0,1.0,0.0,0.0,0.0,0.0,2.0,3.0,0.0,1.0,0.0,3.0,2.0,1.0,1.0,0.0,0.0,0.0,0.0,0.0,0.0,1.0,0.0,0.0,0.0,0.0,0.0,0.0,0.0,0.0,4.0,10.945945945945947,4.864864864864865,3.6486486486486487
19.0,17.0,1.0,0.0,0.0,0.0,0.0,0.0,24.0,28.0,6.3,6.0,"{'original': 6.3, 'alternative': 6.3}",Daykol Romero,liga,cumbaya,liga,2,3.0,1.0,1.0,3.0,1.0,0.0,0.0,0.0,0.0,1.0,0.0,0.0,1.0,0.0,0.0,1.0,0.0,0.0,0.0,0.0,0.0,0.0,0.0,0.0,0.0,0.0,0.0,0.0,0.0,0.0,0.0,0.0,0.0,0.0,0.0,0.0,0.0,63.75,0.0,0.0
18.0,16.0,1.0,1.0,1.0,0.0,0.0,0.0,23.0,22.0,6.6,4.0,"{'original': 6.6, 'alternative': 6.5}",Sebastián González,liga,cumbaya,liga,2,0.0,0.0,0.0,1.0,0.0,0.0,0.0,0.0,0.0,0.0,1.0,0.0,0.0,0.0,0.0,0.0,1.0,0.0,0.0,0.0,0.0,0.0,0.0,0.0,0.0,0.0,0.0,0.0,0.0,0.0,0.0,0.0,0.0,0.0,0.0,0.0,0.0,62.608695652173914,0.0,0.0
7.0,7.0,0.0,0.0,1.0,0.0,0.0,0.0,16.0,11.0,6.8,1.0,"{'original': 6.8, 'alternative': 6.7}",Luis Estupiñan,liga,cumbaya,liga,2,0.0,0.0,0.0,1.0,0.0,0.0,0.0,0.0,0.0,0.0,1.0,0.0,0.0,0.0,0.0,0.0,1.0,1.0,0.0,0.0,0.0,0.0,0.0,0.0,0.0,0.0,0.0,0.0,0.0,0.0,0.0,0.0,0.0,0.0,0.0,0.0,1.0,39.375,5.625,5.625
6.0,6.0,0.0,0.0,0.0,0.0,0.0,0.0,16.0,7.0,6.5,1.0,"{'original': 6.5, 'alternative': 6.5}",Andrés Parrales,liga,cumbaya,liga,2,0.0,0.0,1.0,2.0,1.0,0.0,0.0,0.0,0.0,0.0,0.0,0.0,0.0,0.0,0.0,1.0,0.0,0.0,0.0,0.0,0.0,0.0,0.0,0.0,0.0,0.0,0.0,0.0,0.0,0.0,0.0,0.0,0.0,0.0,0.0,0.0,0.0,33.75,0.0,0.0
4.0,4.0,0.0,0.0,0.0,0.0,0.0,0.0,8.0,4.0,6.6,0.0,"{'original': 6.6, 'alternative': 6.5}",Gabriel Villamil,liga,cumbaya,liga,2,0.0,0.0,0.0,0.0,0.0,0.0,0.0,0.0,0.0,0.0,0.0,0.0,0.0,0.0,0.0,0.0,0.0,0.0,0.0,0.0,0.0,0.0,0.0,0.0,0.0,0.0,0.0,0.0,0.0,0.0,0.0,0.0,0.0,0.0,0.0,0.0,0.0,45.0,0.0,0.0
0.0,0.0,0.0,0.0,0.0,0.0,0.0,0.0,0.0,0.0,0.0,0.0,0,Gonzalo Valle,liga,cumbaya,liga,2,0.0,0.0,0.0,0.0,0.0,0.0,0.0,0.0,0.0,0.0,0.0,0.0,0.0,0.0,0.0,0.0,0.0,0.0,0.0,0.0,0.0,0.0,0.0,0.0,0.0,0.0,0.0,0.0,0.0,0.0,0.0,0.0,0.0,0.0,0.0,0.0,0.0,0.0,0.0,0.0
0.0,0.0,0.0,0.0,0.0,0.0,0.0,0.0,0.0,0.0,0.0,0.0,0,Richard Mina,liga,cumbaya,liga,2,0.0,0.0,0.0,0.0,0.0,0.0,0.0,0.0,0.0,0.0,0.0,0.0,0.0,0.0,0.0,0.0,0.0,0.0,0.0,0.0,0.0,0.0,0.0,0.0,0.0,0.0,0.0,0.0,0.0,0.0,0.0,0.0,0.0,0.0,0.0,0.0,0.0,0.0,0.0,0.0
0.0,0.0,0.0,0.0,0.0,0.0,0.0,0.0,0.0,0.0,0.0,0.0,0,Andres Zanini,liga,cumbaya,liga,2,0.0,0.0,0.0,0.0,0.0,0.0,0.0,0.0,0.0,0.0,0.0,0.0,0.0,0.0,0.0,0.0,0.0,0.0,0.0,0.0,0.0,0.0,0.0,0.0,0.0,0.0,0.0,0.0,0.0,0.0,0.0,0.0,0.0,0.0,0.0,0.0,0.0,0.0,0.0,0.0
0.0,0.0,0.0,0.0,0.0,0.0,0.0,0.0,0.0,0.0,0.0,0.0,0,Bryan Ramirez,liga,cumbaya,liga,2,0.0,0.0,0.0,0.0,0.0,0.0,0.0,0.0,0.0,0.0,0.0,0.0,0.0,0.0,0.0,0.0,0.0,0.0,0.0,0.0,0.0,0.0,0.0,0.0,0.0,0.0,0.0,0.0,0.0,0.0,0.0,0.0,0.0,0.0,0.0,0.0,0.0,0.0,0.0,0.0
0.0,0.0,0.0,0.0,0.0,0.0,0.0,0.0,0.0,0.0,0.0,0.0,0,Joseph Espinoza,liga,cumbaya,liga,2,0.0,0.0,0.0,0.0,0.0,0.0,0.0,0.0,0.0,0.0,0.0,0.0,0.0,0.0,0.0,0.0,0.0,0.0,0.0,0.0,0.0,0.0,0.0,0.0,0.0,0.0,0.0,0.0,0.0,0.0,0.0,0.0,0.0,0.0,0.0,0.0,0.0,0.0,0.0,0.0
0.0,0.0,0.0,0.0,0.0,0.0,0.0,0.0,0.0,0.0,0.0,0.0,0,Jan Hurtado,liga,cumbaya,liga,2,0.0,0.0,0.0,0.0,0.0,0.0,0.0,0.0,0.0,0.0,0.0,0.0,0.0,0.0,0.0,0.0,0.0,0.0,0.0,0.0,0.0,0.0,0.0,0.0,0.0,0.0,0.0,0.0,0.0,0.0,0.0,0.0,0.0,0.0,0.0,0.0,0.0,0.0,0.0,0.0
12.0,12.0,2.0,2.0,0.0,0.0,1.0,1.0,90.0,17.0,6.9,0.0,"{'original': 6.9, 'alternative': 7.1}",Pedro Ortiz,emelec,emelec,mushuc-runa,2,0.0,0.0,0.0,0.0,0.0,0.0,0.0,1.0,0.0,0.0,0.0,0.0,0.0,0.0,0.0,0.0,0.0,0.0,0.0,0.0,0.0,0.0,0.0,0.0,0.0,0.0,0.0,0.0,0.0,0.0,0.0,0.0,0.0,0.0,0.0,0.0,0.0,12.0,0.0,0.0
34.0,30.0,3.0,3.0,4.0,3.0,0.0,0.0,76.0,52.0,7.3,9.0,"{'original': 7.3, 'alternative': 6.9}",Romario Caicedo,emelec,emelec,mushuc-runa,2,2.0,0.0,1.0,3.0,0.0,0.0,2.0,0.0,1.0,0.0,0.0,0.0,2.0,1.0,0.0,0.0,0.0,1.0,0.0,0.0,0.0,0.0,0.0,0.0,0.0,0.0,0.0,1.0,0.0,0.0,0.0,0.0,0.0,0.0,0.0,0.0,3.0,35.526315789473685,3.552631578947368,1.1842105263157894
75.0,65.0,8.0,6.0,6.0,2.0,0.0,0.0,90.0,82.0,7.4,11.0,"{'original': 7.4, 'alternative': 7.3}",Luis Fernando León,emelec,emelec,mushuc-runa,2,0.0,0.0,3.0,3.0,0.0,0.0,0.0,3.0,0.0,0.0,0.0,0.0,0.0,4.0,0.0,2.0,0.0,0.0,0.0,0.0,0.0,0.0,0.0,0.0,0.0,0.0,0.0,0.0,0.0,0.0,0.0,0.0,0.0,0.0,0.0,0.0,0.0,65.0,0.0,0.0
51.0,46.0,10.0,8.0,5.0,0.0,0.0,0.0,90.0,62.0,7.7,5.0,"{'original': 7.7, 'alternative': 7.5}",Aníbal Leguizamón,emelec,emelec,mushuc-runa,2,1.0,1.0,4.0,6.0,1.0,1.0,1.0,6.0,1.0,0.0,0.0,0.0,2.0,4.0,0.0,1.0,0.0,0.0,0.0,0.0,0.0,0.0,0.0,0.0,0.0,0.0,0.0,0.0,0.0,0.0,0.0,0.0,0.0,0.0,0.0,0.0,1.0,46.0,1.0,0.0
49.0,40.0,4.0,3.0,4.0,0.0,0.0,0.0,90.0,66.0,7.1,15.0,"{'original': 7.1, 'alternative': 7.1}",Gustavo Cortez,emelec,emelec,mushuc-runa,2,4.0,2.0,0.0,5.0,3.0,1.0,0.0,2.0,0.0,0.0,2.0,0.0,2.0,1.0,0.0,1.0,1.0,1.0,0.0,0.0,0.0,0.0,0.0,0.0,0.0,0.0,0.0,0.0,0.0,0.0,0.0,0.0,0.0,0.0,0.0,0.0,1.0,40.0,1.0,1.0
47.0,41.0,4.0,2.0,5.0,1.0,0.0,0.0,90.0,63.0,7.4,9.0,"{'original': 7.4, 'alternative': 7.3}",Cristian Erbes,emelec,emelec,mushuc-runa,2,1.0,0.0,1.0,2.0,1.0,1.0,0.0,2.0,0.0,2.0,3.0,0.0,1.0,0.0,0.0,1.0,0.0,0.0,0.0,0.0,0.0,0.0,0.0,0.0,0.0,0.0,0.0,0.0,0.0,0.0,0.0,0.0,0.0,0.0,0.0,0.0,0.0,41.0,0.0,0.0
20.0,15.0,0.0,0.0,1.0,0.0,0.0,0.0,45.0,26.0,6.6,9.0,"{'original': 6.6, 'alternative': 6.6}",Jhon Sánchez,emelec,emelec,mushuc-runa,2,3.0,1.0,0.0,2.0,1.0,1.0,0.0,0.0,0.0,0.0,0.0,1.0,1.0,0.0,0.0,2.0,0.0,0.0,0.0,0.0,0.0,0.0,0.0,0.0,0.0,0.0,2.0,0.0,0.0,0.0,0.0,0.0,0.0,0.0,0.0,0.0,0.0,30.0,0.0,0.0
33.0,26.0,4.0,1.0,4.0,0.0,0.0,0.0,59.0,43.0,7.1,11.0,"{'original': 7.1, 'alternative': 7}",Andrés Ricaurte,emelec,emelec,mushuc-runa,2,2.0,1.0,1.0,3.0,2.0,2.0,0.0,1.0,0.0,0.0,1.0,1.0,1.0,1.0,0.0,1.0,0.0,0.0,0.0,0.0,1.0,0.0,0.0,0.0,0.0,0.0,0.0,0.0,0.0,0.0,0.0,0.0,0.0,0.0,0.0,0.0,0.0,39.66101694915254,0.0,0.0
63.0,48.0,6.0,5.0,10.0,3.0,0.0,0.0,90.0,83.0,7.6,23.0,"{'original': 7.6, 'alternative': 7.4}",Marcelo Meli,emelec,emelec,mushuc-runa,2,2.0,0.0,1.0,4.0,0.0,0.0,0.0,0.0,0.0,0.0,5.0,1.0,1.0,2.0,0.0,0.0,1.0,0.0,0.0,0.0,0.0,0.0,0.0,0.0,0.0,0.0,0.0,0.0,0.0,0.0,0.0,0.0,0.0,0.0,0.0,0.0,0.0,48.0,0.0,0.0
28.0,26.0,1.0,1.0,3.0,0.0,0.0,0.0,59.0,43.0,7.3,5.0,"{'original': 7.3, 'alternative': 7.2}",Juan Ruiz Gómez,emelec,emelec,mushuc-runa,2,5.0,3.0,0.0,2.0,3.0,3.0,0.0,0.0,0.0,0.0,0.0,1.0,0.0,0.0,0.0,1.0,1.0,1.0,0.0,1.0,0.0,0.0,0.0,0.0,0.0,0.0,0.0,0.0,0.0,0.0,0.0,0.0,0.0,0.0,0.0,0.0,1.0,39.66101694915254,1.5254237288135593,1.5254237288135593
11.0,6.0,0.0,0.0,2.0,1.0,0.0,0.0,76.0,25.0,6.6,10.0,"{'original': 6.6, 'alternative': 6.5}",Facundo Castelli,emelec,emelec,mushuc-runa,2,0.0,0.0,0.0,9.0,2.0,1.0,0.0,0.0,1.0,0.0,0.0,4.0,1.0,0.0,0.0,0.0,3.0,1.0,0.0,3.0,0.0,0.0,0.0,0.0,0.0,0.0,1.0,0.0,0.0,0.0,0.0,0.0,0.0,0.0,0.0,0.0,1.0,7.105263157894736,1.1842105263157894,1.1842105263157894
16.0,12.0,2.0,2.0,5.0,1.0,0.0,0.0,45.0,27.0,7.0,6.0,"{'original': 7, 'alternative': 6.9}",Maicon Solís,emelec,emelec,mushuc-runa,2,1.0,1.0,1.0,2.0,1.0,1.0,0.0,0.0,0.0,1.0,1.0,0.0,2.0,2.0,0.0,0.0,0.0,0.0,0.0,0.0,0.0,0.0,0.0,0.0,0.0,0.0,0.0,0.0,0.0,0.0,0.0,0.0,0.0,0.0,0.0,0.0,0.0,24.0,0.0,0.0
0.0,0.0,0.0,0.0,2.0,0.0,0.0,0.0,31.0,6.0,6.6,3.0,"{'original': 6.6, 'alternative': 6.6}",Jaime Ayoví,emelec,emelec,mushuc-runa,2,1.0,0.0,0.0,1.0,1.0,0.0,0.0,1.0,0.0,0.0,0.0,0.0,0.0,2.0,0.0,0.0,0.0,1.0,0.0,0.0,0.0,0.0,0.0,0.0,0.0,0.0,0.0,0.0,0.0,0.0,0.0,0.0,0.0,0.0,0.0,0.0,1.0,0.0,2.903225806451613,2.903225806451613
22.0,15.0,5.0,3.0,3.0,1.0,0.0,0.0,31.0,37.0,7.0,13.0,"{'original': 7, 'alternative': 7}",Rodrigo Rivero,emelec,emelec,mushuc-runa,2,4.0,2.0,0.0,1.0,2.0,2.0,0.0,0.0,0.0,0.0,0.0,0.0,0.0,0.0,0.0,1.0,1.0,0.0,0.0,1.0,0.0,0.0,0.0,0.0,0.0,0.0,0.0,0.0,0.0,0.0,0.0,0.0,0.0,0.0,0.0,0.0,0.0,43.54838709677419,0.0,0.0
15.0,11.0,1.0,1.0,0.0,0.0,0.0,0.0,14.0,22.0,6.5,9.0,"{'original': 6.5, 'alternative': 6.5}",Alexander González,emelec,emelec,mushuc-runa,2,1.0,0.0,1.0,3.0,2.0,0.0,0.0,1.0,0.0,0.0,0.0,0.0,0.0,0.0,0.0,1.0,0.0,0.0,0.0,0.0,0.0,0.0,0.0,0.0,0.0,0.0,0.0,0.0,0.0,0.0,0.0,0.0,0.0,0.0,0.0,0.0,0.0,70.71428571428571,0.0,0.0
3.0,3.0,0.0,0.0,0.0,0.0,0.0,0.0,14.0,4.0,6.8,0.0,"{'original': 6.8, 'alternative': 6.7}",Washington Corozo,emelec,emelec,mushuc-runa,2,0.0,0.0,0.0,0.0,0.0,0.0,0.0,0.0,0.0,0.0,0.0,0.0,0.0,0.0,0.0,0.0,0.0,1.0,0.0,0.0,0.0,0.0,0.0,0.0,0.0,0.0,0.0,0.0,0.0,0.0,0.0,0.0,0.0,0.0,0.0,0.0,1.0,19.285714285714285,6.428571428571428,6.428571428571428
0.0,0.0,0.0,0.0,0.0,0.0,0.0,0.0,0.0,0.0,0.0,0.0,0,Gilmar Napa,emelec,emelec,mushuc-runa,2,0.0,0.0,0.0,0.0,0.0,0.0,0.0,0.0,0.0,0.0,0.0,0.0,0.0,0.0,0.0,0.0,0.0,0.0,0.0,0.0,0.0,0.0,0.0,0.0,0.0,0.0,0.0,0.0,0.0,0.0,0.0,0.0,0.0,0.0,0.0,0.0,0.0,0.0,0.0,0.0
0.0,0.0,0.0,0.0,0.0,0.0,0.0,0.0,0.0,0.0,0.0,0.0,0,Diogo Bagui,emelec,emelec,mushuc-runa,2,0.0,0.0,0.0,0.0,0.0,0.0,0.0,0.0,0.0,0.0,0.0,0.0,0.0,0.0,0.0,0.0,0.0,0.0,0.0,0.0,0.0,0.0,0.0,0.0,0.0,0.0,0.0,0.0,0.0,0.0,0.0,0.0,0.0,0.0,0.0,0.0,0.0,0.0,0.0,0.0
0.0,0.0,0.0,0.0,0.0,0.0,0.0,0.0,0.0,0.0,0.0,0.0,0,Ronny Borja,emelec,emelec,mushuc-runa,2,0.0,0.0,0.0,0.0,0.0,0.0,0.0,0.0,0.0,0.0,0.0,0.0,0.0,0.0,0.0,0.0,0.0,0.0,0.0,0.0,0.0,0.0,0.0,0.0,0.0,0.0,0.0,0.0,0.0,0.0,0.0,0.0,0.0,0.0,0.0,0.0,0.0,0.0,0.0,0.0
0.0,0.0,0.0,0.0,0.0,0.0,0.0,0.0,0.0,0.0,0.0,0.0,0,Cristhian Valencia,emelec,emelec,mushuc-runa,2,0.0,0.0,0.0,0.0,0.0,0.0,0.0,0.0,0.0,0.0,0.0,0.0,0.0,0.0,0.0,0.0,0.0,0.0,0.0,0.0,0.0,0.0,0.0,0.0,0.0,0.0,0.0,0.0,0.0,0.0,0.0,0.0,0.0,0.0,0.0,0.0,0.0,0.0,0.0,0.0
0.0,0.0,0.0,0.0,0.0,0.0,0.0,0.0,0.0,0.0,0.0,0.0,0,Jackson Rodríguez,emelec,emelec,mushuc-runa,2,0.0,0.0,0.0,0.0,0.0,0.0,0.0,0.0,0.0,0.0,0.0,0.0,0.0,0.0,0.0,0.0,0.0,0.0,0.0,0.0,0.0,0.0,0.0,0.0,0.0,0.0,0.0,0.0,0.0,0.0,0.0,0.0,0.0,0.0,0.0,0.0,0.0,0.0,0.0,0.0
0.0,0.0,0.0,0.0,0.0,0.0,0.0,0.0,0.0,0.0,0.0,0.0,0,Roberto Garcés,emelec,emelec,mushuc-runa,2,0.0,0.0,0.0,0.0,0.0,0.0,0.0,0.0,0.0,0.0,0.0,0.0,0.0,0.0,0.0,0.0,0.0,0.0,0.0,0.0,0.0,0.0,0.0,0.0,0.0,0.0,0.0,0.0,0.0,0.0,0.0,0.0,0.0,0.0,0.0,0.0,0.0,0.0,0.0,0.0
28.0,16.0,21.0,10.0,0.0,0.0,4.0,6.0,90.0,38.0,8.2,12.0,"{'original': 8.2, 'alternative': 8.2}",Jorge Pinos,mushuc-runa,emelec,mushuc-runa,2,0.0,0.0,0.0,0.0,0.0,0.0,0.0,1.0,0.0,0.0,0.0,0.0,0.0,0.0,0.0,0.0,0.0,0.0,0.0,0.0,0.0,0.0,0.0,1.0,0.0,0.0,0.0,0.0,0.0,0.0,0.0,0.0,0.0,0.0,0.0,0.0,0.0,16.0,0.0,0.0
20.0,16.0,2.0,1.0,6.0,1.0,0.0,0.0,90.0,46.0,7.4,11.0,"{'original': 7.4, 'alternative': 7.1}",Marco Montaño,mushuc-runa,emelec,mushuc-runa,2,0.0,0.0,2.0,6.0,1.0,1.0,2.0,5.0,2.0,1.0,2.0,4.0,0.0,2.0,0.0,0.0,0.0,0.0,0.0,0.0,0.0,0.0,0.0,0.0,0.0,0.0,0.0,0.0,0.0,0.0,0.0,0.0,0.0,0.0,0.0,0.0,2.0,16.0,2.0,0.0
13.0,10.0,2.0,1.0,1.0,0.0,0.0,0.0,90.0,20.0,6.9,3.0,"{'original': 6.9, 'alternative': 6.9}",Dennis Quintero,mushuc-runa,emelec,mushuc-runa,2,0.0,0.0,0.0,2.0,0.0,0.0,0.0,5.0,1.0,0.0,1.0,1.0,1.0,0.0,0.0,0.0,0.0,0.0,0.0,0.0,0.0,0.0,0.0,0.0,0.0,0.0,0.0,0.0,0.0,0.0,0.0,0.0,0.0,0.0,0.0,0.0,0.0,10.0,0.0,0.0
24.0,15.0,13.0,5.0,10.0,2.0,0.0,0.0,90.0,46.0,7.7,10.0,"{'original': 7.7, 'alternative': 7.7}",Jerry Parrales,mushuc-runa,emelec,mushuc-runa,2,0.0,0.0,3.0,3.0,5.0,5.0,0.0,11.0,1.0,0.0,2.0,0.0,0.0,1.0,0.0,0.0,0.0,0.0,0.0,0.0,0.0,0.0,0.0,0.0,0.0,0.0,0.0,0.0,0.0,0.0,0.0,0.0,0.0,0.0,0.0,0.0,0.0,15.0,0.0,0.0
20.0,15.0,5.0,2.0,2.0,0.0,0.0,0.0,89.0,40.0,6.8,9.0,"{'original': 6.8, 'alternative': 6.7}",Rody Zambrano,mushuc-runa,emelec,mushuc-runa,2,0.0,0.0,1.0,4.0,1.0,1.0,0.0,1.0,0.0,3.0,1.0,1.0,2.0,0.0,0.0,1.0,0.0,0.0,0.0,0.0,0.0,0.0,0.0,0.0,0.0,0.0,0.0,0.0,0.0,0.0,0.0,0.0,0.0,0.0,0.0,0.0,0.0,15.168539325842696,0.0,0.0
18.0,15.0,0.0,0.0,5.0,3.0,0.0,0.0,74.0,33.0,6.5,10.0,"{'original': 6.5, 'alternative': 6.5}",Mauricio Alonso,mushuc-runa,emelec,mushuc-runa,2,2.0,1.0,1.0,7.0,2.0,0.0,1.0,0.0,0.0,0.0,1.0,2.0,1.0,1.0,0.0,1.0,1.0,0.0,0.0,0.0,0.0,0.0,0.0,0.0,0.0,0.0,0.0,0.0,0.0,0.0,0.0,0.0,0.0,0.0,0.0,0.0,1.0,18.243243243243246,1.2162162162162162,0.0
31.0,23.0,5.0,3.0,8.0,2.0,0.0,0.0,90.0,46.0,7.1,11.0,"{'original': 7.1, 'alternative': 7}",Steven Tapiero,mushuc-runa,emelec,mushuc-runa,2,0.0,0.0,1.0,5.0,2.0,0.0,0.0,2.0,0.0,0.0,3.0,0.0,1.0,3.0,0.0,0.0,1.0,1.0,0.0,0.0,0.0,0.0,0.0,0.0,0.0,0.0,0.0,0.0,0.0,0.0,0.0,0.0,0.0,0.0,0.0,0.0,1.0,23.0,1.0,1.0
36.0,30.0,2.0,2.0,2.0,1.0,0.0,0.0,90.0,45.0,6.8,8.0,"{'original': 6.8, 'alternative': 6.7}",Jean Carlos Estacio,mushuc-runa,emelec,mushuc-runa,2,0.0,0.0,1.0,7.0,1.0,0.0,1.0,1.0,1.0,0.0,1.0,1.0,4.0,0.0,0.0,1.0,0.0,0.0,0.0,0.0,0.0,0.0,0.0,0.0,0.0,0.0,0.0,0.0,0.0,0.0,0.0,0.0,0.0,0.0,0.0,0.0,1.0,30.0,1.0,0.0
11.0,7.0,1.0,0.0,1.0,1.0,0.0,0.0,75.0,19.0,6.7,6.0,"{'original': 6.7, 'alternative': 6.6}",Daniel Segura,mushuc-runa,emelec,mushuc-runa,2,0.0,0.0,2.0,3.0,0.0,0.0,0.0,1.0,0.0,2.0,0.0,1.0,0.0,0.0,0.0,0.0,0.0,0.0,0.0,0.0,0.0,0.0,0.0,0.0,0.0,0.0,0.0,0.0,0.0,0.0,0.0,0.0,0.0,0.0,0.0,0.0,0.0,8.4,0.0,0.0
28.0,15.0,1.0,0.0,1.0,1.0,0.0,0.0,86.0,46.0,6.6,23.0,"{'original': 6.6, 'alternative': 6.8}",Joaquín Vergés,mushuc-runa,emelec,mushuc-runa,2,9.0,2.0,1.0,6.0,0.0,0.0,1.0,0.0,0.0,0.0,0.0,0.0,2.0,0.0,0.0,1.0,3.0,0.0,0.0,1.0,0.0,0.0,0.0,0.0,0.0,0.0,0.0,0.0,0.0,0.0,0.0,0.0,0.0,0.0,0.0,0.0,1.0,15.697674418604652,1.0465116279069768,0.0
19.0,14.0,1.0,0.0,8.0,1.0,0.0,0.0,89.0,30.0,6.8,9.0,"{'original': 6.8, 'alternative': 6.7}",Jonathan Dos Santos,mushuc-runa,emelec,mushuc-runa,2,0.0,0.0,5.0,7.0,0.0,0.0,1.0,1.0,0.0,0.0,1.0,0.0,1.0,6.0,0.0,0.0,1.0,0.0,0.0,2.0,0.0,0.0,0.0,0.0,0.0,0.0,0.0,0.0,0.0,0.0,0.0,0.0,0.0,0.0,0.0,0.0,1.0,14.157303370786517,1.0112359550561798,0.0
7.0,5.0,0.0,0.0,0.0,0.0,0.0,0.0,16.0,9.0,6.4,4.0,"{'original': 6.4, 'alternative': 6.3}",Bagner Delgado,mushuc-runa,emelec,mushuc-runa,2,0.0,0.0,0.0,1.0,0.0,0.0,0.0,0.0,0.0,0.0,0.0,0.0,0.0,0.0,0.0,0.0,1.0,0.0,0.0,0.0,0.0,0.0,0.0,0.0,0.0,0.0,0.0,0.0,0.0,0.0,0.0,0.0,0.0,0.0,0.0,0.0,0.0,28.125,0.0,0.0
5.0,1.0,1.0,0.0,1.0,0.0,0.0,0.0,15.0,10.0,6.5,6.0,"{'original': 6.5, 'alternative': 6.5}",Sergio Gonzalez,mushuc-runa,emelec,mushuc-runa,2,1.0,0.0,0.0,2.0,1.0,1.0,0.0,0.0,0.0,1.0,0.0,2.0,0.0,0.0,0.0,0.0,0.0,0.0,0.0,0.0,0.0,0.0,0.0,0.0,0.0,0.0,0.0,0.0,0.0,0.0,0.0,0.0,0.0,0.0,0.0,0.0,0.0,6.0,0.0,0.0
4.0,1.0,3.0,1.0,0.0,0.0,0.0,0.0,13.0,8.0,6.7,3.0,"{'original': 6.7, 'alternative': 6.6}",Juan Cruz Randazzo,mushuc-runa,emelec,mushuc-runa,2,0.0,0.0,0.0,0.0,0.0,0.0,0.0,3.0,0.0,0.0,0.0,0.0,0.0,0.0,0.0,0.0,0.0,0.0,0.0,0.0,0.0,0.0,0.0,0.0,0.0,0.0,0.0,0.0,0.0,0.0,0.0,0.0,0.0,0.0,0.0,0.0,0.0,6.923076923076923,0.0,0.0
3.0,2.0,3.0,2.0,1.0,0.0,0.0,0.0,1.0,6.0,0.0,2.0,0,Luis Ayala,mushuc-runa,emelec,mushuc-runa,2,0.0,0.0,0.0,0.0,0.0,0.0,0.0,0.0,0.0,0.0,1.0,0.0,0.0,0.0,0.0,0.0,0.0,0.0,0.0,0.0,0.0,0.0,0.0,0.0,0.0,0.0,0.0,0.0,0.0,0.0,0.0,0.0,0.0,0.0,0.0,0.0,0.0,180.0,0.0,0.0
2.0,1.0,1.0,0.0,0.0,0.0,0.0,0.0,1.0,2.0,0.0,1.0,0,Diego Ledesma,mushuc-runa,emelec,mushuc-runa,2,0.0,0.0,0.0,1.0,0.0,0.0,0.0,0.0,0.0,0.0,0.0,1.0,0.0,0.0,0.0,0.0,0.0,0.0,0.0,0.0,0.0,0.0,0.0,0.0,0.0,0.0,0.0,0.0,0.0,0.0,0.0,0.0,0.0,0.0,0.0,0.0,0.0,90.0,0.0,0.0
0.0,0.0,0.0,0.0,0.0,0.0,0.0,0.0,0.0,0.0,0.0,0.0,0,Wilman Pabón,mushuc-runa,emelec,mushuc-runa,2,0.0,0.0,0.0,0.0,0.0,0.0,0.0,0.0,0.0,0.0,0.0,0.0,0.0,0.0,0.0,0.0,0.0,0.0,0.0,0.0,0.0,0.0,0.0,0.0,0.0,0.0,0.0,0.0,0.0,0.0,0.0,0.0,0.0,0.0,0.0,0.0,0.0,0.0,0.0,0.0
0.0,0.0,0.0,0.0,0.0,0.0,0.0,0.0,0.0,0.0,0.0,0.0,0,José Luis Quiñones,mushuc-runa,emelec,mushuc-runa,2,0.0,0.0,0.0,0.0,0.0,0.0,0.0,0.0,0.0,0.0,0.0,0.0,0.0,0.0,0.0,0.0,0.0,0.0,0.0,0.0,0.0,0.0,0.0,0.0,0.0,0.0,0.0,0.0,0.0,0.0,0.0,0.0,0.0,0.0,0.0,0.0,0.0,0.0,0.0,0.0
0.0,0.0,0.0,0.0,0.0,0.0,0.0,0.0,0.0,0.0,0.0,0.0,0,Arnaldo Zambrano,mushuc-runa,emelec,mushuc-runa,2,0.0,0.0,0.0,0.0,0.0,0.0,0.0,0.0,0.0,0.0,0.0,0.0,0.0,0.0,0.0,0.0,0.0,0.0,0.0,0.0,0.0,0.0,0.0,0.0,0.0,0.0,0.0,0.0,0.0,0.0,0.0,0.0,0.0,0.0,0.0,0.0,0.0,0.0,0.0,0.0
0.0,0.0,0.0,0.0,0.0,0.0,0.0,0.0,0.0,0.0,0.0,0.0,0,Ariel Fernando Alcivar,mushuc-runa,emelec,mushuc-runa,2,0.0,0.0,0.0,0.0,0.0,0.0,0.0,0.0,0.0,0.0,0.0,0.0,0.0,0.0,0.0,0.0,0.0,0.0,0.0,0.0,0.0,0.0,0.0,0.0,0.0,0.0,0.0,0.0,0.0,0.0,0.0,0.0,0.0,0.0,0.0,0.0,0.0,0.0,0.0,0.0
24.0,19.0,6.0,2.0,1.0,0.0,4.0,5.0,90.0,44.0,8.1,5.0,"{'original': 8.1, 'alternative': 8}",Mario Valero Sanchez,imbabura,imbabura,delfin,2,0.0,0.0,0.0,0.0,0.0,0.0,0.0,0.0,0.0,0.0,0.0,0.0,0.0,1.0,0.0,0.0,0.0,0.0,0.0,0.0,0.0,0.0,2.0,0.0,0.0,0.0,0.0,0.0,0.0,0.0,0.0,0.0,0.0,0.0,0.0,0.0,0.0,19.0,0.0,0.0
37.0,29.0,5.0,0.0,2.0,0.0,0.0,0.0,74.0,54.0,6.5,15.0,"{'original': 6.5, 'alternative': 6.5}",Michael Chala,imbabura,imbabura,delfin,2,1.0,0.0,0.0,2.0,2.0,0.0,0.0,2.0,0.0,0.0,2.0,0.0,0.0,0.0,0.0,0.0,0.0,0.0,0.0,0.0,0.0,0.0,0.0,0.0,0.0,0.0,0.0,0.0,0.0,0.0,0.0,0.0,0.0,0.0,0.0,0.0,0.0,35.27027027027027,0.0,0.0
48.0,44.0,7.0,5.0,5.0,0.0,0.0,0.0,90.0,53.0,7.3,5.0,"{'original': 7.3, 'alternative': 7.3}",Alexis Santacruz,imbabura,imbabura,delfin,2,0.0,0.0,1.0,1.0,0.0,0.0,0.0,0.0,0.0,0.0,4.0,0.0,0.0,1.0,0.0,0.0,0.0,0.0,0.0,0.0,0.0,0.0,0.0,0.0,0.0,0.0,0.0,0.0,0.0,0.0,0.0,0.0,0.0,0.0,0.0,0.0,0.0,44.0,0.0,0.0
45.0,43.0,7.0,6.0,5.0,2.0,0.0,0.0,90.0,61.0,7.3,5.0,"{'original': 7.3, 'alternative': 7.3}",Edison Caicedo,imbabura,imbabura,delfin,2,0.0,0.0,1.0,3.0,1.0,0.0,0.0,3.0,1.0,0.0,2.0,0.0,0.0,1.0,0.0,0.0,1.0,0.0,0.0,0.0,0.0,0.0,0.0,0.0,0.0,0.0,0.0,0.0,0.0,0.0,0.0,0.0,0.0,0.0,0.0,0.0,0.0,43.0,0.0,0.0
62.0,58.0,3.0,2.0,7.0,2.0,0.0,0.0,90.0,82.0,7.9,7.0,"{'original': 7.9, 'alternative': 8}",Óscar Pepinos,imbabura,imbabura,delfin,2,2.0,0.0,1.0,2.0,0.0,0.0,2.0,2.0,0.0,1.0,5.0,0.0,1.0,0.0,0.0,3.0,0.0,1.0,0.0,0.0,0.0,1.0,0.0,0.0,0.0,0.0,0.0,0.0,0.0,0.0,0.0,0.0,0.0,0.0,0.0,0.0,3.0,58.00000000000001,3.0,1.0
57.0,50.0,9.0,7.0,4.0,0.0,0.0,0.0,74.0,66.0,7.0,8.0,"{'original': 7, 'alternative': 7}",Rony Caicedo,imbabura,imbabura,delfin,2,1.0,0.0,0.0,1.0,1.0,1.0,0.0,3.0,0.0,0.0,1.0,0.0,1.0,2.0,0.0,1.0,0.0,0.0,0.0,3.0,0.0,0.0,0.0,0.0,0.0,0.0,0.0,0.0,0.0,0.0,0.0,0.0,0.0,0.0,0.0,0.0,0.0,60.81081081081081,0.0,0.0
20.0,18.0,1.0,0.0,5.0,0.0,0.0,0.0,90.0,32.0,7.2,6.0,"{'original': 7.2, 'alternative': 7.1}",Leonar Espinoza,imbabura,imbabura,delfin,2,2.0,0.0,1.0,2.0,4.0,4.0,4.0,0.0,0.0,0.0,0.0,1.0,1.0,1.0,0.0,0.0,0.0,0.0,0.0,0.0,0.0,1.0,0.0,0.0,0.0,0.0,0.0,0.0,0.0,0.0,0.0,0.0,0.0,0.0,0.0,0.0,4.0,18.0,4.0,0.0
19.0,14.0,0.0,0.0,5.0,1.0,0.0,0.0,90.0,41.0,7.8,13.0,"{'original': 7.8, 'alternative': 7.5}",Erick Mendoza,imbabura,imbabura,delfin,2,0.0,0.0,2.0,8.0,6.0,3.0,2.0,1.0,0.0,0.0,1.0,0.0,1.0,0.0,0.0,3.0,2.0,2.0,1.0,1.0,0.0,0.0,0.0,0.0,0.0,0.0,0.0,0.0,0.0,0.0,0.0,0.0,0.0,0.0,0.0,0.0,4.0,14.0,4.0,2.0
30.0,28.0,1.0,1.0,4.0,3.0,0.0,0.0,84.0,46.0,9.6,3.0,"{'original': 9.6, 'alternative': 9.3}",Leandro Pantoja,imbabura,imbabura,delfin,2,2.0,2.0,0.0,2.0,1.0,1.0,2.0,1.0,0.0,0.0,0.0,0.0,1.0,0.0,0.0,2.0,1.0,5.0,2.0,0.0,0.0,0.0,0.0,0.0,0.0,0.0,0.0,0.0,0.0,1.0,0.0,0.0,0.0,0.0,0.0,0.0,7.0,30.0,7.5,5.357142857142857
38.0,34.0,2.0,1.0,6.0,4.0,0.0,0.0,80.0,48.0,7.6,5.0,"{'original': 7.6, 'alternative': 7.5}",Federico Paz,imbabura,imbabura,delfin,2,1.0,1.0,2.0,3.0,2.0,1.0,0.0,0.0,1.0,0.0,1.0,0.0,0.0,0.0,1.0,4.0,0.0,0.0,0.0,0.0,0.0,0.0,0.0,0.0,0.0,0.0,1.0,0.0,0.0,0.0,0.0,0.0,0.0,0.0,0.0,0.0,0.0,38.25,0.0,0.0
13.0,11.0,0.0,0.0,5.0,2.0,0.0,0.0,74.0,21.0,7.2,3.0,"{'original': 7.2, 'alternative': 7.1}",Jacson Pita Mina,imbabura,imbabura,delfin,2,0.0,0.0,1.0,3.0,1.0,0.0,2.0,3.0,0.0,0.0,0.0,0.0,2.0,3.0,0.0,1.0,0.0,0.0,0.0,0.0,0.0,0.0,0.0,0.0,0.0,0.0,0.0,0.0,0.0,1.0,0.0,0.0,0.0,0.0,0.0,0.0,2.0,13.378378378378379,2.4324324324324325,0.0
16.0,7.0,4.0,1.0,2.0,0.0,0.0,0.0,16.0,21.0,6.7,11.0,"{'original': 6.7, 'alternative': 6.7}",Roni Chávez,imbabura,imbabura,delfin,2,0.0,0.0,0.0,0.0,0.0,0.0,0.0,0.0,0.0,0.0,2.0,0.0,0.0,0.0,0.0,0.0,0.0,0.0,0.0,0.0,0.0,0.0,0.0,0.0,0.0,0.0,0.0,0.0,0.0,0.0,0.0,0.0,0.0,0.0,0.0,0.0,0.0,39.375,0.0,0.0
11.0,11.0,0.0,0.0,1.0,0.0,0.0,0.0,16.0,13.0,6.8,0.0,"{'original': 6.8, 'alternative': 6.7}",Wilson Alfredo Folleco Morales,imbabura,imbabura,delfin,2,0.0,0.0,0.0,0.0,0.0,0.0,0.0,2.0,0.0,0.0,0.0,0.0,0.0,1.0,0.0,1.0,0.0,0.0,0.0,0.0,0.0,0.0,0.0,0.0,0.0,0.0,0.0,0.0,0.0,0.0,0.0,0.0,0.0,0.0,0.0,0.0,0.0,61.875,0.0,0.0
12.0,9.0,1.0,0.0,0.0,0.0,0.0,0.0,16.0,15.0,6.5,5.0,"{'original': 6.5, 'alternative': 6.5}",Juan Alcivar,imbabura,imbabura,delfin,2,0.0,0.0,0.0,1.0,1.0,0.0,0.0,0.0,0.0,0.0,0.0,0.0,0.0,0.0,0.0,1.0,0.0,0.0,0.0,0.0,0.0,0.0,0.0,0.0,0.0,0.0,0.0,0.0,0.0,0.0,0.0,0.0,0.0,0.0,0.0,0.0,0.0,50.625,0.0,0.0
3.0,2.0,0.0,0.0,1.0,0.0,0.0,0.0,10.0,5.0,6.5,2.0,"{'original': 6.5, 'alternative': 6.5}",Danny Burbano,imbabura,imbabura,delfin,2,0.0,0.0,0.0,2.0,1.0,0.0,0.0,0.0,0.0,0.0,1.0,0.0,1.0,0.0,0.0,0.0,0.0,0.0,0.0,0.0,0.0,0.0,0.0,0.0,0.0,0.0,0.0,0.0,0.0,0.0,0.0,0.0,0.0,0.0,0.0,0.0,0.0,18.0,0.0,0.0
5.0,4.0,2.0,2.0,0.0,0.0,0.0,0.0,15.0,5.0,6.6,1.0,"{'original': 6.6, 'alternative': 6.6}",Jhon Arteaga,imbabura,imbabura,delfin,2,0.0,0.0,0.0,0.0,0.0,0.0,0.0,0.0,0.0,0.0,0.0,0.0,0.0,0.0,0.0,0.0,0.0,0.0,0.0,0.0,0.0,0.0,0.0,0.0,0.0,0.0,0.0,0.0,0.0,0.0,0.0,0.0,0.0,0.0,0.0,0.0,0.0,24.0,0.0,0.0
0.0,0.0,0.0,0.0,0.0,0.0,0.0,0.0,0.0,0.0,0.0,0.0,0,Patrik Minda,imbabura,imbabura,delfin,2,0.0,0.0,0.0,0.0,0.0,0.0,0.0,0.0,0.0,0.0,0.0,0.0,0.0,0.0,0.0,0.0,0.0,0.0,0.0,0.0,0.0,0.0,0.0,0.0,0.0,0.0,0.0,0.0,0.0,0.0,0.0,0.0,0.0,0.0,0.0,0.0,0.0,0.0,0.0,0.0
0.0,0.0,0.0,0.0,0.0,0.0,0.0,0.0,0.0,0.0,0.0,0.0,0,Guillermo Coronel,imbabura,imbabura,delfin,2,0.0,0.0,0.0,0.0,0.0,0.0,0.0,0.0,0.0,0.0,0.0,0.0,0.0,0.0,0.0,0.0,0.0,0.0,0.0,0.0,0.0,0.0,0.0,0.0,0.0,0.0,0.0,0.0,0.0,0.0,0.0,0.0,0.0,0.0,0.0,0.0,0.0,0.0,0.0,0.0
0.0,0.0,0.0,0.0,0.0,0.0,0.0,0.0,0.0,0.0,0.0,0.0,0,Guillermo Rendón,imbabura,imbabura,delfin,2,0.0,0.0,0.0,0.0,0.0,0.0,0.0,0.0,0.0,0.0,0.0,0.0,0.0,0.0,0.0,0.0,0.0,0.0,0.0,0.0,0.0,0.0,0.0,0.0,0.0,0.0,0.0,0.0,0.0,0.0,0.0,0.0,0.0,0.0,0.0,0.0,0.0,0.0,0.0,0.0
0.0,0.0,0.0,0.0,0.0,0.0,0.0,0.0,0.0,0.0,0.0,0.0,0,Cristopher Alejandro Romero Falconí,imbabura,imbabura,delfin,2,0.0,0.0,0.0,0.0,0.0,0.0,0.0,0.0,0.0,0.0,0.0,0.0,0.0,0.0,0.0,0.0,0.0,0.0,0.0,0.0,0.0,0.0,0.0,0.0,0.0,0.0,0.0,0.0,0.0,0.0,0.0,0.0,0.0,0.0,0.0,0.0,0.0,0.0,0.0,0.0
0.0,0.0,0.0,0.0,0.0,0.0,0.0,0.0,0.0,0.0,0.0,0.0,0,Gilmar Cevallos,imbabura,imbabura,delfin,2,0.0,0.0,0.0,0.0,0.0,0.0,0.0,0.0,0.0,0.0,0.0,0.0,0.0,0.0,0.0,0.0,0.0,0.0,0.0,0.0,0.0,0.0,0.0,0.0,0.0,0.0,0.0,0.0,0.0,0.0,0.0,0.0,0.0,0.0,0.0,0.0,0.0,0.0,0.0,0.0
0.0,0.0,0.0,0.0,0.0,0.0,0.0,0.0,0.0,0.0,0.0,0.0,0,Jerson Guisamano,imbabura,imbabura,delfin,2,0.0,0.0,0.0,0.0,0.0,0.0,0.0,0.0,0.0,0.0,0.0,0.0,0.0,0.0,0.0,0.0,0.0,0.0,0.0,0.0,0.0,0.0,0.0,0.0,0.0,0.0,0.0,0.0,0.0,0.0,0.0,0.0,0.0,0.0,0.0,0.0,0.0,0.0,0.0,0.0
0.0,0.0,0.0,0.0,0.0,0.0,0.0,0.0,0.0,0.0,0.0,0.0,0,Maicol Mina,imbabura,imbabura,delfin,2,0.0,0.0,0.0,0.0,0.0,0.0,0.0,0.0,0.0,0.0,0.0,0.0,0.0,0.0,0.0,0.0,0.0,0.0,0.0,0.0,0.0,0.0,0.0,0.0,0.0,0.0,0.0,0.0,0.0,0.0,0.0,0.0,0.0,0.0,0.0,0.0,0.0,0.0,0.0,0.0
13.0,9.0,4.0,0.0,0.0,0.0,1.0,5.0,90.0,22.0,6.8,4.0,"{'original': 6.8, 'alternative': 6.4}",Edisson Recalde,delfin,imbabura,delfin,2,0.0,0.0,0.0,0.0,0.0,0.0,0.0,1.0,0.0,0.0,0.0,0.0,0.0,0.0,0.0,0.0,0.0,0.0,0.0,0.0,0.0,0.0,0.0,0.0,0.0,0.0,0.0,0.0,0.0,0.0,0.0,0.0,0.0,0.0,0.0,0.0,0.0,9.0,0.0,0.0
17.0,12.0,3.0,1.0,4.0,0.0,0.0,0.0,90.0,37.0,6.4,12.0,"{'original': 6.4, 'alternative': 6.3}",Josué Cuero,delfin,imbabura,delfin,2,2.0,0.0,1.0,4.0,0.0,0.0,0.0,3.0,0.0,2.0,2.0,1.0,2.0,2.0,0.0,0.0,0.0,0.0,0.0,0.0,0.0,0.0,0.0,0.0,0.0,0.0,0.0,0.0,0.0,0.0,0.0,0.0,0.0,0.0,0.0,0.0,0.0,12.0,0.0,0.0
19.0,16.0,7.0,6.0,1.0,0.0,0.0,0.0,90.0,23.0,6.5,3.0,"{'original': 6.5, 'alternative': 6.5}",Ignacio Gariglio,delfin,imbabura,delfin,2,0.0,0.0,1.0,3.0,0.0,0.0,0.0,1.0,1.0,0.0,1.0,0.0,2.0,0.0,0.0,0.0,0.0,1.0,0.0,0.0,0.0,0.0,0.0,0.0,0.0,0.0,0.0,0.0,0.0,0.0,0.0,0.0,0.0,0.0,0.0,0.0,1.0,16.0,1.0,1.0
23.0,19.0,2.0,0.0,2.0,1.0,0.0,0.0,90.0,32.0,6.3,4.0,"{'original': 6.3, 'alternative': 6.1}",Nicolás Goitea,delfin,imbabura,delfin,2,0.0,0.0,1.0,2.0,0.0,0.0,1.0,4.0,1.0,0.0,0.0,1.0,0.0,1.0,0.0,0.0,0.0,0.0,0.0,0.0,0.0,0.0,0.0,0.0,0.0,0.0,0.0,0.0,0.0,0.0,0.0,0.0,0.0,0.0,0.0,0.0,1.0,19.0,1.0,0.0
20.0,16.0,2.0,2.0,4.0,0.0,0.0,0.0,90.0,44.0,6.6,12.0,"{'original': 6.6, 'alternative': 6.5}",Juan Manuel Elordi,delfin,imbabura,delfin,2,6.0,0.0,2.0,4.0,0.0,0.0,2.0,1.0,0.0,1.0,2.0,1.0,1.0,2.0,0.0,1.0,0.0,1.0,0.0,1.0,0.0,0.0,0.0,0.0,0.0,0.0,0.0,0.0,0.0,0.0,0.0,0.0,0.0,0.0,0.0,0.0,3.0,16.0,3.0,1.0
15.0,12.0,3.0,1.0,4.0,2.0,0.0,0.0,90.0,24.0,6.5,6.0,"{'original': 6.5, 'alternative': 6.4}",Maikel Reyes,delfin,imbabura,delfin,2,0.0,0.0,0.0,5.0,2.0,0.0,0.0,0.0,0.0,0.0,2.0,1.0,1.0,0.0,0.0,2.0,1.0,0.0,0.0,0.0,0.0,0.0,0.0,0.0,0.0,0.0,0.0,0.0,0.0,0.0,0.0,0.0,0.0,0.0,0.0,0.0,0.0,12.0,0.0,0.0
12.0,8.0,4.0,0.0,0.0,0.0,0.0,0.0,45.0,15.0,5.8,4.0,"{'original': 5.8, 'alternative': 5.8}",Kevin Sambonino,delfin,imbabura,delfin,2,0.0,0.0,0.0,3.0,0.0,0.0,1.0,0.0,1.0,1.0,0.0,2.0,1.0,0.0,0.0,0.0,0.0,0.0,0.0,0.0,0.0,0.0,0.0,0.0,0.0,0.0,0.0,0.0,1.0,0.0,0.0,0.0,0.0,0.0,0.0,0.0,1.0,16.0,2.0,0.0
9.0,2.0,5.0,0.0,1.0,1.0,0.0,0.0,45.0,12.0,5.7,8.0,"{'original': 5.7, 'alternative': 5.7}",Luis Castro,delfin,imbabura,delfin,2,1.0,1.0,0.0,5.0,0.0,0.0,0.0,0.0,0.0,0.0,0.0,1.0,4.0,0.0,0.0,1.0,0.0,0.0,0.0,0.0,0.0,0.0,0.0,0.0,0.0,0.0,0.0,0.0,1.0,0.0,0.0,0.0,0.0,0.0,0.0,0.0,0.0,4.0,0.0,0.0
24.0,18.0,2.0,1.0,3.0,0.0,0.0,0.0,70.0,35.0,7.0,11.0,"{'original': 7, 'alternative': 6.8}",Mariano Miño,delfin,imbabura,delfin,2,3.0,0.0,0.0,1.0,0.0,0.0,0.0,1.0,0.0,0.0,3.0,1.0,0.0,0.0,0.0,1.0,0.0,1.0,0.0,0.0,0.0,0.0,0.0,0.0,0.0,0.0,0.0,0.0,0.0,0.0,0.0,0.0,0.0,0.0,0.0,0.0,1.0,23.14285714285714,1.2857142857142856,1.2857142857142856
9.0,9.0,0.0,0.0,1.0,1.0,0.0,0.0,45.0,15.0,6.3,5.0,"{'original': 6.3, 'alternative': 6.2}",Jostin Alman,delfin,imbabura,delfin,2,0.0,0.0,3.0,6.0,2.0,0.0,0.0,0.0,0.0,0.0,0.0,0.0,0.0,0.0,0.0,0.0,1.0,0.0,0.0,0.0,0.0,0.0,0.0,0.0,0.0,0.0,0.0,0.0,0.0,0.0,0.0,0.0,0.0,0.0,0.0,0.0,0.0,18.0,0.0,0.0
4.0,4.0,0.0,0.0,3.0,0.0,0.0,0.0,65.0,15.0,6.7,4.0,"{'original': 6.7, 'alternative': 6.7}",Nicolás Messiniti,delfin,imbabura,delfin,2,1.0,0.0,0.0,4.0,3.0,1.0,1.0,1.0,1.0,0.0,1.0,0.0,1.0,1.0,0.0,1.0,1.0,0.0,0.0,0.0,0.0,0.0,0.0,0.0,0.0,0.0,0.0,0.0,0.0,0.0,0.0,0.0,0.0,0.0,0.0,0.0,1.0,5.538461538461538,1.3846153846153846,0.0
12.0,11.0,0.0,0.0,1.0,0.0,0.0,0.0,45.0,22.0,6.3,7.0,"{'original': 6.3, 'alternative': 6.3}",Erick Zuniga,delfin,imbabura,delfin,2,2.0,0.0,0.0,5.0,4.0,0.0,0.0,0.0,0.0,0.0,1.0,0.0,1.0,0.0,0.0,1.0,0.0,0.0,0.0,1.0,0.0,0.0,0.0,0.0,0.0,0.0,0.0,0.0,0.0,0.0,0.0,0.0,0.0,0.0,0.0,0.0,0.0,22.0,0.0,0.0
18.0,13.0,6.0,2.0,2.0,0.0,0.0,0.0,45.0,22.0,6.6,5.0,"{'original': 6.6, 'alternative': 6.6}",Jean Humanante,delfin,imbabura,delfin,2,0.0,0.0,1.0,3.0,0.0,0.0,0.0,0.0,0.0,1.0,2.0,2.0,0.0,0.0,0.0,0.0,0.0,0.0,0.0,0.0,0.0,0.0,0.0,0.0,0.0,0.0,0.0,0.0,0.0,0.0,0.0,0.0,0.0,0.0,0.0,0.0,0.0,25.999999999999996,0.0,0.0
4.0,4.0,0.0,0.0,1.0,0.0,0.0,0.0,45.0,9.0,6.7,3.0,"{'original': 6.7, 'alternative': 6.6}",Jose Enrique Angulo,delfin,imbabura,delfin,2,0.0,0.0,0.0,4.0,2.0,0.0,2.0,0.0,0.0,0.0,0.0,0.0,1.0,1.0,0.0,1.0,1.0,0.0,0.0,0.0,0.0,1.0,0.0,0.0,0.0,0.0,0.0,0.0,0.0,0.0,0.0,0.0,0.0,0.0,0.0,0.0,2.0,8.0,4.0,0.0
4.0,4.0,0.0,0.0,0.0,0.0,0.0,0.0,25.0,12.0,6.8,4.0,"{'original': 6.8, 'alternative': 6.9}",Michael Mieles,delfin,imbabura,delfin,2,6.0,4.0,0.0,2.0,2.0,0.0,0.0,0.0,0.0,0.0,0.0,0.0,0.0,0.0,0.0,4.0,0.0,0.0,0.0,0.0,0.0,0.0,0.0,0.0,0.0,0.0,0.0,0.0,0.0,0.0,0.0,0.0,0.0,0.0,0.0,0.0,0.0,14.4,0.0,0.0
4.0,1.0,1.0,0.0,3.0,1.0,0.0,0.0,20.0,10.0,7.0,4.0,"{'original': 7, 'alternative': 7.1}",Mejia Marcos,delfin,imbabura,delfin,2,1.0,1.0,1.0,2.0,1.0,0.0,0.0,0.0,0.0,0.0,0.0,0.0,0.0,2.0,0.0,1.0,0.0,2.0,0.0,0.0,0.0,0.0,0.0,0.0,0.0,0.0,0.0,0.0,0.0,0.0,0.0,0.0,0.0,0.0,0.0,0.0,2.0,4.5,9.0,9.0
0.0,0.0,0.0,0.0,0.0,0.0,0.0,0.0,0.0,0.0,0.0,0.0,0,Pierre Bellolio,delfin,imbabura,delfin,2,0.0,0.0,0.0,0.0,0.0,0.0,0.0,0.0,0.0,0.0,0.0,0.0,0.0,0.0,0.0,0.0,0.0,0.0,0.0,0.0,0.0,0.0,0.0,0.0,0.0,0.0,0.0,0.0,0.0,0.0,0.0,0.0,0.0,0.0,0.0,0.0,0.0,0.0,0.0,0.0
0.0,0.0,0.0,0.0,0.0,0.0,0.0,0.0,0.0,0.0,0.0,0.0,0,Jefferson Nazareno,delfin,imbabura,delfin,2,0.0,0.0,0.0,0.0,0.0,0.0,0.0,0.0,0.0,0.0,0.0,0.0,0.0,0.0,0.0,0.0,0.0,0.0,0.0,0.0,0.0,0.0,0.0,0.0,0.0,0.0,0.0,0.0,0.0,0.0,0.0,0.0,0.0,0.0,0.0,0.0,0.0,0.0,0.0,0.0
0.0,0.0,0.0,0.0,0.0,0.0,0.0,0.0,0.0,0.0,0.0,0.0,0,Luis Becerra,delfin,imbabura,delfin,2,0.0,0.0,0.0,0.0,0.0,0.0,0.0,0.0,0.0,0.0,0.0,0.0,0.0,0.0,0.0,0.0,0.0,0.0,0.0,0.0,0.0,0.0,0.0,0.0,0.0,0.0,0.0,0.0,0.0,0.0,0.0,0.0,0.0,0.0,0.0,0.0,0.0,0.0,0.0,0.0
0.0,0.0,0.0,0.0,0.0,0.0,0.0,0.0,0.0,0.0,0.0,0.0,0,Cristian García,delfin,imbabura,delfin,2,0.0,0.0,0.0,0.0,0.0,0.0,0.0,0.0,0.0,0.0,0.0,0.0,0.0,0.0,0.0,0.0,0.0,0.0,0.0,0.0,0.0,0.0,0.0,0.0,0.0,0.0,0.0,0.0,0.0,0.0,0.0,0.0,0.0,0.0,0.0,0.0,0.0,0.0,0.0,0.0
0.0,0.0,0.0,0.0,0.0,0.0,0.0,0.0,0.0,0.0,0.0,0.0,0,Enzo Gaggi,delfin,imbabura,delfin,2,0.0,0.0,0.0,0.0,0.0,0.0,0.0,0.0,0.0,0.0,0.0,0.0,0.0,0.0,0.0,0.0,0.0,0.0,0.0,0.0,0.0,0.0,0.0,0.0,0.0,0.0,0.0,0.0,0.0,0.0,0.0,0.0,0.0,0.0,0.0,0.0,0.0,0.0,0.0,0.0
0.0,0.0,0.0,0.0,0.0,0.0,0.0,0.0,0.0,0.0,0.0,0.0,0,Gianni Cagua,delfin,imbabura,delfin,2,0.0,0.0,0.0,0.0,0.0,0.0,0.0,0.0,0.0,0.0,0.0,0.0,0.0,0.0,0.0,0.0,0.0,0.0,0.0,0.0,0.0,0.0,0.0,0.0,0.0,0.0,0.0,0.0,0.0,0.0,0.0,0.0,0.0,0.0,0.0,0.0,0.0,0.0,0.0,0.0
26.0,14.0,21.0,10.0,1.0,0.0,4.0,6.0,90.0,38.0,7.9,12.0,"{'original': 7.9, 'alternative': 7.7}",Guido Villar,independiente,independiente,barcelona,2,0.0,0.0,0.0,0.0,0.0,0.0,0.0,5.0,0.0,0.0,0.0,0.0,0.0,1.0,0.0,1.0,0.0,0.0,0.0,0.0,0.0,0.0,0.0,2.0,0.0,0.0,0.0,0.0,0.0,0.0,0.0,0.0,0.0,0.0,0.0,0.0,0.0,14.0,0.0,0.0
24.0,17.0,5.0,3.0,1.0,0.0,0.0,0.0,90.0,32.0,6.4,10.0,"{'original': 6.4, 'alternative': 6.4}",Anthony Landázuri,independiente,independiente,barcelona,2,1.0,0.0,1.0,4.0,0.0,0.0,0.0,0.0,0.0,1.0,0.0,0.0,3.0,1.0,0.0,0.0,0.0,0.0,0.0,0.0,0.0,0.0,0.0,0.0,0.0,0.0,0.0,0.0,0.0,0.0,0.0,0.0,0.0,0.0,0.0,0.0,0.0,17.0,0.0,0.0
23.0,18.0,3.0,1.0,1.0,0.0,0.0,0.0,90.0,34.0,7.5,5.0,"{'original': 7.5, 'alternative': 7.5}",Luis Felipe Zárate,independiente,independiente,barcelona,2,0.0,0.0,4.0,4.0,0.0,0.0,0.0,6.0,1.0,1.0,0.0,0.0,0.0,1.0,0.0,2.0,0.0,1.0,1.0,0.0,0.0,0.0,0.0,0.0,0.0,0.0,0.0,0.0,0.0,0.0,0.0,0.0,0.0,0.0,0.0,0.0,1.0,18.0,1.0,1.0
19.0,12.0,4.0,1.0,4.0,2.0,0.0,0.0,56.0,24.0,6.2,8.0,"{'original': 6.2, 'alternative': 6.2}",Mateo Carabajal,independiente,independiente,barcelona,2,0.0,0.0,2.0,5.0,0.0,0.0,0.0,2.0,0.0,0.0,0.0,0.0,2.0,2.0,0.0,0.0,1.0,0.0,0.0,0.0,0.0,0.0,0.0,0.0,0.0,0.0,0.0,0.0,0.0,0.0,0.0,0.0,0.0,0.0,0.0,0.0,0.0,19.285714285714285,0.0,0.0
19.0,12.0,6.0,2.0,8.0,5.0,0.0,0.0,90.0,41.0,7.0,12.0,"{'original': 7, 'alternative': 6.8}",Beder Caicedo,independiente,independiente,barcelona,2,2.0,1.0,1.0,2.0,1.0,1.0,0.0,2.0,0.0,1.0,1.0,0.0,1.0,1.0,0.0,0.0,0.0,0.0,0.0,0.0,0.0,0.0,0.0,0.0,0.0,0.0,0.0,0.0,0.0,0.0,0.0,0.0,0.0,0.0,0.0,0.0,0.0,12.0,0.0,0.0
21.0,21.0,0.0,0.0,2.0,0.0,0.0,0.0,90.0,33.0,6.8,3.0,"{'original': 6.8, 'alternative': 6.7}",Joao Ortíz,independiente,independiente,barcelona,2,2.0,0.0,1.0,1.0,0.0,0.0,0.0,3.0,1.0,0.0,1.0,0.0,0.0,1.0,0.0,0.0,0.0,0.0,0.0,1.0,0.0,0.0,0.0,0.0,0.0,0.0,0.0,0.0,0.0,0.0,0.0,0.0,0.0,0.0,0.0,0.0,0.0,21.0,0.0,0.0
27.0,23.0,1.0,1.0,6.0,2.0,0.0,0.0,90.0,40.0,6.9,5.0,"{'original': 6.9, 'alternative': 6.8}",Cristian Zabala,independiente,independiente,barcelona,2,0.0,0.0,0.0,7.0,1.0,1.0,2.0,2.0,0.0,3.0,1.0,2.0,5.0,2.0,0.0,0.0,0.0,0.0,0.0,0.0,0.0,0.0,0.0,0.0,0.0,0.0,0.0,0.0,0.0,0.0,0.0,0.0,0.0,0.0,0.0,0.0,2.0,23.0,2.0,0.0
8.0,4.0,0.0,0.0,1.0,0.0,0.0,0.0,67.0,16.0,7.1,8.0,"{'original': 7.1, 'alternative': 7}",Alexander Bolaños,independiente,independiente,barcelona,2,0.0,0.0,1.0,2.0,0.0,0.0,0.0,2.0,0.0,0.0,0.0,0.0,2.0,1.0,0.0,0.0,0.0,1.0,1.0,0.0,0.0,0.0,0.0,0.0,0.0,0.0,0.0,0.0,0.0,0.0,0.0,0.0,0.0,0.0,0.0,0.0,1.0,5.3731343283582085,1.3432835820895521,1.3432835820895521
12.0,10.0,0.0,0.0,4.0,1.0,0.0,0.0,67.0,19.0,6.7,4.0,"{'original': 6.7, 'alternative': 6.7}",Kendry Páez,independiente,independiente,barcelona,2,0.0,0.0,1.0,5.0,1.0,0.0,0.0,0.0,0.0,1.0,3.0,0.0,2.0,0.0,0.0,1.0,1.0,0.0,0.0,0.0,0.0,0.0,0.0,0.0,0.0,0.0,0.0,0.0,0.0,0.0,0.0,0.0,0.0,0.0,0.0,0.0,0.0,13.432835820895521,0.0,0.0
8.0,3.0,0.0,0.0,6.0,1.0,0.0,0.0,79.0,17.0,7.3,8.0,"{'original': 7.3, 'alternative': 7.2}",Renzo López,independiente,independiente,barcelona,2,0.0,0.0,2.0,3.0,0.0,0.0,3.0,0.0,0.0,0.0,0.0,0.0,0.0,5.0,0.0,1.0,1.0,1.0,1.0,0.0,0.0,0.0,0.0,0.0,0.0,0.0,0.0,1.0,0.0,0.0,0.0,0.0,0.0,0.0,0.0,0.0,4.0,3.4177215189873418,4.556962025316456,1.139240506329114
12.0,10.0,2.0,2.0,1.0,0.0,0.0,0.0,79.0,23.0,8.4,5.0,"{'original': 8.4, 'alternative': 8.4}",Junior Sornoza,independiente,independiente,barcelona,2,5.0,3.0,0.0,2.0,0.0,0.0,2.0,0.0,0.0,0.0,1.0,0.0,1.0,0.0,3.0,3.0,1.0,0.0,0.0,0.0,1.0,0.0,0.0,0.0,0.0,0.0,0.0,0.0,0.0,0.0,0.0,0.0,0.0,0.0,0.0,0.0,2.0,11.39240506329114,2.278481012658228,0.0
4.0,4.0,3.0,3.0,0.0,0.0,0.0,0.0,34.0,10.0,6.8,0.0,"{'original': 6.8, 'alternative': 6.8}",Richard Schunke,independiente,independiente,barcelona,2,0.0,0.0,0.0,0.0,0.0,0.0,0.0,6.0,0.0,0.0,0.0,0.0,0.0,0.0,0.0,0.0,0.0,0.0,0.0,0.0,0.0,0.0,0.0,0.0,0.0,0.0,0.0,0.0,0.0,0.0,0.0,0.0,0.0,0.0,0.0,0.0,0.0,10.588235294117647,0.0,0.0
5.0,4.0,0.0,0.0,1.0,0.0,0.0,0.0,23.0,5.0,6.6,1.0,"{'original': 6.6, 'alternative': 6.5}",Jordy Alcivar,independiente,independiente,barcelona,2,0.0,0.0,0.0,0.0,0.0,0.0,0.0,0.0,0.0,0.0,0.0,0.0,0.0,1.0,0.0,0.0,0.0,0.0,0.0,0.0,0.0,0.0,0.0,0.0,0.0,0.0,0.0,0.0,0.0,0.0,0.0,0.0,0.0,0.0,0.0,0.0,0.0,15.652173913043478,0.0,0.0
5.0,3.0,1.0,1.0,1.0,0.0,0.0,0.0,23.0,11.0,7.0,5.0,"{'original': 7, 'alternative': 7}",Yaimar Medina,independiente,independiente,barcelona,2,4.0,2.0,0.0,2.0,0.0,0.0,1.0,0.0,0.0,0.0,0.0,0.0,1.0,1.0,0.0,1.0,1.0,0.0,0.0,0.0,1.0,0.0,0.0,0.0,0.0,0.0,0.0,0.0,0.0,0.0,0.0,0.0,0.0,0.0,0.0,0.0,1.0,11.739130434782608,3.9130434782608696,0.0
8.0,5.0,1.0,0.0,1.0,0.0,0.0,0.0,11.0,13.0,6.6,4.0,"{'original': 6.6, 'alternative': 6.6}",Matías Fernández,independiente,independiente,barcelona,2,0.0,0.0,0.0,2.0,0.0,0.0,0.0,2.0,0.0,0.0,1.0,0.0,2.0,0.0,0.0,0.0,0.0,0.0,0.0,0.0,0.0,0.0,0.0,0.0,0.0,0.0,0.0,0.0,0.0,0.0,0.0,0.0,0.0,0.0,0.0,0.0,0.0,40.90909090909091,0.0,0.0
6.0,4.0,1.0,1.0,2.0,0.0,0.0,0.0,11.0,9.0,6.7,2.0,"{'original': 6.7, 'alternative': 6.6}",Michael Hoyos,independiente,independiente,barcelona,2,0.0,0.0,0.0,0.0,1.0,1.0,1.0,0.0,0.0,0.0,0.0,0.0,0.0,1.0,0.0,1.0,0.0,0.0,0.0,0.0,0.0,0.0,0.0,0.0,0.0,0.0,0.0,1.0,0.0,0.0,0.0,0.0,0.0,0.0,0.0,0.0,1.0,32.72727272727273,8.181818181818182,0.0
0.0,0.0,0.0,0.0,0.0,0.0,0.0,0.0,0.0,0.0,0.0,0.0,0,Cristhian Loor,independiente,independiente,barcelona,2,0.0,0.0,0.0,0.0,0.0,0.0,0.0,0.0,0.0,0.0,0.0,0.0,0.0,0.0,0.0,0.0,0.0,0.0,0.0,0.0,0.0,0.0,0.0,0.0,0.0,0.0,0.0,0.0,0.0,0.0,0.0,0.0,0.0,0.0,0.0,0.0,0.0,0.0,0.0,0.0
0.0,0.0,0.0,0.0,0.0,0.0,0.0,0.0,0.0,0.0,0.0,0.0,0,Elkin Ruiz,independiente,independiente,barcelona,2,0.0,0.0,0.0,0.0,0.0,0.0,0.0,0.0,0.0,0.0,0.0,0.0,0.0,0.0,0.0,0.0,0.0,0.0,0.0,0.0,0.0,0.0,0.0,0.0,0.0,0.0,0.0,0.0,0.0,0.0,0.0,0.0,0.0,0.0,0.0,0.0,0.0,0.0,0.0,0.0
0.0,0.0,0.0,0.0,0.0,0.0,0.0,0.0,0.0,0.0,0.0,0.0,0,Romario Ibarra,independiente,independiente,barcelona,2,0.0,0.0,0.0,0.0,0.0,0.0,0.0,0.0,0.0,0.0,0.0,0.0,0.0,0.0,0.0,0.0,0.0,0.0,0.0,0.0,0.0,0.0,0.0,0.0,0.0,0.0,0.0,0.0,0.0,0.0,0.0,0.0,0.0,0.0,0.0,0.0,0.0,0.0,0.0,0.0
0.0,0.0,0.0,0.0,0.0,0.0,0.0,0.0,0.0,0.0,0.0,0.0,0,Renato Ibarra,independiente,independiente,barcelona,2,0.0,0.0,0.0,0.0,0.0,0.0,0.0,0.0,0.0,0.0,0.0,0.0,0.0,0.0,0.0,0.0,0.0,0.0,0.0,0.0,0.0,0.0,0.0,0.0,0.0,0.0,0.0,0.0,0.0,0.0,0.0,0.0,0.0,0.0,0.0,0.0,0.0,0.0,0.0,0.0
0.0,0.0,0.0,0.0,0.0,0.0,0.0,0.0,0.0,0.0,0.0,0.0,0,Patrik Mercado,independiente,independiente,barcelona,2,0.0,0.0,0.0,0.0,0.0,0.0,0.0,0.0,0.0,0.0,0.0,0.0,0.0,0.0,0.0,0.0,0.0,0.0,0.0,0.0,0.0,0.0,0.0,0.0,0.0,0.0,0.0,0.0,0.0,0.0,0.0,0.0,0.0,0.0,0.0,0.0,0.0,0.0,0.0,0.0
0.0,0.0,0.0,0.0,0.0,0.0,0.0,0.0,0.0,0.0,0.0,0.0,0,Jorge Arcos,independiente,independiente,barcelona,2,0.0,0.0,0.0,0.0,0.0,0.0,0.0,0.0,0.0,0.0,0.0,0.0,0.0,0.0,0.0,0.0,0.0,0.0,0.0,0.0,0.0,0.0,0.0,0.0,0.0,0.0,0.0,0.0,0.0,0.0,0.0,0.0,0.0,0.0,0.0,0.0,0.0,0.0,0.0,0.0
0.0,0.0,0.0,0.0,0.0,0.0,0.0,0.0,0.0,0.0,0.0,0.0,0,Keny Arroyo,independiente,independiente,barcelona,2,0.0,0.0,0.0,0.0,0.0,0.0,0.0,0.0,0.0,0.0,0.0,0.0,0.0,0.0,0.0,0.0,0.0,0.0,0.0,0.0,0.0,0.0,0.0,0.0,0.0,0.0,0.0,0.0,0.0,0.0,0.0,0.0,0.0,0.0,0.0,0.0,0.0,0.0,0.0,0.0
24.0,19.0,8.0,3.0,0.0,0.0,0.0,0.0,90.0,28.0,5.8,5.0,"{'original': 5.8, 'alternative': 5.7}",Javier Burrai,barcelona,independiente,barcelona,2,0.0,0.0,0.0,0.0,0.0,0.0,0.0,1.0,0.0,0.0,0.0,0.0,0.0,0.0,0.0,0.0,0.0,0.0,0.0,0.0,0.0,0.0,0.0,0.0,0.0,0.0,0.0,0.0,0.0,0.0,0.0,0.0,0.0,0.0,0.0,0.0,0.0,19.0,0.0,0.0
30.0,18.0,7.0,3.0,3.0,2.0,0.0,0.0,90.0,44.0,6.3,15.0,"{'original': 6.3, 'alternative': 6.3}",William Vargas,barcelona,independiente,barcelona,2,3.0,2.0,1.0,4.0,0.0,0.0,0.0,1.0,0.0,1.0,0.0,1.0,2.0,1.0,0.0,2.0,0.0,0.0,0.0,0.0,0.0,0.0,0.0,0.0,0.0,0.0,0.0,0.0,0.0,0.0,0.0,0.0,0.0,0.0,0.0,0.0,0.0,18.0,0.0,0.0
21.0,17.0,5.0,1.0,2.0,1.0,0.0,0.0,90.0,27.0,6.1,5.0,"{'original': 6.1, 'alternative': 6.1}",Carlos Rodríguez,barcelona,independiente,barcelona,2,1.0,0.0,4.0,5.0,0.0,0.0,0.0,1.0,0.0,1.0,1.0,0.0,1.0,0.0,0.0,0.0,0.0,0.0,0.0,0.0,0.0,0.0,0.0,0.0,0.0,0.0,1.0,0.0,0.0,0.0,0.0,0.0,0.0,0.0,0.0,0.0,0.0,17.0,0.0,0.0
35.0,30.0,9.0,6.0,2.0,1.0,0.0,0.0,90.0,44.0,6.4,7.0,"{'original': 6.4, 'alternative': 6.3}",Luca Sosa,barcelona,independiente,barcelona,2,1.0,0.0,2.0,4.0,0.0,0.0,0.0,4.0,0.0,1.0,1.0,0.0,1.0,0.0,0.0,0.0,1.0,0.0,0.0,0.0,0.0,0.0,0.0,0.0,0.0,0.0,0.0,0.0,0.0,0.0,0.0,0.0,0.0,0.0,0.0,0.0,0.0,30.0,0.0,0.0
32.0,28.0,4.0,2.0,3.0,0.0,0.0,0.0,90.0,46.0,6.2,11.0,"{'original': 6.2, 'alternative': 6.2}",Anibal Chalá,barcelona,independiente,barcelona,2,1.0,1.0,2.0,5.0,1.0,0.0,0.0,1.0,1.0,1.0,1.0,0.0,0.0,2.0,0.0,0.0,2.0,0.0,0.0,0.0,0.0,0.0,0.0,0.0,0.0,0.0,0.0,0.0,0.0,0.0,0.0,0.0,0.0,0.0,0.0,0.0,0.0,28.0,0.0,0.0
13.0,10.0,1.0,1.0,3.0,0.0,0.0,0.0,69.0,18.0,6.5,5.0,"{'original': 6.5, 'alternative': 6.5}",Leonai Souza de Almeida,barcelona,independiente,barcelona,2,0.0,0.0,0.0,3.0,0.0,0.0,0.0,0.0,0.0,0.0,2.0,0.0,3.0,1.0,0.0,0.0,0.0,0.0,0.0,0.0,0.0,0.0,0.0,0.0,0.0,0.0,0.0,0.0,0.0,0.0,0.0,0.0,0.0,0.0,0.0,0.0,0.0,13.043478260869566,0.0,0.0
45.0,32.0,11.0,7.0,2.0,1.0,0.0,0.0,90.0,53.0,6.4,18.0,"{'original': 6.4, 'alternative': 6.2}",Jesús Trindade,barcelona,independiente,barcelona,2,3.0,0.0,1.0,4.0,0.0,0.0,0.0,0.0,0.0,0.0,0.0,1.0,1.0,1.0,0.0,0.0,1.0,0.0,0.0,0.0,0.0,0.0,0.0,0.0,0.0,0.0,1.0,0.0,0.0,0.0,0.0,0.0,0.0,0.0,0.0,0.0,0.0,32.0,0.0,0.0
8.0,5.0,1.0,0.0,1.0,0.0,0.0,0.0,69.0,17.0,6.6,7.0,"{'original': 6.6, 'alternative': 6.5}",Janner Corozo,barcelona,independiente,barcelona,2,2.0,1.0,1.0,2.0,0.0,0.0,0.0,0.0,0.0,0.0,0.0,0.0,0.0,1.0,0.0,1.0,1.0,1.0,0.0,1.0,0.0,0.0,0.0,0.0,0.0,0.0,2.0,0.0,0.0,0.0,0.0,0.0,0.0,0.0,0.0,0.0,1.0,6.521739130434783,1.3043478260869565,1.3043478260869565
23.0,16.0,2.0,0.0,5.0,4.0,0.0,0.0,57.0,41.0,7.4,17.0,"{'original': 7.4, 'alternative': 7.4}",Damián Díaz,barcelona,independiente,barcelona,2,7.0,1.0,0.0,3.0,2.0,1.0,0.0,0.0,0.0,0.0,0.0,1.0,1.0,0.0,0.0,4.0,0.0,1.0,0.0,0.0,2.0,0.0,0.0,0.0,0.0,0.0,0.0,0.0,0.0,0.0,0.0,0.0,0.0,0.0,0.0,0.0,1.0,25.263157894736842,1.5789473684210527,1.5789473684210527
10.0,6.0,0.0,0.0,4.0,3.0,0.0,0.0,57.0,22.0,6.7,7.0,"{'original': 6.7, 'alternative': 6.5}",Cristhian Solano,barcelona,independiente,barcelona,2,0.0,0.0,1.0,2.0,1.0,0.0,2.0,0.0,0.0,0.0,1.0,0.0,0.0,0.0,1.0,1.0,0.0,2.0,0.0,0.0,1.0,0.0,0.0,0.0,0.0,0.0,0.0,2.0,0.0,0.0,0.0,0.0,0.0,0.0,0.0,0.0,4.0,9.473684210526315,6.315789473684211,3.1578947368421053
15.0,10.0,1.0,0.0,5.0,1.0,0.0,0.0,78.0,22.0,7.2,8.0,"{'original': 7.2, 'alternative': 7.1}",Francisco Fydriszewski,barcelona,independiente,barcelona,2,0.0,0.0,4.0,5.0,0.0,0.0,0.0,0.0,0.0,0.0,0.0,0.0,1.0,4.0,0.0,0.0,0.0,1.0,1.0,1.0,0.0,0.0,0.0,0.0,0.0,0.0,0.0,0.0,0.0,0.0,0.0,0.0,0.0,0.0,0.0,0.0,1.0,11.538461538461537,1.1538461538461537,1.1538461538461537
10.0,8.0,1.0,0.0,3.0,2.0,0.0,0.0,33.0,14.0,6.8,3.0,"{'original': 6.8, 'alternative': 6.6}",Adonis Preciado,barcelona,independiente,barcelona,2,0.0,0.0,1.0,1.0,0.0,0.0,1.0,0.0,0.0,0.0,0.0,0.0,0.0,1.0,0.0,0.0,0.0,0.0,0.0,0.0,0.0,0.0,0.0,0.0,0.0,0.0,0.0,0.0,0.0,0.0,0.0,0.0,0.0,0.0,0.0,0.0,1.0,21.81818181818182,2.7272727272727275,0.0
4.0,3.0,0.0,0.0,1.0,1.0,0.0,0.0,33.0,8.0,6.6,4.0,"{'original': 6.6, 'alternative': 6.5}",Djorkaeff Reasco,barcelona,independiente,barcelona,2,0.0,0.0,1.0,2.0,0.0,0.0,0.0,0.0,0.0,0.0,0.0,0.0,1.0,0.0,0.0,0.0,0.0,0.0,0.0,0.0,0.0,0.0,0.0,0.0,0.0,0.0,0.0,0.0,0.0,0.0,0.0,0.0,0.0,0.0,0.0,0.0,0.0,8.181818181818182,0.0,0.0
10.0,10.0,3.0,3.0,0.0,0.0,0.0,0.0,21.0,14.0,6.9,1.0,"{'original': 6.9, 'alternative': 6.9}",Dixon Arroyo,barcelona,independiente,barcelona,2,1.0,0.0,0.0,0.0,0.0,0.0,0.0,0.0,0.0,2.0,0.0,0.0,0.0,0.0,0.0,0.0,0.0,0.0,0.0,0.0,0.0,0.0,0.0,0.0,0.0,0.0,0.0,0.0,0.0,0.0,0.0,0.0,0.0,0.0,0.0,0.0,0.0,42.857142857142854,0.0,0.0
7.0,4.0,3.0,0.0,3.0,2.0,0.0,0.0,21.0,17.0,7.1,6.0,"{'original': 7.1, 'alternative': 7}",Braian Oyola,barcelona,independiente,barcelona,2,4.0,2.0,0.0,0.0,1.0,1.0,0.0,0.0,0.0,0.0,0.0,0.0,0.0,0.0,0.0,0.0,0.0,1.0,0.0,0.0,0.0,0.0,0.0,0.0,0.0,0.0,0.0,0.0,0.0,0.0,0.0,0.0,0.0,0.0,0.0,0.0,1.0,17.142857142857142,4.285714285714286,4.285714285714286
2.0,1.0,0.0,0.0,2.0,0.0,0.0,0.0,12.0,3.0,6.8,1.0,"{'original': 6.8, 'alternative': 6.8}",Allen Obando,barcelona,independiente,barcelona,2,0.0,0.0,0.0,0.0,0.0,0.0,0.0,0.0,0.0,0.0,0.0,0.0,0.0,2.0,0.0,0.0,0.0,1.0,0.0,0.0,0.0,0.0,0.0,0.0,0.0,0.0,0.0,0.0,0.0,0.0,0.0,0.0,0.0,0.0,0.0,0.0,1.0,7.5,7.5,7.5
0.0,0.0,0.0,0.0,0.0,0.0,0.0,0.0,0.0,0.0,0.0,0.0,0,Victor Mendoza,barcelona,independiente,barcelona,2,0.0,0.0,0.0,0.0,0.0,0.0,0.0,0.0,0.0,0.0,0.0,0.0,0.0,0.0,0.0,0.0,0.0,0.0,0.0,0.0,0.0,0.0,0.0,0.0,0.0,0.0,0.0,0.0,0.0,0.0,0.0,0.0,0.0,0.0,0.0,0.0,0.0,0.0,0.0,0.0
0.0,0.0,0.0,0.0,0.0,0.0,0.0,0.0,0.0,0.0,0.0,0.0,0,Pedro Perlaza,barcelona,independiente,barcelona,2,0.0,0.0,0.0,0.0,0.0,0.0,0.0,0.0,0.0,0.0,0.0,0.0,0.0,0.0,0.0,0.0,0.0,0.0,0.0,0.0,0.0,0.0,0.0,0.0,0.0,0.0,0.0,0.0,0.0,0.0,0.0,0.0,0.0,0.0,0.0,0.0,0.0,0.0,0.0,0.0
0.0,0.0,0.0,0.0,0.0,0.0,0.0,0.0,0.0,0.0,0.0,0.0,0,Alex Rangel,barcelona,independiente,barcelona,2,0.0,0.0,0.0,0.0,0.0,0.0,0.0,0.0,0.0,0.0,0.0,0.0,0.0,0.0,0.0,0.0,0.0,0.0,0.0,0.0,0.0,0.0,0.0,0.0,0.0,0.0,0.0,0.0,0.0,0.0,0.0,0.0,0.0,0.0,0.0,0.0,0.0,0.0,0.0,0.0
0.0,0.0,0.0,0.0,0.0,0.0,0.0,0.0,0.0,0.0,0.0,0.0,0,Mathías Suárez,barcelona,independiente,barcelona,2,0.0,0.0,0.0,0.0,0.0,0.0,0.0,0.0,0.0,0.0,0.0,0.0,0.0,0.0,0.0,0.0,0.0,0.0,0.0,0.0,0.0,0.0,0.0,0.0,0.0,0.0,0.0,0.0,0.0,0.0,0.0,0.0,0.0,0.0,0.0,0.0,0.0,0.0,0.0,0.0
0.0,0.0,0.0,0.0,0.0,0.0,0.0,0.0,0.0,0.0,0.0,0.0,0,Fernando Gaibor,barcelona,independiente,barcelona,2,0.0,0.0,0.0,0.0,0.0,0.0,0.0,0.0,0.0,0.0,0.0,0.0,0.0,0.0,0.0,0.0,0.0,0.0,0.0,0.0,0.0,0.0,0.0,0.0,0.0,0.0,0.0,0.0,0.0,0.0,0.0,0.0,0.0,0.0,0.0,0.0,0.0,0.0,0.0,0.0
0.0,0.0,0.0,0.0,0.0,0.0,0.0,0.0,0.0,0.0,0.0,0.0,0,Bruno Piñatares,barcelona,independiente,barcelona,2,0.0,0.0,0.0,0.0,0.0,0.0,0.0,0.0,0.0,0.0,0.0,0.0,0.0,0.0,0.0,0.0,0.0,0.0,0.0,0.0,0.0,0.0,0.0,0.0,0.0,0.0,0.0,0.0,0.0,0.0,0.0,0.0,0.0,0.0,0.0,0.0,0.0,0.0,0.0,0.0
0.0,0.0,0.0,0.0,0.0,0.0,0.0,0.0,0.0,0.0,0.0,0.0,0,Gabriel Cortez,barcelona,independiente,barcelona,2,0.0,0.0,0.0,0.0,0.0,0.0,0.0,0.0,0.0,0.0,0.0,0.0,0.0,0.0,0.0,0.0,0.0,0.0,0.0,0.0,0.0,0.0,0.0,0.0,0.0,0.0,0.0,0.0,0.0,0.0,0.0,0.0,0.0,0.0,0.0,0.0,0.0,0.0,0.0,0.0
22.0,17.0,7.0,2.0,1.0,1.0,4.0,5.0,90.0,31.0,7.4,5.0,"{'original': 7.4, 'alternative': 7.3}",Juan Bolado,libertad,libertad,catolica,2,0.0,0.0,0.0,0.0,0.0,0.0,0.0,0.0,0.0,0.0,0.0,0.0,0.0,0.0,0.0,0.0,0.0,0.0,0.0,0.0,0.0,0.0,0.0,0.0,0.0,0.0,0.0,0.0,0.0,0.0,0.0,0.0,0.0,0.0,0.0,0.0,0.0,17.0,0.0,0.0
29.0,14.0,8.0,2.0,7.0,1.0,0.0,0.0,90.0,58.0,6.7,23.0,"{'original': 6.7, 'alternative': 6.6}",Denilson Bolanos,libertad,libertad,catolica,2,2.0,0.0,1.0,6.0,2.0,1.0,0.0,2.0,0.0,2.0,3.0,1.0,2.0,2.0,0.0,1.0,1.0,0.0,0.0,0.0,0.0,0.0,0.0,0.0,0.0,0.0,0.0,0.0,0.0,0.0,0.0,0.0,0.0,0.0,0.0,0.0,0.0,14.0,0.0,0.0
30.0,21.0,6.0,3.0,3.0,1.0,0.0,0.0,90.0,45.0,6.9,9.0,"{'original': 6.9, 'alternative': 6.9}",Cristian Enciso,libertad,libertad,catolica,2,0.0,0.0,3.0,3.0,0.0,0.0,0.0,7.0,3.0,1.0,0.0,0.0,0.0,2.0,0.0,0.0,0.0,0.0,0.0,1.0,0.0,0.0,0.0,0.0,0.0,0.0,0.0,0.0,0.0,0.0,0.0,0.0,0.0,0.0,1.0,0.0,0.0,21.0,0.0,0.0
31.0,24.0,7.0,1.0,3.0,0.0,0.0,0.0,90.0,44.0,6.5,8.0,"{'original': 6.5, 'alternative': 6.4}",Juan Alvacete,libertad,libertad,catolica,2,1.0,0.0,2.0,4.0,0.0,0.0,0.0,4.0,0.0,0.0,2.0,1.0,2.0,1.0,0.0,0.0,0.0,1.0,0.0,0.0,0.0,0.0,0.0,0.0,0.0,0.0,0.0,1.0,0.0,0.0,0.0,0.0,0.0,0.0,0.0,0.0,1.0,24.0,1.0,1.0
10.0,8.0,1.0,0.0,2.0,1.0,0.0,0.0,45.0,19.0,6.5,4.0,"{'original': 6.5, 'alternative': 6.4}",José Hernández,libertad,libertad,catolica,2,0.0,0.0,0.0,2.0,0.0,0.0,0.0,0.0,0.0,3.0,1.0,1.0,0.0,0.0,0.0,0.0,1.0,0.0,0.0,0.0,0.0,0.0,0.0,0.0,0.0,0.0,0.0,0.0,0.0,0.0,0.0,0.0,0.0,0.0,0.0,0.0,0.0,16.0,0.0,0.0
30.0,24.0,3.0,1.0,4.0,1.0,0.0,0.0,75.0,49.0,7.1,13.0,"{'original': 7.1, 'alternative': 7.1}",Nixon Molina,libertad,libertad,catolica,2,4.0,1.0,1.0,3.0,1.0,0.0,2.0,1.0,1.0,1.0,2.0,0.0,1.0,1.0,0.0,2.0,0.0,0.0,0.0,0.0,0.0,0.0,0.0,0.0,0.0,0.0,0.0,0.0,0.0,0.0,0.0,0.0,0.0,0.0,0.0,0.0,2.0,28.8,2.4000000000000004,0.0
36.0,32.0,1.0,0.0,2.0,0.0,0.0,0.0,60.0,40.0,6.7,5.0,"{'original': 6.7, 'alternative': 6.6}",Pedro Larrea,libertad,libertad,catolica,2,0.0,0.0,0.0,2.0,0.0,0.0,0.0,0.0,0.0,0.0,2.0,1.0,1.0,0.0,0.0,1.0,0.0,0.0,0.0,0.0,0.0,0.0,0.0,0.0,0.0,0.0,0.0,0.0,0.0,0.0,0.0,0.0,0.0,0.0,0.0,0.0,0.0,48.0,0.0,0.0
18.0,15.0,0.0,0.0,1.0,0.0,0.0,0.0,45.0,24.0,6.4,8.0,"{'original': 6.4, 'alternative': 6.3}",Andrés Felipe Ávila,libertad,libertad,catolica,2,0.0,0.0,0.0,4.0,1.0,0.0,0.0,0.0,0.0,0.0,1.0,2.0,0.0,0.0,0.0,1.0,1.0,0.0,0.0,0.0,1.0,0.0,0.0,0.0,0.0,0.0,0.0,0.0,0.0,0.0,0.0,0.0,0.0,0.0,0.0,0.0,0.0,30.0,0.0,0.0
16.0,14.0,1.0,0.0,0.0,0.0,0.0,0.0,60.0,25.0,6.7,5.0,"{'original': 6.7, 'alternative': 6.7}",Richard Farias,libertad,libertad,catolica,2,3.0,1.0,0.0,0.0,0.0,0.0,1.0,0.0,0.0,0.0,0.0,0.0,0.0,0.0,0.0,1.0,0.0,0.0,0.0,0.0,0.0,0.0,0.0,0.0,0.0,0.0,0.0,0.0,0.0,0.0,0.0,0.0,0.0,0.0,0.0,0.0,1.0,21.0,1.5,0.0
19.0,12.0,0.0,0.0,8.0,4.0,0.0,0.0,90.0,29.0,7.0,8.0,"{'original': 7, 'alternative': 6.8}",Leandro Basan,libertad,libertad,catolica,2,0.0,0.0,3.0,7.0,0.0,0.0,1.0,0.0,0.0,0.0,0.0,0.0,3.0,4.0,0.0,1.0,1.0,1.0,0.0,1.0,1.0,0.0,0.0,0.0,0.0,0.0,1.0,1.0,0.0,0.0,0.0,0.0,0.0,0.0,0.0,0.0,2.0,12.0,2.0,1.0
26.0,22.0,2.0,2.0,4.0,0.0,0.0,0.0,90.0,39.0,7.0,8.0,"{'original': 7, 'alternative': 7}",Lautaro Disanto,libertad,libertad,catolica,2,6.0,2.0,0.0,2.0,1.0,1.0,0.0,0.0,0.0,0.0,3.0,1.0,1.0,0.0,0.0,0.0,0.0,0.0,0.0,0.0,0.0,0.0,0.0,0.0,0.0,0.0,0.0,0.0,0.0,0.0,0.0,0.0,0.0,0.0,0.0,0.0,0.0,22.0,0.0,0.0
13.0,9.0,1.0,0.0,5.0,3.0,0.0,0.0,45.0,27.0,7.3,6.0,"{'original': 7.3, 'alternative': 7.3}",Jose Caicedo,libertad,libertad,catolica,2,1.0,0.0,1.0,2.0,0.0,0.0,0.0,1.0,1.0,0.0,1.0,0.0,1.0,1.0,0.0,0.0,0.0,0.0,0.0,0.0,0.0,0.0,0.0,0.0,0.0,0.0,0.0,0.0,0.0,0.0,0.0,0.0,1.0,0.0,0.0,0.0,0.0,18.0,0.0,0.0
18.0,16.0,1.0,1.0,4.0,2.0,0.0,0.0,45.0,28.0,6.8,5.0,"{'original': 6.8, 'alternative': 6.8}",Ivan Zambrano,libertad,libertad,catolica,2,0.0,0.0,0.0,3.0,0.0,0.0,0.0,0.0,2.0,1.0,2.0,0.0,1.0,0.0,0.0,0.0,2.0,0.0,0.0,0.0,0.0,0.0,0.0,0.0,0.0,0.0,0.0,0.0,0.0,0.0,0.0,0.0,0.0,0.0,0.0,0.0,0.0,32.0,0.0,0.0
2.0,1.0,0.0,0.0,0.0,0.0,0.0,0.0,30.0,8.0,6.5,5.0,"{'original': 6.5, 'alternative': 6.5}",Jair Martínez,libertad,libertad,catolica,2,3.0,0.0,0.0,0.0,0.0,0.0,0.0,0.0,0.0,0.0,0.0,0.0,0.0,0.0,0.0,0.0,0.0,0.0,0.0,0.0,0.0,0.0,0.0,0.0,0.0,0.0,0.0,0.0,0.0,0.0,0.0,0.0,0.0,0.0,0.0,0.0,0.0,3.0,0.0,0.0
1.0,1.0,0.0,0.0,3.0,2.0,0.0,0.0,30.0,4.0,6.6,0.0,"{'original': 6.6, 'alternative': 6.6}",Diego Ávila,libertad,libertad,catolica,2,0.0,0.0,3.0,5.0,0.0,0.0,0.0,0.0,0.0,0.0,1.0,0.0,2.0,0.0,0.0,0.0,0.0,0.0,0.0,0.0,0.0,0.0,0.0,0.0,0.0,0.0,0.0,0.0,0.0,0.0,0.0,0.0,0.0,0.0,0.0,0.0,0.0,3.0,0.0,0.0
7.0,4.0,3.0,1.0,0.0,0.0,0.0,0.0,15.0,10.0,6.5,5.0,"{'original': 6.5, 'alternative': 6.5}",Gonzalo Valenzuela,libertad,libertad,catolica,2,2.0,0.0,0.0,0.0,0.0,0.0,0.0,0.0,0.0,0.0,0.0,0.0,0.0,0.0,0.0,0.0,0.0,0.0,0.0,0.0,0.0,0.0,0.0,0.0,0.0,0.0,0.0,0.0,0.0,0.0,0.0,0.0,0.0,0.0,0.0,0.0,0.0,24.0,0.0,0.0
0.0,0.0,0.0,0.0,0.0,0.0,0.0,0.0,0.0,0.0,0.0,0.0,0,Eduardo Bores,libertad,libertad,catolica,2,0.0,0.0,0.0,0.0,0.0,0.0,0.0,0.0,0.0,0.0,0.0,0.0,0.0,0.0,0.0,0.0,0.0,0.0,0.0,0.0,0.0,0.0,0.0,0.0,0.0,0.0,0.0,0.0,0.0,0.0,0.0,0.0,0.0,0.0,0.0,0.0,0.0,0.0,0.0,0.0
0.0,0.0,0.0,0.0,0.0,0.0,0.0,0.0,0.0,0.0,0.0,0.0,0,Bryan Caicedo,libertad,libertad,catolica,2,0.0,0.0,0.0,0.0,0.0,0.0,0.0,0.0,0.0,0.0,0.0,0.0,0.0,0.0,0.0,0.0,0.0,0.0,0.0,0.0,0.0,0.0,0.0,0.0,0.0,0.0,0.0,0.0,0.0,0.0,0.0,0.0,0.0,0.0,0.0,0.0,0.0,0.0,0.0,0.0
0.0,0.0,0.0,0.0,0.0,0.0,0.0,0.0,0.0,0.0,0.0,0.0,0,Cesar Obando,libertad,libertad,catolica,2,0.0,0.0,0.0,0.0,0.0,0.0,0.0,0.0,0.0,0.0,0.0,0.0,0.0,0.0,0.0,0.0,0.0,0.0,0.0,0.0,0.0,0.0,0.0,0.0,0.0,0.0,0.0,0.0,0.0,0.0,0.0,0.0,0.0,0.0,0.0,0.0,0.0,0.0,0.0,0.0
0.0,0.0,0.0,0.0,0.0,0.0,0.0,0.0,0.0,0.0,0.0,0.0,0,Libinton Angulo,libertad,libertad,catolica,2,0.0,0.0,0.0,0.0,0.0,0.0,0.0,0.0,0.0,0.0,0.0,0.0,0.0,0.0,0.0,0.0,0.0,0.0,0.0,0.0,0.0,0.0,0.0,0.0,0.0,0.0,0.0,0.0,0.0,0.0,0.0,0.0,0.0,0.0,0.0,0.0,0.0,0.0,0.0,0.0
0.0,0.0,0.0,0.0,0.0,0.0,0.0,0.0,0.0,0.0,0.0,0.0,0,Jhon Huilca,libertad,libertad,catolica,2,0.0,0.0,0.0,0.0,0.0,0.0,0.0,0.0,0.0,0.0,0.0,0.0,0.0,0.0,0.0,0.0,0.0,0.0,0.0,0.0,0.0,0.0,0.0,0.0,0.0,0.0,0.0,0.0,0.0,0.0,0.0,0.0,0.0,0.0,0.0,0.0,0.0,0.0,0.0,0.0
29.0,23.0,11.0,5.0,2.0,1.0,1.0,2.0,90.0,41.0,7.3,6.0,"{'original': 7.3, 'alternative': 7.4}",Rafael Romo,catolica,libertad,catolica,2,0.0,0.0,0.0,0.0,0.0,0.0,0.0,3.0,0.0,0.0,0.0,0.0,0.0,1.0,0.0,0.0,0.0,0.0,0.0,0.0,0.0,0.0,1.0,1.0,0.0,0.0,0.0,0.0,0.0,0.0,0.0,0.0,0.0,0.0,0.0,0.0,0.0,23.0,0.0,0.0
33.0,24.0,9.0,6.0,4.0,4.0,0.0,0.0,90.0,53.0,7.4,14.0,"{'original': 7.4, 'alternative': 7.1}",Gregori Anangonó,catolica,libertad,catolica,2,3.0,0.0,0.0,2.0,1.0,0.0,0.0,2.0,1.0,0.0,0.0,1.0,0.0,0.0,0.0,1.0,0.0,0.0,0.0,0.0,0.0,0.0,0.0,0.0,0.0,0.0,0.0,0.0,0.0,0.0,0.0,0.0,0.0,0.0,0.0,0.0,0.0,24.0,0.0,0.0
51.0,46.0,6.0,3.0,3.0,0.0,0.0,0.0,90.0,57.0,7.1,5.0,"{'original': 7.1, 'alternative': 7}",Exon Gustavo Vallecilla,catolica,libertad,catolica,2,0.0,0.0,0.0,1.0,1.0,1.0,0.0,1.0,0.0,0.0,0.0,0.0,1.0,2.0,0.0,0.0,0.0,0.0,0.0,0.0,0.0,0.0,0.0,0.0,0.0,0.0,0.0,0.0,0.0,0.0,0.0,0.0,0.0,0.0,0.0,0.0,0.0,46.0,0.0,0.0
54.0,44.0,10.0,3.0,9.0,3.0,0.0,0.0,90.0,68.0,7.2,12.0,"{'original': 7.2, 'alternative': 7.1}",Fausto Grillo,catolica,libertad,catolica,2,0.0,0.0,0.0,4.0,0.0,0.0,0.0,3.0,0.0,0.0,2.0,0.0,3.0,4.0,0.0,1.0,1.0,0.0,0.0,0.0,0.0,0.0,0.0,0.0,0.0,0.0,0.0,0.0,0.0,0.0,0.0,0.0,0.0,0.0,0.0,0.0,0.0,44.0,0.0,0.0
58.0,52.0,2.0,0.0,4.0,1.0,0.0,0.0,90.0,89.0,7.6,14.0,"{'original': 7.6, 'alternative': 7.2}",Layan Loor,catolica,libertad,catolica,2,3.0,1.0,1.0,3.0,2.0,0.0,1.0,2.0,0.0,1.0,2.0,0.0,0.0,1.0,0.0,1.0,0.0,1.0,0.0,1.0,0.0,0.0,0.0,0.0,0.0,0.0,0.0,0.0,0.0,0.0,0.0,0.0,0.0,0.0,0.0,0.0,2.0,51.99999999999999,2.0,1.0
39.0,34.0,4.0,1.0,3.0,0.0,0.0,0.0,90.0,46.0,6.8,5.0,"{'original': 6.8, 'alternative': 6.8}",Kevin Minda,catolica,libertad,catolica,2,0.0,0.0,2.0,3.0,0.0,0.0,0.0,3.0,0.0,1.0,1.0,0.0,1.0,2.0,0.0,0.0,0.0,0.0,0.0,0.0,0.0,0.0,0.0,0.0,0.0,0.0,0.0,0.0,0.0,0.0,0.0,0.0,0.0,0.0,0.0,0.0,0.0,34.0,0.0,0.0
80.0,76.0,7.0,7.0,4.0,1.0,0.0,0.0,90.0,101.0,8.2,7.0,"{'original': 8.2, 'alternative': 8.1}",Facundo Martinez,catolica,libertad,catolica,2,7.0,5.0,2.0,8.0,1.0,1.0,1.0,2.0,1.0,0.0,2.0,1.0,4.0,0.0,1.0,3.0,1.0,1.0,0.0,2.0,0.0,0.0,0.0,0.0,0.0,0.0,0.0,0.0,0.0,0.0,0.0,0.0,0.0,0.0,0.0,0.0,2.0,76.0,2.0,1.0
26.0,20.0,1.0,0.0,3.0,0.0,0.0,0.0,69.0,35.0,7.2,9.0,"{'original': 7.2, 'alternative': 7.1}",Kevin Quevedo,catolica,libertad,catolica,2,2.0,1.0,1.0,4.0,4.0,3.0,0.0,0.0,0.0,0.0,0.0,0.0,1.0,0.0,0.0,2.0,1.0,2.0,0.0,0.0,0.0,0.0,0.0,0.0,0.0,0.0,0.0,0.0,0.0,0.0,0.0,0.0,0.0,0.0,0.0,0.0,2.0,26.086956521739133,2.608695652173913,2.608695652173913
36.0,31.0,6.0,4.0,0.0,0.0,0.0,0.0,69.0,45.0,7.4,8.0,"{'original': 7.4, 'alternative': 7.5}",Luciano Nieto,catolica,libertad,catolica,2,5.0,3.0,0.0,2.0,0.0,0.0,0.0,0.0,0.0,0.0,0.0,0.0,1.0,0.0,0.0,1.0,1.0,1.0,1.0,0.0,0.0,0.0,0.0,0.0,0.0,0.0,0.0,0.0,0.0,0.0,0.0,0.0,0.0,0.0,0.0,0.0,1.0,40.43478260869565,1.3043478260869565,1.3043478260869565
30.0,26.0,1.0,1.0,2.0,1.0,0.0,0.0,79.0,46.0,7.1,11.0,"{'original': 7.1, 'alternative': 6.8}",Ismael Díaz,catolica,libertad,catolica,2,1.0,0.0,1.0,6.0,2.0,0.0,1.0,0.0,0.0,2.0,1.0,0.0,0.0,0.0,0.0,2.0,3.0,1.0,0.0,0.0,0.0,0.0,0.0,0.0,0.0,0.0,1.0,0.0,0.0,0.0,0.0,0.0,0.0,0.0,0.0,0.0,2.0,29.62025316455696,2.278481012658228,1.139240506329114
10.0,8.0,1.0,1.0,3.0,0.0,0.0,0.0,79.0,23.0,7.1,5.0,"{'original': 7.1, 'alternative': 7}",Jhon Cifuente,catolica,libertad,catolica,2,0.0,0.0,1.0,5.0,3.0,2.0,1.0,0.0,0.0,0.0,0.0,0.0,2.0,1.0,0.0,3.0,1.0,1.0,0.0,2.0,0.0,0.0,0.0,0.0,0.0,0.0,0.0,0.0,0.0,0.0,0.0,0.0,0.0,0.0,0.0,0.0,2.0,9.113924050632912,2.278481012658228,1.139240506329114
12.0,10.0,2.0,2.0,0.0,0.0,0.0,0.0,21.0,16.0,6.5,4.0,"{'original': 6.5, 'alternative': 6.4}",Daniel Clavijo,catolica,libertad,catolica,2,0.0,0.0,0.0,3.0,1.0,0.0,0.0,0.0,0.0,0.0,0.0,0.0,1.0,0.0,0.0,0.0,1.0,0.0,0.0,1.0,0.0,0.0,0.0,0.0,0.0,0.0,0.0,0.0,0.0,0.0,0.0,0.0,0.0,0.0,0.0,0.0,0.0,42.857142857142854,0.0,0.0
7.0,5.0,0.0,0.0,4.0,1.0,0.0,0.0,21.0,11.0,6.6,4.0,"{'original': 6.6, 'alternative': 6.6}",José Fajardo,catolica,libertad,catolica,2,0.0,0.0,1.0,3.0,1.0,0.0,0.0,1.0,0.0,0.0,0.0,0.0,1.0,3.0,0.0,0.0,0.0,0.0,0.0,0.0,0.0,0.0,0.0,0.0,0.0,0.0,0.0,0.0,0.0,0.0,0.0,0.0,0.0,0.0,0.0,0.0,0.0,21.428571428571427,0.0,0.0
0.0,0.0,0.0,0.0,0.0,0.0,0.0,0.0,11.0,6.0,6.4,4.0,"{'original': 6.4, 'alternative': 6.3}",Luis Castillo,catolica,libertad,catolica,2,0.0,0.0,2.0,3.0,0.0,0.0,0.0,1.0,0.0,0.0,0.0,0.0,1.0,0.0,0.0,0.0,0.0,0.0,0.0,0.0,0.0,0.0,0.0,0.0,0.0,0.0,0.0,0.0,0.0,0.0,0.0,0.0,0.0,0.0,0.0,0.0,0.0,0.0,0.0,0.0
5.0,3.0,0.0,0.0,1.0,1.0,0.0,0.0,11.0,8.0,6.9,2.0,"{'original': 6.9, 'alternative': 6.6}",Arón Rodríguez,catolica,libertad,catolica,2,0.0,0.0,0.0,0.0,0.0,0.0,0.0,0.0,0.0,0.0,0.0,0.0,0.0,0.0,0.0,0.0,0.0,0.0,0.0,0.0,0.0,0.0,0.0,0.0,0.0,0.0,0.0,0.0,0.0,0.0,0.0,0.0,0.0,0.0,0.0,0.0,0.0,24.545454545454543,0.0,0.0
0.0,0.0,0.0,0.0,0.0,0.0,0.0,0.0,0.0,0.0,0.0,0.0,0,Elías Valencia,catolica,libertad,catolica,2,0.0,0.0,0.0,0.0,0.0,0.0,0.0,0.0,0.0,0.0,0.0,0.0,0.0,0.0,0.0,0.0,0.0,0.0,0.0,0.0,0.0,0.0,0.0,0.0,0.0,0.0,0.0,0.0,0.0,0.0,0.0,0.0,0.0,0.0,0.0,0.0,0.0,0.0,0.0,0.0
0.0,0.0,0.0,0.0,0.0,0.0,0.0,0.0,0.0,0.0,0.0,0.0,0,Joshue Quinonez,catolica,libertad,catolica,2,0.0,0.0,0.0,0.0,0.0,0.0,0.0,0.0,0.0,0.0,0.0,0.0,0.0,0.0,0.0,0.0,0.0,0.0,0.0,0.0,0.0,0.0,0.0,0.0,0.0,0.0,0.0,0.0,0.0,0.0,0.0,0.0,0.0,0.0,0.0,0.0,0.0,0.0,0.0,0.0
0.0,0.0,0.0,0.0,0.0,0.0,0.0,0.0,0.0,0.0,0.0,0.0,0,Ignacio Mosquera,catolica,libertad,catolica,2,0.0,0.0,0.0,0.0,0.0,0.0,0.0,0.0,0.0,0.0,0.0,0.0,0.0,0.0,0.0,0.0,0.0,0.0,0.0,0.0,0.0,0.0,0.0,0.0,0.0,0.0,0.0,0.0,0.0,0.0,0.0,0.0,0.0,0.0,0.0,0.0,0.0,0.0,0.0,0.0
0.0,0.0,0.0,0.0,0.0,0.0,0.0,0.0,0.0,0.0,0.0,0.0,0,Rooney Troya,catolica,libertad,catolica,2,0.0,0.0,0.0,0.0,0.0,0.0,0.0,0.0,0.0,0.0,0.0,0.0,0.0,0.0,0.0,0.0,0.0,0.0,0.0,0.0,0.0,0.0,0.0,0.0,0.0,0.0,0.0,0.0,0.0,0.0,0.0,0.0,0.0,0.0,0.0,0.0,0.0,0.0,0.0,0.0
0.0,0.0,0.0,0.0,0.0,0.0,0.0,0.0,0.0,0.0,0.0,0.0,0,Luis Moreno,catolica,libertad,catolica,2,0.0,0.0,0.0,0.0,0.0,0.0,0.0,0.0,0.0,0.0,0.0,0.0,0.0,0.0,0.0,0.0,0.0,0.0,0.0,0.0,0.0,0.0,0.0,0.0,0.0,0.0,0.0,0.0,0.0,0.0,0.0,0.0,0.0,0.0,0.0,0.0,0.0,0.0,0.0,0.0
0.0,0.0,0.0,0.0,0.0,0.0,0.0,0.0,0.0,0.0,0.0,0.0,0,Daniel Mejia,catolica,libertad,catolica,2,0.0,0.0,0.0,0.0,0.0,0.0,0.0,0.0,0.0,0.0,0.0,0.0,0.0,0.0,0.0,0.0,0.0,0.0,0.0,0.0,0.0,0.0,0.0,0.0,0.0,0.0,0.0,0.0,0.0,0.0,0.0,0.0,0.0,0.0,0.0,0.0,0.0,0.0,0.0,0.0
0.0,0.0,0.0,0.0,0.0,0.0,0.0,0.0,0.0,0.0,0.0,0.0,0,Janus Vivar,catolica,libertad,catolica,2,0.0,0.0,0.0,0.0,0.0,0.0,0.0,0.0,0.0,0.0,0.0,0.0,0.0,0.0,0.0,0.0,0.0,0.0,0.0,0.0,0.0,0.0,0.0,0.0,0.0,0.0,0.0,0.0,0.0,0.0,0.0,0.0,0.0,0.0,0.0,0.0,0.0,0.0,0.0,0.0
22.0,16.0,14.0,8.0,1.0,1.0,0.0,3.0,90.0,31.0,7.4,6.0,"{'original': 7.4, 'alternative': 7.3}",Cristian Correa,macara,macara,nacional,2,0.0,0.0,0.0,0.0,0.0,0.0,0.0,0.0,0.0,0.0,0.0,0.0,0.0,0.0,0.0,0.0,0.0,0.0,0.0,0.0,0.0,0.0,1.0,0.0,0.0,0.0,0.0,0.0,0.0,0.0,0.0,0.0,0.0,0.0,0.0,0.0,0.0,16.0,0.0,0.0
25.0,14.0,7.0,3.0,10.0,2.0,0.0,0.0,84.0,51.0,7.3,18.0,"{'original': 7.3, 'alternative': 7.3}",Cristopher Angulo,macara,macara,nacional,2,1.0,0.0,1.0,5.0,2.0,0.0,1.0,5.0,1.0,0.0,3.0,0.0,1.0,5.0,0.0,1.0,1.0,1.0,0.0,0.0,0.0,0.0,0.0,0.0,0.0,0.0,0.0,0.0,0.0,0.0,0.0,0.0,0.0,0.0,0.0,0.0,2.0,15.0,2.142857142857143,1.0714285714285714
47.0,38.0,14.0,10.0,5.0,2.0,0.0,0.0,90.0,63.0,8.1,9.0,"{'original': 8.1, 'alternative': 7.8}",Ronaldo Lora,macara,macara,nacional,2,0.0,0.0,2.0,3.0,0.0,0.0,3.0,6.0,1.0,2.0,1.0,0.0,1.0,2.0,0.0,0.0,0.0,0.0,0.0,0.0,0.0,1.0,0.0,0.0,0.0,0.0,0.0,0.0,0.0,0.0,0.0,0.0,0.0,0.0,0.0,0.0,3.0,38.0,3.0,0.0
33.0,24.0,5.0,1.0,4.0,1.0,0.0,0.0,90.0,42.0,7.0,10.0,"{'original': 7, 'alternative': 7}",José Luis Marrufo,macara,macara,nacional,2,0.0,0.0,1.0,2.0,0.0,0.0,0.0,4.0,1.0,0.0,0.0,0.0,1.0,3.0,0.0,0.0,0.0,0.0,0.0,1.0,0.0,0.0,0.0,0.0,0.0,0.0,0.0,0.0,0.0,0.0,0.0,0.0,0.0,0.0,0.0,0.0,0.0,24.0,0.0,0.0
43.0,35.0,9.0,5.0,4.0,1.0,0.0,0.0,90.0,59.0,6.9,16.0,"{'original': 6.9, 'alternative': 7}",Glendys Mina,macara,macara,nacional,2,2.0,1.0,3.0,6.0,1.0,0.0,0.0,1.0,0.0,0.0,1.0,0.0,2.0,2.0,0.0,1.0,0.0,0.0,0.0,0.0,0.0,0.0,0.0,0.0,0.0,0.0,0.0,0.0,0.0,0.0,0.0,0.0,0.0,0.0,0.0,0.0,0.0,35.0,0.0,0.0
20.0,16.0,6.0,3.0,4.0,1.0,0.0,0.0,75.0,39.0,7.0,14.0,"{'original': 7, 'alternative': 6.8}",Jorge Valdez,macara,macara,nacional,2,6.0,0.0,0.0,3.0,1.0,1.0,0.0,0.0,0.0,0.0,1.0,0.0,1.0,1.0,0.0,0.0,2.0,1.0,0.0,3.0,0.0,1.0,0.0,0.0,0.0,0.0,0.0,0.0,0.0,0.0,0.0,0.0,0.0,0.0,0.0,0.0,1.0,19.200000000000003,1.2000000000000002,1.2000000000000002
37.0,27.0,8.0,4.0,4.0,1.0,0.0,0.0,90.0,58.0,7.3,15.0,"{'original': 7.3, 'alternative': 7.2}",Leonel Álvarez,macara,macara,nacional,2,5.0,2.0,0.0,3.0,0.0,0.0,1.0,3.0,0.0,0.0,3.0,1.0,2.0,0.0,0.0,2.0,0.0,0.0,0.0,1.0,0.0,0.0,0.0,0.0,0.0,0.0,0.0,0.0,0.0,0.0,0.0,0.0,0.0,0.0,0.0,0.0,1.0,27.0,1.0,0.0
22.0,17.0,3.0,1.0,3.0,0.0,0.0,0.0,45.0,28.0,6.7,7.0,"{'original': 6.7, 'alternative': 6.7}",Emiliano Romero,macara,macara,nacional,2,0.0,0.0,0.0,1.0,0.0,0.0,0.0,1.0,0.0,0.0,2.0,0.0,0.0,1.0,0.0,0.0,1.0,0.0,0.0,0.0,0.0,0.0,0.0,0.0,0.0,0.0,0.0,0.0,0.0,0.0,0.0,0.0,0.0,0.0,0.0,0.0,0.0,34.0,0.0,0.0
18.0,14.0,4.0,2.0,0.0,0.0,0.0,0.0,84.0,36.0,6.7,16.0,"{'original': 6.7, 'alternative': 6.7}",Miguel Perea,macara,macara,nacional,2,11.0,5.0,3.0,7.0,4.0,0.0,1.0,0.0,0.0,0.0,0.0,0.0,0.0,0.0,0.0,3.0,0.0,0.0,0.0,0.0,0.0,0.0,0.0,0.0,0.0,0.0,1.0,0.0,0.0,0.0,0.0,0.0,0.0,0.0,0.0,0.0,1.0,15.0,1.0714285714285714,0.0
10.0,9.0,1.0,1.0,2.0,2.0,0.0,0.0,66.0,21.0,7.0,4.0,"{'original': 7, 'alternative': 6.9}",Daniel Porozo,macara,macara,nacional,2,1.0,0.0,1.0,4.0,1.0,0.0,1.0,0.0,0.0,1.0,0.0,1.0,1.0,0.0,0.0,2.0,0.0,1.0,0.0,1.0,0.0,0.0,0.0,0.0,0.0,0.0,2.0,0.0,0.0,0.0,0.0,0.0,0.0,0.0,0.0,0.0,2.0,12.272727272727272,2.7272727272727275,1.3636363636363638
20.0,13.0,3.0,1.0,8.0,3.0,0.0,0.0,90.0,44.0,7.9,15.0,"{'original': 7.9, 'alternative': 7.7}",Facundo Pons,macara,macara,nacional,2,0.0,0.0,2.0,6.0,3.0,2.0,0.0,2.0,0.0,0.0,2.0,0.0,4.0,1.0,0.0,1.0,0.0,4.0,1.0,0.0,0.0,0.0,0.0,0.0,0.0,0.0,0.0,0.0,0.0,0.0,0.0,0.0,0.0,0.0,0.0,0.0,4.0,12.999999999999998,4.0,4.0
19.0,15.0,4.0,4.0,4.0,3.0,0.0,0.0,45.0,28.0,7.9,5.0,"{'original': 7.9, 'alternative': 7.7}",Freddy Mina,macara,macara,nacional,2,2.0,1.0,0.0,0.0,1.0,1.0,0.0,1.0,0.0,0.0,0.0,0.0,0.0,0.0,0.0,4.0,0.0,0.0,0.0,0.0,0.0,0.0,0.0,0.0,0.0,0.0,0.0,0.0,0.0,1.0,0.0,0.0,0.0,0.0,0.0,0.0,0.0,30.0,0.0,0.0
5.0,4.0,0.0,0.0,2.0,0.0,0.0,0.0,24.0,13.0,7.2,4.0,"{'original': 7.2, 'alternative': 7}",Joffré Escobar,macara,macara,nacional,2,1.0,0.0,0.0,2.0,0.0,0.0,2.0,0.0,0.0,0.0,1.0,0.0,2.0,1.0,0.0,1.0,0.0,1.0,0.0,1.0,0.0,0.0,0.0,0.0,0.0,0.0,0.0,0.0,0.0,0.0,0.0,0.0,0.0,0.0,0.0,0.0,3.0,15.0,11.25,3.75
4.0,3.0,0.0,0.0,0.0,0.0,0.0,0.0,15.0,6.0,6.6,2.0,"{'original': 6.6, 'alternative': 6.6}",Janpol Morales,macara,macara,nacional,2,2.0,1.0,0.0,0.0,0.0,0.0,0.0,0.0,0.0,0.0,0.0,0.0,0.0,0.0,0.0,0.0,0.0,0.0,0.0,0.0,0.0,0.0,0.0,0.0,0.0,0.0,0.0,0.0,0.0,0.0,0.0,0.0,0.0,0.0,0.0,0.0,0.0,18.0,0.0,0.0
4.0,3.0,0.0,0.0,1.0,1.0,0.0,0.0,14.0,5.0,6.6,1.0,"{'original': 6.6, 'alternative': 6.6}",Mateo Viera,macara,macara,nacional,2,0.0,0.0,0.0,0.0,0.0,0.0,0.0,0.0,0.0,0.0,0.0,0.0,0.0,0.0,0.0,0.0,0.0,0.0,0.0,0.0,0.0,0.0,0.0,0.0,0.0,0.0,0.0,0.0,0.0,0.0,0.0,0.0,0.0,0.0,0.0,0.0,0.0,19.285714285714285,0.0,0.0
2.0,1.0,0.0,0.0,0.0,0.0,0.0,0.0,14.0,5.0,6.5,3.0,"{'original': 6.5, 'alternative': 6.5}",Patricio Ramos,macara,macara,nacional,2,1.0,0.0,0.0,1.0,0.0,0.0,0.0,0.0,0.0,1.0,0.0,1.0,0.0,0.0,0.0,0.0,0.0,0.0,0.0,0.0,0.0,0.0,0.0,0.0,0.0,0.0,0.0,0.0,0.0,0.0,0.0,0.0,0.0,0.0,0.0,0.0,0.0,6.428571428571428,0.0,0.0
0.0,0.0,0.0,0.0,0.0,0.0,0.0,0.0,0.0,0.0,0.0,0.0,0,Jose Cevallos,macara,macara,nacional,2,0.0,0.0,0.0,0.0,0.0,0.0,0.0,0.0,0.0,0.0,0.0,0.0,0.0,0.0,0.0,0.0,0.0,0.0,0.0,0.0,0.0,0.0,0.0,0.0,0.0,0.0,0.0,0.0,0.0,0.0,0.0,0.0,0.0,0.0,0.0,0.0,0.0,0.0,0.0,0.0
0.0,0.0,0.0,0.0,0.0,0.0,0.0,0.0,0.0,0.0,0.0,0.0,0,Edwin Mesa,macara,macara,nacional,2,0.0,0.0,0.0,0.0,0.0,0.0,0.0,0.0,0.0,0.0,0.0,0.0,0.0,0.0,0.0,0.0,0.0,0.0,0.0,0.0,0.0,0.0,0.0,0.0,0.0,0.0,0.0,0.0,0.0,0.0,0.0,0.0,0.0,0.0,0.0,0.0,0.0,0.0,0.0,0.0
0.0,0.0,0.0,0.0,0.0,0.0,0.0,0.0,0.0,0.0,0.0,0.0,0,John Jiménez,macara,macara,nacional,2,0.0,0.0,0.0,0.0,0.0,0.0,0.0,0.0,0.0,0.0,0.0,0.0,0.0,0.0,0.0,0.0,0.0,0.0,0.0,0.0,0.0,0.0,0.0,0.0,0.0,0.0,0.0,0.0,0.0,0.0,0.0,0.0,0.0,0.0,0.0,0.0,0.0,0.0,0.0,0.0
0.0,0.0,0.0,0.0,0.0,0.0,0.0,0.0,0.0,0.0,0.0,0.0,0,Gino Barbieri,macara,macara,nacional,2,0.0,0.0,0.0,0.0,0.0,0.0,0.0,0.0,0.0,0.0,0.0,0.0,0.0,0.0,0.0,0.0,0.0,0.0,0.0,0.0,0.0,0.0,0.0,0.0,0.0,0.0,0.0,0.0,0.0,0.0,0.0,0.0,0.0,0.0,0.0,0.0,0.0,0.0,0.0,0.0
0.0,0.0,0.0,0.0,0.0,0.0,0.0,0.0,0.0,0.0,0.0,0.0,0,Martin Tello,macara,macara,nacional,2,0.0,0.0,0.0,0.0,0.0,0.0,0.0,0.0,0.0,0.0,0.0,0.0,0.0,0.0,0.0,0.0,0.0,0.0,0.0,0.0,0.0,0.0,0.0,0.0,0.0,0.0,0.0,0.0,0.0,0.0,0.0,0.0,0.0,0.0,0.0,0.0,0.0,0.0,0.0,0.0
28.0,9.0,27.0,8.0,0.0,0.0,5.0,7.0,90.0,40.0,8.1,19.0,"{'original': 8.1, 'alternative': 8}",David Cabezas,nacional,macara,nacional,2,0.0,0.0,2.0,2.0,0.0,0.0,0.0,3.0,0.0,0.0,0.0,0.0,0.0,0.0,0.0,0.0,0.0,0.0,0.0,0.0,0.0,0.0,0.0,2.0,0.0,0.0,0.0,0.0,0.0,0.0,0.0,0.0,0.0,0.0,0.0,0.0,0.0,9.0,0.0,0.0
18.0,6.0,14.0,3.0,2.0,0.0,0.0,0.0,90.0,33.0,6.5,14.0,"{'original': 6.5, 'alternative': 6.4}",Daniel Patino,nacional,macara,nacional,2,0.0,0.0,1.0,4.0,0.0,0.0,0.0,7.0,1.0,1.0,2.0,1.0,1.0,0.0,0.0,0.0,1.0,0.0,0.0,0.0,0.0,0.0,0.0,0.0,0.0,0.0,0.0,0.0,0.0,0.0,0.0,0.0,0.0,0.0,0.0,0.0,0.0,6.0,0.0,0.0
20.0,11.0,8.0,2.0,3.0,0.0,0.0,0.0,90.0,47.0,7.1,11.0,"{'original': 7.1, 'alternative': 6.9}",Kevin Peralta,nacional,macara,nacional,2,0.0,0.0,1.0,8.0,1.0,0.0,0.0,15.0,3.0,2.0,0.0,1.0,4.0,3.0,0.0,1.0,1.0,0.0,0.0,0.0,0.0,0.0,0.0,0.0,0.0,0.0,0.0,0.0,0.0,0.0,0.0,0.0,0.0,0.0,0.0,0.0,0.0,11.0,0.0,0.0
7.0,2.0,3.0,1.0,2.0,2.0,0.0,0.0,45.0,12.0,6.7,6.0,"{'original': 6.7, 'alternative': 6.7}",César Vélez,nacional,macara,nacional,2,0.0,0.0,1.0,1.0,0.0,0.0,0.0,1.0,1.0,0.0,0.0,0.0,0.0,0.0,0.0,0.0,0.0,0.0,0.0,0.0,0.0,0.0,0.0,0.0,0.0,0.0,0.0,0.0,0.0,0.0,0.0,0.0,0.0,0.0,0.0,0.0,0.0,4.0,0.0,0.0
10.0,4.0,2.0,0.0,7.0,3.0,0.0,0.0,89.0,30.0,6.9,13.0,"{'original': 6.9, 'alternative': 6.8}",Luis Gomez,nacional,macara,nacional,2,1.0,0.0,0.0,0.0,1.0,1.0,0.0,2.0,0.0,0.0,1.0,0.0,0.0,2.0,0.0,0.0,0.0,0.0,0.0,0.0,0.0,0.0,0.0,0.0,0.0,0.0,0.0,0.0,0.0,0.0,0.0,0.0,0.0,0.0,0.0,0.0,0.0,4.044943820224719,0.0,0.0
12.0,7.0,1.0,0.0,9.0,1.0,0.0,0.0,71.0,25.0,7.1,10.0,"{'original': 7.1, 'alternative': 7.1}",Jhoel Maya,nacional,macara,nacional,2,3.0,0.0,1.0,4.0,1.0,1.0,0.0,0.0,0.0,1.0,4.0,0.0,3.0,3.0,0.0,0.0,1.0,0.0,0.0,0.0,0.0,0.0,0.0,0.0,0.0,0.0,0.0,0.0,0.0,0.0,0.0,0.0,0.0,0.0,0.0,0.0,0.0,8.873239436619718,0.0,0.0
13.0,9.0,2.0,0.0,6.0,4.0,0.0,0.0,90.0,30.0,6.9,8.0,"{'original': 6.9, 'alternative': 6.9}",Jordy Burbano,nacional,macara,nacional,2,2.0,1.0,3.0,7.0,2.0,0.0,1.0,1.0,0.0,0.0,1.0,1.0,1.0,1.0,0.0,0.0,0.0,3.0,0.0,0.0,0.0,0.0,0.0,0.0,0.0,0.0,0.0,0.0,0.0,0.0,0.0,0.0,0.0,0.0,0.0,0.0,4.0,9.0,4.0,3.0
13.0,7.0,1.0,0.0,2.0,0.0,0.0,0.0,59.0,18.0,5.5,8.0,"{'original': 5.5, 'alternative': 5.5}",J Zambrano,nacional,macara,nacional,2,0.0,0.0,3.0,9.0,2.0,0.0,0.0,0.0,0.0,0.0,2.0,1.0,3.0,0.0,0.0,1.0,0.0,0.0,0.0,1.0,0.0,0.0,0.0,0.0,0.0,0.0,0.0,0.0,0.0,0.0,0.0,0.0,0.0,0.0,0.0,0.0,0.0,10.677966101694915,0.0,0.0
11.0,5.0,2.0,0.0,3.0,2.0,0.0,0.0,90.0,39.0,6.5,18.0,"{'original': 6.5, 'alternative': 6.4}",Byron Torrez,nacional,macara,nacional,2,0.0,0.0,2.0,5.0,3.0,0.0,2.0,4.0,0.0,2.0,1.0,0.0,0.0,0.0,0.0,1.0,0.0,0.0,0.0,1.0,0.0,0.0,0.0,0.0,0.0,0.0,0.0,0.0,0.0,0.0,0.0,0.0,0.0,0.0,0.0,0.0,2.0,5.0,2.0,0.0
11.0,6.0,2.0,0.0,0.0,0.0,0.0,0.0,45.0,18.0,6.7,8.0,"{'original': 6.7, 'alternative': 6.7}",Andres Mena,nacional,macara,nacional,2,3.0,0.0,0.0,1.0,0.0,0.0,1.0,2.0,1.0,0.0,0.0,0.0,1.0,0.0,0.0,0.0,0.0,0.0,0.0,0.0,0.0,0.0,0.0,0.0,0.0,0.0,0.0,0.0,0.0,0.0,0.0,0.0,0.0,0.0,0.0,0.0,1.0,12.0,2.0,0.0
5.0,3.0,0.0,0.0,2.0,1.0,0.0,0.0,79.0,10.0,6.7,4.0,"{'original': 6.7, 'alternative': 6.7}",Gustavo Asprilla,nacional,macara,nacional,2,1.0,0.0,2.0,5.0,0.0,0.0,1.0,0.0,1.0,0.0,0.0,0.0,2.0,1.0,0.0,0.0,1.0,0.0,0.0,0.0,0.0,0.0,0.0,0.0,0.0,0.0,0.0,0.0,0.0,0.0,0.0,0.0,0.0,0.0,0.0,0.0,1.0,3.4177215189873418,1.139240506329114,0.0
5.0,4.0,0.0,0.0,2.0,0.0,0.0,0.0,45.0,15.0,6.6,3.0,"{'original': 6.6, 'alternative': 6.6}",Teddye Lara,nacional,macara,nacional,2,3.0,1.0,0.0,2.0,1.0,1.0,0.0,3.0,0.0,0.0,1.0,0.0,2.0,0.0,0.0,2.0,0.0,0.0,0.0,0.0,0.0,0.0,0.0,0.0,0.0,0.0,0.0,0.0,1.0,0.0,0.0,0.0,0.0,0.0,0.0,0.0,0.0,8.0,0.0,0.0
3.0,1.0,2.0,0.0,2.0,0.0,0.0,0.0,45.0,7.0,6.6,2.0,"{'original': 6.6, 'alternative': 6.6}",Wilder Estupiñan,nacional,macara,nacional,2,0.0,0.0,0.0,0.0,0.0,0.0,1.0,2.0,0.0,0.0,1.0,0.0,0.0,1.0,0.0,0.0,0.0,0.0,0.0,0.0,0.0,0.0,0.0,0.0,0.0,0.0,0.0,0.0,0.0,0.0,0.0,0.0,0.0,0.0,0.0,0.0,1.0,2.0,2.0,0.0
4.0,1.0,0.0,0.0,2.0,0.0,0.0,0.0,19.0,8.0,6.3,4.0,"{'original': 6.3, 'alternative': 6.4}",Jonathan Zambrano,nacional,macara,nacional,2,1.0,1.0,0.0,1.0,1.0,0.0,0.0,0.0,0.0,0.0,0.0,0.0,0.0,2.0,0.0,0.0,0.0,0.0,0.0,1.0,0.0,0.0,0.0,0.0,0.0,0.0,0.0,0.0,0.0,0.0,0.0,0.0,0.0,0.0,0.0,0.0,0.0,4.7368421052631575,0.0,0.0
1.0,1.0,0.0,0.0,1.0,1.0,0.0,0.0,11.0,5.0,6.4,1.0,"{'original': 6.4, 'alternative': 6.4}",Jhon Caicedo,nacional,macara,nacional,2,0.0,0.0,0.0,3.0,1.0,0.0,0.0,0.0,0.0,1.0,0.0,0.0,2.0,0.0,0.0,0.0,0.0,0.0,0.0,0.0,0.0,0.0,0.0,0.0,0.0,0.0,0.0,0.0,0.0,0.0,0.0,0.0,0.0,0.0,0.0,0.0,0.0,8.181818181818182,0.0,0.0
0.0,0.0,0.0,0.0,0.0,0.0,0.0,0.0,1.0,1.0,0.0,0.0,0,Luis Benalcazar,nacional,macara,nacional,2,0.0,0.0,0.0,0.0,0.0,0.0,0.0,0.0,0.0,0.0,0.0,0.0,0.0,0.0,0.0,0.0,0.0,0.0,0.0,0.0,0.0,0.0,0.0,0.0,0.0,0.0,0.0,0.0,0.0,0.0,0.0,0.0,0.0,0.0,0.0,0.0,0.0,0.0,0.0,0.0
0.0,0.0,0.0,0.0,0.0,0.0,0.0,0.0,0.0,0.0,0.0,0.0,0,Mateo Lozano,nacional,macara,nacional,2,0.0,0.0,0.0,0.0,0.0,0.0,0.0,0.0,0.0,0.0,0.0,0.0,0.0,0.0,0.0,0.0,0.0,0.0,0.0,0.0,0.0,0.0,0.0,0.0,0.0,0.0,0.0,0.0,0.0,0.0,0.0,0.0,0.0,0.0,0.0,0.0,0.0,0.0,0.0,0.0
0.0,0.0,0.0,0.0,0.0,0.0,0.0,0.0,0.0,0.0,0.0,0.0,0,Elian Arboleda,nacional,macara,nacional,2,0.0,0.0,0.0,0.0,0.0,0.0,0.0,0.0,0.0,0.0,0.0,0.0,0.0,0.0,0.0,0.0,0.0,0.0,0.0,0.0,0.0,0.0,0.0,0.0,0.0,0.0,0.0,0.0,0.0,0.0,0.0,0.0,0.0,0.0,0.0,0.0,0.0,0.0,0.0,0.0
0.0,0.0,0.0,0.0,0.0,0.0,0.0,0.0,0.0,0.0,0.0,0.0,0,Anthony Piloso,nacional,macara,nacional,2,0.0,0.0,0.0,0.0,0.0,0.0,0.0,0.0,0.0,0.0,0.0,0.0,0.0,0.0,0.0,0.0,0.0,0.0,0.0,0.0,0.0,0.0,0.0,0.0,0.0,0.0,0.0,0.0,0.0,0.0,0.0,0.0,0.0,0.0,0.0,0.0,0.0,0.0,0.0,0.0
0.0,0.0,0.0,0.0,0.0,0.0,0.0,0.0,0.0,0.0,0.0,0.0,0,Josué Chala,nacional,macara,nacional,2,0.0,0.0,0.0,0.0,0.0,0.0,0.0,0.0,0.0,0.0,0.0,0.0,0.0,0.0,0.0,0.0,0.0,0.0,0.0,0.0,0.0,0.0,0.0,0.0,0.0,0.0,0.0,0.0,0.0,0.0,0.0,0.0,0.0,0.0,0.0,0.0,0.0,0.0,0.0,0.0
0.0,0.0,0.0,0.0,0.0,0.0,0.0,0.0,0.0,0.0,0.0,0.0,0,Anthony Espinoza,nacional,macara,nacional,2,0.0,0.0,0.0,0.0,0.0,0.0,0.0,0.0,0.0,0.0,0.0,0.0,0.0,0.0,0.0,0.0,0.0,0.0,0.0,0.0,0.0,0.0,0.0,0.0,0.0,0.0,0.0,0.0,0.0,0.0,0.0,0.0,0.0,0.0,0.0,0.0,0.0,0.0,0.0,0.0
0.0,0.0,0.0,0.0,0.0,0.0,0.0,0.0,0.0,0.0,0.0,0.0,0,Tommy Acurio,nacional,macara,nacional,2,0.0,0.0,0.0,0.0,0.0,0.0,0.0,0.0,0.0,0.0,0.0,0.0,0.0,0.0,0.0,0.0,0.0,0.0,0.0,0.0,0.0,0.0,0.0,0.0,0.0,0.0,0.0,0.0,0.0,0.0,0.0,0.0,0.0,0.0,0.0,0.0,0.0,0.0,0.0,0.0
0.0,0.0,0.0,0.0,0.0,0.0,0.0,0.0,0.0,0.0,0.0,0.0,0,Sebastián Zumba,nacional,macara,nacional,2,0.0,0.0,0.0,0.0,0.0,0.0,0.0,0.0,0.0,0.0,0.0,0.0,0.0,0.0,0.0,0.0,0.0,0.0,0.0,0.0,0.0,0.0,0.0,0.0,0.0,0.0,0.0,0.0,0.0,0.0,0.0,0.0,0.0,0.0,0.0,0.0,0.0,0.0,0.0,0.0
32.0,30.0,11.0,9.0,0.0,0.0,2.0,4.0,90.0,39.0,7.3,3.0,"{'original': 7.3, 'alternative': 6.9}",Rolando David Silva,orense,orense,cuenca,2,0.0,0.0,0.0,0.0,0.0,0.0,0.0,0.0,0.0,0.0,0.0,0.0,0.0,0.0,0.0,0.0,0.0,0.0,0.0,0.0,0.0,0.0,0.0,0.0,0.0,0.0,0.0,0.0,0.0,0.0,0.0,0.0,0.0,0.0,0.0,0.0,0.0,30.0,0.0,0.0
42.0,31.0,6.0,3.0,3.0,1.0,0.0,0.0,90.0,61.0,7.3,18.0,"{'original': 7.3, 'alternative': 7.3}",Pedro Velasco,orense,orense,cuenca,2,5.0,2.0,1.0,1.0,1.0,1.0,0.0,2.0,0.0,0.0,0.0,0.0,0.0,1.0,1.0,2.0,0.0,0.0,0.0,0.0,1.0,0.0,0.0,0.0,0.0,0.0,0.0,0.0,0.0,0.0,0.0,0.0,0.0,0.0,0.0,0.0,0.0,31.0,0.0,0.0
49.0,44.0,7.0,4.0,6.0,3.0,0.0,0.0,90.0,57.0,6.8,5.0,"{'original': 6.8, 'alternative': 6.6}",Gabriel Achilier,orense,orense,cuenca,2,0.0,0.0,2.0,3.0,0.0,0.0,0.0,2.0,0.0,1.0,0.0,1.0,0.0,3.0,0.0,0.0,0.0,0.0,0.0,0.0,0.0,0.0,0.0,0.0,0.0,0.0,0.0,0.0,0.0,0.0,0.0,0.0,0.0,0.0,0.0,0.0,0.0,44.0,0.0,0.0
45.0,35.0,5.0,2.0,8.0,0.0,0.0,0.0,90.0,58.0,6.9,11.0,"{'original': 6.9, 'alternative': 6.9}",Nicolas Del Grecco,orense,orense,cuenca,2,0.0,0.0,5.0,7.0,0.0,0.0,2.0,8.0,0.0,2.0,0.0,0.0,2.0,8.0,0.0,0.0,0.0,0.0,0.0,0.0,0.0,0.0,0.0,0.0,0.0,0.0,0.0,0.0,0.0,0.0,0.0,0.0,0.0,0.0,0.0,0.0,2.0,35.0,2.0,0.0
36.0,30.0,2.0,1.0,5.0,2.0,0.0,0.0,90.0,58.0,6.9,11.0,"{'original': 6.9, 'alternative': 6.7}",Bryan Elian Vinan Rodriguez,orense,orense,cuenca,2,3.0,1.0,2.0,5.0,0.0,0.0,0.0,1.0,1.0,1.0,1.0,1.0,1.0,2.0,0.0,0.0,1.0,0.0,0.0,0.0,0.0,0.0,0.0,0.0,0.0,0.0,0.0,0.0,0.0,0.0,0.0,0.0,0.0,0.0,0.0,0.0,0.0,30.0,0.0,0.0
11.0,10.0,2.0,1.0,1.0,0.0,0.0,0.0,45.0,16.0,6.7,3.0,"{'original': 6.7, 'alternative': 6.7}",Richard Calderón,orense,orense,cuenca,2,1.0,1.0,0.0,1.0,0.0,0.0,2.0,0.0,0.0,0.0,0.0,0.0,1.0,1.0,0.0,0.0,0.0,0.0,0.0,0.0,0.0,0.0,0.0,0.0,0.0,0.0,0.0,0.0,0.0,0.0,0.0,0.0,0.0,0.0,0.0,0.0,2.0,20.0,4.0,0.0
42.0,36.0,8.0,5.0,4.0,2.0,0.0,0.0,82.0,48.0,6.9,6.0,"{'original': 6.9, 'alternative': 6.9}",Emiliano Sosa,orense,orense,cuenca,2,0.0,0.0,2.0,2.0,0.0,0.0,0.0,0.0,0.0,1.0,1.0,0.0,0.0,1.0,0.0,0.0,0.0,0.0,0.0,0.0,0.0,0.0,0.0,0.0,0.0,0.0,0.0,0.0,0.0,0.0,0.0,0.0,0.0,0.0,0.0,0.0,0.0,39.51219512195122,0.0,0.0
37.0,34.0,4.0,4.0,5.0,4.0,0.0,0.0,75.0,44.0,7.1,4.0,"{'original': 7.1, 'alternative': 6.9}",Erick Plúas,orense,orense,cuenca,2,0.0,0.0,1.0,3.0,1.0,1.0,0.0,0.0,0.0,0.0,0.0,0.0,2.0,0.0,0.0,1.0,0.0,0.0,0.0,0.0,0.0,0.0,0.0,0.0,0.0,0.0,0.0,0.0,0.0,0.0,0.0,0.0,0.0,0.0,0.0,0.0,0.0,40.8,0.0,0.0
19.0,15.0,4.0,1.0,2.0,1.0,0.0,0.0,69.0,31.0,6.8,12.0,"{'original': 6.8, 'alternative': 6.7}",Marcelo Eggel,orense,orense,cuenca,2,6.0,1.0,0.0,4.0,1.0,0.0,1.0,0.0,0.0,0.0,1.0,0.0,4.0,0.0,0.0,2.0,0.0,0.0,0.0,0.0,0.0,0.0,0.0,0.0,0.0,0.0,0.0,0.0,0.0,0.0,0.0,0.0,0.0,0.0,0.0,0.0,1.0,19.565217391304348,1.3043478260869565,0.0
23.0,15.0,0.0,0.0,6.0,3.0,0.0,0.0,90.0,38.0,7.4,15.0,"{'original': 7.4, 'alternative': 7.2}",Walter Agustin Herrera,orense,orense,cuenca,2,0.0,0.0,0.0,5.0,1.0,1.0,0.0,0.0,0.0,0.0,1.0,0.0,2.0,1.0,0.0,0.0,3.0,1.0,1.0,0.0,0.0,0.0,0.0,0.0,0.0,0.0,0.0,0.0,0.0,0.0,0.0,0.0,0.0,0.0,0.0,0.0,1.0,15.0,1.0,1.0
21.0,11.0,2.0,1.0,0.0,0.0,0.0,0.0,82.0,30.0,6.6,14.0,"{'original': 6.6, 'alternative': 6.5}",Robert Burbano,orense,orense,cuenca,2,1.0,1.0,2.0,3.0,0.0,0.0,0.0,0.0,0.0,1.0,0.0,0.0,1.0,0.0,0.0,0.0,0.0,0.0,0.0,1.0,0.0,0.0,0.0,0.0,0.0,0.0,1.0,0.0,0.0,0.0,0.0,0.0,0.0,0.0,0.0,0.0,0.0,12.073170731707318,0.0,0.0
6.0,4.0,0.0,0.0,1.0,1.0,0.0,0.0,45.0,12.0,6.7,4.0,"{'original': 6.7, 'alternative': 6.7}",Agustin Maziero,orense,orense,cuenca,2,3.0,1.0,2.0,4.0,0.0,0.0,0.0,0.0,0.0,0.0,0.0,1.0,1.0,0.0,0.0,2.0,0.0,0.0,0.0,1.0,0.0,0.0,0.0,0.0,0.0,0.0,1.0,0.0,0.0,0.0,0.0,0.0,0.0,0.0,0.0,0.0,0.0,8.0,0.0,0.0
8.0,6.0,1.0,0.0,3.0,1.0,0.0,0.0,21.0,16.0,6.7,6.0,"{'original': 6.7, 'alternative': 6.7}",Cristian Barros,orense,orense,cuenca,2,2.0,1.0,1.0,3.0,1.0,0.0,0.0,0.0,0.0,0.0,0.0,0.0,0.0,2.0,0.0,1.0,1.0,1.0,0.0,1.0,0.0,0.0,0.0,0.0,0.0,0.0,0.0,0.0,0.0,0.0,0.0,0.0,0.0,0.0,0.0,0.0,1.0,25.71428571428571,4.285714285714286,4.285714285714286
3.0,2.0,1.0,0.0,0.0,0.0,0.0,0.0,15.0,6.0,6.5,2.0,"{'original': 6.5, 'alternative': 6.5}",Santiago Kubiszyn,orense,orense,cuenca,2,0.0,0.0,0.0,1.0,0.0,0.0,0.0,1.0,0.0,0.0,0.0,0.0,2.0,0.0,0.0,1.0,0.0,0.0,0.0,0.0,0.0,0.0,0.0,0.0,0.0,0.0,0.0,0.0,0.0,0.0,0.0,0.0,0.0,0.0,0.0,0.0,0.0,12.0,0.0,0.0
5.0,3.0,1.0,0.0,2.0,1.0,0.0,0.0,8.0,7.0,6.8,2.0,"{'original': 6.8, 'alternative': 6.8}",José Andrade,orense,orense,cuenca,2,0.0,0.0,0.0,1.0,0.0,0.0,0.0,0.0,0.0,0.0,0.0,0.0,1.0,1.0,0.0,0.0,0.0,1.0,0.0,0.0,0.0,0.0,0.0,0.0,0.0,0.0,0.0,0.0,0.0,0.0,0.0,0.0,0.0,0.0,0.0,0.0,1.0,33.75,11.25,11.25
1.0,1.0,0.0,0.0,1.0,1.0,0.0,0.0,8.0,5.0,6.9,0.0,"{'original': 6.9, 'alternative': 6.7}",Erick Zambrano,orense,orense,cuenca,2,0.0,0.0,1.0,1.0,0.0,0.0,1.0,1.0,0.0,0.0,0.0,0.0,0.0,0.0,0.0,0.0,0.0,0.0,0.0,0.0,0.0,0.0,0.0,0.0,0.0,0.0,0.0,0.0,0.0,0.0,0.0,0.0,0.0,0.0,0.0,0.0,1.0,11.25,11.25,0.0
0.0,0.0,0.0,0.0,0.0,0.0,0.0,0.0,0.0,0.0,0.0,0.0,0,José Cárdenas,orense,orense,cuenca,2,0.0,0.0,0.0,0.0,0.0,0.0,0.0,0.0,0.0,0.0,0.0,0.0,0.0,0.0,0.0,0.0,0.0,0.0,0.0,0.0,0.0,0.0,0.0,0.0,0.0,0.0,0.0,0.0,0.0,0.0,0.0,0.0,0.0,0.0,0.0,0.0,0.0,0.0,0.0,0.0
0.0,0.0,0.0,0.0,0.0,0.0,0.0,0.0,0.0,0.0,0.0,0.0,0,Marlon Quiñónez,orense,orense,cuenca,2,0.0,0.0,0.0,0.0,0.0,0.0,0.0,0.0,0.0,0.0,0.0,0.0,0.0,0.0,0.0,0.0,0.0,0.0,0.0,0.0,0.0,0.0,0.0,0.0,0.0,0.0,0.0,0.0,0.0,0.0,0.0,0.0,0.0,0.0,0.0,0.0,0.0,0.0,0.0,0.0
0.0,0.0,0.0,0.0,0.0,0.0,0.0,0.0,0.0,0.0,0.0,0.0,0,Jose Luis Monaga Quinonez,orense,orense,cuenca,2,0.0,0.0,0.0,0.0,0.0,0.0,0.0,0.0,0.0,0.0,0.0,0.0,0.0,0.0,0.0,0.0,0.0,0.0,0.0,0.0,0.0,0.0,0.0,0.0,0.0,0.0,0.0,0.0,0.0,0.0,0.0,0.0,0.0,0.0,0.0,0.0,0.0,0.0,0.0,0.0
0.0,0.0,0.0,0.0,0.0,0.0,0.0,0.0,0.0,0.0,0.0,0.0,0,Sergio Vasquez,orense,orense,cuenca,2,0.0,0.0,0.0,0.0,0.0,0.0,0.0,0.0,0.0,0.0,0.0,0.0,0.0,0.0,0.0,0.0,0.0,0.0,0.0,0.0,0.0,0.0,0.0,0.0,0.0,0.0,0.0,0.0,0.0,0.0,0.0,0.0,0.0,0.0,0.0,0.0,0.0,0.0,0.0,0.0
0.0,0.0,0.0,0.0,0.0,0.0,0.0,0.0,0.0,0.0,0.0,0.0,0,Dany Coronel,orense,orense,cuenca,2,0.0,0.0,0.0,0.0,0.0,0.0,0.0,0.0,0.0,0.0,0.0,0.0,0.0,0.0,0.0,0.0,0.0,0.0,0.0,0.0,0.0,0.0,0.0,0.0,0.0,0.0,0.0,0.0,0.0,0.0,0.0,0.0,0.0,0.0,0.0,0.0,0.0,0.0,0.0,0.0
0.0,0.0,0.0,0.0,0.0,0.0,0.0,0.0,0.0,0.0,0.0,0.0,0,Ariel Suarez,orense,orense,cuenca,2,0.0,0.0,0.0,0.0,0.0,0.0,0.0,0.0,0.0,0.0,0.0,0.0,0.0,0.0,0.0,0.0,0.0,0.0,0.0,0.0,0.0,0.0,0.0,0.0,0.0,0.0,0.0,0.0,0.0,0.0,0.0,0.0,0.0,0.0,0.0,0.0,0.0,0.0,0.0,0.0
0.0,0.0,0.0,0.0,0.0,0.0,0.0,0.0,0.0,0.0,0.0,0.0,0,Bryan Quinonez,orense,orense,cuenca,2,0.0,0.0,0.0,0.0,0.0,0.0,0.0,0.0,0.0,0.0,0.0,0.0,0.0,0.0,0.0,0.0,0.0,0.0,0.0,0.0,0.0,0.0,0.0,0.0,0.0,0.0,0.0,0.0,0.0,0.0,0.0,0.0,0.0,0.0,0.0,0.0,0.0,0.0,0.0,0.0
25.0,13.0,21.0,9.0,2.0,1.0,1.0,2.0,90.0,31.0,6.9,13.0,"{'original': 6.9, 'alternative': 6.8}",Hamilton Piedra,cuenca,orense,cuenca,2,0.0,0.0,0.0,0.0,0.0,0.0,0.0,1.0,0.0,0.0,0.0,0.0,0.0,1.0,0.0,0.0,0.0,0.0,0.0,0.0,0.0,0.0,0.0,1.0,0.0,0.0,0.0,0.0,0.0,0.0,0.0,0.0,0.0,0.0,0.0,0.0,0.0,12.999999999999998,0.0,0.0
30.0,22.0,5.0,0.0,5.0,1.0,0.0,0.0,90.0,43.0,6.9,9.0,"{'original': 6.9, 'alternative': 6.9}",Ronny Biojo,cuenca,orense,cuenca,2,0.0,0.0,0.0,2.0,0.0,0.0,0.0,4.0,2.0,0.0,2.0,0.0,2.0,2.0,0.0,0.0,0.0,0.0,0.0,0.0,0.0,0.0,0.0,0.0,0.0,0.0,0.0,0.0,0.0,0.0,0.0,0.0,0.0,0.0,0.0,0.0,0.0,22.0,0.0,0.0
24.0,20.0,6.0,2.0,3.0,1.0,0.0,0.0,90.0,30.0,6.6,4.0,"{'original': 6.6, 'alternative': 6.6}",Sixto Mina,cuenca,orense,cuenca,2,0.0,0.0,1.0,1.0,0.0,0.0,0.0,4.0,0.0,1.0,0.0,0.0,0.0,2.0,0.0,0.0,0.0,0.0,0.0,0.0,0.0,0.0,0.0,0.0,0.0,0.0,0.0,0.0,0.0,0.0,0.0,0.0,0.0,0.0,0.0,0.0,0.0,20.0,0.0,0.0
27.0,21.0,6.0,2.0,4.0,2.0,0.0,0.0,90.0,40.0,6.8,7.0,"{'original': 6.8, 'alternative': 6.6}",Ivan Piedra,cuenca,orense,cuenca,2,0.0,0.0,1.0,2.0,0.0,0.0,0.0,3.0,0.0,1.0,1.0,0.0,1.0,1.0,0.0,1.0,0.0,0.0,0.0,1.0,0.0,0.0,0.0,0.0,0.0,0.0,0.0,0.0,0.0,0.0,0.0,0.0,0.0,0.0,0.0,0.0,0.0,21.0,0.0,0.0
10.0,9.0,1.0,1.0,3.0,2.0,0.0,0.0,60.0,21.0,6.8,3.0,"{'original': 6.8, 'alternative': 6.6}",Esteban Davila,cuenca,orense,cuenca,2,2.0,0.0,1.0,2.0,0.0,0.0,1.0,1.0,0.0,0.0,0.0,0.0,1.0,1.0,0.0,0.0,0.0,0.0,0.0,0.0,0.0,0.0,0.0,0.0,0.0,0.0,0.0,0.0,0.0,0.0,0.0,0.0,0.0,0.0,0.0,0.0,1.0,13.5,1.5,0.0
49.0,40.0,8.0,3.0,4.0,1.0,0.0,0.0,90.0,59.0,6.6,13.0,"{'original': 6.6, 'alternative': 6.5}",Rodrigo Melo,cuenca,orense,cuenca,2,0.0,0.0,2.0,7.0,2.0,1.0,0.0,2.0,0.0,1.0,0.0,0.0,3.0,2.0,0.0,0.0,1.0,1.0,0.0,0.0,0.0,0.0,0.0,0.0,0.0,0.0,0.0,0.0,0.0,0.0,0.0,0.0,0.0,0.0,0.0,0.0,1.0,40.0,1.0,1.0
34.0,28.0,5.0,3.0,3.0,2.0,0.0,0.0,90.0,41.0,6.8,7.0,"{'original': 6.8, 'alternative': 6.7}",Bryan Corozo,cuenca,orense,cuenca,2,0.0,0.0,0.0,2.0,0.0,0.0,1.0,1.0,0.0,0.0,1.0,0.0,2.0,0.0,0.0,0.0,0.0,0.0,0.0,0.0,0.0,0.0,0.0,0.0,0.0,0.0,0.0,0.0,0.0,0.0,0.0,0.0,0.0,0.0,0.0,0.0,1.0,28.0,1.0,0.0
21.0,13.0,6.0,0.0,0.0,0.0,0.0,0.0,60.0,34.0,6.3,13.0,"{'original': 6.3, 'alternative': 6.2}",Nazareno Romero,cuenca,orense,cuenca,2,4.0,2.0,0.0,5.0,1.0,0.0,0.0,1.0,0.0,0.0,0.0,2.0,2.0,0.0,0.0,2.0,0.0,0.0,0.0,0.0,0.0,0.0,0.0,0.0,0.0,0.0,0.0,0.0,0.0,0.0,0.0,0.0,0.0,0.0,0.0,0.0,0.0,19.5,0.0,0.0
22.0,19.0,0.0,0.0,4.0,1.0,0.0,0.0,76.0,31.0,7.2,7.0,"{'original': 7.2, 'alternative': 7.1}",Walter Chalá,cuenca,orense,cuenca,2,1.0,0.0,4.0,8.0,0.0,0.0,1.0,0.0,0.0,0.0,0.0,0.0,4.0,3.0,1.0,1.0,1.0,1.0,0.0,0.0,1.0,0.0,0.0,0.0,0.0,0.0,3.0,0.0,0.0,0.0,0.0,0.0,0.0,0.0,0.0,0.0,2.0,22.5,2.3684210526315788,1.1842105263157894
17.0,12.0,1.0,1.0,3.0,1.0,0.0,0.0,64.0,23.0,7.2,8.0,"{'original': 7.2, 'alternative': 7.1}",Raúl Becerra,cuenca,orense,cuenca,2,0.0,0.0,3.0,4.0,0.0,0.0,0.0,1.0,0.0,0.0,0.0,1.0,0.0,2.0,0.0,0.0,0.0,1.0,1.0,0.0,0.0,0.0,0.0,0.0,0.0,0.0,0.0,0.0,0.0,0.0,0.0,0.0,0.0,0.0,0.0,0.0,1.0,16.875,1.40625,1.40625
11.0,6.0,0.0,0.0,2.0,2.0,0.0,0.0,60.0,19.0,6.8,8.0,"{'original': 6.8, 'alternative': 6.8}",Danny Luna,cuenca,orense,cuenca,2,4.0,2.0,1.0,1.0,0.0,0.0,0.0,0.0,0.0,0.0,0.0,0.0,1.0,0.0,0.0,2.0,0.0,0.0,0.0,0.0,0.0,0.0,0.0,0.0,0.0,0.0,0.0,0.0,0.0,0.0,0.0,0.0,0.0,0.0,0.0,0.0,0.0,9.0,0.0,0.0
9.0,7.0,0.0,0.0,2.0,0.0,0.0,0.0,30.0,13.0,6.9,4.0,"{'original': 6.9, 'alternative': 6.8}",Marcos Andrés López,cuenca,orense,cuenca,2,0.0,0.0,1.0,1.0,0.0,0.0,0.0,0.0,0.0,0.0,2.0,0.0,0.0,0.0,0.0,1.0,0.0,0.0,0.0,0.0,0.0,0.0,0.0,0.0,0.0,0.0,0.0,0.0,0.0,0.0,0.0,0.0,0.0,0.0,0.0,0.0,0.0,21.0,0.0,0.0
7.0,4.0,1.0,1.0,5.0,1.0,0.0,0.0,30.0,13.0,6.7,4.0,"{'original': 6.7, 'alternative': 6.7}",Yorkaeff Caicedo,cuenca,orense,cuenca,2,0.0,0.0,0.0,3.0,0.0,0.0,0.0,1.0,0.0,0.0,1.0,0.0,3.0,3.0,0.0,0.0,0.0,0.0,0.0,0.0,0.0,0.0,0.0,0.0,0.0,0.0,0.0,0.0,0.0,0.0,0.0,0.0,0.0,0.0,0.0,0.0,0.0,12.0,0.0,0.0
7.0,5.0,0.0,0.0,2.0,0.0,0.0,0.0,30.0,12.0,6.9,4.0,"{'original': 6.9, 'alternative': 6.8}",Luis Aldair Arroyo Cabeza,cuenca,orense,cuenca,2,0.0,0.0,1.0,3.0,1.0,1.0,0.0,0.0,0.0,0.0,0.0,0.0,2.0,1.0,0.0,1.0,0.0,1.0,0.0,0.0,0.0,0.0,0.0,0.0,0.0,0.0,1.0,0.0,0.0,0.0,0.0,0.0,0.0,0.0,0.0,0.0,1.0,15.0,3.0,3.0
5.0,3.0,0.0,0.0,0.0,0.0,0.0,0.0,26.0,10.0,6.8,4.0,"{'original': 6.8, 'alternative': 6.8}",Pablo Daniel Magnin,cuenca,orense,cuenca,2,0.0,0.0,4.0,5.0,0.0,0.0,1.0,0.0,1.0,0.0,0.0,0.0,1.0,0.0,0.0,0.0,0.0,1.0,0.0,0.0,0.0,0.0,0.0,0.0,0.0,0.0,0.0,0.0,0.0,0.0,0.0,0.0,0.0,0.0,0.0,0.0,2.0,10.384615384615385,6.923076923076923,3.4615384615384617
2.0,1.0,1.0,0.0,2.0,0.0,0.0,0.0,14.0,8.0,6.8,5.0,"{'original': 6.8, 'alternative': 6.8}",Lucas Mancinelli,cuenca,orense,cuenca,2,4.0,1.0,1.0,1.0,1.0,1.0,0.0,0.0,0.0,0.0,0.0,0.0,0.0,1.0,0.0,1.0,0.0,0.0,0.0,0.0,0.0,0.0,0.0,0.0,0.0,0.0,0.0,0.0,0.0,0.0,0.0,0.0,0.0,0.0,0.0,0.0,0.0,6.428571428571428,0.0,0.0
0.0,0.0,0.0,0.0,0.0,0.0,0.0,0.0,0.0,0.0,0.0,0.0,0,Eduardo Jiménez,cuenca,orense,cuenca,2,0.0,0.0,0.0,0.0,0.0,0.0,0.0,0.0,0.0,0.0,0.0,0.0,0.0,0.0,0.0,0.0,0.0,0.0,0.0,0.0,0.0,0.0,0.0,0.0,0.0,0.0,0.0,0.0,0.0,0.0,0.0,0.0,0.0,0.0,0.0,0.0,0.0,0.0,0.0,0.0
0.0,0.0,0.0,0.0,0.0,0.0,0.0,0.0,0.0,0.0,0.0,0.0,0,Guillermo Fratta,cuenca,orense,cuenca,2,0.0,0.0,0.0,0.0,0.0,0.0,0.0,0.0,0.0,0.0,0.0,0.0,0.0,0.0,0.0,0.0,0.0,0.0,0.0,0.0,0.0,0.0,0.0,0.0,0.0,0.0,0.0,0.0,0.0,0.0,0.0,0.0,0.0,0.0,0.0,0.0,0.0,0.0,0.0,0.0
0.0,0.0,0.0,0.0,0.0,0.0,0.0,0.0,0.0,0.0,0.0,0.0,0,Francisco Mera,cuenca,orense,cuenca,2,0.0,0.0,0.0,0.0,0.0,0.0,0.0,0.0,0.0,0.0,0.0,0.0,0.0,0.0,0.0,0.0,0.0,0.0,0.0,0.0,0.0,0.0,0.0,0.0,0.0,0.0,0.0,0.0,0.0,0.0,0.0,0.0,0.0,0.0,0.0,0.0,0.0,0.0,0.0,0.0
0.0,0.0,0.0,0.0,0.0,0.0,0.0,0.0,0.0,0.0,0.0,0.0,0,Mateo Zambrano,cuenca,orense,cuenca,2,0.0,0.0,0.0,0.0,0.0,0.0,0.0,0.0,0.0,0.0,0.0,0.0,0.0,0.0,0.0,0.0,0.0,0.0,0.0,0.0,0.0,0.0,0.0,0.0,0.0,0.0,0.0,0.0,0.0,0.0,0.0,0.0,0.0,0.0,0.0,0.0,0.0,0.0,0.0,0.0
0.0,0.0,0.0,0.0,0.0,0.0,0.0,0.0,0.0,0.0,0.0,0.0,0,Mayer Mendez,cuenca,orense,cuenca,2,0.0,0.0,0.0,0.0,0.0,0.0,0.0,0.0,0.0,0.0,0.0,0.0,0.0,0.0,0.0,0.0,0.0,0.0,0.0,0.0,0.0,0.0,0.0,0.0,0.0,0.0,0.0,0.0,0.0,0.0,0.0,0.0,0.0,0.0,0.0,0.0,0.0,0.0,0.0,0.0
27.0,14.0,20.0,7.0,0.0,0.0,1.0,2.0,90.0,33.0,7.1,13.0,"{'original': 7.1, 'alternative': 7.3}",Javier Burrai,barcelona,barcelona,orense,3,0.0,0.0,0.0,0.0,0.0,0.0,0.0,1.0,0.0,0.0,0.0,0.0,0.0,0.0,0.0,0.0,0.0,0.0,0.0,0.0,0.0,0.0,0.0,1.0,0.0,0.0,0.0,0.0,0.0,0.0,0.0,0.0,0.0,0.0,0.0,0.0,0.0,14.0,0.0,0.0
16.0,14.0,4.0,2.0,5.0,1.0,0.0,0.0,69.0,31.0,7.2,7.0,"{'original': 7.2, 'alternative': 7}",William Vargas,barcelona,barcelona,orense,3,2.0,0.0,1.0,3.0,0.0,0.0,0.0,0.0,0.0,2.0,3.0,0.0,1.0,1.0,0.0,0.0,1.0,0.0,0.0,0.0,0.0,0.0,0.0,0.0,0.0,0.0,0.0,0.0,0.0,0.0,0.0,0.0,0.0,0.0,0.0,0.0,0.0,18.26086956521739,0.0,0.0
14.0,11.0,2.0,2.0,10.0,0.0,0.0,0.0,90.0,26.0,7.5,3.0,"{'original': 7.5, 'alternative': 7.5}",Carlos Rodríguez,barcelona,barcelona,orense,3,0.0,0.0,0.0,1.0,2.0,2.0,0.0,3.0,0.0,0.0,4.0,0.0,1.0,4.0,0.0,0.0,0.0,0.0,0.0,0.0,0.0,0.0,0.0,0.0,0.0,0.0,0.0,0.0,0.0,0.0,0.0,0.0,0.0,0.0,0.0,0.0,0.0,11.0,0.0,0.0
37.0,30.0,9.0,6.0,1.0,0.0,0.0,0.0,90.0,42.0,6.9,9.0,"{'original': 6.9, 'alternative': 6.7}",Luca Sosa,barcelona,barcelona,orense,3,1.0,0.0,0.0,2.0,0.0,0.0,0.0,2.0,0.0,0.0,1.0,2.0,0.0,0.0,0.0,0.0,0.0,0.0,0.0,0.0,0.0,0.0,0.0,0.0,0.0,0.0,0.0,0.0,0.0,0.0,0.0,0.0,0.0,0.0,0.0,0.0,0.0,30.0,0.0,0.0
19.0,7.0,3.0,0.0,5.0,2.0,0.0,0.0,90.0,50.0,6.9,19.0,"{'original': 6.9, 'alternative': 6.8}",Anibal Chalá,barcelona,barcelona,orense,3,2.0,0.0,0.0,3.0,1.0,0.0,0.0,6.0,0.0,1.0,2.0,0.0,0.0,1.0,0.0,0.0,2.0,0.0,0.0,0.0,0.0,0.0,0.0,0.0,0.0,0.0,0.0,0.0,0.0,0.0,0.0,0.0,0.0,0.0,0.0,0.0,0.0,7.0,0.0,0.0
29.0,22.0,6.0,3.0,3.0,0.0,0.0,0.0,90.0,42.0,7.0,14.0,"{'original': 7, 'alternative': 6.9}",Jesús Trindade,barcelona,barcelona,orense,3,6.0,1.0,1.0,2.0,0.0,0.0,1.0,0.0,0.0,0.0,3.0,0.0,1.0,0.0,0.0,0.0,0.0,0.0,0.0,0.0,0.0,0.0,0.0,0.0,0.0,0.0,0.0,0.0,0.0,0.0,0.0,0.0,0.0,0.0,0.0,0.0,1.0,22.0,1.0,0.0
8.0,7.0,0.0,0.0,1.0,0.0,0.0,0.0,25.0,9.0,4.4,1.0,"{'original': 4.4, 'alternative': 4.4}",Leonai Souza de Almeida,barcelona,barcelona,orense,3,0.0,0.0,0.0,2.0,0.0,0.0,0.0,0.0,0.0,0.0,1.0,0.0,2.0,0.0,0.0,0.0,0.0,0.0,0.0,0.0,0.0,0.0,0.0,0.0,0.0,0.0,0.0,0.0,0.0,0.0,0.0,0.0,0.0,0.0,0.0,0.0,0.0,25.200000000000003,0.0,0.0
7.0,4.0,0.0,0.0,3.0,1.0,0.0,0.0,57.0,19.0,6.7,11.0,"{'original': 6.7, 'alternative': 6.5}",Janner Corozo,barcelona,barcelona,orense,3,2.0,1.0,0.0,3.0,1.0,1.0,1.0,0.0,0.0,0.0,0.0,0.0,0.0,1.0,0.0,1.0,3.0,0.0,0.0,0.0,0.0,0.0,0.0,0.0,0.0,0.0,1.0,0.0,0.0,0.0,0.0,0.0,0.0,0.0,0.0,0.0,1.0,6.315789473684211,1.5789473684210527,0.0
12.0,6.0,4.0,2.0,2.0,1.0,0.0,0.0,45.0,19.0,6.6,10.0,"{'original': 6.6, 'alternative': 6.5}",Damián Díaz,barcelona,barcelona,orense,3,1.0,0.0,1.0,2.0,0.0,0.0,0.0,0.0,0.0,0.0,1.0,0.0,0.0,0.0,0.0,0.0,1.0,0.0,0.0,0.0,0.0,0.0,0.0,0.0,0.0,0.0,0.0,0.0,0.0,0.0,0.0,0.0,0.0,0.0,0.0,0.0,0.0,12.0,0.0,0.0
15.0,14.0,0.0,0.0,3.0,1.0,0.0,0.0,57.0,26.0,6.6,4.0,"{'original': 6.6, 'alternative': 6.4}",Adonis Preciado,barcelona,barcelona,orense,3,0.0,0.0,1.0,3.0,1.0,0.0,2.0,0.0,0.0,1.0,1.0,1.0,0.0,1.0,0.0,0.0,0.0,0.0,0.0,0.0,0.0,0.0,0.0,0.0,0.0,0.0,2.0,1.0,0.0,0.0,0.0,0.0,0.0,0.0,0.0,0.0,2.0,22.105263157894736,3.1578947368421053,0.0
20.0,17.0,2.0,2.0,4.0,1.0,0.0,0.0,84.0,27.0,7.1,4.0,"{'original': 7.1, 'alternative': 7}",Francisco Fydriszewski,barcelona,barcelona,orense,3,0.0,0.0,5.0,9.0,1.0,1.0,0.0,0.0,0.0,1.0,0.0,0.0,3.0,2.0,0.0,3.0,1.0,0.0,0.0,1.0,0.0,0.0,0.0,0.0,0.0,0.0,0.0,0.0,0.0,0.0,0.0,0.0,0.0,0.0,0.0,0.0,0.0,18.214285714285715,0.0,0.0
26.0,22.0,4.0,2.0,2.0,0.0,0.0,0.0,45.0,30.0,6.8,4.0,"{'original': 6.8, 'alternative': 6.8}",Dixon Arroyo,barcelona,barcelona,orense,3,0.0,0.0,0.0,0.0,0.0,0.0,0.0,0.0,0.0,0.0,2.0,0.0,0.0,0.0,0.0,0.0,0.0,0.0,0.0,0.0,0.0,0.0,0.0,0.0,0.0,0.0,0.0,0.0,0.0,0.0,0.0,0.0,0.0,0.0,0.0,0.0,0.0,44.0,0.0,0.0
14.0,11.0,2.0,0.0,5.0,3.0,0.0,0.0,33.0,26.0,6.5,7.0,"{'original': 6.5, 'alternative': 6.4}",Braian Oyola,barcelona,barcelona,orense,3,1.0,0.0,0.0,3.0,1.0,0.0,0.0,1.0,0.0,0.0,0.0,0.0,0.0,2.0,0.0,0.0,2.0,1.0,0.0,0.0,0.0,1.0,0.0,0.0,0.0,0.0,0.0,1.0,0.0,0.0,0.0,0.0,0.0,0.0,0.0,0.0,1.0,30.0,2.7272727272727275,2.7272727272727275
7.0,5.0,3.0,1.0,2.0,1.0,0.0,0.0,33.0,21.0,6.7,11.0,"{'original': 6.7, 'alternative': 6.7}",Joao Rojas,barcelona,barcelona,orense,3,6.0,0.0,1.0,4.0,1.0,0.0,0.0,0.0,0.0,0.0,1.0,0.0,1.0,0.0,0.0,1.0,1.0,0.0,0.0,2.0,1.0,0.0,0.0,0.0,0.0,0.0,0.0,0.0,0.0,0.0,0.0,0.0,0.0,0.0,0.0,0.0,0.0,13.636363636363637,0.0,0.0
6.0,5.0,1.0,0.0,2.0,1.0,0.0,0.0,21.0,14.0,6.2,5.0,"{'original': 6.2, 'alternative': 6.2}",Mathías Suárez,barcelona,barcelona,orense,3,1.0,0.0,0.0,4.0,1.0,0.0,0.0,0.0,0.0,0.0,0.0,0.0,2.0,1.0,0.0,0.0,1.0,0.0,0.0,0.0,0.0,0.0,0.0,0.0,0.0,0.0,0.0,0.0,0.0,0.0,0.0,0.0,0.0,0.0,0.0,0.0,0.0,21.428571428571427,0.0,0.0
3.0,1.0,0.0,0.0,3.0,1.0,0.0,0.0,14.0,5.0,6.7,2.0,"{'original': 6.7, 'alternative': 6.7}",Allen Obando,barcelona,barcelona,orense,3,0.0,0.0,2.0,2.0,0.0,0.0,0.0,0.0,0.0,0.0,1.0,0.0,0.0,1.0,0.0,0.0,0.0,0.0,0.0,0.0,0.0,0.0,0.0,0.0,0.0,0.0,0.0,0.0,0.0,0.0,0.0,0.0,0.0,0.0,0.0,0.0,0.0,6.428571428571428,0.0,0.0
0.0,0.0,0.0,0.0,0.0,0.0,0.0,0.0,0.0,0.0,0.0,0.0,0,Victor Mendoza,barcelona,barcelona,orense,3,0.0,0.0,0.0,0.0,0.0,0.0,0.0,0.0,0.0,0.0,0.0,0.0,0.0,0.0,0.0,0.0,0.0,0.0,0.0,0.0,0.0,0.0,0.0,0.0,0.0,0.0,0.0,0.0,0.0,0.0,0.0,0.0,0.0,0.0,0.0,0.0,0.0,0.0,0.0,0.0
0.0,0.0,0.0,0.0,0.0,0.0,0.0,0.0,0.0,0.0,0.0,0.0,0,Pedro Perlaza,barcelona,barcelona,orense,3,0.0,0.0,0.0,0.0,0.0,0.0,0.0,0.0,0.0,0.0,0.0,0.0,0.0,0.0,0.0,0.0,0.0,0.0,0.0,0.0,0.0,0.0,0.0,0.0,0.0,0.0,0.0,0.0,0.0,0.0,0.0,0.0,0.0,0.0,0.0,0.0,0.0,0.0,0.0,0.0
0.0,0.0,0.0,0.0,0.0,0.0,0.0,0.0,0.0,0.0,0.0,0.0,0,Alex Rangel,barcelona,barcelona,orense,3,0.0,0.0,0.0,0.0,0.0,0.0,0.0,0.0,0.0,0.0,0.0,0.0,0.0,0.0,0.0,0.0,0.0,0.0,0.0,0.0,0.0,0.0,0.0,0.0,0.0,0.0,0.0,0.0,0.0,0.0,0.0,0.0,0.0,0.0,0.0,0.0,0.0,0.0,0.0,0.0
0.0,0.0,0.0,0.0,0.0,0.0,0.0,0.0,0.0,0.0,0.0,0.0,0,Fernando Gaibor,barcelona,barcelona,orense,3,0.0,0.0,0.0,0.0,0.0,0.0,0.0,0.0,0.0,0.0,0.0,0.0,0.0,0.0,0.0,0.0,0.0,0.0,0.0,0.0,0.0,0.0,0.0,0.0,0.0,0.0,0.0,0.0,0.0,0.0,0.0,0.0,0.0,0.0,0.0,0.0,0.0,0.0,0.0,0.0
0.0,0.0,0.0,0.0,0.0,0.0,0.0,0.0,0.0,0.0,0.0,0.0,0,Gabriel Cortez,barcelona,barcelona,orense,3,0.0,0.0,0.0,0.0,0.0,0.0,0.0,0.0,0.0,0.0,0.0,0.0,0.0,0.0,0.0,0.0,0.0,0.0,0.0,0.0,0.0,0.0,0.0,0.0,0.0,0.0,0.0,0.0,0.0,0.0,0.0,0.0,0.0,0.0,0.0,0.0,0.0,0.0,0.0,0.0
0.0,0.0,0.0,0.0,0.0,0.0,0.0,0.0,0.0,0.0,0.0,0.0,0,Cristhian Solano,barcelona,barcelona,orense,3,0.0,0.0,0.0,0.0,0.0,0.0,0.0,0.0,0.0,0.0,0.0,0.0,0.0,0.0,0.0,0.0,0.0,0.0,0.0,0.0,0.0,0.0,0.0,0.0,0.0,0.0,0.0,0.0,0.0,0.0,0.0,0.0,0.0,0.0,0.0,0.0,0.0,0.0,0.0,0.0
0.0,0.0,0.0,0.0,0.0,0.0,0.0,0.0,0.0,0.0,0.0,0.0,0,Djorkaeff Reasco,barcelona,barcelona,orense,3,0.0,0.0,0.0,0.0,0.0,0.0,0.0,0.0,0.0,0.0,0.0,0.0,0.0,0.0,0.0,0.0,0.0,0.0,0.0,0.0,0.0,0.0,0.0,0.0,0.0,0.0,0.0,0.0,0.0,0.0,0.0,0.0,0.0,0.0,0.0,0.0,0.0,0.0,0.0,0.0
36.0,26.0,18.0,8.0,1.0,0.0,1.0,1.0,90.0,46.0,7.4,10.0,"{'original': 7.4, 'alternative': 7.3}",Rolando David Silva,orense,barcelona,orense,3,0.0,0.0,1.0,1.0,0.0,0.0,0.0,2.0,0.0,0.0,0.0,0.0,0.0,1.0,0.0,0.0,0.0,0.0,0.0,0.0,0.0,0.0,3.0,2.0,0.0,0.0,0.0,0.0,0.0,0.0,0.0,0.0,0.0,0.0,0.0,0.0,0.0,25.999999999999996,0.0,0.0
34.0,25.0,8.0,3.0,2.0,0.0,0.0,0.0,90.0,63.0,7.2,18.0,"{'original': 7.2, 'alternative': 7.1}",Pedro Velasco,orense,barcelona,orense,3,5.0,3.0,1.0,3.0,1.0,1.0,0.0,0.0,1.0,0.0,0.0,1.0,1.0,1.0,0.0,3.0,0.0,0.0,0.0,0.0,0.0,0.0,0.0,0.0,0.0,0.0,0.0,0.0,0.0,0.0,0.0,0.0,0.0,0.0,0.0,0.0,0.0,25.0,0.0,0.0
54.0,49.0,3.0,2.0,3.0,0.0,0.0,0.0,90.0,65.0,7.0,6.0,"{'original': 7, 'alternative': 7}",Gabriel Achilier,orense,barcelona,orense,3,0.0,0.0,0.0,2.0,1.0,0.0,0.0,6.0,0.0,0.0,1.0,0.0,1.0,2.0,0.0,0.0,0.0,0.0,0.0,0.0,0.0,0.0,0.0,0.0,0.0,0.0,0.0,0.0,0.0,0.0,0.0,0.0,0.0,0.0,0.0,0.0,0.0,48.99999999999999,0.0,0.0
46.0,39.0,7.0,7.0,7.0,1.0,0.0,0.0,72.0,58.0,7.4,8.0,"{'original': 7.4, 'alternative': 7.3}",Bryan Quinonez,orense,barcelona,orense,3,1.0,0.0,2.0,3.0,0.0,0.0,1.0,5.0,0.0,1.0,1.0,0.0,1.0,5.0,0.0,0.0,0.0,0.0,0.0,0.0,0.0,0.0,0.0,0.0,0.0,0.0,0.0,0.0,0.0,0.0,0.0,0.0,0.0,0.0,0.0,0.0,1.0,48.75,1.25,0.0
24.0,22.0,3.0,2.0,11.0,4.0,0.0,0.0,90.0,46.0,7.5,6.0,"{'original': 7.5, 'alternative': 7.4}",Yeltzin Erique,orense,barcelona,orense,3,4.0,1.0,2.0,6.0,0.0,0.0,0.0,1.0,0.0,1.0,6.0,1.0,2.0,1.0,0.0,2.0,1.0,0.0,0.0,0.0,0.0,0.0,0.0,0.0,0.0,0.0,0.0,0.0,0.0,0.0,0.0,0.0,0.0,0.0,0.0,0.0,0.0,22.0,0.0,0.0
26.0,24.0,2.0,1.0,2.0,1.0,0.0,0.0,90.0,36.0,7.0,5.0,"{'original': 7, 'alternative': 6.9}",Emiliano Sosa,orense,barcelona,orense,3,0.0,0.0,0.0,4.0,1.0,0.0,0.0,2.0,2.0,0.0,1.0,0.0,3.0,0.0,0.0,2.0,0.0,0.0,0.0,0.0,0.0,0.0,0.0,0.0,0.0,0.0,0.0,0.0,0.0,0.0,0.0,0.0,0.0,0.0,0.0,0.0,0.0,24.0,0.0,0.0
29.0,25.0,5.0,4.0,1.0,0.0,0.0,0.0,72.0,41.0,6.9,11.0,"{'original': 6.9, 'alternative': 6.8}",Marcelo Eggel,orense,barcelona,orense,3,1.0,0.0,0.0,2.0,0.0,0.0,1.0,0.0,0.0,0.0,1.0,1.0,1.0,0.0,0.0,1.0,1.0,1.0,0.0,0.0,0.0,0.0,0.0,0.0,0.0,0.0,0.0,0.0,0.0,0.0,0.0,0.0,0.0,0.0,0.0,0.0,2.0,31.25,2.5,1.25
51.0,44.0,8.0,5.0,3.0,2.0,0.0,0.0,90.0,63.0,6.9,12.0,"{'original': 6.9, 'alternative': 6.7}",Erick Plúas,orense,barcelona,orense,3,1.0,0.0,0.0,3.0,2.0,0.0,0.0,0.0,0.0,1.0,1.0,0.0,0.0,0.0,0.0,1.0,1.0,0.0,0.0,0.0,0.0,0.0,0.0,0.0,0.0,0.0,0.0,0.0,0.0,0.0,0.0,0.0,0.0,0.0,0.0,0.0,0.0,44.0,0.0,0.0
27.0,23.0,2.0,0.0,4.0,0.0,0.0,0.0,79.0,43.0,7.0,13.0,"{'original': 7, 'alternative': 6.7}",Robert Burbano,orense,barcelona,orense,3,4.0,0.0,0.0,4.0,2.0,1.0,0.0,0.0,0.0,1.0,3.0,0.0,0.0,0.0,0.0,0.0,3.0,1.0,0.0,0.0,0.0,0.0,0.0,0.0,0.0,0.0,0.0,0.0,0.0,0.0,0.0,0.0,0.0,0.0,0.0,0.0,1.0,26.20253164556962,1.139240506329114,1.139240506329114
7.0,6.0,1.0,0.0,2.0,0.0,0.0,0.0,57.0,15.0,6.6,5.0,"{'original': 6.6, 'alternative': 6.5}",Agustin Maziero,orense,barcelona,orense,3,0.0,0.0,2.0,5.0,1.0,1.0,1.0,0.0,0.0,0.0,1.0,0.0,0.0,0.0,0.0,0.0,3.0,0.0,0.0,0.0,0.0,0.0,0.0,0.0,0.0,0.0,0.0,0.0,0.0,0.0,0.0,0.0,0.0,0.0,0.0,0.0,1.0,9.473684210526315,1.5789473684210527,0.0
16.0,7.0,1.0,1.0,4.0,2.0,0.0,0.0,79.0,32.0,6.7,15.0,"{'original': 6.7, 'alternative': 6.6}",Walter Agustin Herrera,orense,barcelona,orense,3,1.0,0.0,4.0,13.0,2.0,0.0,3.0,0.0,0.0,1.0,1.0,0.0,4.0,1.0,0.0,1.0,3.0,0.0,0.0,0.0,0.0,0.0,0.0,0.0,0.0,0.0,0.0,0.0,0.0,0.0,0.0,0.0,0.0,0.0,0.0,0.0,3.0,7.974683544303797,3.4177215189873418,0.0
3.0,2.0,0.0,0.0,0.0,0.0,0.0,0.0,33.0,6.0,6.7,2.0,"{'original': 6.7, 'alternative': 6.5}",Dany Coronel,orense,barcelona,orense,3,0.0,0.0,1.0,2.0,0.0,0.0,2.0,0.0,0.0,0.0,0.0,1.0,0.0,0.0,0.0,0.0,0.0,0.0,0.0,0.0,0.0,0.0,0.0,0.0,0.0,0.0,0.0,0.0,0.0,0.0,0.0,0.0,0.0,0.0,0.0,0.0,2.0,5.454545454545455,5.454545454545455,0.0
8.0,4.0,2.0,0.0,1.0,0.0,0.0,0.0,18.0,8.0,6.4,4.0,"{'original': 6.4, 'alternative': 6.4}",Nicolas Del Grecco,orense,barcelona,orense,3,0.0,0.0,0.0,1.0,0.0,0.0,0.0,0.0,0.0,0.0,0.0,0.0,1.0,1.0,0.0,0.0,0.0,0.0,0.0,0.0,0.0,0.0,0.0,0.0,0.0,0.0,0.0,0.0,0.0,0.0,0.0,0.0,0.0,0.0,0.0,0.0,0.0,20.0,0.0,0.0
3.0,1.0,1.0,0.0,0.0,0.0,0.0,0.0,18.0,7.0,6.5,3.0,"{'original': 6.5, 'alternative': 6.4}",Cristian Barros,orense,barcelona,orense,3,0.0,0.0,0.0,1.0,1.0,0.0,1.0,0.0,0.0,0.0,0.0,0.0,0.0,0.0,0.0,0.0,0.0,0.0,0.0,0.0,0.0,0.0,0.0,0.0,0.0,0.0,0.0,0.0,0.0,0.0,0.0,0.0,0.0,0.0,0.0,0.0,1.0,5.0,5.0,0.0
2.0,1.0,1.0,0.0,2.0,1.0,0.0,0.0,11.0,4.0,6.7,1.0,"{'original': 6.7, 'alternative': 6.6}",Richard Calderón,orense,barcelona,orense,3,0.0,0.0,1.0,1.0,0.0,0.0,0.0,0.0,0.0,0.0,1.0,0.0,0.0,0.0,0.0,0.0,0.0,0.0,0.0,0.0,0.0,0.0,0.0,0.0,0.0,0.0,0.0,0.0,0.0,0.0,0.0,0.0,0.0,0.0,0.0,0.0,0.0,8.181818181818182,0.0,0.0
3.0,3.0,1.0,1.0,0.0,0.0,0.0,0.0,11.0,5.0,6.6,1.0,"{'original': 6.6, 'alternative': 6.6}",Erick Zambrano,orense,barcelona,orense,3,1.0,0.0,0.0,0.0,0.0,0.0,0.0,0.0,0.0,0.0,0.0,0.0,0.0,0.0,0.0,0.0,0.0,0.0,0.0,0.0,0.0,0.0,0.0,0.0,0.0,0.0,0.0,0.0,0.0,0.0,0.0,0.0,0.0,0.0,0.0,0.0,0.0,24.545454545454543,0.0,0.0
0.0,0.0,0.0,0.0,0.0,0.0,0.0,0.0,0.0,0.0,0.0,0.0,0,José Cárdenas,orense,barcelona,orense,3,0.0,0.0,0.0,0.0,0.0,0.0,0.0,0.0,0.0,0.0,0.0,0.0,0.0,0.0,0.0,0.0,0.0,0.0,0.0,0.0,0.0,0.0,0.0,0.0,0.0,0.0,0.0,0.0,0.0,0.0,0.0,0.0,0.0,0.0,0.0,0.0,0.0,0.0,0.0,0.0
0.0,0.0,0.0,0.0,0.0,0.0,0.0,0.0,0.0,0.0,0.0,0.0,0,Marlon Quiñónez,orense,barcelona,orense,3,0.0,0.0,0.0,0.0,0.0,0.0,0.0,0.0,0.0,0.0,0.0,0.0,0.0,0.0,0.0,0.0,0.0,0.0,0.0,0.0,0.0,0.0,0.0,0.0,0.0,0.0,0.0,0.0,0.0,0.0,0.0,0.0,0.0,0.0,0.0,0.0,0.0,0.0,0.0,0.0
0.0,0.0,0.0,0.0,0.0,0.0,0.0,0.0,0.0,0.0,0.0,0.0,0,Bryan Elian Vinan Rodriguez,orense,barcelona,orense,3,0.0,0.0,0.0,0.0,0.0,0.0,0.0,0.0,0.0,0.0,0.0,0.0,0.0,0.0,0.0,0.0,0.0,0.0,0.0,0.0,0.0,0.0,0.0,0.0,0.0,0.0,0.0,0.0,0.0,0.0,0.0,0.0,0.0,0.0,0.0,0.0,0.0,0.0,0.0,0.0
0.0,0.0,0.0,0.0,0.0,0.0,0.0,0.0,0.0,0.0,0.0,0.0,0,Sergio Vasquez,orense,barcelona,orense,3,0.0,0.0,0.0,0.0,0.0,0.0,0.0,0.0,0.0,0.0,0.0,0.0,0.0,0.0,0.0,0.0,0.0,0.0,0.0,0.0,0.0,0.0,0.0,0.0,0.0,0.0,0.0,0.0,0.0,0.0,0.0,0.0,0.0,0.0,0.0,0.0,0.0,0.0,0.0,0.0
0.0,0.0,0.0,0.0,0.0,0.0,0.0,0.0,0.0,0.0,0.0,0.0,0,Santiago Kubiszyn,orense,barcelona,orense,3,0.0,0.0,0.0,0.0,0.0,0.0,0.0,0.0,0.0,0.0,0.0,0.0,0.0,0.0,0.0,0.0,0.0,0.0,0.0,0.0,0.0,0.0,0.0,0.0,0.0,0.0,0.0,0.0,0.0,0.0,0.0,0.0,0.0,0.0,0.0,0.0,0.0,0.0,0.0,0.0
0.0,0.0,0.0,0.0,0.0,0.0,0.0,0.0,0.0,0.0,0.0,0.0,0,José Andrade,orense,barcelona,orense,3,0.0,0.0,0.0,0.0,0.0,0.0,0.0,0.0,0.0,0.0,0.0,0.0,0.0,0.0,0.0,0.0,0.0,0.0,0.0,0.0,0.0,0.0,0.0,0.0,0.0,0.0,0.0,0.0,0.0,0.0,0.0,0.0,0.0,0.0,0.0,0.0,0.0,0.0,0.0,0.0
0.0,0.0,0.0,0.0,0.0,0.0,0.0,0.0,0.0,0.0,0.0,0.0,0,Ariel Suarez,orense,barcelona,orense,3,0.0,0.0,0.0,0.0,0.0,0.0,0.0,0.0,0.0,0.0,0.0,0.0,0.0,0.0,0.0,0.0,0.0,0.0,0.0,0.0,0.0,0.0,0.0,0.0,0.0,0.0,0.0,0.0,0.0,0.0,0.0,0.0,0.0,0.0,0.0,0.0,0.0,0.0,0.0,0.0
19.0,17.0,7.0,5.0,0.0,0.0,2.0,2.0,90.0,23.0,6.4,2.0,"{'original': 6.4, 'alternative': 6}",Rafael Romo,catolica,catolica,cuenca,3,0.0,0.0,0.0,0.0,0.0,0.0,0.0,0.0,0.0,0.0,0.0,0.0,0.0,0.0,0.0,0.0,0.0,0.0,0.0,0.0,0.0,0.0,0.0,0.0,0.0,0.0,0.0,0.0,0.0,0.0,0.0,0.0,0.0,0.0,0.0,0.0,0.0,17.0,0.0,0.0
23.0,19.0,0.0,0.0,1.0,0.0,0.0,0.0,45.0,37.0,6.5,10.0,"{'original': 6.5, 'alternative': 6.4}",Gregori Anangonó,catolica,catolica,cuenca,3,5.0,1.0,0.0,1.0,0.0,0.0,0.0,2.0,0.0,0.0,0.0,0.0,0.0,1.0,0.0,1.0,1.0,0.0,0.0,0.0,0.0,0.0,0.0,0.0,0.0,0.0,0.0,0.0,0.0,0.0,0.0,0.0,0.0,0.0,0.0,0.0,0.0,38.0,0.0,0.0
37.0,33.0,3.0,2.0,3.0,0.0,0.0,0.0,90.0,49.0,6.4,6.0,"{'original': 6.4, 'alternative': 6.4}",Exon Gustavo Vallecilla,catolica,catolica,cuenca,3,3.0,1.0,0.0,2.0,1.0,1.0,1.0,1.0,1.0,1.0,0.0,0.0,2.0,2.0,0.0,1.0,0.0,1.0,0.0,0.0,0.0,0.0,0.0,0.0,0.0,0.0,0.0,0.0,1.0,0.0,0.0,0.0,0.0,0.0,0.0,0.0,2.0,33.0,2.0,1.0
49.0,45.0,2.0,0.0,2.0,0.0,0.0,0.0,90.0,62.0,5.9,9.0,"{'original': 5.9, 'alternative': 5.9}",Fausto Grillo,catolica,catolica,cuenca,3,1.0,1.0,3.0,7.0,2.0,1.0,0.0,2.0,0.0,0.0,0.0,0.0,3.0,1.0,0.0,0.0,0.0,0.0,0.0,0.0,0.0,0.0,0.0,0.0,0.0,0.0,0.0,0.0,0.0,0.0,0.0,0.0,0.0,0.0,0.0,0.0,0.0,45.0,0.0,0.0
28.0,26.0,0.0,0.0,1.0,0.0,0.0,0.0,45.0,38.0,6.6,5.0,"{'original': 6.6, 'alternative': 6.6}",Layan Loor,catolica,catolica,cuenca,3,3.0,2.0,0.0,1.0,0.0,0.0,1.0,1.0,0.0,0.0,0.0,0.0,0.0,1.0,0.0,1.0,1.0,0.0,0.0,0.0,1.0,0.0,0.0,0.0,0.0,0.0,0.0,0.0,0.0,0.0,0.0,0.0,0.0,0.0,0.0,0.0,1.0,51.99999999999999,2.0,0.0
38.0,35.0,1.0,0.0,0.0,0.0,0.0,0.0,90.0,50.0,6.5,4.0,"{'original': 6.5, 'alternative': 6.4}",Kevin Minda,catolica,catolica,cuenca,3,1.0,0.0,0.0,2.0,0.0,0.0,1.0,1.0,0.0,1.0,0.0,0.0,2.0,0.0,0.0,1.0,0.0,1.0,0.0,0.0,0.0,0.0,0.0,0.0,0.0,0.0,0.0,1.0,0.0,0.0,0.0,0.0,0.0,0.0,0.0,0.0,2.0,35.0,2.0,1.0
84.0,78.0,10.0,7.0,5.0,3.0,0.0,0.0,90.0,94.0,7.0,9.0,"{'original': 7, 'alternative': 6.7}",Facundo Martinez,catolica,catolica,cuenca,3,1.0,0.0,0.0,4.0,0.0,0.0,0.0,1.0,0.0,0.0,1.0,1.0,1.0,1.0,0.0,2.0,2.0,0.0,0.0,0.0,0.0,0.0,0.0,0.0,0.0,0.0,0.0,0.0,0.0,0.0,0.0,0.0,0.0,0.0,0.0,0.0,0.0,78.0,0.0,0.0
23.0,20.0,0.0,0.0,1.0,1.0,0.0,0.0,87.0,38.0,7.9,8.0,"{'original': 7.9, 'alternative': 7.6}",Kevin Quevedo,catolica,catolica,cuenca,3,3.0,1.0,0.0,4.0,0.0,0.0,0.0,0.0,0.0,0.0,0.0,1.0,3.0,0.0,1.0,3.0,0.0,2.0,1.0,1.0,1.0,0.0,0.0,0.0,0.0,0.0,0.0,1.0,0.0,0.0,0.0,0.0,0.0,0.0,0.0,0.0,2.0,20.689655172413794,2.0689655172413794,2.0689655172413794
58.0,50.0,9.0,6.0,1.0,0.0,0.0,0.0,76.0,74.0,7.2,14.0,"{'original': 7.2, 'alternative': 7.2}",Luciano Nieto,catolica,catolica,cuenca,3,7.0,3.0,0.0,3.0,1.0,0.0,2.0,0.0,0.0,0.0,1.0,0.0,1.0,0.0,0.0,2.0,1.0,2.0,0.0,1.0,0.0,0.0,0.0,0.0,0.0,0.0,0.0,0.0,0.0,0.0,0.0,0.0,0.0,0.0,0.0,0.0,4.0,59.21052631578948,4.7368421052631575,2.3684210526315788
34.0,29.0,1.0,1.0,5.0,0.0,0.0,0.0,90.0,48.0,6.8,8.0,"{'original': 6.8, 'alternative': 6.8}",Ismael Díaz,catolica,catolica,cuenca,3,2.0,1.0,1.0,6.0,3.0,2.0,1.0,0.0,0.0,0.0,3.0,0.0,3.0,0.0,0.0,1.0,1.0,1.0,0.0,1.0,0.0,0.0,0.0,0.0,0.0,0.0,0.0,0.0,0.0,0.0,0.0,0.0,0.0,0.0,0.0,0.0,2.0,29.000000000000004,2.0,1.0
14.0,14.0,0.0,0.0,0.0,0.0,0.0,0.0,90.0,22.0,7.2,2.0,"{'original': 7.2, 'alternative': 7.1}",Jhon Cifuente,catolica,catolica,cuenca,3,0.0,0.0,0.0,2.0,0.0,0.0,1.0,0.0,0.0,0.0,0.0,0.0,1.0,0.0,0.0,0.0,1.0,1.0,1.0,3.0,0.0,0.0,0.0,0.0,0.0,0.0,1.0,0.0,0.0,0.0,0.0,0.0,0.0,0.0,0.0,0.0,2.0,14.0,2.0,1.0
22.0,16.0,1.0,0.0,1.0,1.0,0.0,0.0,45.0,31.0,7.6,10.0,"{'original': 7.6, 'alternative': 7.6}",Arón Rodríguez,catolica,catolica,cuenca,3,4.0,2.0,2.0,3.0,0.0,0.0,0.0,0.0,0.0,0.0,0.0,0.0,0.0,0.0,1.0,5.0,1.0,0.0,0.0,0.0,2.0,0.0,0.0,0.0,0.0,0.0,0.0,0.0,0.0,0.0,0.0,0.0,0.0,0.0,0.0,0.0,0.0,32.0,0.0,0.0
7.0,3.0,0.0,0.0,2.0,1.0,0.0,0.0,45.0,18.0,7.6,8.0,"{'original': 7.6, 'alternative': 7.4}",José Fajardo,catolica,catolica,cuenca,3,1.0,1.0,0.0,5.0,2.0,0.0,3.0,0.0,0.0,0.0,0.0,1.0,2.0,1.0,1.0,2.0,0.0,2.0,1.0,0.0,0.0,0.0,0.0,0.0,0.0,0.0,0.0,2.0,0.0,0.0,0.0,0.0,0.0,0.0,0.0,0.0,5.0,6.0,10.0,4.0
16.0,15.0,1.0,1.0,0.0,0.0,0.0,0.0,14.0,17.0,6.6,1.0,"{'original': 6.6, 'alternative': 6.6}",Daniel Clavijo,catolica,catolica,cuenca,3,0.0,0.0,0.0,0.0,0.0,0.0,0.0,0.0,0.0,0.0,0.0,0.0,0.0,0.0,0.0,0.0,0.0,0.0,0.0,0.0,0.0,0.0,0.0,0.0,0.0,0.0,0.0,0.0,0.0,0.0,0.0,0.0,0.0,0.0,0.0,0.0,0.0,96.42857142857143,0.0,0.0
4.0,3.0,1.0,0.0,1.0,1.0,0.0,0.0,16.0,5.0,6.5,1.0,"{'original': 6.5, 'alternative': 6.5}",Joshue Quinonez,catolica,catolica,cuenca,3,0.0,0.0,0.0,0.0,0.0,0.0,0.0,0.0,0.0,0.0,0.0,0.0,0.0,0.0,0.0,0.0,0.0,0.0,0.0,0.0,0.0,0.0,0.0,0.0,0.0,0.0,0.0,0.0,0.0,0.0,0.0,0.0,0.0,0.0,0.0,0.0,0.0,16.875,0.0,0.0
0.0,0.0,0.0,0.0,0.0,0.0,0.0,0.0,0.0,0.0,0.0,0.0,0,Johan Lara,catolica,catolica,cuenca,3,0.0,0.0,0.0,0.0,0.0,0.0,0.0,0.0,0.0,0.0,0.0,0.0,0.0,0.0,0.0,0.0,0.0,0.0,0.0,0.0,0.0,0.0,0.0,0.0,0.0,0.0,0.0,0.0,0.0,0.0,0.0,0.0,0.0,0.0,0.0,0.0,0.0,0.0,0.0,0.0
0.0,0.0,0.0,0.0,0.0,0.0,0.0,0.0,0.0,0.0,0.0,0.0,0,Luis Castillo,catolica,catolica,cuenca,3,0.0,0.0,0.0,0.0,0.0,0.0,0.0,0.0,0.0,0.0,0.0,0.0,0.0,0.0,0.0,0.0,0.0,0.0,0.0,0.0,0.0,0.0,0.0,0.0,0.0,0.0,0.0,0.0,0.0,0.0,0.0,0.0,0.0,0.0,0.0,0.0,0.0,0.0,0.0,0.0
0.0,0.0,0.0,0.0,0.0,0.0,0.0,0.0,0.0,0.0,0.0,0.0,0,Ignacio Mosquera,catolica,catolica,cuenca,3,0.0,0.0,0.0,0.0,0.0,0.0,0.0,0.0,0.0,0.0,0.0,0.0,0.0,0.0,0.0,0.0,0.0,0.0,0.0,0.0,0.0,0.0,0.0,0.0,0.0,0.0,0.0,0.0,0.0,0.0,0.0,0.0,0.0,0.0,0.0,0.0,0.0,0.0,0.0,0.0
0.0,0.0,0.0,0.0,0.0,0.0,0.0,0.0,0.0,0.0,0.0,0.0,0,Rooney Troya,catolica,catolica,cuenca,3,0.0,0.0,0.0,0.0,0.0,0.0,0.0,0.0,0.0,0.0,0.0,0.0,0.0,0.0,0.0,0.0,0.0,0.0,0.0,0.0,0.0,0.0,0.0,0.0,0.0,0.0,0.0,0.0,0.0,0.0,0.0,0.0,0.0,0.0,0.0,0.0,0.0,0.0,0.0,0.0
0.0,0.0,0.0,0.0,0.0,0.0,0.0,0.0,0.0,0.0,0.0,0.0,0,Luis Moreno,catolica,catolica,cuenca,3,0.0,0.0,0.0,0.0,0.0,0.0,0.0,0.0,0.0,0.0,0.0,0.0,0.0,0.0,0.0,0.0,0.0,0.0,0.0,0.0,0.0,0.0,0.0,0.0,0.0,0.0,0.0,0.0,0.0,0.0,0.0,0.0,0.0,0.0,0.0,0.0,0.0,0.0,0.0,0.0
0.0,0.0,0.0,0.0,0.0,0.0,0.0,0.0,0.0,0.0,0.0,0.0,0,Daniel Mejia,catolica,catolica,cuenca,3,0.0,0.0,0.0,0.0,0.0,0.0,0.0,0.0,0.0,0.0,0.0,0.0,0.0,0.0,0.0,0.0,0.0,0.0,0.0,0.0,0.0,0.0,0.0,0.0,0.0,0.0,0.0,0.0,0.0,0.0,0.0,0.0,0.0,0.0,0.0,0.0,0.0,0.0,0.0,0.0
0.0,0.0,0.0,0.0,0.0,0.0,0.0,0.0,0.0,0.0,0.0,0.0,0,Janus Vivar,catolica,catolica,cuenca,3,0.0,0.0,0.0,0.0,0.0,0.0,0.0,0.0,0.0,0.0,0.0,0.0,0.0,0.0,0.0,0.0,0.0,0.0,0.0,0.0,0.0,0.0,0.0,0.0,0.0,0.0,0.0,0.0,0.0,0.0,0.0,0.0,0.0,0.0,0.0,0.0,0.0,0.0,0.0,0.0
39.0,22.0,29.0,12.0,0.0,0.0,5.0,7.0,90.0,49.0,7.4,17.0,"{'original': 7.4, 'alternative': 7.2}",Hamilton Piedra,cuenca,catolica,cuenca,3,0.0,0.0,0.0,0.0,0.0,0.0,0.0,1.0,0.0,0.0,0.0,0.0,0.0,0.0,0.0,0.0,0.0,0.0,0.0,0.0,0.0,0.0,0.0,0.0,0.0,0.0,0.0,0.0,0.0,0.0,0.0,0.0,0.0,0.0,0.0,0.0,0.0,22.0,0.0,0.0
20.0,15.0,3.0,1.0,4.0,1.0,0.0,0.0,90.0,34.0,6.1,7.0,"{'original': 6.1, 'alternative': 6.1}",Marcos Andrés López,cuenca,catolica,cuenca,3,1.0,1.0,2.0,4.0,0.0,0.0,0.0,1.0,0.0,0.0,2.0,1.0,1.0,1.0,0.0,0.0,0.0,0.0,0.0,0.0,0.0,0.0,0.0,0.0,0.0,0.0,0.0,0.0,0.0,0.0,0.0,0.0,0.0,0.0,0.0,0.0,0.0,15.0,0.0,0.0
23.0,18.0,6.0,3.0,4.0,1.0,0.0,0.0,90.0,34.0,6.4,8.0,"{'original': 6.4, 'alternative': 6.4}",Ronny Biojo,cuenca,catolica,cuenca,3,0.0,0.0,1.0,3.0,1.0,0.0,0.0,4.0,2.0,0.0,1.0,0.0,0.0,2.0,0.0,0.0,1.0,0.0,0.0,0.0,0.0,0.0,0.0,0.0,0.0,0.0,0.0,0.0,0.0,0.0,0.0,0.0,0.0,0.0,0.0,0.0,0.0,18.0,0.0,0.0
21.0,16.0,5.0,1.0,1.0,0.0,0.0,0.0,90.0,29.0,6.4,5.0,"{'original': 6.4, 'alternative': 6.4}",Guillermo Fratta,cuenca,catolica,cuenca,3,0.0,0.0,0.0,0.0,0.0,0.0,0.0,5.0,1.0,1.0,1.0,0.0,0.0,0.0,0.0,0.0,0.0,0.0,0.0,0.0,0.0,0.0,0.0,0.0,0.0,0.0,0.0,0.0,0.0,0.0,0.0,0.0,0.0,0.0,0.0,0.0,0.0,16.0,0.0,0.0
21.0,18.0,3.0,2.0,1.0,1.0,0.0,0.0,45.0,26.0,6.7,3.0,"{'original': 6.7, 'alternative': 6.7}",Sixto Mina,cuenca,catolica,cuenca,3,0.0,0.0,0.0,0.0,0.0,0.0,0.0,2.0,1.0,0.0,0.0,0.0,0.0,0.0,0.0,0.0,0.0,0.0,0.0,0.0,0.0,0.0,0.0,0.0,0.0,0.0,0.0,0.0,0.0,0.0,0.0,0.0,0.0,0.0,0.0,0.0,0.0,36.0,0.0,0.0
17.0,13.0,1.0,0.0,3.0,1.0,0.0,0.0,61.0,30.0,8.3,6.0,"{'original': 8.3, 'alternative': 7.9}",Nazareno Romero,cuenca,catolica,cuenca,3,2.0,0.0,0.0,0.0,0.0,0.0,0.0,0.0,1.0,0.0,2.0,0.0,0.0,0.0,0.0,2.0,0.0,1.0,1.0,0.0,0.0,0.0,0.0,0.0,0.0,0.0,0.0,0.0,0.0,1.0,0.0,0.0,0.0,0.0,0.0,0.0,1.0,19.18032786885246,1.4754098360655739,1.4754098360655739
15.0,14.0,2.0,2.0,2.0,2.0,0.0,0.0,61.0,24.0,7.9,6.0,"{'original': 7.9, 'alternative': 7.7}",Danny Luna,cuenca,catolica,cuenca,3,1.0,0.0,0.0,2.0,0.0,0.0,0.0,0.0,0.0,0.0,0.0,0.0,1.0,0.0,1.0,1.0,1.0,1.0,1.0,1.0,0.0,0.0,0.0,0.0,0.0,0.0,0.0,0.0,0.0,0.0,0.0,0.0,0.0,0.0,0.0,0.0,1.0,20.65573770491803,1.4754098360655739,1.4754098360655739
55.0,45.0,9.0,6.0,8.0,3.0,0.0,0.0,90.0,71.0,7.1,13.0,"{'original': 7.1, 'alternative': 7}",Rodrigo Melo,cuenca,catolica,cuenca,3,0.0,0.0,0.0,2.0,2.0,2.0,0.0,3.0,0.0,2.0,3.0,1.0,0.0,0.0,0.0,0.0,1.0,0.0,0.0,0.0,0.0,0.0,0.0,0.0,0.0,0.0,0.0,0.0,0.0,0.0,0.0,0.0,0.0,0.0,0.0,0.0,0.0,45.0,0.0,0.0
25.0,18.0,6.0,2.0,2.0,1.0,0.0,0.0,90.0,33.0,6.1,8.0,"{'original': 6.1, 'alternative': 6.1}",Bryan Corozo,cuenca,catolica,cuenca,3,0.0,0.0,1.0,4.0,0.0,0.0,0.0,3.0,0.0,0.0,1.0,2.0,0.0,0.0,0.0,0.0,1.0,0.0,0.0,0.0,0.0,0.0,0.0,0.0,0.0,0.0,0.0,0.0,0.0,0.0,0.0,0.0,0.0,0.0,0.0,0.0,0.0,18.0,0.0,0.0
29.0,24.0,2.0,0.0,7.0,3.0,0.0,0.0,90.0,41.0,7.1,8.0,"{'original': 7.1, 'alternative': 7}",Lucas Mancinelli,cuenca,catolica,cuenca,3,1.0,1.0,1.0,2.0,1.0,1.0,0.0,0.0,0.0,0.0,3.0,0.0,1.0,0.0,0.0,1.0,0.0,0.0,0.0,0.0,0.0,0.0,0.0,0.0,0.0,0.0,0.0,0.0,0.0,0.0,0.0,0.0,0.0,0.0,0.0,0.0,0.0,24.0,0.0,0.0
13.0,13.0,1.0,1.0,6.0,4.0,0.0,0.0,71.0,29.0,8.5,3.0,"{'original': 8.5, 'alternative': 8.4}",Raúl Becerra,cuenca,catolica,cuenca,3,0.0,0.0,0.0,0.0,0.0,0.0,0.0,3.0,1.0,0.0,0.0,0.0,0.0,2.0,1.0,1.0,0.0,3.0,1.0,0.0,1.0,0.0,0.0,0.0,0.0,0.0,2.0,0.0,0.0,0.0,0.0,0.0,0.0,0.0,0.0,0.0,3.0,16.47887323943662,3.8028169014084505,3.8028169014084505
6.0,4.0,2.0,0.0,0.0,0.0,0.0,0.0,45.0,7.0,6.1,2.0,"{'original': 6.1, 'alternative': 6.1}",Ivan Piedra,cuenca,catolica,cuenca,3,0.0,0.0,1.0,3.0,0.0,0.0,0.0,0.0,0.0,0.0,0.0,0.0,2.0,0.0,0.0,0.0,0.0,0.0,0.0,0.0,0.0,0.0,0.0,0.0,0.0,0.0,0.0,0.0,0.0,0.0,0.0,0.0,0.0,0.0,0.0,0.0,0.0,8.0,0.0,0.0
10.0,7.0,0.0,0.0,1.0,1.0,0.0,0.0,29.0,15.0,6.4,3.0,"{'original': 6.4, 'alternative': 6.4}",Esteban Davila,cuenca,catolica,cuenca,3,1.0,1.0,0.0,0.0,0.0,0.0,0.0,0.0,0.0,0.0,0.0,0.0,0.0,0.0,0.0,0.0,0.0,0.0,0.0,0.0,0.0,0.0,0.0,0.0,0.0,0.0,0.0,0.0,0.0,0.0,0.0,0.0,0.0,0.0,0.0,0.0,0.0,21.724137931034484,0.0,0.0
2.0,2.0,0.0,0.0,0.0,0.0,0.0,0.0,17.0,2.0,6.2,0.0,"{'original': 6.2, 'alternative': 6.2}",Walter Chalá,cuenca,catolica,cuenca,3,0.0,0.0,1.0,2.0,0.0,0.0,0.0,0.0,0.0,0.0,0.0,0.0,1.0,0.0,0.0,0.0,0.0,0.0,0.0,0.0,0.0,0.0,0.0,0.0,0.0,0.0,1.0,0.0,0.0,0.0,0.0,0.0,0.0,0.0,0.0,0.0,0.0,10.588235294117647,0.0,0.0
4.0,2.0,0.0,0.0,1.0,0.0,0.0,0.0,19.0,6.0,6.5,3.0,"{'original': 6.5, 'alternative': 6.5}",Pablo Daniel Magnin,cuenca,catolica,cuenca,3,0.0,0.0,0.0,1.0,0.0,0.0,0.0,1.0,0.0,0.0,0.0,0.0,2.0,1.0,0.0,0.0,0.0,0.0,0.0,0.0,0.0,0.0,0.0,0.0,0.0,0.0,0.0,0.0,0.0,0.0,0.0,0.0,0.0,0.0,0.0,0.0,0.0,9.473684210526315,0.0,0.0
5.0,4.0,1.0,1.0,0.0,0.0,0.0,0.0,12.0,6.0,6.6,1.0,"{'original': 6.6, 'alternative': 6.6}",Mayer Mendez,cuenca,catolica,cuenca,3,0.0,0.0,0.0,0.0,0.0,0.0,0.0,0.0,0.0,0.0,0.0,0.0,0.0,0.0,0.0,0.0,0.0,0.0,0.0,0.0,0.0,0.0,0.0,0.0,0.0,0.0,0.0,0.0,0.0,0.0,0.0,0.0,0.0,0.0,0.0,0.0,0.0,30.0,0.0,0.0
0.0,0.0,0.0,0.0,0.0,0.0,0.0,0.0,0.0,0.0,0.0,0.0,0,Eduardo Jiménez,cuenca,catolica,cuenca,3,0.0,0.0,0.0,0.0,0.0,0.0,0.0,0.0,0.0,0.0,0.0,0.0,0.0,0.0,0.0,0.0,0.0,0.0,0.0,0.0,0.0,0.0,0.0,0.0,0.0,0.0,0.0,0.0,0.0,0.0,0.0,0.0,0.0,0.0,0.0,0.0,0.0,0.0,0.0,0.0
0.0,0.0,0.0,0.0,0.0,0.0,0.0,0.0,0.0,0.0,0.0,0.0,0,Mateo Zambrano,cuenca,catolica,cuenca,3,0.0,0.0,0.0,0.0,0.0,0.0,0.0,0.0,0.0,0.0,0.0,0.0,0.0,0.0,0.0,0.0,0.0,0.0,0.0,0.0,0.0,0.0,0.0,0.0,0.0,0.0,0.0,0.0,0.0,0.0,0.0,0.0,0.0,0.0,0.0,0.0,0.0,0.0,0.0,0.0
0.0,0.0,0.0,0.0,0.0,0.0,0.0,0.0,0.0,0.0,0.0,0.0,0,Francisco Mera,cuenca,catolica,cuenca,3,0.0,0.0,0.0,0.0,0.0,0.0,0.0,0.0,0.0,0.0,0.0,0.0,0.0,0.0,0.0,0.0,0.0,0.0,0.0,0.0,0.0,0.0,0.0,0.0,0.0,0.0,0.0,0.0,0.0,0.0,0.0,0.0,0.0,0.0,0.0,0.0,0.0,0.0,0.0,0.0
0.0,0.0,0.0,0.0,0.0,0.0,0.0,0.0,0.0,0.0,0.0,0.0,0,Luis Aldair Arroyo Cabeza,cuenca,catolica,cuenca,3,0.0,0.0,0.0,0.0,0.0,0.0,0.0,0.0,0.0,0.0,0.0,0.0,0.0,0.0,0.0,0.0,0.0,0.0,0.0,0.0,0.0,0.0,0.0,0.0,0.0,0.0,0.0,0.0,0.0,0.0,0.0,0.0,0.0,0.0,0.0,0.0,0.0,0.0,0.0,0.0
11.0,7.0,6.0,2.0,0.0,0.0,0.0,2.0,90.0,18.0,7.0,5.0,"{'original': 7, 'alternative': 7.1}",Brian Heras,delfin,delfin,tecnico,3,0.0,0.0,0.0,0.0,0.0,0.0,0.0,0.0,0.0,0.0,0.0,0.0,0.0,0.0,0.0,0.0,0.0,0.0,0.0,0.0,0.0,0.0,1.0,0.0,0.0,0.0,0.0,0.0,0.0,0.0,0.0,0.0,0.0,0.0,0.0,0.0,0.0,7.0,0.0,0.0
13.0,7.0,4.0,2.0,5.0,3.0,0.0,0.0,85.0,23.0,6.7,8.0,"{'original': 6.7, 'alternative': 6.6}",Maikel Reyes,delfin,delfin,tecnico,3,0.0,0.0,2.0,4.0,1.0,1.0,0.0,1.0,0.0,1.0,0.0,1.0,1.0,1.0,0.0,0.0,0.0,0.0,0.0,0.0,0.0,0.0,0.0,0.0,0.0,0.0,0.0,0.0,0.0,0.0,0.0,0.0,0.0,0.0,0.0,0.0,0.0,7.411764705882353,0.0,0.0
27.0,22.0,9.0,5.0,4.0,1.0,0.0,0.0,90.0,33.0,7.0,7.0,"{'original': 7, 'alternative': 7}",Nicolás Goitea,delfin,delfin,tecnico,3,0.0,0.0,0.0,1.0,1.0,0.0,0.0,3.0,0.0,0.0,0.0,0.0,0.0,3.0,0.0,1.0,0.0,0.0,0.0,0.0,0.0,0.0,0.0,0.0,0.0,0.0,0.0,0.0,0.0,0.0,0.0,0.0,0.0,0.0,0.0,0.0,0.0,22.0,0.0,0.0
37.0,30.0,5.0,2.0,3.0,2.0,0.0,0.0,90.0,52.0,7.4,9.0,"{'original': 7.4, 'alternative': 7.2}",Ignacio Gariglio,delfin,delfin,tecnico,3,0.0,0.0,0.0,2.0,1.0,0.0,0.0,6.0,0.0,1.0,1.0,1.0,0.0,0.0,0.0,0.0,0.0,0.0,0.0,0.0,0.0,0.0,0.0,0.0,0.0,0.0,1.0,0.0,0.0,1.0,0.0,0.0,0.0,0.0,0.0,0.0,0.0,30.0,0.0,0.0
23.0,16.0,4.0,2.0,4.0,0.0,0.0,0.0,90.0,44.0,7.9,11.0,"{'original': 7.9, 'alternative': 7.9}",Juan Manuel Elordi,delfin,delfin,tecnico,3,1.0,0.0,1.0,2.0,1.0,1.0,1.0,4.0,0.0,2.0,2.0,0.0,0.0,1.0,0.0,0.0,1.0,1.0,1.0,0.0,0.0,0.0,0.0,0.0,0.0,0.0,1.0,0.0,0.0,0.0,0.0,0.0,0.0,0.0,0.0,0.0,2.0,16.0,2.0,1.0
8.0,5.0,2.0,1.0,3.0,3.0,0.0,0.0,66.0,13.0,7.2,3.0,"{'original': 7.2, 'alternative': 6.9}",Enzo Gaggi,delfin,delfin,tecnico,3,0.0,0.0,0.0,2.0,0.0,0.0,2.0,0.0,0.0,0.0,0.0,0.0,2.0,0.0,0.0,0.0,0.0,0.0,0.0,0.0,0.0,0.0,0.0,0.0,0.0,0.0,0.0,0.0,0.0,1.0,0.0,0.0,0.0,0.0,0.0,0.0,2.0,6.818181818181818,2.7272727272727275,0.0
32.0,22.0,7.0,4.0,3.0,0.0,0.0,0.0,90.0,41.0,6.7,10.0,"{'original': 6.7, 'alternative': 6.7}",Cristian García,delfin,delfin,tecnico,3,0.0,0.0,4.0,6.0,0.0,0.0,0.0,2.0,0.0,1.0,1.0,0.0,2.0,2.0,0.0,0.0,0.0,0.0,0.0,0.0,0.0,0.0,0.0,0.0,0.0,0.0,0.0,0.0,0.0,0.0,0.0,0.0,0.0,0.0,0.0,0.0,0.0,22.0,0.0,0.0
15.0,11.0,2.0,2.0,1.0,1.0,0.0,0.0,78.0,20.0,6.6,4.0,"{'original': 6.6, 'alternative': 6.6}",Luis Castro,delfin,delfin,tecnico,3,0.0,0.0,0.0,3.0,0.0,0.0,0.0,1.0,0.0,1.0,0.0,1.0,2.0,0.0,0.0,1.0,0.0,0.0,0.0,1.0,0.0,0.0,0.0,0.0,0.0,0.0,0.0,0.0,0.0,0.0,0.0,0.0,0.0,0.0,0.0,0.0,0.0,12.692307692307692,0.0,0.0
28.0,21.0,3.0,2.0,1.0,1.0,0.0,0.0,78.0,41.0,7.9,11.0,"{'original': 7.9, 'alternative': 7.8}",Mariano Miño,delfin,delfin,tecnico,3,4.0,2.0,2.0,6.0,1.0,0.0,1.0,0.0,0.0,0.0,0.0,0.0,3.0,0.0,1.0,2.0,1.0,2.0,1.0,1.0,0.0,0.0,0.0,0.0,0.0,0.0,1.0,0.0,0.0,0.0,0.0,0.0,0.0,0.0,0.0,0.0,3.0,24.23076923076923,3.4615384615384617,2.3076923076923075
15.0,7.0,1.0,0.0,5.0,2.0,0.0,0.0,66.0,23.0,6.8,12.0,"{'original': 6.8, 'alternative': 6.7}",Jostin Alman,delfin,delfin,tecnico,3,0.0,0.0,2.0,4.0,1.0,0.0,0.0,0.0,0.0,0.0,1.0,1.0,0.0,2.0,0.0,0.0,0.0,1.0,0.0,0.0,0.0,0.0,0.0,0.0,0.0,0.0,0.0,0.0,0.0,0.0,0.0,0.0,0.0,0.0,0.0,0.0,1.0,9.545454545454545,1.3636363636363638,1.3636363636363638
13.0,8.0,3.0,2.0,8.0,2.0,0.0,0.0,90.0,29.0,6.6,12.0,"{'original': 6.6, 'alternative': 6.4}",Jose Enrique Angulo,delfin,delfin,tecnico,3,2.0,0.0,2.0,7.0,3.0,2.0,0.0,1.0,0.0,0.0,1.0,0.0,2.0,3.0,0.0,1.0,2.0,1.0,0.0,0.0,0.0,0.0,0.0,0.0,0.0,0.0,0.0,1.0,0.0,0.0,1.0,0.0,0.0,0.0,0.0,0.0,1.0,8.0,1.0,1.0
7.0,7.0,0.0,0.0,0.0,0.0,0.0,0.0,24.0,9.0,6.5,1.0,"{'original': 6.5, 'alternative': 6.5}",Michael Mieles,delfin,delfin,tecnico,3,1.0,1.0,0.0,2.0,0.0,0.0,0.0,0.0,0.0,0.0,0.0,1.0,1.0,0.0,0.0,0.0,0.0,0.0,0.0,0.0,0.0,0.0,0.0,0.0,0.0,0.0,0.0,0.0,0.0,0.0,0.0,0.0,0.0,0.0,0.0,0.0,0.0,26.25,0.0,0.0
3.0,2.0,0.0,0.0,0.0,0.0,0.0,0.0,24.0,6.0,6.1,3.0,"{'original': 6.1, 'alternative': 6}",Erick Zuniga,delfin,delfin,tecnico,3,0.0,0.0,0.0,5.0,2.0,0.0,1.0,0.0,0.0,0.0,0.0,2.0,1.0,0.0,0.0,0.0,0.0,0.0,0.0,0.0,0.0,0.0,0.0,0.0,0.0,0.0,0.0,0.0,0.0,0.0,0.0,0.0,0.0,0.0,0.0,0.0,1.0,7.5,3.75,0.0
2.0,2.0,0.0,0.0,0.0,0.0,0.0,0.0,12.0,2.0,6.4,0.0,"{'original': 6.4, 'alternative': 6.4}",Josué Cuero,delfin,delfin,tecnico,3,0.0,0.0,0.0,1.0,0.0,0.0,0.0,0.0,0.0,0.0,0.0,0.0,1.0,0.0,0.0,0.0,0.0,0.0,0.0,0.0,0.0,0.0,0.0,0.0,0.0,0.0,0.0,0.0,0.0,0.0,0.0,0.0,0.0,0.0,0.0,0.0,0.0,15.0,0.0,0.0
6.0,4.0,1.0,0.0,0.0,0.0,0.0,0.0,12.0,8.0,6.4,2.0,"{'original': 6.4, 'alternative': 6.4}",Jean Humanante,delfin,delfin,tecnico,3,0.0,0.0,0.0,1.0,0.0,0.0,0.0,0.0,0.0,0.0,0.0,0.0,1.0,0.0,0.0,0.0,0.0,0.0,0.0,0.0,0.0,0.0,0.0,0.0,0.0,0.0,0.0,0.0,0.0,0.0,0.0,0.0,0.0,0.0,0.0,0.0,0.0,30.0,0.0,0.0
2.0,1.0,0.0,0.0,2.0,0.0,0.0,0.0,10.0,6.0,6.7,2.0,"{'original': 6.7, 'alternative': 6.7}",Jordano Zambrano,delfin,delfin,tecnico,3,0.0,0.0,0.0,2.0,1.0,1.0,0.0,0.0,0.0,0.0,1.0,0.0,1.0,0.0,0.0,0.0,1.0,0.0,0.0,0.0,0.0,0.0,0.0,0.0,0.0,0.0,0.0,0.0,0.0,0.0,0.0,0.0,0.0,0.0,0.0,0.0,0.0,9.0,0.0,0.0
0.0,0.0,0.0,0.0,0.0,0.0,0.0,0.0,0.0,0.0,0.0,0.0,0,Edisson Recalde,delfin,delfin,tecnico,3,0.0,0.0,0.0,0.0,0.0,0.0,0.0,0.0,0.0,0.0,0.0,0.0,0.0,0.0,0.0,0.0,0.0,0.0,0.0,0.0,0.0,0.0,0.0,0.0,0.0,0.0,0.0,0.0,0.0,0.0,0.0,0.0,0.0,0.0,0.0,0.0,0.0,0.0,0.0,0.0
0.0,0.0,0.0,0.0,0.0,0.0,0.0,0.0,0.0,0.0,0.0,0.0,0,Jefferson Nazareno,delfin,delfin,tecnico,3,0.0,0.0,0.0,0.0,0.0,0.0,0.0,0.0,0.0,0.0,0.0,0.0,0.0,0.0,0.0,0.0,0.0,0.0,0.0,0.0,0.0,0.0,0.0,0.0,0.0,0.0,0.0,0.0,0.0,0.0,0.0,0.0,0.0,0.0,0.0,0.0,0.0,0.0,0.0,0.0
0.0,0.0,0.0,0.0,0.0,0.0,0.0,0.0,0.0,0.0,0.0,0.0,0,Gianni Cagua,delfin,delfin,tecnico,3,0.0,0.0,0.0,0.0,0.0,0.0,0.0,0.0,0.0,0.0,0.0,0.0,0.0,0.0,0.0,0.0,0.0,0.0,0.0,0.0,0.0,0.0,0.0,0.0,0.0,0.0,0.0,0.0,0.0,0.0,0.0,0.0,0.0,0.0,0.0,0.0,0.0,0.0,0.0,0.0
0.0,0.0,0.0,0.0,0.0,0.0,0.0,0.0,0.0,0.0,0.0,0.0,0,Kevin Sambonino,delfin,delfin,tecnico,3,0.0,0.0,0.0,0.0,0.0,0.0,0.0,0.0,0.0,0.0,0.0,0.0,0.0,0.0,0.0,0.0,0.0,0.0,0.0,0.0,0.0,0.0,0.0,0.0,0.0,0.0,0.0,0.0,0.0,0.0,0.0,0.0,0.0,0.0,0.0,0.0,0.0,0.0,0.0,0.0
0.0,0.0,0.0,0.0,0.0,0.0,0.0,0.0,0.0,0.0,0.0,0.0,0,Adrián Arteaga,delfin,delfin,tecnico,3,0.0,0.0,0.0,0.0,0.0,0.0,0.0,0.0,0.0,0.0,0.0,0.0,0.0,0.0,0.0,0.0,0.0,0.0,0.0,0.0,0.0,0.0,0.0,0.0,0.0,0.0,0.0,0.0,0.0,0.0,0.0,0.0,0.0,0.0,0.0,0.0,0.0,0.0,0.0,0.0
0.0,0.0,0.0,0.0,0.0,0.0,0.0,0.0,0.0,0.0,0.0,0.0,0,Nicolás Messiniti,delfin,delfin,tecnico,3,0.0,0.0,0.0,0.0,0.0,0.0,0.0,0.0,0.0,0.0,0.0,0.0,0.0,0.0,0.0,0.0,0.0,0.0,0.0,0.0,0.0,0.0,0.0,0.0,0.0,0.0,0.0,0.0,0.0,0.0,0.0,0.0,0.0,0.0,0.0,0.0,0.0,0.0,0.0,0.0
0.0,0.0,0.0,0.0,0.0,0.0,0.0,0.0,0.0,0.0,0.0,0.0,0,Mejia Marcos,delfin,delfin,tecnico,3,0.0,0.0,0.0,0.0,0.0,0.0,0.0,0.0,0.0,0.0,0.0,0.0,0.0,0.0,0.0,0.0,0.0,0.0,0.0,0.0,0.0,0.0,0.0,0.0,0.0,0.0,0.0,0.0,0.0,0.0,0.0,0.0,0.0,0.0,0.0,0.0,0.0,0.0,0.0,0.0
25.0,12.0,18.0,5.0,1.0,1.0,2.0,3.0,90.0,32.0,7.1,13.0,"{'original': 7.1, 'alternative': 6.9}",Walter Chavez,tecnico,delfin,tecnico,3,0.0,0.0,1.0,1.0,0.0,0.0,0.0,1.0,0.0,0.0,0.0,0.0,0.0,0.0,0.0,0.0,0.0,0.0,0.0,0.0,0.0,0.0,0.0,0.0,0.0,0.0,0.0,0.0,0.0,0.0,0.0,1.0,0.0,0.0,0.0,0.0,0.0,12.0,0.0,0.0
38.0,30.0,6.0,4.0,6.0,1.0,0.0,0.0,90.0,55.0,6.9,14.0,"{'original': 6.9, 'alternative': 6.6}",Elvis Patta,tecnico,delfin,tecnico,3,1.0,0.0,0.0,3.0,2.0,2.0,0.0,1.0,0.0,0.0,2.0,0.0,1.0,1.0,0.0,0.0,2.0,0.0,0.0,0.0,0.0,0.0,0.0,0.0,0.0,0.0,0.0,0.0,0.0,0.0,0.0,0.0,0.0,0.0,0.0,0.0,0.0,30.0,0.0,0.0
44.0,32.0,9.0,4.0,3.0,0.0,0.0,0.0,90.0,53.0,6.7,12.0,"{'original': 6.7, 'alternative': 6.7}",Emmanuel Torres,tecnico,delfin,tecnico,3,0.0,0.0,0.0,2.0,0.0,0.0,1.0,3.0,0.0,2.0,2.0,0.0,2.0,1.0,0.0,0.0,0.0,0.0,0.0,0.0,0.0,0.0,0.0,0.0,0.0,0.0,0.0,0.0,0.0,0.0,0.0,0.0,0.0,0.0,0.0,0.0,1.0,32.0,1.0,0.0
24.0,17.0,4.0,1.0,3.0,0.0,0.0,0.0,90.0,27.0,6.3,7.0,"{'original': 6.3, 'alternative': 6.3}",Edison Carcelen,tecnico,delfin,tecnico,3,0.0,0.0,2.0,3.0,0.0,0.0,0.0,1.0,0.0,0.0,1.0,0.0,1.0,2.0,0.0,0.0,0.0,0.0,0.0,0.0,0.0,0.0,0.0,0.0,0.0,0.0,0.0,0.0,0.0,0.0,0.0,0.0,0.0,0.0,0.0,0.0,0.0,17.0,0.0,0.0
19.0,13.0,5.0,1.0,7.0,2.0,0.0,0.0,80.0,26.0,5.8,8.0,"{'original': 5.8, 'alternative': 5.8}",Roberto Luzárraga,tecnico,delfin,tecnico,3,1.0,0.0,2.0,4.0,0.0,0.0,1.0,0.0,0.0,0.0,2.0,0.0,2.0,3.0,0.0,0.0,0.0,0.0,0.0,0.0,0.0,0.0,0.0,0.0,0.0,0.0,0.0,0.0,1.0,0.0,0.0,0.0,0.0,0.0,0.0,0.0,1.0,14.625,1.125,0.0
20.0,14.0,2.0,0.0,1.0,0.0,0.0,0.0,65.0,26.0,6.3,9.0,"{'original': 6.3, 'alternative': 6.3}",Bryan Nazareno,tecnico,delfin,tecnico,3,3.0,1.0,0.0,1.0,0.0,0.0,0.0,1.0,0.0,0.0,0.0,0.0,1.0,1.0,0.0,0.0,0.0,0.0,0.0,0.0,0.0,0.0,0.0,0.0,0.0,0.0,0.0,0.0,0.0,0.0,0.0,0.0,0.0,0.0,0.0,0.0,0.0,19.384615384615387,0.0,0.0
14.0,6.0,2.0,1.0,0.0,0.0,0.0,0.0,65.0,20.0,6.3,12.0,"{'original': 6.3, 'alternative': 6.1}",Jeison Chalá,tecnico,delfin,tecnico,3,1.0,0.0,2.0,5.0,0.0,0.0,0.0,0.0,2.0,0.0,0.0,1.0,1.0,0.0,0.0,0.0,2.0,0.0,0.0,0.0,0.0,0.0,0.0,0.0,0.0,0.0,0.0,0.0,0.0,0.0,0.0,0.0,0.0,0.0,0.0,0.0,0.0,8.307692307692308,0.0,0.0
11.0,9.0,0.0,0.0,2.0,2.0,0.0,0.0,45.0,15.0,6.8,2.0,"{'original': 6.8, 'alternative': 6.7}",Juan Jimenez,tecnico,delfin,tecnico,3,0.0,0.0,1.0,1.0,0.0,0.0,0.0,0.0,0.0,0.0,0.0,0.0,0.0,0.0,0.0,1.0,0.0,0.0,0.0,0.0,0.0,0.0,0.0,0.0,0.0,0.0,0.0,0.0,0.0,0.0,0.0,0.0,0.0,0.0,0.0,0.0,0.0,18.0,0.0,0.0
55.0,39.0,12.0,8.0,14.0,9.0,0.0,0.0,90.0,72.0,7.8,16.0,"{'original': 7.8, 'alternative': 7.7}",Edison Caicedo,tecnico,delfin,tecnico,3,0.0,0.0,1.0,3.0,1.0,1.0,1.0,1.0,0.0,1.0,2.0,1.0,1.0,2.0,0.0,1.0,0.0,1.0,0.0,0.0,0.0,0.0,0.0,0.0,0.0,0.0,0.0,0.0,0.0,0.0,0.0,0.0,0.0,0.0,0.0,1.0,2.0,39.0,2.0,1.0
8.0,6.0,1.0,0.0,2.0,1.0,0.0,0.0,77.0,15.0,6.5,4.0,"{'original': 6.5, 'alternative': 6.5}",Jefferson Caicedo,tecnico,delfin,tecnico,3,3.0,1.0,2.0,4.0,1.0,1.0,0.0,0.0,0.0,1.0,0.0,1.0,1.0,0.0,0.0,1.0,0.0,0.0,0.0,0.0,0.0,0.0,0.0,0.0,0.0,0.0,0.0,0.0,0.0,0.0,0.0,0.0,0.0,0.0,0.0,0.0,0.0,7.012987012987013,0.0,0.0
18.0,11.0,1.0,0.0,4.0,0.0,0.0,0.0,85.0,21.0,6.7,8.0,"{'original': 6.7, 'alternative': 6.6}",Rodrigo Ruiz Díaz,tecnico,delfin,tecnico,3,0.0,0.0,1.0,3.0,0.0,0.0,1.0,0.0,0.0,0.0,1.0,0.0,1.0,3.0,0.0,0.0,1.0,0.0,0.0,0.0,0.0,0.0,0.0,0.0,0.0,0.0,0.0,0.0,0.0,0.0,0.0,0.0,0.0,0.0,0.0,0.0,1.0,11.647058823529413,1.0588235294117647,0.0
6.0,6.0,2.0,2.0,0.0,0.0,0.0,0.0,13.0,6.0,3.3,0.0,"{'original': 3.3, 'alternative': 3.2}",Jose Cazares,tecnico,delfin,tecnico,3,0.0,0.0,0.0,2.0,0.0,0.0,0.0,0.0,0.0,0.0,0.0,0.0,2.0,0.0,0.0,0.0,0.0,0.0,0.0,0.0,0.0,0.0,0.0,0.0,0.0,0.0,0.0,0.0,1.0,0.0,0.0,0.0,0.0,0.0,0.0,0.0,0.0,41.53846153846154,0.0,0.0
11.0,9.0,1.0,0.0,1.0,0.0,0.0,0.0,25.0,14.0,6.6,2.0,"{'original': 6.6, 'alternative': 6.6}",Marlon Medranda,tecnico,delfin,tecnico,3,0.0,0.0,0.0,2.0,0.0,0.0,0.0,0.0,0.0,0.0,1.0,0.0,2.0,0.0,0.0,0.0,0.0,0.0,0.0,0.0,0.0,0.0,0.0,0.0,0.0,0.0,0.0,0.0,0.0,0.0,0.0,0.0,0.0,0.0,0.0,0.0,0.0,32.4,0.0,0.0
9.0,7.0,0.0,0.0,1.0,0.0,0.0,0.0,25.0,14.0,6.8,4.0,"{'original': 6.8, 'alternative': 6.8}",Milton Maciel,tecnico,delfin,tecnico,3,2.0,1.0,0.0,2.0,0.0,0.0,0.0,0.0,0.0,0.0,1.0,1.0,1.0,0.0,0.0,1.0,0.0,1.0,0.0,0.0,0.0,0.0,0.0,0.0,0.0,0.0,0.0,0.0,0.0,0.0,0.0,0.0,0.0,0.0,0.0,0.0,1.0,25.200000000000003,3.6,3.6
18.0,17.0,1.0,0.0,3.0,0.0,0.0,0.0,13.0,23.0,6.7,3.0,"{'original': 6.7, 'alternative': 6.7}",Gastón Poncet,tecnico,delfin,tecnico,3,0.0,0.0,0.0,3.0,3.0,3.0,0.0,0.0,0.0,0.0,0.0,1.0,0.0,0.0,0.0,0.0,2.0,0.0,0.0,0.0,0.0,0.0,0.0,0.0,0.0,0.0,0.0,0.0,0.0,0.0,0.0,0.0,0.0,0.0,0.0,0.0,0.0,117.6923076923077,0.0,0.0
2.0,1.0,0.0,0.0,0.0,0.0,0.0,0.0,10.0,2.0,6.5,1.0,"{'original': 6.5, 'alternative': 6.5}",Carlos Pérez,tecnico,delfin,tecnico,3,0.0,0.0,0.0,0.0,0.0,0.0,0.0,0.0,0.0,0.0,0.0,0.0,0.0,0.0,0.0,0.0,0.0,0.0,0.0,0.0,0.0,0.0,0.0,0.0,0.0,0.0,0.0,0.0,0.0,0.0,0.0,0.0,0.0,0.0,0.0,0.0,0.0,9.0,0.0,0.0
0.0,0.0,0.0,0.0,0.0,0.0,0.0,0.0,0.0,0.0,0.0,0.0,0,Darwin Cuero,tecnico,delfin,tecnico,3,0.0,0.0,0.0,0.0,0.0,0.0,0.0,0.0,0.0,0.0,0.0,0.0,0.0,0.0,0.0,0.0,0.0,0.0,0.0,0.0,0.0,0.0,0.0,0.0,0.0,0.0,0.0,0.0,0.0,0.0,0.0,0.0,0.0,0.0,0.0,0.0,0.0,0.0,0.0,0.0
0.0,0.0,0.0,0.0,0.0,0.0,0.0,0.0,0.0,0.0,0.0,0.0,0,Willian Cevallos,tecnico,delfin,tecnico,3,0.0,0.0,0.0,0.0,0.0,0.0,0.0,0.0,0.0,0.0,0.0,0.0,0.0,0.0,0.0,0.0,0.0,0.0,0.0,0.0,0.0,0.0,0.0,0.0,0.0,0.0,0.0,0.0,0.0,0.0,0.0,0.0,0.0,0.0,0.0,0.0,0.0,0.0,0.0,0.0
0.0,0.0,0.0,0.0,0.0,0.0,0.0,0.0,0.0,0.0,0.0,0.0,0,Diego Armas,tecnico,delfin,tecnico,3,0.0,0.0,0.0,0.0,0.0,0.0,0.0,0.0,0.0,0.0,0.0,0.0,0.0,0.0,0.0,0.0,0.0,0.0,0.0,0.0,0.0,0.0,0.0,0.0,0.0,0.0,0.0,0.0,0.0,0.0,0.0,0.0,0.0,0.0,0.0,0.0,0.0,0.0,0.0,0.0
0.0,0.0,0.0,0.0,0.0,0.0,0.0,0.0,0.0,0.0,0.0,0.0,0,Alex Mendoza,tecnico,delfin,tecnico,3,0.0,0.0,0.0,0.0,0.0,0.0,0.0,0.0,0.0,0.0,0.0,0.0,0.0,0.0,0.0,0.0,0.0,0.0,0.0,0.0,0.0,0.0,0.0,0.0,0.0,0.0,0.0,0.0,0.0,0.0,0.0,0.0,0.0,0.0,0.0,0.0,0.0,0.0,0.0,0.0
29.0,22.0,10.0,3.0,1.0,1.0,0.0,0.0,90.0,34.0,6.9,7.0,"{'original': 6.9, 'alternative': 6.9}",Guido Villar,independiente,independiente,cumbaya,3,0.0,0.0,0.0,0.0,0.0,0.0,0.0,0.0,0.0,0.0,0.0,0.0,0.0,0.0,0.0,0.0,0.0,0.0,0.0,0.0,0.0,0.0,1.0,0.0,1.0,1.0,0.0,0.0,0.0,0.0,0.0,0.0,0.0,0.0,0.0,0.0,0.0,22.0,0.0,0.0
47.0,36.0,9.0,4.0,4.0,1.0,0.0,0.0,90.0,70.0,8.7,15.0,"{'original': 8.7, 'alternative': 8.5}",Anthony Landázuri,independiente,independiente,cumbaya,3,1.0,0.0,0.0,2.0,1.0,1.0,1.0,0.0,0.0,0.0,2.0,1.0,1.0,0.0,2.0,5.0,0.0,1.0,0.0,0.0,1.0,0.0,0.0,0.0,0.0,0.0,1.0,0.0,0.0,0.0,0.0,0.0,0.0,0.0,0.0,0.0,2.0,36.0,2.0,1.0
52.0,45.0,10.0,7.0,2.0,0.0,0.0,0.0,90.0,57.0,7.2,7.0,"{'original': 7.2, 'alternative': 7.2}",Luis Felipe Zárate,independiente,independiente,cumbaya,3,0.0,0.0,0.0,0.0,0.0,0.0,0.0,1.0,1.0,0.0,1.0,0.0,0.0,1.0,0.0,0.0,0.0,0.0,0.0,0.0,0.0,0.0,0.0,0.0,0.0,0.0,0.0,0.0,0.0,0.0,0.0,0.0,0.0,0.0,0.0,0.0,0.0,45.0,0.0,0.0
54.0,40.0,21.0,11.0,5.0,0.0,0.0,0.0,90.0,66.0,7.6,14.0,"{'original': 7.6, 'alternative': 7.4}",Richard Schunke,independiente,independiente,cumbaya,3,0.0,0.0,1.0,2.0,0.0,0.0,2.0,5.0,0.0,2.0,1.0,0.0,1.0,4.0,0.0,1.0,0.0,0.0,0.0,0.0,0.0,0.0,0.0,0.0,0.0,0.0,0.0,0.0,0.0,0.0,0.0,0.0,0.0,0.0,0.0,0.0,2.0,40.0,2.0,0.0
51.0,41.0,7.0,5.0,6.0,0.0,0.0,0.0,90.0,65.0,7.8,16.0,"{'original': 7.8, 'alternative': 7.4}",Beder Caicedo,independiente,independiente,cumbaya,3,1.0,0.0,0.0,3.0,2.0,1.0,0.0,1.0,0.0,0.0,2.0,0.0,0.0,3.0,1.0,1.0,2.0,0.0,0.0,0.0,1.0,0.0,0.0,0.0,0.0,0.0,0.0,0.0,0.0,0.0,0.0,0.0,0.0,0.0,0.0,0.0,0.0,41.0,0.0,0.0
45.0,39.0,5.0,5.0,6.0,1.0,0.0,0.0,89.0,52.0,7.3,8.0,"{'original': 7.3, 'alternative': 7.1}",Cristian Zabala,independiente,independiente,cumbaya,3,0.0,0.0,0.0,3.0,0.0,0.0,0.0,0.0,0.0,0.0,4.0,0.0,2.0,1.0,0.0,1.0,1.0,0.0,0.0,0.0,0.0,0.0,0.0,0.0,0.0,0.0,0.0,0.0,0.0,0.0,0.0,0.0,0.0,0.0,0.0,0.0,0.0,39.438202247191015,0.0,0.0
51.0,44.0,5.0,4.0,4.0,1.0,0.0,0.0,90.0,60.0,7.3,8.0,"{'original': 7.3, 'alternative': 7.1}",Joao Ortíz,independiente,independiente,cumbaya,3,0.0,0.0,0.0,1.0,1.0,1.0,0.0,0.0,0.0,1.0,2.0,1.0,0.0,0.0,0.0,0.0,0.0,0.0,0.0,1.0,0.0,0.0,0.0,0.0,0.0,0.0,0.0,0.0,0.0,0.0,0.0,0.0,0.0,0.0,0.0,0.0,0.0,44.0,0.0,0.0
43.0,39.0,4.0,3.0,3.0,1.0,0.0,0.0,68.0,62.0,8.0,10.0,"{'original': 8, 'alternative': 8}",Junior Sornoza,independiente,independiente,cumbaya,3,10.0,5.0,0.0,1.0,0.0,0.0,2.0,0.0,0.0,0.0,2.0,0.0,1.0,0.0,0.0,4.0,0.0,0.0,0.0,2.0,0.0,0.0,0.0,0.0,0.0,0.0,0.0,0.0,0.0,0.0,0.0,0.0,0.0,0.0,0.0,0.0,2.0,51.61764705882353,2.6470588235294117,0.0
29.0,24.0,2.0,2.0,7.0,4.0,0.0,0.0,67.0,44.0,7.4,9.0,"{'original': 7.4, 'alternative': 7.1}",Renato Ibarra,independiente,independiente,cumbaya,3,3.0,2.0,0.0,3.0,0.0,0.0,1.0,0.0,0.0,1.0,2.0,0.0,1.0,1.0,0.0,0.0,2.0,0.0,0.0,1.0,0.0,0.0,0.0,0.0,0.0,0.0,0.0,0.0,0.0,0.0,0.0,0.0,0.0,0.0,0.0,0.0,1.0,32.23880597014925,1.3432835820895521,0.0
8.0,6.0,0.0,0.0,5.0,0.0,0.0,0.0,45.0,14.0,7.1,4.0,"{'original': 7.1, 'alternative': 7}",Renzo López,independiente,independiente,cumbaya,3,0.0,0.0,0.0,2.0,1.0,1.0,1.0,0.0,0.0,0.0,2.0,1.0,1.0,2.0,0.0,1.0,0.0,0.0,0.0,0.0,0.0,0.0,0.0,0.0,0.0,0.0,0.0,0.0,0.0,0.0,0.0,0.0,0.0,0.0,0.0,0.0,1.0,12.0,2.0,0.0
8.0,6.0,0.0,0.0,3.0,1.0,0.0,0.0,45.0,21.0,6.7,6.0,"{'original': 6.7, 'alternative': 6.7}",Yaimar Medina,independiente,independiente,cumbaya,3,3.0,1.0,0.0,2.0,1.0,0.0,0.0,0.0,0.0,0.0,2.0,0.0,0.0,0.0,0.0,0.0,1.0,1.0,0.0,0.0,0.0,0.0,0.0,0.0,0.0,0.0,0.0,0.0,0.0,0.0,0.0,0.0,0.0,0.0,0.0,0.0,1.0,12.0,2.0,2.0
21.0,18.0,2.0,2.0,3.0,0.0,0.0,0.0,45.0,32.0,7.6,8.0,"{'original': 7.6, 'alternative': 7.4}",Kendry Páez,independiente,independiente,cumbaya,3,2.0,2.0,1.0,6.0,4.0,2.0,0.0,0.0,0.0,0.0,1.0,2.0,1.0,0.0,0.0,3.0,0.0,1.0,1.0,0.0,0.0,0.0,0.0,0.0,0.0,0.0,0.0,0.0,0.0,0.0,0.0,0.0,0.0,0.0,0.0,0.0,1.0,36.0,2.0,2.0
14.0,12.0,0.0,0.0,4.0,0.0,0.0,0.0,45.0,19.0,7.6,2.0,"{'original': 7.6, 'alternative': 7.5}",Michael Hoyos,independiente,independiente,cumbaya,3,0.0,0.0,0.0,0.0,2.0,2.0,1.0,0.0,0.0,0.0,0.0,0.0,0.0,2.0,0.0,0.0,0.0,1.0,1.0,1.0,0.0,0.0,0.0,0.0,0.0,0.0,0.0,0.0,0.0,0.0,0.0,0.0,0.0,0.0,0.0,0.0,2.0,24.0,4.0,2.0
15.0,13.0,4.0,4.0,1.0,0.0,0.0,0.0,23.0,22.0,7.1,3.0,"{'original': 7.1, 'alternative': 7.1}",Keny Arroyo,independiente,independiente,cumbaya,3,0.0,0.0,0.0,1.0,1.0,1.0,0.0,0.0,0.0,1.0,0.0,0.0,1.0,0.0,0.0,1.0,0.0,1.0,0.0,1.0,0.0,0.0,0.0,0.0,0.0,0.0,0.0,0.0,0.0,0.0,0.0,0.0,0.0,0.0,0.0,0.0,1.0,50.8695652173913,3.9130434782608696,3.9130434782608696
6.0,4.0,0.0,0.0,2.0,1.0,0.0,0.0,22.0,14.0,7.5,3.0,"{'original': 7.5, 'alternative': 7.4}",Alexander Bolaños,independiente,independiente,cumbaya,3,0.0,0.0,1.0,2.0,2.0,1.0,1.0,0.0,0.0,0.0,0.0,0.0,0.0,0.0,0.0,0.0,0.0,1.0,1.0,0.0,0.0,0.0,0.0,0.0,0.0,0.0,0.0,0.0,0.0,0.0,0.0,0.0,0.0,0.0,0.0,0.0,2.0,16.363636363636363,8.181818181818182,4.090909090909091
3.0,3.0,0.0,0.0,0.0,0.0,0.0,0.0,1.0,3.0,0.0,0.0,0,Patrik Mercado,independiente,independiente,cumbaya,3,0.0,0.0,0.0,1.0,0.0,0.0,0.0,0.0,0.0,0.0,0.0,0.0,1.0,0.0,0.0,0.0,0.0,0.0,0.0,0.0,0.0,0.0,0.0,0.0,0.0,0.0,0.0,0.0,0.0,0.0,0.0,0.0,0.0,0.0,0.0,0.0,0.0,270.0,0.0,0.0
0.0,0.0,0.0,0.0,0.0,0.0,0.0,0.0,0.0,0.0,0.0,0.0,0,Cristhian Loor,independiente,independiente,cumbaya,3,0.0,0.0,0.0,0.0,0.0,0.0,0.0,0.0,0.0,0.0,0.0,0.0,0.0,0.0,0.0,0.0,0.0,0.0,0.0,0.0,0.0,0.0,0.0,0.0,0.0,0.0,0.0,0.0,0.0,0.0,0.0,0.0,0.0,0.0,0.0,0.0,0.0,0.0,0.0,0.0
0.0,0.0,0.0,0.0,0.0,0.0,0.0,0.0,0.0,0.0,0.0,0.0,0,Mateo Carabajal,independiente,independiente,cumbaya,3,0.0,0.0,0.0,0.0,0.0,0.0,0.0,0.0,0.0,0.0,0.0,0.0,0.0,0.0,0.0,0.0,0.0,0.0,0.0,0.0,0.0,0.0,0.0,0.0,0.0,0.0,0.0,0.0,0.0,0.0,0.0,0.0,0.0,0.0,0.0,0.0,0.0,0.0,0.0,0.0
0.0,0.0,0.0,0.0,0.0,0.0,0.0,0.0,0.0,0.0,0.0,0.0,0,Elkin Ruiz,independiente,independiente,cumbaya,3,0.0,0.0,0.0,0.0,0.0,0.0,0.0,0.0,0.0,0.0,0.0,0.0,0.0,0.0,0.0,0.0,0.0,0.0,0.0,0.0,0.0,0.0,0.0,0.0,0.0,0.0,0.0,0.0,0.0,0.0,0.0,0.0,0.0,0.0,0.0,0.0,0.0,0.0,0.0,0.0
0.0,0.0,0.0,0.0,0.0,0.0,0.0,0.0,0.0,0.0,0.0,0.0,0,Michael Ayovi,independiente,independiente,cumbaya,3,0.0,0.0,0.0,0.0,0.0,0.0,0.0,0.0,0.0,0.0,0.0,0.0,0.0,0.0,0.0,0.0,0.0,0.0,0.0,0.0,0.0,0.0,0.0,0.0,0.0,0.0,0.0,0.0,0.0,0.0,0.0,0.0,0.0,0.0,0.0,0.0,0.0,0.0,0.0,0.0
0.0,0.0,0.0,0.0,0.0,0.0,0.0,0.0,0.0,0.0,0.0,0.0,0,Romario Ibarra,independiente,independiente,cumbaya,3,0.0,0.0,0.0,0.0,0.0,0.0,0.0,0.0,0.0,0.0,0.0,0.0,0.0,0.0,0.0,0.0,0.0,0.0,0.0,0.0,0.0,0.0,0.0,0.0,0.0,0.0,0.0,0.0,0.0,0.0,0.0,0.0,0.0,0.0,0.0,0.0,0.0,0.0,0.0,0.0
0.0,0.0,0.0,0.0,0.0,0.0,0.0,0.0,0.0,0.0,0.0,0.0,0,Matías Fernández,independiente,independiente,cumbaya,3,0.0,0.0,0.0,0.0,0.0,0.0,0.0,0.0,0.0,0.0,0.0,0.0,0.0,0.0,0.0,0.0,0.0,0.0,0.0,0.0,0.0,0.0,0.0,0.0,0.0,0.0,0.0,0.0,0.0,0.0,0.0,0.0,0.0,0.0,0.0,0.0,0.0,0.0,0.0,0.0
0.0,0.0,0.0,0.0,0.0,0.0,0.0,0.0,0.0,0.0,0.0,0.0,0,Jorge Arcos,independiente,independiente,cumbaya,3,0.0,0.0,0.0,0.0,0.0,0.0,0.0,0.0,0.0,0.0,0.0,0.0,0.0,0.0,0.0,0.0,0.0,0.0,0.0,0.0,0.0,0.0,0.0,0.0,0.0,0.0,0.0,0.0,0.0,0.0,0.0,0.0,0.0,0.0,0.0,0.0,0.0,0.0,0.0,0.0
25.0,14.0,11.0,0.0,0.0,0.0,2.0,3.0,90.0,36.0,6.2,11.0,"{'original': 6.2, 'alternative': 6.1}",Felipe San Juan,cumbaya,independiente,cumbaya,3,0.0,0.0,0.0,0.0,0.0,0.0,0.0,1.0,0.0,0.0,0.0,0.0,0.0,0.0,0.0,0.0,0.0,0.0,0.0,0.0,0.0,0.0,0.0,0.0,0.0,0.0,0.0,0.0,0.0,0.0,0.0,0.0,0.0,0.0,0.0,0.0,0.0,14.0,0.0,0.0
27.0,23.0,6.0,5.0,3.0,2.0,0.0,0.0,90.0,45.0,6.6,10.0,"{'original': 6.6, 'alternative': 6.2}",Juan Carlos Paredes,cumbaya,independiente,cumbaya,3,1.0,1.0,0.0,3.0,0.0,0.0,0.0,1.0,1.0,0.0,1.0,1.0,0.0,0.0,0.0,0.0,2.0,0.0,0.0,0.0,0.0,0.0,0.0,0.0,0.0,0.0,0.0,0.0,0.0,0.0,0.0,0.0,0.0,0.0,0.0,0.0,0.0,23.0,0.0,0.0
34.0,26.0,9.0,4.0,3.0,1.0,0.0,0.0,90.0,44.0,6.1,8.0,"{'original': 6.1, 'alternative': 5.9}",Kevin Hurtado,cumbaya,independiente,cumbaya,3,0.0,0.0,2.0,6.0,0.0,0.0,0.0,4.0,0.0,0.0,1.0,2.0,2.0,1.0,0.0,0.0,0.0,0.0,0.0,0.0,0.0,0.0,0.0,0.0,0.0,0.0,0.0,0.0,0.0,0.0,0.0,0.0,0.0,0.0,0.0,0.0,0.0,25.999999999999996,0.0,0.0
26.0,17.0,5.0,1.0,2.0,0.0,0.0,0.0,90.0,46.0,6.2,15.0,"{'original': 6.2, 'alternative': 6.1}",Luis Gustavino,cumbaya,independiente,cumbaya,3,2.0,0.0,3.0,8.0,1.0,1.0,0.0,1.0,3.0,1.0,0.0,1.0,2.0,1.0,0.0,0.0,2.0,0.0,0.0,0.0,0.0,0.0,0.0,0.0,0.0,0.0,1.0,0.0,0.0,0.0,0.0,0.0,0.0,0.0,0.0,0.0,0.0,17.0,0.0,0.0
29.0,21.0,3.0,0.0,5.0,2.0,0.0,0.0,90.0,61.0,6.1,17.0,"{'original': 6.1, 'alternative': 6}",Gorman Estacio,cumbaya,independiente,cumbaya,3,4.0,1.0,1.0,7.0,5.0,1.0,0.0,0.0,1.0,1.0,2.0,1.0,2.0,0.0,0.0,1.0,0.0,0.0,0.0,0.0,0.0,0.0,0.0,0.0,0.0,0.0,0.0,0.0,0.0,0.0,0.0,0.0,0.0,0.0,0.0,0.0,0.0,21.0,0.0,0.0
14.0,11.0,1.0,0.0,2.0,0.0,0.0,0.0,55.0,24.0,6.2,8.0,"{'original': 6.2, 'alternative': 6.2}",Ariel Almagro,cumbaya,independiente,cumbaya,3,0.0,0.0,2.0,6.0,2.0,0.0,0.0,1.0,0.0,1.0,2.0,0.0,0.0,0.0,0.0,0.0,2.0,0.0,0.0,0.0,0.0,0.0,0.0,0.0,0.0,0.0,0.0,0.0,0.0,0.0,0.0,0.0,0.0,0.0,0.0,0.0,0.0,18.0,0.0,0.0
22.0,17.0,1.0,0.0,0.0,0.0,0.0,0.0,77.0,30.0,5.8,11.0,"{'original': 5.8, 'alternative': 5.6}",Luis Caicedo,cumbaya,independiente,cumbaya,3,2.0,0.0,1.0,9.0,1.0,0.0,0.0,2.0,0.0,0.0,0.0,2.0,3.0,0.0,0.0,0.0,2.0,0.0,0.0,0.0,0.0,0.0,0.0,0.0,0.0,0.0,0.0,0.0,0.0,0.0,0.0,0.0,0.0,0.0,0.0,0.0,0.0,19.87012987012987,0.0,0.0
41.0,30.0,6.0,3.0,3.0,1.0,0.0,0.0,90.0,55.0,6.5,15.0,"{'original': 6.5, 'alternative': 6.4}",Alejandro Altuna,cumbaya,independiente,cumbaya,3,0.0,0.0,1.0,4.0,2.0,1.0,0.0,0.0,0.0,2.0,1.0,0.0,0.0,0.0,0.0,0.0,2.0,0.0,0.0,0.0,0.0,0.0,0.0,0.0,0.0,0.0,0.0,0.0,0.0,0.0,0.0,0.0,0.0,0.0,0.0,0.0,0.0,30.0,0.0,0.0
27.0,25.0,0.0,0.0,5.0,2.0,0.0,0.0,90.0,43.0,6.7,8.0,"{'original': 6.7, 'alternative': 6.7}",Melvin Diaz,cumbaya,independiente,cumbaya,3,2.0,1.0,1.0,4.0,2.0,2.0,1.0,0.0,1.0,0.0,1.0,1.0,1.0,0.0,0.0,0.0,1.0,0.0,0.0,0.0,0.0,0.0,0.0,0.0,0.0,0.0,1.0,0.0,0.0,0.0,0.0,0.0,0.0,0.0,0.0,0.0,1.0,25.0,1.0,0.0
7.0,5.0,1.0,0.0,1.0,1.0,0.0,0.0,55.0,10.0,6.5,3.0,"{'original': 6.5, 'alternative': 6.4}",Augusto Magoia,cumbaya,independiente,cumbaya,3,0.0,0.0,0.0,1.0,0.0,0.0,0.0,0.0,0.0,0.0,0.0,1.0,0.0,0.0,0.0,0.0,0.0,0.0,0.0,0.0,0.0,0.0,0.0,0.0,0.0,0.0,0.0,0.0,0.0,0.0,0.0,0.0,0.0,0.0,0.0,0.0,0.0,8.181818181818182,0.0,0.0
15.0,13.0,1.0,1.0,1.0,1.0,0.0,0.0,90.0,21.0,6.4,5.0,"{'original': 6.4, 'alternative': 6.3}",Elian Carabali,cumbaya,independiente,cumbaya,3,0.0,0.0,3.0,6.0,0.0,0.0,0.0,0.0,0.0,0.0,0.0,0.0,2.0,0.0,0.0,0.0,1.0,0.0,0.0,0.0,0.0,0.0,0.0,0.0,0.0,0.0,1.0,0.0,0.0,0.0,0.0,0.0,0.0,0.0,0.0,0.0,0.0,12.999999999999998,0.0,0.0
16.0,15.0,0.0,0.0,1.0,0.0,0.0,0.0,35.0,20.0,6.5,3.0,"{'original': 6.5, 'alternative': 6.4}",Rommel Tapia,cumbaya,independiente,cumbaya,3,0.0,0.0,0.0,1.0,0.0,0.0,0.0,0.0,0.0,1.0,1.0,0.0,0.0,0.0,0.0,0.0,1.0,0.0,0.0,0.0,0.0,0.0,0.0,0.0,0.0,0.0,0.0,0.0,0.0,0.0,0.0,0.0,0.0,0.0,0.0,0.0,0.0,38.57142857142857,0.0,0.0
20.0,17.0,3.0,3.0,3.0,0.0,0.0,0.0,35.0,27.0,6.4,5.0,"{'original': 6.4, 'alternative': 6.4}",Darwin Suarez,cumbaya,independiente,cumbaya,3,0.0,0.0,0.0,1.0,0.0,0.0,0.0,2.0,0.0,0.0,2.0,1.0,0.0,1.0,0.0,0.0,0.0,0.0,0.0,0.0,0.0,0.0,0.0,0.0,0.0,0.0,0.0,0.0,0.0,0.0,0.0,0.0,0.0,0.0,0.0,0.0,0.0,43.714285714285715,0.0,0.0
8.0,7.0,0.0,0.0,0.0,0.0,0.0,0.0,13.0,10.0,6.5,2.0,"{'original': 6.5, 'alternative': 6.4}",Maikel Valencia,cumbaya,independiente,cumbaya,3,0.0,0.0,0.0,0.0,0.0,0.0,0.0,0.0,0.0,0.0,0.0,0.0,0.0,0.0,0.0,1.0,0.0,0.0,0.0,1.0,0.0,0.0,0.0,0.0,0.0,0.0,0.0,0.0,0.0,0.0,0.0,0.0,0.0,0.0,0.0,0.0,0.0,48.46153846153846,0.0,0.0
0.0,0.0,0.0,0.0,0.0,0.0,0.0,0.0,0.0,0.0,0.0,0.0,0,Alexi Lemos,cumbaya,independiente,cumbaya,3,0.0,0.0,0.0,0.0,0.0,0.0,0.0,0.0,0.0,0.0,0.0,0.0,0.0,0.0,0.0,0.0,0.0,0.0,0.0,0.0,0.0,0.0,0.0,0.0,0.0,0.0,0.0,0.0,0.0,0.0,0.0,0.0,0.0,0.0,0.0,0.0,0.0,0.0,0.0,0.0
0.0,0.0,0.0,0.0,0.0,0.0,0.0,0.0,0.0,0.0,0.0,0.0,0,Thiago Serpa,cumbaya,independiente,cumbaya,3,0.0,0.0,0.0,0.0,0.0,0.0,0.0,0.0,0.0,0.0,0.0,0.0,0.0,0.0,0.0,0.0,0.0,0.0,0.0,0.0,0.0,0.0,0.0,0.0,0.0,0.0,0.0,0.0,0.0,0.0,0.0,0.0,0.0,0.0,0.0,0.0,0.0,0.0,0.0,0.0
0.0,0.0,0.0,0.0,0.0,0.0,0.0,0.0,0.0,0.0,0.0,0.0,0,José Angulo,cumbaya,independiente,cumbaya,3,0.0,0.0,0.0,0.0,0.0,0.0,0.0,0.0,0.0,0.0,0.0,0.0,0.0,0.0,0.0,0.0,0.0,0.0,0.0,0.0,0.0,0.0,0.0,0.0,0.0,0.0,0.0,0.0,0.0,0.0,0.0,0.0,0.0,0.0,0.0,0.0,0.0,0.0,0.0,0.0
0.0,0.0,0.0,0.0,0.0,0.0,0.0,0.0,0.0,0.0,0.0,0.0,0,Jaime Ortiz,cumbaya,independiente,cumbaya,3,0.0,0.0,0.0,0.0,0.0,0.0,0.0,0.0,0.0,0.0,0.0,0.0,0.0,0.0,0.0,0.0,0.0,0.0,0.0,0.0,0.0,0.0,0.0,0.0,0.0,0.0,0.0,0.0,0.0,0.0,0.0,0.0,0.0,0.0,0.0,0.0,0.0,0.0,0.0,0.0
0.0,0.0,0.0,0.0,0.0,0.0,0.0,0.0,0.0,0.0,0.0,0.0,0,Franco Suárez,cumbaya,independiente,cumbaya,3,0.0,0.0,0.0,0.0,0.0,0.0,0.0,0.0,0.0,0.0,0.0,0.0,0.0,0.0,0.0,0.0,0.0,0.0,0.0,0.0,0.0,0.0,0.0,0.0,0.0,0.0,0.0,0.0,0.0,0.0,0.0,0.0,0.0,0.0,0.0,0.0,0.0,0.0,0.0,0.0
0.0,0.0,0.0,0.0,0.0,0.0,0.0,0.0,0.0,0.0,0.0,0.0,0,Fernando Delgado,cumbaya,independiente,cumbaya,3,0.0,0.0,0.0,0.0,0.0,0.0,0.0,0.0,0.0,0.0,0.0,0.0,0.0,0.0,0.0,0.0,0.0,0.0,0.0,0.0,0.0,0.0,0.0,0.0,0.0,0.0,0.0,0.0,0.0,0.0,0.0,0.0,0.0,0.0,0.0,0.0,0.0,0.0,0.0,0.0
22.0,15.0,11.0,4.0,0.0,0.0,1.0,2.0,90.0,29.0,6.4,7.0,"{'original': 6.4, 'alternative': 6.4}",Alexander Domínguez,liga,liga,aucas,3,0.0,0.0,0.0,0.0,0.0,0.0,0.0,1.0,0.0,0.0,0.0,0.0,0.0,0.0,0.0,0.0,0.0,0.0,0.0,0.0,0.0,0.0,0.0,1.0,0.0,0.0,0.0,0.0,0.0,0.0,0.0,0.0,0.0,0.0,0.0,0.0,0.0,15.0,0.0,0.0
26.0,20.0,3.0,2.0,2.0,0.0,0.0,0.0,85.0,51.0,6.9,13.0,"{'original': 6.9, 'alternative': 6.8}",José Quintero,liga,liga,aucas,3,1.0,0.0,0.0,1.0,0.0,0.0,2.0,2.0,0.0,2.0,2.0,0.0,1.0,0.0,0.0,0.0,0.0,0.0,0.0,1.0,0.0,0.0,0.0,0.0,0.0,0.0,0.0,0.0,0.0,0.0,0.0,0.0,0.0,0.0,0.0,0.0,2.0,21.176470588235293,2.1176470588235294,0.0
39.0,31.0,8.0,2.0,2.0,1.0,0.0,0.0,90.0,46.0,6.5,8.0,"{'original': 6.5, 'alternative': 6.5}",Ricardo Adé,liga,liga,aucas,3,0.0,0.0,0.0,2.0,0.0,0.0,0.0,4.0,0.0,0.0,1.0,0.0,2.0,0.0,0.0,1.0,0.0,1.0,0.0,0.0,0.0,0.0,0.0,0.0,0.0,0.0,0.0,0.0,0.0,0.0,0.0,0.0,0.0,0.0,0.0,0.0,1.0,31.0,1.0,1.0
31.0,27.0,6.0,3.0,2.0,1.0,0.0,0.0,90.0,36.0,6.3,4.0,"{'original': 6.3, 'alternative': 6.2}",Facundo Rodríguez,liga,liga,aucas,3,0.0,0.0,2.0,4.0,0.0,0.0,0.0,3.0,0.0,1.0,0.0,1.0,1.0,1.0,0.0,0.0,0.0,0.0,0.0,0.0,0.0,0.0,0.0,0.0,0.0,0.0,0.0,0.0,0.0,0.0,0.0,0.0,0.0,0.0,0.0,0.0,0.0,27.0,0.0,0.0
29.0,22.0,7.0,3.0,1.0,0.0,0.0,0.0,90.0,54.0,6.9,14.0,"{'original': 6.9, 'alternative': 6.9}",Leonel Quiñónez,liga,liga,aucas,3,3.0,1.0,1.0,3.0,0.0,0.0,3.0,1.0,1.0,0.0,0.0,1.0,1.0,1.0,0.0,1.0,0.0,1.0,0.0,0.0,0.0,1.0,0.0,0.0,0.0,0.0,0.0,0.0,0.0,0.0,0.0,0.0,0.0,0.0,0.0,0.0,4.0,22.0,4.0,1.0
12.0,8.0,1.0,0.0,2.0,1.0,0.0,0.0,62.0,19.0,7.1,7.0,"{'original': 7.1, 'alternative': 7.1}",Lisandro Alzugaray,liga,liga,aucas,3,3.0,1.0,1.0,2.0,0.0,0.0,0.0,0.0,0.0,0.0,0.0,0.0,1.0,1.0,1.0,2.0,0.0,0.0,0.0,0.0,2.0,0.0,0.0,0.0,0.0,0.0,0.0,0.0,0.0,0.0,0.0,0.0,0.0,0.0,0.0,0.0,0.0,11.612903225806452,0.0,0.0
45.0,40.0,6.0,5.0,4.0,0.0,0.0,0.0,86.0,52.0,7.0,6.0,"{'original': 7, 'alternative': 7.1}",Ezequiel Piovi,liga,liga,aucas,3,2.0,1.0,1.0,2.0,0.0,0.0,0.0,0.0,0.0,1.0,3.0,0.0,1.0,1.0,0.0,2.0,0.0,0.0,0.0,0.0,0.0,0.0,0.0,0.0,0.0,0.0,0.0,0.0,0.0,0.0,0.0,0.0,0.0,0.0,0.0,0.0,0.0,41.860465116279066,0.0,0.0
14.0,10.0,0.0,0.0,0.0,0.0,0.0,0.0,61.0,20.0,5.8,10.0,"{'original': 5.8, 'alternative': 5.6}",Gabriel Villamil,liga,liga,aucas,3,1.0,0.0,0.0,8.0,1.0,0.0,0.0,0.0,0.0,0.0,0.0,2.0,1.0,0.0,0.0,1.0,4.0,0.0,0.0,0.0,0.0,0.0,0.0,0.0,0.0,0.0,0.0,0.0,0.0,0.0,0.0,0.0,0.0,0.0,0.0,0.0,0.0,14.754098360655737,0.0,0.0
22.0,18.0,2.0,2.0,0.0,0.0,0.0,0.0,61.0,27.0,6.3,9.0,"{'original': 6.3, 'alternative': 6.2}",Alexander Alvarado,liga,liga,aucas,3,2.0,0.0,0.0,3.0,1.0,0.0,0.0,0.0,0.0,0.0,0.0,1.0,1.0,0.0,0.0,0.0,0.0,0.0,0.0,0.0,0.0,0.0,0.0,0.0,0.0,0.0,0.0,0.0,0.0,0.0,0.0,0.0,0.0,0.0,0.0,0.0,0.0,26.557377049180328,0.0,0.0
18.0,13.0,1.0,1.0,4.0,1.0,0.0,0.0,90.0,29.0,7.1,10.0,"{'original': 7.1, 'alternative': 7}",Michael Estrada,liga,liga,aucas,3,0.0,0.0,1.0,6.0,0.0,0.0,2.0,0.0,0.0,0.0,2.0,0.0,3.0,1.0,0.0,1.0,2.0,0.0,0.0,0.0,0.0,0.0,0.0,0.0,0.0,0.0,0.0,0.0,0.0,0.0,0.0,0.0,0.0,0.0,0.0,0.0,2.0,12.999999999999998,2.0,0.0
12.0,9.0,2.0,0.0,1.0,1.0,0.0,0.0,90.0,24.0,7.1,7.0,"{'original': 7.1, 'alternative': 7}",Alex Arce,liga,liga,aucas,3,0.0,0.0,3.0,8.0,0.0,0.0,1.0,0.0,2.0,0.0,0.0,0.0,1.0,0.0,0.0,0.0,4.0,3.0,1.0,0.0,0.0,0.0,0.0,0.0,0.0,0.0,0.0,1.0,0.0,0.0,0.0,0.0,0.0,0.0,0.0,0.0,4.0,9.0,4.0,3.0
29.0,25.0,2.0,2.0,0.0,0.0,0.0,0.0,29.0,38.0,7.3,7.0,"{'original': 7.3, 'alternative': 7.2}",Sebastián González,liga,liga,aucas,3,4.0,1.0,0.0,0.0,0.0,0.0,1.0,0.0,0.0,0.0,0.0,0.0,0.0,0.0,0.0,3.0,0.0,0.0,0.0,0.0,0.0,0.0,0.0,0.0,0.0,0.0,0.0,0.0,0.0,0.0,0.0,0.0,0.0,0.0,0.0,0.0,1.0,77.58620689655172,3.103448275862069,0.0
18.0,13.0,3.0,2.0,1.0,1.0,0.0,0.0,29.0,22.0,6.6,6.0,"{'original': 6.6, 'alternative': 6.5}",Joseph Espinoza,liga,liga,aucas,3,0.0,0.0,0.0,1.0,0.0,0.0,0.0,0.0,0.0,0.0,0.0,0.0,0.0,0.0,0.0,0.0,1.0,0.0,0.0,1.0,0.0,0.0,0.0,0.0,0.0,0.0,0.0,0.0,0.0,0.0,0.0,0.0,0.0,0.0,0.0,0.0,0.0,40.3448275862069,0.0,0.0
7.0,6.0,0.0,0.0,4.0,1.0,0.0,0.0,28.0,17.0,7.1,6.0,"{'original': 7.1, 'alternative': 7}",Luis Estupiñan,liga,liga,aucas,3,6.0,1.0,1.0,1.0,1.0,1.0,0.0,0.0,0.0,0.0,2.0,0.0,0.0,0.0,0.0,1.0,0.0,0.0,0.0,0.0,0.0,0.0,0.0,0.0,0.0,0.0,0.0,0.0,0.0,0.0,0.0,0.0,0.0,0.0,0.0,0.0,0.0,19.285714285714285,0.0,0.0
8.0,6.0,0.0,0.0,0.0,0.0,0.0,0.0,14.0,8.0,6.5,2.0,"{'original': 6.5, 'alternative': 6.5}",Andrés Parrales,liga,liga,aucas,3,0.0,0.0,0.0,0.0,0.0,0.0,0.0,0.0,0.0,0.0,0.0,0.0,0.0,0.0,0.0,0.0,0.0,0.0,0.0,0.0,0.0,0.0,0.0,0.0,0.0,0.0,0.0,0.0,0.0,0.0,0.0,0.0,0.0,0.0,0.0,0.0,0.0,38.57142857142857,0.0,0.0
8.0,8.0,0.0,0.0,0.0,0.0,0.0,0.0,13.0,13.0,6.8,2.0,"{'original': 6.8, 'alternative': 6.8}",Bryan Ramirez,liga,liga,aucas,3,2.0,1.0,0.0,0.0,0.0,0.0,0.0,1.0,0.0,0.0,0.0,0.0,0.0,0.0,0.0,1.0,0.0,0.0,0.0,0.0,0.0,0.0,0.0,0.0,0.0,0.0,0.0,0.0,0.0,0.0,0.0,0.0,0.0,0.0,0.0,0.0,0.0,55.38461538461539,0.0,0.0
0.0,0.0,0.0,0.0,0.0,0.0,0.0,0.0,0.0,0.0,0.0,0.0,0,Gonzalo Valle,liga,liga,aucas,3,0.0,0.0,0.0,0.0,0.0,0.0,0.0,0.0,0.0,0.0,0.0,0.0,0.0,0.0,0.0,0.0,0.0,0.0,0.0,0.0,0.0,0.0,0.0,0.0,0.0,0.0,0.0,0.0,0.0,0.0,0.0,0.0,0.0,0.0,0.0,0.0,0.0,0.0,0.0,0.0
0.0,0.0,0.0,0.0,0.0,0.0,0.0,0.0,0.0,0.0,0.0,0.0,0,Richard Mina,liga,liga,aucas,3,0.0,0.0,0.0,0.0,0.0,0.0,0.0,0.0,0.0,0.0,0.0,0.0,0.0,0.0,0.0,0.0,0.0,0.0,0.0,0.0,0.0,0.0,0.0,0.0,0.0,0.0,0.0,0.0,0.0,0.0,0.0,0.0,0.0,0.0,0.0,0.0,0.0,0.0,0.0,0.0
0.0,0.0,0.0,0.0,0.0,0.0,0.0,0.0,0.0,0.0,0.0,0.0,0,Daykol Romero,liga,liga,aucas,3,0.0,0.0,0.0,0.0,0.0,0.0,0.0,0.0,0.0,0.0,0.0,0.0,0.0,0.0,0.0,0.0,0.0,0.0,0.0,0.0,0.0,0.0,0.0,0.0,0.0,0.0,0.0,0.0,0.0,0.0,0.0,0.0,0.0,0.0,0.0,0.0,0.0,0.0,0.0,0.0
0.0,0.0,0.0,0.0,0.0,0.0,0.0,0.0,0.0,0.0,0.0,0.0,0,Andres Zanini,liga,liga,aucas,3,0.0,0.0,0.0,0.0,0.0,0.0,0.0,0.0,0.0,0.0,0.0,0.0,0.0,0.0,0.0,0.0,0.0,0.0,0.0,0.0,0.0,0.0,0.0,0.0,0.0,0.0,0.0,0.0,0.0,0.0,0.0,0.0,0.0,0.0,0.0,0.0,0.0,0.0,0.0,0.0
0.0,0.0,0.0,0.0,0.0,0.0,0.0,0.0,0.0,0.0,0.0,0.0,0,Jhojan Julio,liga,liga,aucas,3,0.0,0.0,0.0,0.0,0.0,0.0,0.0,0.0,0.0,0.0,0.0,0.0,0.0,0.0,0.0,0.0,0.0,0.0,0.0,0.0,0.0,0.0,0.0,0.0,0.0,0.0,0.0,0.0,0.0,0.0,0.0,0.0,0.0,0.0,0.0,0.0,0.0,0.0,0.0,0.0
0.0,0.0,0.0,0.0,0.0,0.0,0.0,0.0,0.0,0.0,0.0,0.0,0,Jairon Charcopa,liga,liga,aucas,3,0.0,0.0,0.0,0.0,0.0,0.0,0.0,0.0,0.0,0.0,0.0,0.0,0.0,0.0,0.0,0.0,0.0,0.0,0.0,0.0,0.0,0.0,0.0,0.0,0.0,0.0,0.0,0.0,0.0,0.0,0.0,0.0,0.0,0.0,0.0,0.0,0.0,0.0,0.0,0.0
23.0,17.0,16.0,10.0,0.0,0.0,3.0,5.0,90.0,32.0,7.6,6.0,"{'original': 7.6, 'alternative': 7.3}",Edson Resendez,aucas,liga,aucas,3,0.0,0.0,1.0,1.0,0.0,0.0,0.0,3.0,0.0,0.0,0.0,0.0,0.0,0.0,0.0,0.0,0.0,0.0,0.0,0.0,0.0,0.0,0.0,2.0,1.0,1.0,0.0,0.0,0.0,0.0,0.0,0.0,0.0,0.0,0.0,0.0,0.0,17.0,0.0,0.0
28.0,17.0,3.0,2.0,6.0,1.0,0.0,0.0,90.0,47.0,6.7,15.0,"{'original': 6.7, 'alternative': 6.6}",Jhon Ontaneda,aucas,liga,aucas,3,0.0,0.0,0.0,4.0,4.0,1.0,0.0,6.0,0.0,1.0,3.0,1.0,0.0,1.0,0.0,0.0,0.0,0.0,0.0,0.0,0.0,0.0,0.0,0.0,0.0,0.0,0.0,0.0,0.0,0.0,0.0,0.0,0.0,0.0,0.0,0.0,0.0,17.0,0.0,0.0
20.0,18.0,3.0,2.0,4.0,0.0,0.0,0.0,90.0,33.0,6.8,3.0,"{'original': 6.8, 'alternative': 6.9}",Luis Cangá,aucas,liga,aucas,3,0.0,0.0,1.0,1.0,0.0,0.0,0.0,7.0,0.0,0.0,2.0,0.0,0.0,2.0,0.0,0.0,0.0,0.0,0.0,1.0,0.0,0.0,0.0,0.0,0.0,0.0,0.0,0.0,0.0,0.0,0.0,0.0,0.0,0.0,0.0,0.0,0.0,18.0,0.0,0.0
22.0,16.0,6.0,3.0,3.0,2.0,0.0,0.0,90.0,35.0,6.9,6.0,"{'original': 6.9, 'alternative': 6.8}",Carlos Rolón,aucas,liga,aucas,3,0.0,0.0,0.0,0.0,0.0,0.0,2.0,8.0,1.0,0.0,0.0,0.0,1.0,1.0,0.0,0.0,0.0,0.0,0.0,0.0,0.0,0.0,0.0,0.0,0.0,0.0,0.0,1.0,0.0,0.0,0.0,0.0,0.0,0.0,0.0,0.0,2.0,16.0,2.0,0.0
24.0,18.0,2.0,0.0,1.0,1.0,0.0,0.0,90.0,50.0,8.0,17.0,"{'original': 8, 'alternative': 7.8}",Jonnathan Mina,aucas,liga,aucas,3,8.0,4.0,0.0,2.0,0.0,0.0,0.0,3.0,0.0,0.0,0.0,0.0,1.0,0.0,2.0,4.0,1.0,0.0,0.0,0.0,1.0,0.0,0.0,0.0,0.0,0.0,0.0,0.0,0.0,0.0,0.0,0.0,0.0,0.0,0.0,0.0,0.0,18.0,0.0,0.0
21.0,15.0,0.0,0.0,2.0,1.0,0.0,0.0,71.0,27.0,6.5,9.0,"{'original': 6.5, 'alternative': 6.4}",Adolfo Muñoz,aucas,liga,aucas,3,1.0,0.0,0.0,2.0,0.0,0.0,0.0,0.0,0.0,0.0,1.0,0.0,1.0,0.0,0.0,0.0,1.0,0.0,0.0,0.0,0.0,0.0,0.0,0.0,0.0,0.0,0.0,0.0,0.0,0.0,0.0,0.0,0.0,0.0,0.0,0.0,0.0,19.014084507042252,0.0,0.0
30.0,26.0,2.0,2.0,7.0,2.0,0.0,0.0,76.0,48.0,7.9,12.0,"{'original': 7.9, 'alternative': 7.7}",Michael Carcelén,aucas,liga,aucas,3,0.0,0.0,0.0,5.0,4.0,1.0,0.0,2.0,0.0,0.0,3.0,0.0,1.0,1.0,0.0,1.0,1.0,2.0,1.0,0.0,1.0,1.0,0.0,0.0,0.0,0.0,1.0,0.0,0.0,0.0,0.0,0.0,0.0,0.0,0.0,0.0,2.0,30.789473684210527,2.3684210526315788,2.3684210526315788
20.0,18.0,1.0,1.0,2.0,1.0,0.0,0.0,90.0,32.0,6.8,2.0,"{'original': 6.8, 'alternative': 6.8}",Edison Vega,aucas,liga,aucas,3,0.0,0.0,1.0,1.0,0.0,0.0,0.0,6.0,1.0,1.0,1.0,0.0,0.0,0.0,0.0,0.0,0.0,0.0,0.0,0.0,0.0,0.0,0.0,0.0,0.0,0.0,0.0,0.0,0.0,0.0,0.0,0.0,0.0,0.0,0.0,0.0,0.0,18.0,0.0,0.0
15.0,10.0,0.0,0.0,5.0,3.0,0.0,0.0,85.0,32.0,7.1,13.0,"{'original': 7.1, 'alternative': 7}",Ronald Briones,aucas,liga,aucas,3,5.0,1.0,0.0,2.0,1.0,1.0,0.0,1.0,0.0,0.0,1.0,0.0,1.0,0.0,0.0,2.0,1.0,0.0,0.0,1.0,1.0,0.0,0.0,0.0,0.0,0.0,0.0,0.0,0.0,0.0,0.0,0.0,0.0,0.0,0.0,0.0,0.0,10.588235294117647,0.0,0.0
21.0,13.0,5.0,2.0,4.0,0.0,0.0,0.0,85.0,26.0,6.8,9.0,"{'original': 6.8, 'alternative': 6.7}",Renny Jaramillo,aucas,liga,aucas,3,0.0,0.0,1.0,2.0,0.0,0.0,0.0,2.0,0.0,0.0,2.0,0.0,1.0,2.0,0.0,0.0,0.0,0.0,0.0,0.0,0.0,0.0,0.0,0.0,0.0,0.0,0.0,0.0,0.0,0.0,0.0,0.0,0.0,0.0,0.0,0.0,0.0,13.764705882352942,0.0,0.0
11.0,11.0,1.0,1.0,4.0,2.0,0.0,0.0,72.0,20.0,7.5,2.0,"{'original': 7.5, 'alternative': 7.3}",Jeison Medina,aucas,liga,aucas,3,0.0,0.0,0.0,1.0,1.0,1.0,2.0,0.0,0.0,0.0,0.0,0.0,1.0,1.0,0.0,0.0,0.0,2.0,1.0,0.0,0.0,0.0,0.0,0.0,0.0,0.0,2.0,1.0,0.0,0.0,0.0,0.0,0.0,0.0,0.0,0.0,4.0,13.750000000000002,5.0,2.5
2.0,1.0,0.0,0.0,0.0,0.0,0.0,0.0,19.0,3.0,6.5,2.0,"{'original': 6.5, 'alternative': 6.5}",Mario Sanabria,aucas,liga,aucas,3,0.0,0.0,0.0,0.0,0.0,0.0,0.0,0.0,0.0,0.0,0.0,0.0,0.0,0.0,0.0,0.0,0.0,0.0,0.0,0.0,0.0,0.0,0.0,0.0,0.0,0.0,0.0,0.0,0.0,0.0,0.0,0.0,0.0,0.0,0.0,0.0,0.0,4.7368421052631575,0.0,0.0
10.0,5.0,2.0,1.0,1.0,0.0,0.0,0.0,18.0,14.0,6.7,8.0,"{'original': 6.7, 'alternative': 6.6}",Jean Carlos Blanco,aucas,liga,aucas,3,0.0,0.0,0.0,1.0,1.0,1.0,0.0,0.0,0.0,0.0,0.0,0.0,1.0,0.0,0.0,0.0,0.0,0.0,0.0,0.0,0.0,0.0,0.0,0.0,0.0,0.0,0.0,0.0,0.0,0.0,0.0,0.0,0.0,0.0,0.0,0.0,0.0,25.0,0.0,0.0
6.0,6.0,1.0,1.0,1.0,0.0,0.0,0.0,14.0,9.0,6.6,0.0,"{'original': 6.6, 'alternative': 6.6}",Cristian Tobar,aucas,liga,aucas,3,0.0,0.0,0.0,0.0,0.0,0.0,0.0,1.0,0.0,0.0,0.0,0.0,0.0,1.0,0.0,0.0,0.0,0.0,0.0,1.0,0.0,0.0,0.0,0.0,0.0,0.0,0.0,0.0,0.0,0.0,0.0,0.0,0.0,0.0,0.0,0.0,0.0,38.57142857142857,0.0,0.0
0.0,0.0,0.0,0.0,0.0,0.0,0.0,0.0,14.0,0.0,6.3,0.0,"{'original': 6.3, 'alternative': 6.5}",Ariel Garcia,aucas,liga,aucas,3,0.0,0.0,1.0,1.0,0.0,0.0,0.0,0.0,0.0,0.0,0.0,0.0,0.0,0.0,0.0,0.0,0.0,0.0,0.0,0.0,0.0,0.0,0.0,0.0,0.0,0.0,0.0,0.0,0.0,0.0,0.0,0.0,0.0,0.0,0.0,0.0,0.0,0.0,0.0,0.0
6.0,6.0,0.0,0.0,1.0,0.0,0.0,0.0,14.0,7.0,6.6,0.0,"{'original': 6.6, 'alternative': 6.6}",Hancel Batalla,aucas,liga,aucas,3,0.0,0.0,0.0,0.0,0.0,0.0,0.0,1.0,0.0,0.0,0.0,0.0,0.0,1.0,0.0,0.0,0.0,0.0,0.0,0.0,0.0,0.0,0.0,0.0,0.0,0.0,1.0,0.0,0.0,0.0,0.0,0.0,0.0,0.0,0.0,0.0,0.0,38.57142857142857,0.0,0.0
0.0,0.0,0.0,0.0,0.0,0.0,0.0,0.0,0.0,0.0,0.0,0.0,0,Bismar Castro,aucas,liga,aucas,3,0.0,0.0,0.0,0.0,0.0,0.0,0.0,0.0,0.0,0.0,0.0,0.0,0.0,0.0,0.0,0.0,0.0,0.0,0.0,0.0,0.0,0.0,0.0,0.0,0.0,0.0,0.0,0.0,0.0,0.0,0.0,0.0,0.0,0.0,0.0,0.0,0.0,0.0,0.0,0.0
0.0,0.0,0.0,0.0,0.0,0.0,0.0,0.0,0.0,0.0,0.0,0.0,0,Diego Espinosa,aucas,liga,aucas,3,0.0,0.0,0.0,0.0,0.0,0.0,0.0,0.0,0.0,0.0,0.0,0.0,0.0,0.0,0.0,0.0,0.0,0.0,0.0,0.0,0.0,0.0,0.0,0.0,0.0,0.0,0.0,0.0,0.0,0.0,0.0,0.0,0.0,0.0,0.0,0.0,0.0,0.0,0.0,0.0
0.0,0.0,0.0,0.0,0.0,0.0,0.0,0.0,0.0,0.0,0.0,0.0,0,Juan Gonzalez,aucas,liga,aucas,3,0.0,0.0,0.0,0.0,0.0,0.0,0.0,0.0,0.0,0.0,0.0,0.0,0.0,0.0,0.0,0.0,0.0,0.0,0.0,0.0,0.0,0.0,0.0,0.0,0.0,0.0,0.0,0.0,0.0,0.0,0.0,0.0,0.0,0.0,0.0,0.0,0.0,0.0,0.0,0.0
0.0,0.0,0.0,0.0,0.0,0.0,0.0,0.0,0.0,0.0,0.0,0.0,0,Byron Carabalí,aucas,liga,aucas,3,0.0,0.0,0.0,0.0,0.0,0.0,0.0,0.0,0.0,0.0,0.0,0.0,0.0,0.0,0.0,0.0,0.0,0.0,0.0,0.0,0.0,0.0,0.0,0.0,0.0,0.0,0.0,0.0,0.0,0.0,0.0,0.0,0.0,0.0,0.0,0.0,0.0,0.0,0.0,0.0
0.0,0.0,0.0,0.0,0.0,0.0,0.0,0.0,0.0,0.0,0.0,0.0,0,Piero Guzmán,aucas,liga,aucas,3,0.0,0.0,0.0,0.0,0.0,0.0,0.0,0.0,0.0,0.0,0.0,0.0,0.0,0.0,0.0,0.0,0.0,0.0,0.0,0.0,0.0,0.0,0.0,0.0,0.0,0.0,0.0,0.0,0.0,0.0,0.0,0.0,0.0,0.0,0.0,0.0,0.0,0.0,0.0,0.0
0.0,0.0,0.0,0.0,0.0,0.0,0.0,0.0,0.0,0.0,0.0,0.0,0,Luis Cano,aucas,liga,aucas,3,0.0,0.0,0.0,0.0,0.0,0.0,0.0,0.0,0.0,0.0,0.0,0.0,0.0,0.0,0.0,0.0,0.0,0.0,0.0,0.0,0.0,0.0,0.0,0.0,0.0,0.0,0.0,0.0,0.0,0.0,0.0,0.0,0.0,0.0,0.0,0.0,0.0,0.0,0.0,0.0
0.0,0.0,0.0,0.0,0.0,0.0,0.0,0.0,0.0,0.0,0.0,0.0,0,Jordán Mohor,aucas,liga,aucas,3,0.0,0.0,0.0,0.0,0.0,0.0,0.0,0.0,0.0,0.0,0.0,0.0,0.0,0.0,0.0,0.0,0.0,0.0,0.0,0.0,0.0,0.0,0.0,0.0,0.0,0.0,0.0,0.0,0.0,0.0,0.0,0.0,0.0,0.0,0.0,0.0,0.0,0.0,0.0,0.0
23.0,9.0,16.0,2.0,0.0,0.0,2.0,2.0,90.0,30.0,7.1,14.0,"{'original': 7.1, 'alternative': 7.3}",Cristian Correa,macara,macara,libertad,3,0.0,0.0,0.0,0.0,0.0,0.0,0.0,0.0,0.0,0.0,0.0,0.0,0.0,0.0,0.0,0.0,0.0,0.0,0.0,0.0,0.0,0.0,2.0,0.0,0.0,0.0,0.0,0.0,0.0,0.0,0.0,0.0,0.0,0.0,0.0,0.0,0.0,9.0,0.0,0.0
32.0,26.0,12.0,8.0,9.0,3.0,0.0,0.0,90.0,60.0,7.9,15.0,"{'original': 7.9, 'alternative': 7.8}",Cristopher Angulo,macara,macara,libertad,3,4.0,2.0,1.0,5.0,3.0,1.0,1.0,1.0,0.0,2.0,2.0,1.0,1.0,3.0,1.0,3.0,0.0,0.0,0.0,0.0,0.0,0.0,0.0,0.0,0.0,0.0,0.0,0.0,0.0,0.0,0.0,0.0,0.0,0.0,0.0,0.0,1.0,25.999999999999996,1.0,0.0
26.0,19.0,5.0,2.0,4.0,1.0,0.0,0.0,77.0,31.0,6.7,7.0,"{'original': 6.7, 'alternative': 6.7}",Ronaldo Lora,macara,macara,libertad,3,0.0,0.0,0.0,2.0,1.0,1.0,0.0,1.0,0.0,0.0,1.0,0.0,2.0,1.0,0.0,0.0,0.0,0.0,0.0,0.0,0.0,0.0,0.0,0.0,0.0,0.0,0.0,0.0,0.0,0.0,0.0,0.0,0.0,0.0,0.0,0.0,0.0,22.207792207792206,0.0,0.0
23.0,22.0,5.0,4.0,4.0,2.0,0.0,0.0,90.0,34.0,7.3,3.0,"{'original': 7.3, 'alternative': 7.2}",José Luis Marrufo,macara,macara,libertad,3,0.0,0.0,0.0,1.0,0.0,0.0,0.0,4.0,0.0,1.0,1.0,0.0,1.0,1.0,0.0,0.0,0.0,0.0,0.0,0.0,0.0,0.0,0.0,0.0,0.0,0.0,0.0,0.0,0.0,0.0,0.0,0.0,0.0,0.0,0.0,0.0,0.0,22.0,0.0,0.0
32.0,26.0,12.0,7.0,6.0,1.0,0.0,0.0,90.0,49.0,7.4,9.0,"{'original': 7.4, 'alternative': 7.4}",Glendys Mina,macara,macara,libertad,3,0.0,0.0,0.0,0.0,2.0,2.0,0.0,2.0,0.0,0.0,1.0,0.0,0.0,2.0,0.0,1.0,0.0,0.0,0.0,0.0,0.0,0.0,0.0,0.0,0.0,0.0,0.0,0.0,0.0,0.0,0.0,0.0,0.0,0.0,0.0,0.0,0.0,25.999999999999996,0.0,0.0
21.0,17.0,2.0,2.0,2.0,1.0,0.0,0.0,69.0,35.0,7.2,8.0,"{'original': 7.2, 'alternative': 7.1}",Freddy Mina,macara,macara,libertad,3,1.0,1.0,0.0,7.0,3.0,1.0,1.0,0.0,0.0,2.0,0.0,1.0,3.0,0.0,0.0,3.0,1.0,1.0,1.0,1.0,0.0,0.0,0.0,0.0,0.0,0.0,1.0,1.0,0.0,0.0,0.0,0.0,0.0,0.0,0.0,0.0,2.0,22.17391304347826,2.608695652173913,1.3043478260869565
31.0,27.0,3.0,1.0,9.0,0.0,0.0,0.0,90.0,41.0,6.9,5.0,"{'original': 6.9, 'alternative': 6.9}",Emiliano Romero,macara,macara,libertad,3,0.0,0.0,0.0,5.0,1.0,0.0,0.0,2.0,0.0,2.0,4.0,2.0,3.0,5.0,0.0,0.0,0.0,0.0,0.0,0.0,0.0,0.0,0.0,0.0,0.0,0.0,0.0,0.0,0.0,0.0,0.0,0.0,0.0,0.0,0.0,0.0,0.0,27.0,0.0,0.0
13.0,12.0,1.0,1.0,4.0,1.0,0.0,0.0,49.0,23.0,6.6,4.0,"{'original': 6.6, 'alternative': 6.6}",Leonel Álvarez,macara,macara,libertad,3,0.0,0.0,0.0,3.0,2.0,1.0,0.0,0.0,0.0,0.0,2.0,1.0,0.0,0.0,0.0,0.0,1.0,0.0,0.0,1.0,0.0,0.0,0.0,0.0,0.0,0.0,0.0,0.0,0.0,0.0,0.0,0.0,0.0,0.0,0.0,0.0,0.0,22.04081632653061,0.0,0.0
22.0,18.0,6.0,5.0,3.0,1.0,0.0,0.0,69.0,33.0,7.0,7.0,"{'original': 7, 'alternative': 6.8}",Jorge Valdez,macara,macara,libertad,3,1.0,0.0,0.0,5.0,2.0,1.0,0.0,0.0,0.0,0.0,1.0,4.0,0.0,0.0,1.0,3.0,0.0,0.0,0.0,1.0,0.0,0.0,0.0,0.0,0.0,0.0,0.0,0.0,0.0,0.0,0.0,0.0,0.0,0.0,0.0,0.0,0.0,23.478260869565215,0.0,0.0
8.0,4.0,0.0,0.0,2.0,0.0,0.0,0.0,77.0,14.0,6.9,6.0,"{'original': 6.9, 'alternative': 6.9}",Daniel Porozo,macara,macara,libertad,3,1.0,0.0,2.0,4.0,2.0,1.0,1.0,0.0,0.0,0.0,0.0,0.0,1.0,1.0,0.0,1.0,0.0,1.0,0.0,1.0,0.0,0.0,0.0,0.0,0.0,0.0,0.0,0.0,0.0,0.0,0.0,0.0,0.0,0.0,0.0,0.0,2.0,4.675324675324676,2.337662337662338,1.168831168831169
14.0,8.0,3.0,2.0,6.0,0.0,0.0,0.0,90.0,30.0,7.3,14.0,"{'original': 7.3, 'alternative': 7.2}",Facundo Pons,macara,macara,libertad,3,3.0,0.0,6.0,13.0,4.0,1.0,3.0,0.0,0.0,0.0,1.0,2.0,2.0,4.0,0.0,0.0,0.0,1.0,1.0,0.0,0.0,0.0,0.0,0.0,0.0,0.0,0.0,0.0,0.0,0.0,0.0,0.0,0.0,0.0,0.0,0.0,4.0,8.0,4.0,1.0
5.0,4.0,1.0,0.0,0.0,0.0,0.0,0.0,41.0,12.0,6.6,1.0,"{'original': 6.6, 'alternative': 6.6}",Gino Barbieri,macara,macara,libertad,3,0.0,0.0,0.0,0.0,0.0,0.0,0.0,4.0,0.0,1.0,0.0,0.0,1.0,0.0,0.0,0.0,0.0,0.0,0.0,0.0,0.0,0.0,0.0,0.0,0.0,0.0,0.0,0.0,0.0,0.0,0.0,0.0,0.0,0.0,0.0,0.0,0.0,8.78048780487805,0.0,0.0
12.0,11.0,1.0,0.0,1.0,0.0,0.0,0.0,21.0,17.0,7.3,3.0,"{'original': 7.3, 'alternative': 7.3}",Janpol Morales,macara,macara,libertad,3,0.0,0.0,0.0,2.0,0.0,0.0,0.0,0.0,0.0,0.0,1.0,0.0,2.0,0.0,0.0,1.0,0.0,1.0,1.0,0.0,0.0,0.0,0.0,0.0,0.0,0.0,1.0,0.0,0.0,0.0,0.0,0.0,0.0,0.0,0.0,0.0,1.0,47.142857142857146,4.285714285714286,4.285714285714286
9.0,7.0,0.0,0.0,2.0,0.0,0.0,0.0,13.0,12.0,6.9,2.0,"{'original': 6.9, 'alternative': 6.9}",Martin Tello,macara,macara,libertad,3,0.0,0.0,0.0,0.0,1.0,1.0,1.0,0.0,0.0,0.0,1.0,0.0,0.0,0.0,0.0,0.0,0.0,0.0,0.0,0.0,0.0,0.0,0.0,0.0,0.0,0.0,0.0,0.0,0.0,0.0,0.0,0.0,0.0,0.0,0.0,0.0,1.0,48.46153846153846,6.923076923076923,0.0
3.0,2.0,0.0,0.0,0.0,0.0,0.0,0.0,13.0,7.0,6.7,3.0,"{'original': 6.7, 'alternative': 6.6}",Miguel Perea,macara,macara,libertad,3,0.0,0.0,1.0,1.0,0.0,0.0,0.0,0.0,0.0,0.0,0.0,0.0,0.0,0.0,0.0,0.0,0.0,1.0,0.0,0.0,0.0,0.0,0.0,0.0,0.0,0.0,0.0,0.0,0.0,0.0,0.0,0.0,0.0,0.0,0.0,0.0,1.0,13.846153846153847,6.923076923076923,6.923076923076923
0.0,0.0,0.0,0.0,0.0,0.0,0.0,0.0,0.0,0.0,0.0,0.0,0,Jonathan Gonzalo Villafuerte Farias,macara,macara,libertad,3,0.0,0.0,0.0,0.0,0.0,0.0,0.0,0.0,0.0,0.0,0.0,0.0,0.0,0.0,0.0,0.0,0.0,0.0,0.0,0.0,0.0,0.0,0.0,0.0,0.0,0.0,0.0,0.0,0.0,0.0,0.0,0.0,0.0,0.0,0.0,0.0,0.0,0.0,0.0,0.0
0.0,0.0,0.0,0.0,0.0,0.0,0.0,0.0,0.0,0.0,0.0,0.0,0,Darwin Estuardo Quilumba Diaz,macara,macara,libertad,3,0.0,0.0,0.0,0.0,0.0,0.0,0.0,0.0,0.0,0.0,0.0,0.0,0.0,0.0,0.0,0.0,0.0,0.0,0.0,0.0,0.0,0.0,0.0,0.0,0.0,0.0,0.0,0.0,0.0,0.0,0.0,0.0,0.0,0.0,0.0,0.0,0.0,0.0,0.0,0.0
0.0,0.0,0.0,0.0,0.0,0.0,0.0,0.0,0.0,0.0,0.0,0.0,0,Edwin Mesa,macara,macara,libertad,3,0.0,0.0,0.0,0.0,0.0,0.0,0.0,0.0,0.0,0.0,0.0,0.0,0.0,0.0,0.0,0.0,0.0,0.0,0.0,0.0,0.0,0.0,0.0,0.0,0.0,0.0,0.0,0.0,0.0,0.0,0.0,0.0,0.0,0.0,0.0,0.0,0.0,0.0,0.0,0.0
0.0,0.0,0.0,0.0,0.0,0.0,0.0,0.0,0.0,0.0,0.0,0.0,0,Mateo Viera,macara,macara,libertad,3,0.0,0.0,0.0,0.0,0.0,0.0,0.0,0.0,0.0,0.0,0.0,0.0,0.0,0.0,0.0,0.0,0.0,0.0,0.0,0.0,0.0,0.0,0.0,0.0,0.0,0.0,0.0,0.0,0.0,0.0,0.0,0.0,0.0,0.0,0.0,0.0,0.0,0.0,0.0,0.0
0.0,0.0,0.0,0.0,0.0,0.0,0.0,0.0,0.0,0.0,0.0,0.0,0,Kevin Valencia,macara,macara,libertad,3,0.0,0.0,0.0,0.0,0.0,0.0,0.0,0.0,0.0,0.0,0.0,0.0,0.0,0.0,0.0,0.0,0.0,0.0,0.0,0.0,0.0,0.0,0.0,0.0,0.0,0.0,0.0,0.0,0.0,0.0,0.0,0.0,0.0,0.0,0.0,0.0,0.0,0.0,0.0,0.0
0.0,0.0,0.0,0.0,0.0,0.0,0.0,0.0,0.0,0.0,0.0,0.0,0,Joffré Escobar,macara,macara,libertad,3,0.0,0.0,0.0,0.0,0.0,0.0,0.0,0.0,0.0,0.0,0.0,0.0,0.0,0.0,0.0,0.0,0.0,0.0,0.0,0.0,0.0,0.0,0.0,0.0,0.0,0.0,0.0,0.0,0.0,0.0,0.0,0.0,0.0,0.0,0.0,0.0,0.0,0.0,0.0,0.0
16.0,13.0,4.0,2.0,0.0,0.0,1.0,2.0,90.0,24.0,5.8,3.0,"{'original': 5.8, 'alternative': 5.8}",Juan Bolado,libertad,macara,libertad,3,0.0,0.0,0.0,0.0,0.0,0.0,0.0,0.0,0.0,0.0,0.0,0.0,0.0,0.0,0.0,0.0,0.0,0.0,0.0,0.0,0.0,0.0,0.0,0.0,0.0,0.0,0.0,0.0,0.0,0.0,0.0,0.0,0.0,0.0,0.0,0.0,0.0,12.999999999999998,0.0,0.0
17.0,13.0,3.0,0.0,3.0,1.0,0.0,0.0,61.0,36.0,6.2,11.0,"{'original': 6.2, 'alternative': 6.2}",Denilson Bolanos,libertad,macara,libertad,3,1.0,0.0,0.0,2.0,2.0,1.0,0.0,1.0,0.0,0.0,1.0,0.0,0.0,0.0,0.0,0.0,1.0,0.0,0.0,0.0,0.0,0.0,0.0,0.0,0.0,0.0,0.0,0.0,0.0,0.0,0.0,0.0,0.0,0.0,0.0,0.0,0.0,19.18032786885246,0.0,0.0
30.0,24.0,4.0,2.0,4.0,1.0,0.0,0.0,88.0,38.0,6.6,6.0,"{'original': 6.6, 'alternative': 6.6}",Cristian Enciso,libertad,macara,libertad,3,0.0,0.0,2.0,2.0,0.0,0.0,0.0,3.0,1.0,2.0,1.0,0.0,0.0,2.0,0.0,0.0,0.0,0.0,0.0,0.0,0.0,0.0,0.0,0.0,0.0,0.0,0.0,0.0,0.0,0.0,0.0,0.0,0.0,0.0,0.0,0.0,0.0,24.545454545454543,0.0,0.0
36.0,29.0,5.0,2.0,3.0,0.0,0.0,0.0,90.0,43.0,6.3,7.0,"{'original': 6.3, 'alternative': 6.1}",Juan Alvacete,libertad,macara,libertad,3,0.0,0.0,2.0,4.0,0.0,0.0,1.0,4.0,0.0,0.0,1.0,2.0,0.0,2.0,0.0,0.0,0.0,0.0,0.0,0.0,0.0,0.0,0.0,0.0,0.0,0.0,0.0,0.0,0.0,0.0,0.0,0.0,0.0,0.0,0.0,0.0,1.0,29.000000000000004,1.0,0.0
39.0,31.0,5.0,2.0,4.0,0.0,0.0,0.0,90.0,58.0,6.7,16.0,"{'original': 6.7, 'alternative': 6.7}",Jose Caicedo,libertad,macara,libertad,3,2.0,0.0,0.0,2.0,0.0,0.0,0.0,2.0,1.0,2.0,0.0,0.0,1.0,4.0,0.0,0.0,1.0,0.0,0.0,0.0,0.0,0.0,0.0,0.0,0.0,0.0,0.0,0.0,0.0,0.0,0.0,0.0,0.0,0.0,0.0,0.0,0.0,31.0,0.0,0.0
31.0,28.0,1.0,1.0,8.0,5.0,0.0,0.0,90.0,41.0,6.6,6.0,"{'original': 6.6, 'alternative': 6.5}",Ivan Zambrano,libertad,macara,libertad,3,0.0,0.0,1.0,4.0,2.0,1.0,0.0,0.0,0.0,0.0,1.0,1.0,0.0,1.0,0.0,1.0,1.0,0.0,0.0,0.0,0.0,0.0,0.0,0.0,0.0,0.0,0.0,0.0,0.0,0.0,0.0,0.0,0.0,0.0,0.0,0.0,0.0,28.0,0.0,0.0
16.0,12.0,2.0,1.0,5.0,0.0,0.0,0.0,45.0,27.0,6.7,6.0,"{'original': 6.7, 'alternative': 6.8}",Pedro Larrea,libertad,macara,libertad,3,0.0,0.0,0.0,2.0,4.0,3.0,0.0,2.0,2.0,0.0,1.0,1.0,0.0,1.0,0.0,0.0,0.0,0.0,0.0,0.0,0.0,0.0,0.0,0.0,0.0,0.0,0.0,0.0,0.0,0.0,0.0,0.0,0.0,0.0,0.0,0.0,0.0,24.0,0.0,0.0
13.0,10.0,0.0,0.0,3.0,1.0,0.0,0.0,33.0,18.0,6.3,5.0,"{'original': 6.3, 'alternative': 6.3}",Andrés Felipe Ávila,libertad,macara,libertad,3,0.0,0.0,0.0,4.0,2.0,0.0,0.0,0.0,0.0,0.0,2.0,2.0,0.0,0.0,0.0,0.0,0.0,0.0,0.0,0.0,0.0,0.0,0.0,0.0,0.0,0.0,0.0,0.0,0.0,0.0,0.0,0.0,0.0,0.0,0.0,0.0,0.0,27.272727272727273,0.0,0.0
32.0,24.0,4.0,2.0,4.0,2.0,0.0,0.0,90.0,41.0,6.8,12.0,"{'original': 6.8, 'alternative': 6.7}",Lautaro Disanto,libertad,macara,libertad,3,3.0,0.0,0.0,4.0,1.0,1.0,0.0,1.0,0.0,0.0,1.0,0.0,3.0,0.0,0.0,1.0,1.0,0.0,0.0,0.0,0.0,0.0,0.0,0.0,0.0,0.0,0.0,0.0,0.0,0.0,0.0,0.0,0.0,0.0,0.0,0.0,0.0,24.0,0.0,0.0
7.0,4.0,0.0,0.0,1.0,0.0,0.0,0.0,90.0,18.0,6.4,9.0,"{'original': 6.4, 'alternative': 6.4}",Leandro Basan,libertad,macara,libertad,3,1.0,0.0,6.0,12.0,3.0,0.0,0.0,0.0,0.0,0.0,1.0,0.0,3.0,0.0,0.0,0.0,0.0,2.0,0.0,0.0,0.0,0.0,0.0,0.0,0.0,0.0,0.0,0.0,0.0,0.0,0.0,0.0,0.0,0.0,0.0,0.0,2.0,4.0,2.0,2.0
12.0,9.0,2.0,2.0,2.0,1.0,0.0,0.0,45.0,15.0,6.4,4.0,"{'original': 6.4, 'alternative': 6.4}",Jhon Huilca,libertad,macara,libertad,3,0.0,0.0,1.0,6.0,0.0,0.0,0.0,0.0,0.0,0.0,1.0,2.0,2.0,0.0,0.0,0.0,1.0,0.0,0.0,0.0,0.0,0.0,0.0,0.0,0.0,0.0,0.0,0.0,0.0,0.0,0.0,0.0,0.0,0.0,0.0,0.0,0.0,18.0,0.0,0.0
7.0,6.0,0.0,0.0,0.0,0.0,0.0,0.0,57.0,11.0,6.5,2.0,"{'original': 6.5, 'alternative': 6.5}",Diego Ávila,libertad,macara,libertad,3,1.0,0.0,4.0,5.0,0.0,0.0,1.0,0.0,0.0,0.0,0.0,0.0,1.0,0.0,0.0,0.0,0.0,0.0,0.0,0.0,0.0,0.0,0.0,0.0,0.0,0.0,0.0,0.0,0.0,0.0,0.0,0.0,0.0,0.0,0.0,0.0,1.0,9.473684210526315,1.5789473684210527,0.0
9.0,8.0,0.0,0.0,1.0,0.0,0.0,0.0,45.0,16.0,6.4,5.0,"{'original': 6.4, 'alternative': 6.3}",Jair Martínez,libertad,macara,libertad,3,1.0,0.0,0.0,2.0,2.0,1.0,0.0,0.0,0.0,0.0,0.0,1.0,0.0,0.0,0.0,0.0,0.0,0.0,0.0,1.0,0.0,0.0,0.0,0.0,0.0,0.0,1.0,0.0,0.0,0.0,0.0,0.0,0.0,0.0,0.0,0.0,0.0,16.0,0.0,0.0
32.0,21.0,11.0,7.0,6.0,1.0,0.0,0.0,45.0,47.0,7.6,17.0,"{'original': 7.6, 'alternative': 7.7}",Nixon Molina,libertad,macara,libertad,3,3.0,0.0,0.0,0.0,2.0,2.0,1.0,0.0,0.0,0.0,3.0,0.0,1.0,0.0,0.0,3.0,0.0,0.0,0.0,0.0,0.0,1.0,0.0,0.0,0.0,0.0,0.0,0.0,0.0,0.0,0.0,0.0,0.0,0.0,0.0,0.0,1.0,42.0,2.0,0.0
12.0,9.0,1.0,0.0,4.0,2.0,0.0,0.0,29.0,26.0,6.8,5.0,"{'original': 6.8, 'alternative': 6.7}",Libinton Angulo,libertad,macara,libertad,3,1.0,1.0,0.0,2.0,2.0,2.0,1.0,0.0,0.0,0.0,0.0,1.0,0.0,0.0,0.0,1.0,1.0,0.0,0.0,0.0,0.0,0.0,0.0,0.0,0.0,0.0,0.0,0.0,0.0,0.0,0.0,0.0,0.0,0.0,0.0,0.0,1.0,27.931034482758623,3.103448275862069,0.0
0.0,0.0,0.0,0.0,0.0,0.0,0.0,0.0,9.0,1.0,6.5,0.0,"{'original': 6.5, 'alternative': 6.5}",Bryan Caicedo,libertad,macara,libertad,3,0.0,0.0,1.0,1.0,0.0,0.0,0.0,1.0,0.0,0.0,0.0,0.0,0.0,0.0,0.0,0.0,0.0,0.0,0.0,0.0,0.0,0.0,0.0,0.0,0.0,0.0,0.0,0.0,0.0,0.0,0.0,0.0,0.0,0.0,0.0,0.0,0.0,0.0,0.0,0.0
0.0,0.0,0.0,0.0,0.0,0.0,0.0,0.0,0.0,0.0,0.0,0.0,0,Eduardo Bores,libertad,macara,libertad,3,0.0,0.0,0.0,0.0,0.0,0.0,0.0,0.0,0.0,0.0,0.0,0.0,0.0,0.0,0.0,0.0,0.0,0.0,0.0,0.0,0.0,0.0,0.0,0.0,0.0,0.0,0.0,0.0,0.0,0.0,0.0,0.0,0.0,0.0,0.0,0.0,0.0,0.0,0.0,0.0
0.0,0.0,0.0,0.0,0.0,0.0,0.0,0.0,0.0,0.0,0.0,0.0,0,Cesar Obando,libertad,macara,libertad,3,0.0,0.0,0.0,0.0,0.0,0.0,0.0,0.0,0.0,0.0,0.0,0.0,0.0,0.0,0.0,0.0,0.0,0.0,0.0,0.0,0.0,0.0,0.0,0.0,0.0,0.0,0.0,0.0,0.0,0.0,0.0,0.0,0.0,0.0,0.0,0.0,0.0,0.0,0.0,0.0
0.0,0.0,0.0,0.0,0.0,0.0,0.0,0.0,0.0,0.0,0.0,0.0,0,José Hernández,libertad,macara,libertad,3,0.0,0.0,0.0,0.0,0.0,0.0,0.0,0.0,0.0,0.0,0.0,0.0,0.0,0.0,0.0,0.0,0.0,0.0,0.0,0.0,0.0,0.0,0.0,0.0,0.0,0.0,0.0,0.0,0.0,0.0,0.0,0.0,0.0,0.0,0.0,0.0,0.0,0.0,0.0,0.0
0.0,0.0,0.0,0.0,0.0,0.0,0.0,0.0,0.0,0.0,0.0,0.0,0,Richard Farias,libertad,macara,libertad,3,0.0,0.0,0.0,0.0,0.0,0.0,0.0,0.0,0.0,0.0,0.0,0.0,0.0,0.0,0.0,0.0,0.0,0.0,0.0,0.0,0.0,0.0,0.0,0.0,0.0,0.0,0.0,0.0,0.0,0.0,0.0,0.0,0.0,0.0,0.0,0.0,0.0,0.0,0.0,0.0
25.0,18.0,9.0,2.0,0.0,0.0,1.0,3.0,90.0,34.0,7.1,7.0,"{'original': 7.1, 'alternative': 7.3}",Wilman Pabón,mushuc-runa,mushuc-runa,imbabura,3,0.0,0.0,0.0,0.0,0.0,0.0,0.0,0.0,0.0,0.0,0.0,0.0,0.0,0.0,0.0,0.0,0.0,0.0,0.0,0.0,0.0,0.0,1.0,0.0,0.0,0.0,0.0,0.0,0.0,0.0,0.0,0.0,0.0,0.0,0.0,0.0,0.0,18.0,0.0,0.0
38.0,25.0,9.0,1.0,6.0,0.0,0.0,0.0,90.0,60.0,6.9,19.0,"{'original': 6.9, 'alternative': 6.7}",Marco Montaño,mushuc-runa,mushuc-runa,imbabura,3,0.0,0.0,0.0,4.0,1.0,1.0,0.0,2.0,0.0,2.0,5.0,1.0,0.0,0.0,0.0,0.0,3.0,0.0,0.0,0.0,0.0,0.0,0.0,0.0,0.0,0.0,0.0,0.0,0.0,0.0,0.0,0.0,0.0,0.0,0.0,0.0,0.0,25.0,0.0,0.0
43.0,37.0,9.0,3.0,6.0,1.0,0.0,0.0,90.0,57.0,7.5,7.0,"{'original': 7.5, 'alternative': 7.5}",Dennis Quintero,mushuc-runa,mushuc-runa,imbabura,3,0.0,0.0,0.0,3.0,0.0,0.0,1.0,5.0,1.0,1.0,3.0,0.0,2.0,2.0,0.0,0.0,1.0,0.0,0.0,0.0,0.0,0.0,0.0,0.0,0.0,0.0,0.0,0.0,0.0,0.0,0.0,0.0,0.0,0.0,0.0,0.0,1.0,37.0,1.0,0.0
36.0,30.0,10.0,5.0,4.0,1.0,0.0,0.0,87.0,43.0,7.1,7.0,"{'original': 7.1, 'alternative': 7}",Jerry Parrales,mushuc-runa,mushuc-runa,imbabura,3,1.0,0.0,0.0,0.0,0.0,0.0,0.0,1.0,0.0,0.0,3.0,0.0,0.0,0.0,0.0,0.0,0.0,0.0,0.0,0.0,0.0,0.0,0.0,0.0,0.0,0.0,0.0,0.0,0.0,0.0,0.0,0.0,0.0,0.0,0.0,0.0,0.0,31.03448275862069,0.0,0.0
11.0,10.0,2.0,1.0,1.0,1.0,0.0,0.0,83.0,24.0,6.6,6.0,"{'original': 6.6, 'alternative': 6.6}",Rody Zambrano,mushuc-runa,mushuc-runa,imbabura,3,0.0,0.0,0.0,1.0,0.0,0.0,0.0,2.0,0.0,0.0,0.0,1.0,0.0,0.0,0.0,0.0,0.0,0.0,0.0,0.0,0.0,0.0,0.0,0.0,0.0,0.0,0.0,0.0,0.0,0.0,0.0,0.0,0.0,0.0,0.0,0.0,0.0,10.843373493975903,0.0,0.0
24.0,20.0,2.0,1.0,2.0,0.0,0.0,0.0,73.0,36.0,6.9,12.0,"{'original': 6.9, 'alternative': 6.8}",Mauricio Alonso,mushuc-runa,mushuc-runa,imbabura,3,3.0,1.0,1.0,5.0,2.0,2.0,0.0,0.0,0.0,0.0,0.0,0.0,2.0,0.0,0.0,2.0,2.0,1.0,0.0,0.0,0.0,0.0,0.0,0.0,0.0,0.0,0.0,0.0,0.0,0.0,0.0,0.0,0.0,0.0,0.0,0.0,1.0,24.65753424657534,1.2328767123287672,1.2328767123287672
20.0,16.0,2.0,2.0,7.0,1.0,0.0,0.0,90.0,35.0,7.0,5.0,"{'original': 7, 'alternative': 7.1}",Steven Tapiero,mushuc-runa,mushuc-runa,imbabura,3,0.0,0.0,0.0,1.0,1.0,1.0,0.0,2.0,1.0,0.0,5.0,0.0,1.0,0.0,0.0,0.0,0.0,0.0,0.0,2.0,0.0,0.0,0.0,0.0,0.0,0.0,0.0,0.0,1.0,0.0,0.0,0.0,0.0,0.0,0.0,0.0,0.0,16.0,0.0,0.0
41.0,36.0,8.0,6.0,5.0,1.0,0.0,0.0,90.0,49.0,7.7,6.0,"{'original': 7.7, 'alternative': 7.5}",Jean Carlos Estacio,mushuc-runa,mushuc-runa,imbabura,3,0.0,0.0,0.0,5.0,0.0,0.0,0.0,1.0,0.0,2.0,3.0,2.0,3.0,1.0,1.0,2.0,0.0,0.0,0.0,0.0,1.0,0.0,0.0,0.0,0.0,0.0,0.0,0.0,0.0,0.0,0.0,0.0,0.0,0.0,0.0,0.0,0.0,36.0,0.0,0.0
8.0,5.0,1.0,1.0,1.0,1.0,0.0,0.0,73.0,16.0,6.9,8.0,"{'original': 6.9, 'alternative': 6.7}",Sergio Gonzalez,mushuc-runa,mushuc-runa,imbabura,3,1.0,0.0,2.0,7.0,2.0,0.0,1.0,0.0,0.0,0.0,0.0,1.0,1.0,0.0,1.0,1.0,1.0,0.0,0.0,0.0,0.0,0.0,0.0,0.0,0.0,0.0,0.0,0.0,0.0,1.0,0.0,0.0,0.0,0.0,0.0,0.0,1.0,6.164383561643835,1.2328767123287672,0.0
28.0,20.0,7.0,4.0,4.0,2.0,0.0,0.0,90.0,45.0,7.6,16.0,"{'original': 7.6, 'alternative': 7.6}",Joaquín Vergés,mushuc-runa,mushuc-runa,imbabura,3,4.0,1.0,1.0,7.0,3.0,0.0,1.0,1.0,0.0,1.0,0.0,1.0,2.0,2.0,0.0,4.0,0.0,2.0,1.0,0.0,0.0,0.0,0.0,0.0,0.0,0.0,1.0,0.0,0.0,0.0,0.0,0.0,0.0,0.0,0.0,0.0,3.0,20.0,3.0,2.0
8.0,6.0,1.0,1.0,0.0,0.0,0.0,0.0,83.0,18.0,7.9,7.0,"{'original': 7.9, 'alternative': 7.8}",Jonathan Dos Santos,mushuc-runa,mushuc-runa,imbabura,3,0.0,0.0,2.0,6.0,1.0,0.0,1.0,1.0,0.0,0.0,0.0,1.0,0.0,0.0,0.0,0.0,2.0,2.0,2.0,0.0,0.0,0.0,0.0,0.0,0.0,0.0,0.0,0.0,0.0,0.0,0.0,0.0,0.0,0.0,0.0,0.0,3.0,6.506024096385542,3.253012048192771,2.168674698795181
8.0,5.0,3.0,1.0,2.0,1.0,0.0,0.0,17.0,11.0,6.8,4.0,"{'original': 6.8, 'alternative': 6.8}",Bagner Delgado,mushuc-runa,mushuc-runa,imbabura,3,1.0,0.0,0.0,0.0,0.0,0.0,0.0,0.0,0.0,0.0,1.0,0.0,0.0,0.0,0.0,1.0,0.0,0.0,0.0,0.0,0.0,0.0,0.0,0.0,0.0,0.0,0.0,0.0,0.0,0.0,0.0,0.0,0.0,0.0,0.0,0.0,0.0,26.47058823529412,0.0,0.0
5.0,4.0,1.0,0.0,0.0,0.0,0.0,0.0,17.0,7.0,6.6,1.0,"{'original': 6.6, 'alternative': 6.5}",Daniel Segura,mushuc-runa,mushuc-runa,imbabura,3,0.0,0.0,2.0,2.0,0.0,0.0,1.0,0.0,0.0,0.0,0.0,0.0,0.0,0.0,0.0,0.0,0.0,0.0,0.0,0.0,0.0,0.0,0.0,0.0,0.0,0.0,0.0,0.0,0.0,0.0,0.0,0.0,0.0,0.0,0.0,0.0,1.0,21.176470588235293,5.294117647058823,0.0
5.0,5.0,0.0,0.0,1.0,0.0,0.0,0.0,11.0,7.0,6.6,0.0,"{'original': 6.6, 'alternative': 6.7}",Luis Ayala,mushuc-runa,mushuc-runa,imbabura,3,0.0,0.0,0.0,0.0,0.0,0.0,0.0,0.0,0.0,0.0,1.0,0.0,0.0,0.0,0.0,0.0,0.0,0.0,0.0,0.0,0.0,0.0,0.0,0.0,0.0,0.0,0.0,0.0,0.0,0.0,0.0,0.0,0.0,0.0,0.0,0.0,0.0,40.90909090909091,0.0,0.0
1.0,1.0,0.0,0.0,0.0,0.0,0.0,0.0,11.0,3.0,6.6,0.0,"{'original': 6.6, 'alternative': 6.6}",Diego Ledesma,mushuc-runa,mushuc-runa,imbabura,3,0.0,0.0,1.0,2.0,0.0,0.0,1.0,0.0,0.0,0.0,0.0,0.0,1.0,0.0,0.0,0.0,0.0,0.0,0.0,0.0,0.0,0.0,0.0,0.0,0.0,0.0,0.0,0.0,0.0,0.0,0.0,0.0,0.0,0.0,0.0,0.0,1.0,8.181818181818182,8.181818181818182,0.0
1.0,1.0,0.0,0.0,0.0,0.0,0.0,0.0,3.0,2.0,0.0,0.0,0,Juan Cruz Randazzo,mushuc-runa,mushuc-runa,imbabura,3,0.0,0.0,0.0,0.0,0.0,0.0,0.0,1.0,0.0,0.0,0.0,0.0,0.0,0.0,0.0,0.0,0.0,0.0,0.0,0.0,0.0,0.0,0.0,0.0,0.0,0.0,0.0,0.0,0.0,0.0,0.0,0.0,0.0,0.0,0.0,0.0,0.0,30.0,0.0,0.0
0.0,0.0,0.0,0.0,0.0,0.0,0.0,0.0,0.0,0.0,0.0,0.0,0,Jorge Pinos,mushuc-runa,mushuc-runa,imbabura,3,0.0,0.0,0.0,0.0,0.0,0.0,0.0,0.0,0.0,0.0,0.0,0.0,0.0,0.0,0.0,0.0,0.0,0.0,0.0,0.0,0.0,0.0,0.0,0.0,0.0,0.0,0.0,0.0,0.0,0.0,0.0,0.0,0.0,0.0,0.0,0.0,0.0,0.0,0.0,0.0
0.0,0.0,0.0,0.0,0.0,0.0,0.0,0.0,0.0,0.0,0.0,0.0,0,William Ocles,mushuc-runa,mushuc-runa,imbabura,3,0.0,0.0,0.0,0.0,0.0,0.0,0.0,0.0,0.0,0.0,0.0,0.0,0.0,0.0,0.0,0.0,0.0,0.0,0.0,0.0,0.0,0.0,0.0,0.0,0.0,0.0,0.0,0.0,0.0,0.0,0.0,0.0,0.0,0.0,0.0,0.0,0.0,0.0,0.0,0.0
0.0,0.0,0.0,0.0,0.0,0.0,0.0,0.0,0.0,0.0,0.0,0.0,0,José Luis Quiñones,mushuc-runa,mushuc-runa,imbabura,3,0.0,0.0,0.0,0.0,0.0,0.0,0.0,0.0,0.0,0.0,0.0,0.0,0.0,0.0,0.0,0.0,0.0,0.0,0.0,0.0,0.0,0.0,0.0,0.0,0.0,0.0,0.0,0.0,0.0,0.0,0.0,0.0,0.0,0.0,0.0,0.0,0.0,0.0,0.0,0.0
0.0,0.0,0.0,0.0,0.0,0.0,0.0,0.0,0.0,0.0,0.0,0.0,0,Arnaldo Zambrano,mushuc-runa,mushuc-runa,imbabura,3,0.0,0.0,0.0,0.0,0.0,0.0,0.0,0.0,0.0,0.0,0.0,0.0,0.0,0.0,0.0,0.0,0.0,0.0,0.0,0.0,0.0,0.0,0.0,0.0,0.0,0.0,0.0,0.0,0.0,0.0,0.0,0.0,0.0,0.0,0.0,0.0,0.0,0.0,0.0,0.0
0.0,0.0,0.0,0.0,0.0,0.0,0.0,0.0,0.0,0.0,0.0,0.0,0,Stick Castro,mushuc-runa,mushuc-runa,imbabura,3,0.0,0.0,0.0,0.0,0.0,0.0,0.0,0.0,0.0,0.0,0.0,0.0,0.0,0.0,0.0,0.0,0.0,0.0,0.0,0.0,0.0,0.0,0.0,0.0,0.0,0.0,0.0,0.0,0.0,0.0,0.0,0.0,0.0,0.0,0.0,0.0,0.0,0.0,0.0,0.0
28.0,27.0,7.0,6.0,0.0,0.0,2.0,2.0,90.0,36.0,6.7,3.0,"{'original': 6.7, 'alternative': 6.2}",Mario Valero Sanchez,imbabura,mushuc-runa,imbabura,3,0.0,0.0,0.0,0.0,0.0,0.0,0.0,0.0,0.0,0.0,0.0,0.0,0.0,0.0,0.0,0.0,0.0,0.0,0.0,0.0,0.0,0.0,0.0,0.0,0.0,0.0,0.0,0.0,0.0,0.0,0.0,0.0,0.0,0.0,0.0,0.0,0.0,27.0,0.0,0.0
19.0,18.0,1.0,1.0,6.0,1.0,0.0,0.0,45.0,32.0,6.8,1.0,"{'original': 6.8, 'alternative': 6.9}",Maicol Mina,imbabura,mushuc-runa,imbabura,3,0.0,0.0,0.0,0.0,0.0,0.0,0.0,3.0,0.0,1.0,5.0,0.0,0.0,0.0,0.0,0.0,0.0,0.0,0.0,0.0,0.0,0.0,0.0,0.0,0.0,0.0,0.0,0.0,0.0,0.0,0.0,0.0,0.0,0.0,0.0,0.0,0.0,36.0,0.0,0.0
70.0,66.0,3.0,1.0,4.0,1.0,0.0,0.0,90.0,79.0,6.3,4.0,"{'original': 6.3, 'alternative': 6.4}",Alexis Santacruz,imbabura,mushuc-runa,imbabura,3,0.0,0.0,0.0,1.0,0.0,0.0,0.0,2.0,1.0,1.0,1.0,0.0,1.0,2.0,0.0,0.0,0.0,0.0,0.0,0.0,0.0,0.0,0.0,0.0,0.0,0.0,0.0,0.0,1.0,0.0,0.0,0.0,0.0,0.0,0.0,0.0,0.0,66.0,0.0,0.0
62.0,59.0,7.0,5.0,3.0,0.0,0.0,0.0,90.0,69.0,6.5,4.0,"{'original': 6.5, 'alternative': 6.5}",Edison Caicedo,imbabura,mushuc-runa,imbabura,3,0.0,0.0,2.0,3.0,0.0,0.0,0.0,2.0,0.0,1.0,0.0,1.0,0.0,3.0,0.0,0.0,0.0,1.0,0.0,0.0,0.0,0.0,0.0,0.0,0.0,0.0,0.0,0.0,0.0,0.0,0.0,0.0,0.0,0.0,0.0,0.0,1.0,59.0,1.0,1.0
72.0,64.0,4.0,3.0,6.0,2.0,0.0,0.0,90.0,87.0,7.4,10.0,"{'original': 7.4, 'alternative': 7.2}",Óscar Pepinos,imbabura,mushuc-runa,imbabura,3,2.0,1.0,0.0,1.0,2.0,1.0,2.0,1.0,0.0,0.0,3.0,0.0,0.0,0.0,0.0,3.0,0.0,1.0,0.0,0.0,0.0,0.0,0.0,0.0,0.0,0.0,0.0,0.0,0.0,0.0,0.0,0.0,0.0,0.0,0.0,0.0,3.0,64.0,3.0,1.0
30.0,27.0,4.0,3.0,2.0,1.0,0.0,0.0,45.0,41.0,6.6,7.0,"{'original': 6.6, 'alternative': 6.4}",Rony Caicedo,imbabura,mushuc-runa,imbabura,3,0.0,0.0,0.0,4.0,2.0,1.0,0.0,1.0,0.0,2.0,0.0,0.0,1.0,0.0,0.0,0.0,2.0,0.0,0.0,0.0,0.0,0.0,0.0,0.0,0.0,0.0,0.0,0.0,0.0,0.0,0.0,0.0,0.0,0.0,0.0,0.0,0.0,54.0,0.0,0.0
23.0,22.0,0.0,0.0,4.0,1.0,0.0,0.0,90.0,35.0,6.6,5.0,"{'original': 6.6, 'alternative': 6.5}",Leonar Espinoza,imbabura,mushuc-runa,imbabura,3,3.0,1.0,0.0,2.0,3.0,2.0,1.0,1.0,0.0,0.0,0.0,0.0,1.0,1.0,0.0,1.0,0.0,1.0,0.0,0.0,0.0,0.0,0.0,0.0,0.0,0.0,2.0,1.0,0.0,0.0,0.0,0.0,0.0,0.0,0.0,0.0,2.0,22.0,2.0,1.0
27.0,22.0,2.0,1.0,3.0,1.0,0.0,0.0,90.0,40.0,6.6,11.0,"{'original': 6.6, 'alternative': 6.4}",Erick Mendoza,imbabura,mushuc-runa,imbabura,3,2.0,0.0,1.0,4.0,2.0,0.0,1.0,1.0,0.0,1.0,2.0,0.0,0.0,0.0,0.0,1.0,1.0,0.0,0.0,0.0,0.0,0.0,0.0,0.0,0.0,0.0,0.0,0.0,0.0,0.0,0.0,0.0,0.0,0.0,0.0,0.0,1.0,22.0,1.0,0.0
25.0,18.0,0.0,0.0,5.0,1.0,0.0,0.0,74.0,48.0,6.1,17.0,"{'original': 6.1, 'alternative': 5.8}",Leandro Pantoja,imbabura,mushuc-runa,imbabura,3,5.0,0.0,1.0,6.0,4.0,1.0,3.0,2.0,0.0,0.0,2.0,0.0,3.0,1.0,0.0,0.0,1.0,0.0,0.0,0.0,0.0,1.0,0.0,0.0,0.0,0.0,1.0,1.0,0.0,0.0,1.0,0.0,0.0,0.0,0.0,0.0,3.0,21.891891891891895,3.6486486486486487,0.0
27.0,22.0,3.0,1.0,2.0,1.0,0.0,0.0,59.0,32.0,6.9,6.0,"{'original': 6.9, 'alternative': 6.8}",Federico Paz,imbabura,mushuc-runa,imbabura,3,1.0,1.0,1.0,1.0,1.0,1.0,0.0,0.0,0.0,0.0,0.0,0.0,0.0,0.0,0.0,0.0,0.0,0.0,0.0,1.0,0.0,0.0,0.0,0.0,0.0,0.0,0.0,0.0,0.0,1.0,0.0,0.0,0.0,0.0,0.0,0.0,0.0,33.559322033898304,0.0,0.0
11.0,10.0,0.0,0.0,2.0,1.0,0.0,0.0,59.0,18.0,6.8,3.0,"{'original': 6.8, 'alternative': 6.7}",Jacson Pita Mina,imbabura,mushuc-runa,imbabura,3,0.0,0.0,0.0,3.0,0.0,0.0,1.0,0.0,1.0,1.0,1.0,0.0,3.0,0.0,0.0,0.0,0.0,0.0,0.0,0.0,0.0,0.0,0.0,0.0,0.0,0.0,0.0,0.0,0.0,0.0,0.0,0.0,0.0,0.0,0.0,0.0,1.0,15.254237288135592,1.5254237288135593,0.0
31.0,27.0,2.0,2.0,3.0,1.0,0.0,0.0,45.0,39.0,6.8,7.0,"{'original': 6.8, 'alternative': 6.7}",Guillermo Rendón,imbabura,mushuc-runa,imbabura,3,4.0,1.0,0.0,1.0,0.0,0.0,0.0,0.0,0.0,0.0,0.0,1.0,0.0,2.0,0.0,1.0,0.0,0.0,0.0,1.0,0.0,0.0,0.0,0.0,0.0,0.0,0.0,0.0,0.0,0.0,0.0,0.0,0.0,0.0,0.0,0.0,0.0,54.0,0.0,0.0
36.0,34.0,2.0,1.0,0.0,0.0,0.0,0.0,45.0,41.0,6.9,3.0,"{'original': 6.9, 'alternative': 6.8}",Wilson Alfredo Folleco Morales,imbabura,mushuc-runa,imbabura,3,0.0,0.0,0.0,1.0,0.0,0.0,1.0,1.0,0.0,1.0,0.0,0.0,1.0,0.0,0.0,1.0,0.0,0.0,0.0,0.0,1.0,0.0,0.0,0.0,0.0,0.0,0.0,0.0,0.0,0.0,0.0,0.0,0.0,0.0,0.0,0.0,1.0,68.0,2.0,0.0
38.0,33.0,3.0,1.0,2.0,0.0,0.0,0.0,31.0,44.0,6.7,8.0,"{'original': 6.7, 'alternative': 6.6}",Jhon Arteaga,imbabura,mushuc-runa,imbabura,3,0.0,0.0,0.0,3.0,2.0,1.0,0.0,0.0,0.0,0.0,1.0,1.0,0.0,0.0,0.0,1.0,1.0,0.0,0.0,0.0,0.0,0.0,0.0,0.0,0.0,0.0,0.0,0.0,0.0,0.0,0.0,0.0,0.0,0.0,0.0,0.0,0.0,95.80645161290322,0.0,0.0
10.0,7.0,0.0,0.0,1.0,1.0,0.0,0.0,31.0,21.0,6.1,8.0,"{'original': 6.1, 'alternative': 5.9}",Danny Burbano,imbabura,mushuc-runa,imbabura,3,0.0,0.0,0.0,7.0,2.0,0.0,0.0,0.0,0.0,0.0,0.0,1.0,1.0,0.0,0.0,0.0,3.0,0.0,0.0,0.0,0.0,0.0,0.0,0.0,0.0,0.0,0.0,0.0,0.0,0.0,0.0,0.0,0.0,0.0,0.0,0.0,0.0,20.32258064516129,0.0,0.0
24.0,21.0,2.0,2.0,0.0,0.0,0.0,0.0,16.0,26.0,6.6,5.0,"{'original': 6.6, 'alternative': 6.5}",Juan Alcivar,imbabura,mushuc-runa,imbabura,3,0.0,0.0,0.0,2.0,1.0,0.0,0.0,0.0,0.0,0.0,0.0,0.0,0.0,0.0,0.0,1.0,1.0,0.0,0.0,0.0,0.0,0.0,0.0,0.0,0.0,0.0,0.0,0.0,0.0,0.0,0.0,0.0,0.0,0.0,0.0,0.0,0.0,118.125,0.0,0.0
0.0,0.0,0.0,0.0,0.0,0.0,0.0,0.0,0.0,0.0,0.0,0.0,0,Patrik Minda,imbabura,mushuc-runa,imbabura,3,0.0,0.0,0.0,0.0,0.0,0.0,0.0,0.0,0.0,0.0,0.0,0.0,0.0,0.0,0.0,0.0,0.0,0.0,0.0,0.0,0.0,0.0,0.0,0.0,0.0,0.0,0.0,0.0,0.0,0.0,0.0,0.0,0.0,0.0,0.0,0.0,0.0,0.0,0.0,0.0
0.0,0.0,0.0,0.0,0.0,0.0,0.0,0.0,0.0,0.0,0.0,0.0,0,Guillermo Coronel,imbabura,mushuc-runa,imbabura,3,0.0,0.0,0.0,0.0,0.0,0.0,0.0,0.0,0.0,0.0,0.0,0.0,0.0,0.0,0.0,0.0,0.0,0.0,0.0,0.0,0.0,0.0,0.0,0.0,0.0,0.0,0.0,0.0,0.0,0.0,0.0,0.0,0.0,0.0,0.0,0.0,0.0,0.0,0.0,0.0
0.0,0.0,0.0,0.0,0.0,0.0,0.0,0.0,0.0,0.0,0.0,0.0,0,Michael Chala,imbabura,mushuc-runa,imbabura,3,0.0,0.0,0.0,0.0,0.0,0.0,0.0,0.0,0.0,0.0,0.0,0.0,0.0,0.0,0.0,0.0,0.0,0.0,0.0,0.0,0.0,0.0,0.0,0.0,0.0,0.0,0.0,0.0,0.0,0.0,0.0,0.0,0.0,0.0,0.0,0.0,0.0,0.0,0.0,0.0
0.0,0.0,0.0,0.0,0.0,0.0,0.0,0.0,0.0,0.0,0.0,0.0,0,Roni Chávez,imbabura,mushuc-runa,imbabura,3,0.0,0.0,0.0,0.0,0.0,0.0,0.0,0.0,0.0,0.0,0.0,0.0,0.0,0.0,0.0,0.0,0.0,0.0,0.0,0.0,0.0,0.0,0.0,0.0,0.0,0.0,0.0,0.0,0.0,0.0,0.0,0.0,0.0,0.0,0.0,0.0,0.0,0.0,0.0,0.0
0.0,0.0,0.0,0.0,0.0,0.0,0.0,0.0,0.0,0.0,0.0,0.0,0,Gilmar Cevallos,imbabura,mushuc-runa,imbabura,3,0.0,0.0,0.0,0.0,0.0,0.0,0.0,0.0,0.0,0.0,0.0,0.0,0.0,0.0,0.0,0.0,0.0,0.0,0.0,0.0,0.0,0.0,0.0,0.0,0.0,0.0,0.0,0.0,0.0,0.0,0.0,0.0,0.0,0.0,0.0,0.0,0.0,0.0,0.0,0.0
0.0,0.0,0.0,0.0,0.0,0.0,0.0,0.0,0.0,0.0,0.0,0.0,0,Jonathan Benítez,imbabura,mushuc-runa,imbabura,3,0.0,0.0,0.0,0.0,0.0,0.0,0.0,0.0,0.0,0.0,0.0,0.0,0.0,0.0,0.0,0.0,0.0,0.0,0.0,0.0,0.0,0.0,0.0,0.0,0.0,0.0,0.0,0.0,0.0,0.0,0.0,0.0,0.0,0.0,0.0,0.0,0.0,0.0,0.0,0.0
0.0,0.0,0.0,0.0,0.0,0.0,0.0,0.0,0.0,0.0,0.0,0.0,0,Alexis Villamil,imbabura,mushuc-runa,imbabura,3,0.0,0.0,0.0,0.0,0.0,0.0,0.0,0.0,0.0,0.0,0.0,0.0,0.0,0.0,0.0,0.0,0.0,0.0,0.0,0.0,0.0,0.0,0.0,0.0,0.0,0.0,0.0,0.0,0.0,0.0,0.0,0.0,0.0,0.0,0.0,0.0,0.0,0.0,0.0,0.0
28.0,14.0,18.0,4.0,1.0,0.0,0.0,1.0,90.0,34.0,6.6,14.0,"{'original': 6.6, 'alternative': 6.4}",David Cabezas,nacional,nacional,emelec,3,0.0,0.0,0.0,0.0,0.0,0.0,0.0,1.0,0.0,0.0,0.0,0.0,0.0,1.0,0.0,0.0,0.0,0.0,0.0,0.0,0.0,0.0,1.0,0.0,0.0,0.0,0.0,0.0,0.0,0.0,0.0,0.0,0.0,0.0,0.0,0.0,0.0,14.0,0.0,0.0
26.0,13.0,11.0,5.0,6.0,1.0,0.0,0.0,90.0,36.0,6.5,15.0,"{'original': 6.5, 'alternative': 6.4}",César Vélez,nacional,nacional,emelec,3,1.0,0.0,5.0,9.0,1.0,1.0,0.0,1.0,0.0,0.0,1.0,1.0,3.0,3.0,0.0,1.0,0.0,0.0,0.0,0.0,0.0,0.0,0.0,0.0,0.0,0.0,0.0,0.0,0.0,0.0,0.0,0.0,0.0,0.0,0.0,0.0,0.0,12.999999999999998,0.0,0.0
29.0,16.0,9.0,2.0,7.0,1.0,0.0,0.0,90.0,41.0,6.9,14.0,"{'original': 6.9, 'alternative': 7}",Daniel Patino,nacional,nacional,emelec,3,0.0,0.0,2.0,3.0,0.0,0.0,0.0,3.0,1.0,1.0,3.0,1.0,0.0,3.0,0.0,0.0,0.0,0.0,0.0,0.0,0.0,0.0,0.0,0.0,0.0,0.0,0.0,0.0,0.0,0.0,0.0,0.0,0.0,0.0,0.0,0.0,0.0,16.0,0.0,0.0
28.0,20.0,8.0,3.0,3.0,0.0,0.0,0.0,90.0,34.0,6.2,8.0,"{'original': 6.2, 'alternative': 6.2}",Kevin Peralta,nacional,nacional,emelec,3,0.0,0.0,5.0,6.0,1.0,1.0,1.0,0.0,0.0,2.0,0.0,0.0,1.0,2.0,0.0,0.0,0.0,0.0,0.0,0.0,0.0,0.0,0.0,0.0,0.0,0.0,0.0,0.0,1.0,0.0,0.0,0.0,0.0,0.0,0.0,0.0,1.0,20.0,1.0,0.0
27.0,21.0,5.0,2.0,3.0,1.0,0.0,0.0,90.0,45.0,7.0,15.0,"{'original': 7, 'alternative': 7}",Josué Chala,nacional,nacional,emelec,3,5.0,0.0,0.0,2.0,2.0,2.0,1.0,0.0,0.0,1.0,0.0,0.0,2.0,0.0,0.0,4.0,0.0,0.0,0.0,0.0,0.0,0.0,0.0,0.0,0.0,0.0,0.0,0.0,0.0,0.0,0.0,0.0,0.0,0.0,0.0,0.0,1.0,21.0,1.0,0.0
20.0,11.0,7.0,2.0,3.0,1.0,0.0,0.0,90.0,43.0,6.7,17.0,"{'original': 6.7, 'alternative': 6.8}",Luis Gomez,nacional,nacional,emelec,3,3.0,1.0,1.0,3.0,0.0,0.0,0.0,1.0,0.0,0.0,2.0,0.0,2.0,0.0,0.0,1.0,0.0,0.0,0.0,0.0,0.0,0.0,0.0,0.0,0.0,0.0,0.0,0.0,0.0,0.0,0.0,0.0,0.0,0.0,0.0,0.0,0.0,11.0,0.0,0.0
20.0,14.0,4.0,2.0,5.0,1.0,0.0,0.0,90.0,31.0,7.0,6.0,"{'original': 7, 'alternative': 7}",Teddye Lara,nacional,nacional,emelec,3,1.0,1.0,1.0,4.0,0.0,0.0,1.0,1.0,1.0,0.0,2.0,1.0,2.0,2.0,0.0,2.0,0.0,0.0,0.0,0.0,0.0,0.0,0.0,0.0,0.0,0.0,0.0,0.0,0.0,0.0,0.0,0.0,0.0,0.0,0.0,0.0,1.0,14.0,1.0,0.0
11.0,9.0,1.0,0.0,1.0,0.0,0.0,0.0,70.0,22.0,6.7,7.0,"{'original': 6.7, 'alternative': 6.8}",Jhoel Maya,nacional,nacional,emelec,3,3.0,1.0,1.0,2.0,1.0,1.0,1.0,0.0,0.0,1.0,0.0,0.0,1.0,0.0,0.0,0.0,0.0,0.0,0.0,0.0,0.0,0.0,0.0,0.0,0.0,0.0,1.0,0.0,0.0,0.0,0.0,0.0,0.0,0.0,0.0,0.0,1.0,11.57142857142857,1.2857142857142856,0.0
19.0,10.0,1.0,0.0,7.0,1.0,0.0,0.0,89.0,38.0,7.5,15.0,"{'original': 7.5, 'alternative': 7.4}",Jordy Burbano,nacional,nacional,emelec,3,4.0,0.0,7.0,8.0,1.0,1.0,3.0,0.0,0.0,0.0,1.0,0.0,1.0,4.0,0.0,1.0,0.0,2.0,0.0,1.0,0.0,0.0,0.0,0.0,0.0,0.0,0.0,0.0,0.0,0.0,0.0,0.0,0.0,0.0,0.0,0.0,5.0,10.112359550561797,5.056179775280898,2.0224719101123596
14.0,7.0,2.0,1.0,4.0,1.0,0.0,0.0,70.0,29.0,7.0,13.0,"{'original': 7, 'alternative': 6.9}",Byron Torrez,nacional,nacional,emelec,3,3.0,0.0,1.0,3.0,0.0,0.0,1.0,0.0,0.0,1.0,1.0,1.0,0.0,2.0,0.0,1.0,1.0,1.0,0.0,2.0,0.0,0.0,0.0,0.0,0.0,0.0,0.0,0.0,0.0,0.0,0.0,0.0,0.0,0.0,0.0,0.0,2.0,9.0,2.571428571428571,1.2857142857142856
11.0,9.0,0.0,0.0,3.0,0.0,0.0,0.0,62.0,16.0,6.7,5.0,"{'original': 6.7, 'alternative': 6.6}",Antony Chere,nacional,nacional,emelec,3,1.0,0.0,4.0,11.0,3.0,1.0,0.0,0.0,0.0,0.0,0.0,2.0,3.0,2.0,0.0,3.0,0.0,0.0,0.0,0.0,0.0,0.0,0.0,0.0,0.0,0.0,0.0,0.0,0.0,0.0,0.0,0.0,0.0,0.0,0.0,0.0,0.0,13.06451612903226,0.0,0.0
4.0,4.0,0.0,0.0,3.0,1.0,0.0,0.0,28.0,15.0,6.8,5.0,"{'original': 6.8, 'alternative': 6.6}",Gustavo Asprilla,nacional,nacional,emelec,3,0.0,0.0,4.0,6.0,1.0,0.0,1.0,0.0,0.0,0.0,1.0,0.0,0.0,1.0,0.0,0.0,1.0,1.0,0.0,1.0,0.0,0.0,0.0,0.0,0.0,0.0,1.0,0.0,0.0,0.0,0.0,0.0,0.0,0.0,0.0,0.0,2.0,12.857142857142856,6.428571428571428,3.214285714285714
5.0,3.0,0.0,0.0,0.0,0.0,0.0,0.0,20.0,14.0,6.9,5.0,"{'original': 6.9, 'alternative': 6.7}",Andres Mena,nacional,nacional,emelec,3,2.0,0.0,0.0,1.0,0.0,0.0,1.0,0.0,0.0,0.0,0.0,0.0,0.0,0.0,0.0,0.0,1.0,2.0,0.0,0.0,0.0,0.0,0.0,0.0,0.0,0.0,0.0,0.0,0.0,0.0,0.0,0.0,0.0,0.0,0.0,0.0,3.0,13.5,13.5,9.0
2.0,1.0,0.0,0.0,2.0,2.0,0.0,0.0,20.0,5.0,6.8,1.0,"{'original': 6.8, 'alternative': 6.6}",Jonathan Zambrano,nacional,nacional,emelec,3,0.0,0.0,1.0,1.0,0.0,0.0,0.0,0.0,0.0,0.0,0.0,0.0,0.0,0.0,0.0,0.0,0.0,0.0,0.0,0.0,0.0,0.0,0.0,0.0,0.0,0.0,0.0,0.0,0.0,0.0,0.0,0.0,0.0,0.0,0.0,0.0,0.0,4.5,0.0,0.0
1.0,0.0,0.0,0.0,0.0,0.0,0.0,0.0,1.0,1.0,0.0,1.0,0,Jhon Caicedo,nacional,nacional,emelec,3,0.0,0.0,0.0,0.0,0.0,0.0,0.0,0.0,0.0,0.0,0.0,0.0,0.0,0.0,0.0,0.0,0.0,0.0,0.0,0.0,0.0,0.0,0.0,0.0,0.0,0.0,0.0,0.0,0.0,0.0,0.0,0.0,0.0,0.0,0.0,0.0,0.0,0.0,0.0,0.0
0.0,0.0,0.0,0.0,0.0,0.0,0.0,0.0,0.0,0.0,0.0,0.0,0,Mateo Lozano,nacional,nacional,emelec,3,0.0,0.0,0.0,0.0,0.0,0.0,0.0,0.0,0.0,0.0,0.0,0.0,0.0,0.0,0.0,0.0,0.0,0.0,0.0,0.0,0.0,0.0,0.0,0.0,0.0,0.0,0.0,0.0,0.0,0.0,0.0,0.0,0.0,0.0,0.0,0.0,0.0,0.0,0.0,0.0
0.0,0.0,0.0,0.0,0.0,0.0,0.0,0.0,0.0,0.0,0.0,0.0,0,Elian Arboleda,nacional,nacional,emelec,3,0.0,0.0,0.0,0.0,0.0,0.0,0.0,0.0,0.0,0.0,0.0,0.0,0.0,0.0,0.0,0.0,0.0,0.0,0.0,0.0,0.0,0.0,0.0,0.0,0.0,0.0,0.0,0.0,0.0,0.0,0.0,0.0,0.0,0.0,0.0,0.0,0.0,0.0,0.0,0.0
0.0,0.0,0.0,0.0,0.0,0.0,0.0,0.0,0.0,0.0,0.0,0.0,0,Sebastián Zumba,nacional,nacional,emelec,3,0.0,0.0,0.0,0.0,0.0,0.0,0.0,0.0,0.0,0.0,0.0,0.0,0.0,0.0,0.0,0.0,0.0,0.0,0.0,0.0,0.0,0.0,0.0,0.0,0.0,0.0,0.0,0.0,0.0,0.0,0.0,0.0,0.0,0.0,0.0,0.0,0.0,0.0,0.0,0.0
0.0,0.0,0.0,0.0,0.0,0.0,0.0,0.0,0.0,0.0,0.0,0.0,0,Tommy Acurio,nacional,nacional,emelec,3,0.0,0.0,0.0,0.0,0.0,0.0,0.0,0.0,0.0,0.0,0.0,0.0,0.0,0.0,0.0,0.0,0.0,0.0,0.0,0.0,0.0,0.0,0.0,0.0,0.0,0.0,0.0,0.0,0.0,0.0,0.0,0.0,0.0,0.0,0.0,0.0,0.0,0.0,0.0,0.0
0.0,0.0,0.0,0.0,0.0,0.0,0.0,0.0,0.0,0.0,0.0,0.0,0,Anthony Espinoza,nacional,nacional,emelec,3,0.0,0.0,0.0,0.0,0.0,0.0,0.0,0.0,0.0,0.0,0.0,0.0,0.0,0.0,0.0,0.0,0.0,0.0,0.0,0.0,0.0,0.0,0.0,0.0,0.0,0.0,0.0,0.0,0.0,0.0,0.0,0.0,0.0,0.0,0.0,0.0,0.0,0.0,0.0,0.0
0.0,0.0,0.0,0.0,0.0,0.0,0.0,0.0,0.0,0.0,0.0,0.0,0,Luis Benalcazar,nacional,nacional,emelec,3,0.0,0.0,0.0,0.0,0.0,0.0,0.0,0.0,0.0,0.0,0.0,0.0,0.0,0.0,0.0,0.0,0.0,0.0,0.0,0.0,0.0,0.0,0.0,0.0,0.0,0.0,0.0,0.0,0.0,0.0,0.0,0.0,0.0,0.0,0.0,0.0,0.0,0.0,0.0,0.0
0.0,0.0,0.0,0.0,0.0,0.0,0.0,0.0,0.0,0.0,0.0,0.0,0,Wilder Estupiñan,nacional,nacional,emelec,3,0.0,0.0,0.0,0.0,0.0,0.0,0.0,0.0,0.0,0.0,0.0,0.0,0.0,0.0,0.0,0.0,0.0,0.0,0.0,0.0,0.0,0.0,0.0,0.0,0.0,0.0,0.0,0.0,0.0,0.0,0.0,0.0,0.0,0.0,0.0,0.0,0.0,0.0,0.0,0.0
0.0,0.0,0.0,0.0,0.0,0.0,0.0,0.0,0.0,0.0,0.0,0.0,0,Anthony Piloso,nacional,nacional,emelec,3,0.0,0.0,0.0,0.0,0.0,0.0,0.0,0.0,0.0,0.0,0.0,0.0,0.0,0.0,0.0,0.0,0.0,0.0,0.0,0.0,0.0,0.0,0.0,0.0,0.0,0.0,0.0,0.0,0.0,0.0,0.0,0.0,0.0,0.0,0.0,0.0,0.0,0.0,0.0,0.0
34.0,23.0,26.0,15.0,1.0,0.0,3.0,6.0,90.0,44.0,8.4,12.0,"{'original': 8.4, 'alternative': 8.1}",Pedro Ortiz,emelec,nacional,emelec,3,0.0,0.0,0.0,0.0,0.0,0.0,0.0,1.0,0.0,0.0,0.0,0.0,0.0,1.0,0.0,0.0,0.0,0.0,0.0,0.0,0.0,0.0,1.0,0.0,0.0,0.0,0.0,0.0,0.0,0.0,0.0,0.0,0.0,0.0,0.0,0.0,0.0,23.0,0.0,0.0
18.0,11.0,3.0,0.0,2.0,1.0,0.0,0.0,90.0,36.0,7.2,13.0,"{'original': 7.2, 'alternative': 7}",Romario Caicedo,emelec,nacional,emelec,3,2.0,0.0,1.0,2.0,0.0,0.0,0.0,4.0,0.0,0.0,0.0,0.0,0.0,1.0,0.0,1.0,1.0,0.0,0.0,0.0,1.0,0.0,0.0,0.0,0.0,0.0,0.0,0.0,0.0,0.0,0.0,0.0,0.0,0.0,0.0,0.0,0.0,11.0,0.0,0.0
27.0,18.0,10.0,4.0,10.0,2.0,0.0,0.0,90.0,43.0,8.3,9.0,"{'original': 8.3, 'alternative': 8.2}",Luis Fernando León,emelec,nacional,emelec,3,0.0,0.0,1.0,1.0,0.0,0.0,0.0,9.0,2.0,0.0,1.0,0.0,0.0,7.0,0.0,0.0,0.0,2.0,1.0,0.0,0.0,0.0,0.0,0.0,0.0,0.0,0.0,0.0,0.0,0.0,0.0,0.0,0.0,0.0,0.0,0.0,2.0,18.0,2.0,2.0
32.0,18.0,18.0,8.0,7.0,0.0,0.0,0.0,90.0,51.0,7.3,15.0,"{'original': 7.3, 'alternative': 7.3}",Aníbal Leguizamón,emelec,nacional,emelec,3,1.0,0.0,3.0,5.0,0.0,0.0,0.0,14.0,1.0,1.0,1.0,1.0,1.0,6.0,0.0,0.0,0.0,0.0,0.0,1.0,0.0,0.0,0.0,0.0,0.0,0.0,0.0,0.0,0.0,0.0,0.0,0.0,0.0,0.0,0.0,0.0,0.0,18.0,0.0,0.0
40.0,30.0,7.0,3.0,6.0,2.0,0.0,0.0,90.0,62.0,6.8,13.0,"{'original': 6.8, 'alternative': 6.5}",Gustavo Cortez,emelec,nacional,emelec,3,0.0,0.0,0.0,6.0,2.0,1.0,0.0,2.0,0.0,0.0,2.0,1.0,2.0,1.0,0.0,0.0,2.0,0.0,0.0,0.0,0.0,0.0,0.0,0.0,0.0,0.0,0.0,0.0,0.0,0.0,0.0,0.0,0.0,0.0,0.0,0.0,0.0,30.0,0.0,0.0
48.0,34.0,8.0,4.0,5.0,0.0,0.0,0.0,90.0,56.0,6.8,14.0,"{'original': 6.8, 'alternative': 6.6}",Cristian Erbes,emelec,nacional,emelec,3,0.0,0.0,3.0,6.0,1.0,1.0,0.0,2.0,0.0,2.0,1.0,3.0,0.0,3.0,0.0,0.0,0.0,0.0,0.0,0.0,0.0,0.0,0.0,0.0,0.0,0.0,0.0,0.0,0.0,0.0,0.0,0.0,0.0,0.0,0.0,0.0,0.0,34.0,0.0,0.0
25.0,15.0,3.0,0.0,3.0,2.0,0.0,0.0,74.0,31.0,6.8,12.0,"{'original': 6.8, 'alternative': 6.6}",Jhon Sánchez,emelec,nacional,emelec,3,1.0,0.0,0.0,0.0,0.0,0.0,1.0,0.0,0.0,0.0,0.0,0.0,0.0,1.0,0.0,0.0,0.0,0.0,0.0,0.0,0.0,0.0,0.0,0.0,0.0,0.0,0.0,0.0,0.0,0.0,0.0,0.0,0.0,0.0,0.0,0.0,1.0,18.243243243243246,1.2162162162162162,0.0
12.0,7.0,0.0,0.0,5.0,0.0,0.0,0.0,45.0,12.0,6.8,5.0,"{'original': 6.8, 'alternative': 6.7}",Jaime Ayoví,emelec,nacional,emelec,3,0.0,0.0,0.0,0.0,0.0,0.0,0.0,0.0,0.0,0.0,0.0,0.0,0.0,5.0,0.0,0.0,0.0,0.0,0.0,0.0,0.0,0.0,0.0,0.0,0.0,0.0,0.0,0.0,0.0,0.0,0.0,0.0,0.0,0.0,0.0,0.0,0.0,14.0,0.0,0.0
27.0,21.0,2.0,2.0,3.0,1.0,0.0,0.0,75.0,37.0,6.7,9.0,"{'original': 6.7, 'alternative': 6.7}",Marcelo Meli,emelec,nacional,emelec,3,0.0,0.0,4.0,5.0,1.0,1.0,0.0,0.0,1.0,0.0,1.0,0.0,0.0,0.0,0.0,0.0,1.0,0.0,0.0,1.0,0.0,0.0,0.0,0.0,0.0,0.0,0.0,0.0,0.0,0.0,0.0,0.0,0.0,0.0,0.0,0.0,0.0,25.200000000000003,0.0,0.0
28.0,23.0,3.0,1.0,2.0,1.0,0.0,0.0,74.0,39.0,7.3,8.0,"{'original': 7.3, 'alternative': 7.2}",Juan Ruiz Gómez,emelec,nacional,emelec,3,4.0,3.0,1.0,3.0,2.0,1.0,0.0,0.0,0.0,1.0,0.0,0.0,1.0,0.0,0.0,3.0,0.0,0.0,0.0,0.0,1.0,0.0,0.0,0.0,0.0,0.0,0.0,0.0,0.0,0.0,0.0,0.0,0.0,0.0,0.0,0.0,0.0,27.972972972972972,0.0,0.0
23.0,14.0,2.0,2.0,11.0,2.0,0.0,0.0,85.0,39.0,6.8,16.0,"{'original': 6.8, 'alternative': 6.7}",Facundo Castelli,emelec,nacional,emelec,3,1.0,0.0,5.0,8.0,2.0,2.0,1.0,2.0,0.0,0.0,0.0,0.0,1.0,7.0,0.0,0.0,2.0,0.0,0.0,0.0,0.0,0.0,0.0,0.0,0.0,0.0,1.0,1.0,0.0,0.0,0.0,0.0,0.0,0.0,0.0,0.0,1.0,14.823529411764707,1.0588235294117647,0.0
15.0,11.0,0.0,0.0,2.0,2.0,0.0,0.0,45.0,22.0,6.5,8.0,"{'original': 6.5, 'alternative': 6.4}",Washington Corozo,emelec,nacional,emelec,3,0.0,0.0,2.0,6.0,1.0,0.0,1.0,0.0,0.0,0.0,0.0,1.0,2.0,0.0,0.0,0.0,0.0,0.0,0.0,0.0,0.0,0.0,0.0,0.0,0.0,0.0,0.0,1.0,0.0,1.0,0.0,0.0,0.0,0.0,0.0,0.0,1.0,22.0,2.0,0.0
10.0,8.0,0.0,0.0,1.0,1.0,0.0,0.0,16.0,13.0,6.4,4.0,"{'original': 6.4, 'alternative': 6.4}",Maicon Solís,emelec,nacional,emelec,3,0.0,0.0,0.0,2.0,1.0,0.0,0.0,0.0,0.0,0.0,0.0,0.0,1.0,0.0,0.0,0.0,0.0,0.0,0.0,0.0,0.0,0.0,0.0,0.0,0.0,0.0,0.0,0.0,0.0,0.0,0.0,0.0,0.0,0.0,0.0,0.0,0.0,45.0,0.0,0.0
4.0,3.0,0.0,0.0,0.0,0.0,0.0,0.0,16.0,6.0,6.4,2.0,"{'original': 6.4, 'alternative': 6.4}",Rodrigo Rivero,emelec,nacional,emelec,3,1.0,0.0,0.0,2.0,0.0,0.0,0.0,0.0,0.0,0.0,0.0,1.0,1.0,0.0,0.0,0.0,0.0,0.0,0.0,0.0,0.0,0.0,0.0,0.0,0.0,0.0,0.0,0.0,0.0,0.0,0.0,0.0,0.0,0.0,0.0,0.0,0.0,16.875,0.0,0.0
8.0,5.0,1.0,0.0,0.0,0.0,0.0,0.0,15.0,9.0,6.4,3.0,"{'original': 6.4, 'alternative': 6.4}",Ronny Borja,emelec,nacional,emelec,3,0.0,0.0,0.0,1.0,0.0,0.0,0.0,0.0,0.0,0.0,0.0,0.0,1.0,0.0,0.0,0.0,0.0,0.0,0.0,0.0,0.0,0.0,0.0,0.0,0.0,0.0,0.0,0.0,0.0,0.0,0.0,0.0,0.0,0.0,0.0,0.0,0.0,30.0,0.0,0.0
2.0,2.0,0.0,0.0,1.0,1.0,0.0,0.0,11.0,5.0,6.5,1.0,"{'original': 6.5, 'alternative': 6.4}",Cristhian Valencia,emelec,nacional,emelec,3,0.0,0.0,0.0,1.0,0.0,0.0,0.0,1.0,0.0,0.0,0.0,0.0,0.0,0.0,0.0,0.0,1.0,0.0,0.0,0.0,0.0,0.0,0.0,0.0,0.0,0.0,0.0,0.0,0.0,0.0,0.0,0.0,0.0,0.0,0.0,0.0,0.0,16.363636363636363,0.0,0.0
0.0,0.0,0.0,0.0,0.0,0.0,0.0,0.0,0.0,0.0,0.0,0.0,0,Gilmar Napa,emelec,nacional,emelec,3,0.0,0.0,0.0,0.0,0.0,0.0,0.0,0.0,0.0,0.0,0.0,0.0,0.0,0.0,0.0,0.0,0.0,0.0,0.0,0.0,0.0,0.0,0.0,0.0,0.0,0.0,0.0,0.0,0.0,0.0,0.0,0.0,0.0,0.0,0.0,0.0,0.0,0.0,0.0,0.0
0.0,0.0,0.0,0.0,0.0,0.0,0.0,0.0,0.0,0.0,0.0,0.0,0,Diogo Bagui,emelec,nacional,emelec,3,0.0,0.0,0.0,0.0,0.0,0.0,0.0,0.0,0.0,0.0,0.0,0.0,0.0,0.0,0.0,0.0,0.0,0.0,0.0,0.0,0.0,0.0,0.0,0.0,0.0,0.0,0.0,0.0,0.0,0.0,0.0,0.0,0.0,0.0,0.0,0.0,0.0,0.0,0.0,0.0
0.0,0.0,0.0,0.0,0.0,0.0,0.0,0.0,0.0,0.0,0.0,0.0,0,Alexander González,emelec,nacional,emelec,3,0.0,0.0,0.0,0.0,0.0,0.0,0.0,0.0,0.0,0.0,0.0,0.0,0.0,0.0,0.0,0.0,0.0,0.0,0.0,0.0,0.0,0.0,0.0,0.0,0.0,0.0,0.0,0.0,0.0,0.0,0.0,0.0,0.0,0.0,0.0,0.0,0.0,0.0,0.0,0.0
0.0,0.0,0.0,0.0,0.0,0.0,0.0,0.0,0.0,0.0,0.0,0.0,0,Elkin Muñoz,emelec,nacional,emelec,3,0.0,0.0,0.0,0.0,0.0,0.0,0.0,0.0,0.0,0.0,0.0,0.0,0.0,0.0,0.0,0.0,0.0,0.0,0.0,0.0,0.0,0.0,0.0,0.0,0.0,0.0,0.0,0.0,0.0,0.0,0.0,0.0,0.0,0.0,0.0,0.0,0.0,0.0,0.0,0.0
0.0,0.0,0.0,0.0,0.0,0.0,0.0,0.0,0.0,0.0,0.0,0.0,0,Jackson Rodríguez,emelec,nacional,emelec,3,0.0,0.0,0.0,0.0,0.0,0.0,0.0,0.0,0.0,0.0,0.0,0.0,0.0,0.0,0.0,0.0,0.0,0.0,0.0,0.0,0.0,0.0,0.0,0.0,0.0,0.0,0.0,0.0,0.0,0.0,0.0,0.0,0.0,0.0,0.0,0.0,0.0,0.0,0.0,0.0
0.0,0.0,0.0,0.0,0.0,0.0,0.0,0.0,0.0,0.0,0.0,0.0,0,Roberto Garcés,emelec,nacional,emelec,3,0.0,0.0,0.0,0.0,0.0,0.0,0.0,0.0,0.0,0.0,0.0,0.0,0.0,0.0,0.0,0.0,0.0,0.0,0.0,0.0,0.0,0.0,0.0,0.0,0.0,0.0,0.0,0.0,0.0,0.0,0.0,0.0,0.0,0.0,0.0,0.0,0.0,0.0,0.0,0.0
0.0,0.0,0.0,0.0,0.0,0.0,0.0,0.0,0.0,0.0,0.0,0.0,0,Andrés Ricaurte,emelec,nacional,emelec,3,0.0,0.0,0.0,0.0,0.0,0.0,0.0,0.0,0.0,0.0,0.0,0.0,0.0,0.0,0.0,0.0,0.0,0.0,0.0,0.0,0.0,0.0,0.0,0.0,0.0,0.0,0.0,0.0,0.0,0.0,0.0,0.0,0.0,0.0,0.0,0.0,0.0,0.0,0.0,0.0
24.0,12.0,21.0,9.0,2.0,1.0,3.0,4.0,90.0,34.0,6.7,12.0,"{'original': 6.7, 'alternative': 6.3}",Edson Resendez,aucas,aucas,nacional,4,0.0,0.0,0.0,0.0,0.0,0.0,0.0,2.0,0.0,0.0,0.0,0.0,0.0,1.0,0.0,0.0,0.0,0.0,0.0,0.0,0.0,0.0,2.0,2.0,0.0,0.0,0.0,0.0,0.0,0.0,0.0,0.0,0.0,0.0,0.0,0.0,0.0,12.0,0.0,0.0
23.0,16.0,7.0,3.0,5.0,1.0,0.0,0.0,65.0,46.0,6.3,12.0,"{'original': 6.3, 'alternative': 6.3}",Juan Gonzalez,aucas,aucas,nacional,4,1.0,1.0,0.0,3.0,2.0,1.0,2.0,5.0,0.0,0.0,1.0,1.0,1.0,2.0,0.0,0.0,0.0,0.0,0.0,0.0,0.0,0.0,0.0,0.0,0.0,0.0,0.0,0.0,0.0,0.0,0.0,0.0,0.0,0.0,0.0,0.0,2.0,22.153846153846153,2.769230769230769,0.0
26.0,16.0,6.0,0.0,10.0,1.0,0.0,0.0,90.0,33.0,6.1,10.0,"{'original': 6.1, 'alternative': 6}",Luis Cangá,aucas,aucas,nacional,4,0.0,0.0,2.0,4.0,0.0,0.0,0.0,2.0,0.0,0.0,3.0,2.0,0.0,6.0,0.0,0.0,0.0,0.0,0.0,0.0,0.0,0.0,0.0,0.0,0.0,0.0,0.0,0.0,0.0,0.0,0.0,0.0,0.0,0.0,0.0,0.0,0.0,16.0,0.0,0.0
26.0,14.0,6.0,1.0,9.0,1.0,0.0,0.0,90.0,41.0,6.5,12.0,"{'original': 6.5, 'alternative': 6.5}",Carlos Rolón,aucas,aucas,nacional,4,0.0,0.0,8.0,8.0,0.0,0.0,1.0,6.0,0.0,1.0,1.0,0.0,0.0,7.0,0.0,0.0,0.0,2.0,0.0,0.0,0.0,0.0,0.0,0.0,0.0,0.0,1.0,0.0,0.0,0.0,0.0,0.0,0.0,0.0,0.0,0.0,3.0,14.0,3.0,2.0
21.0,16.0,7.0,5.0,5.0,0.0,0.0,0.0,90.0,41.0,6.5,11.0,"{'original': 6.5, 'alternative': 6.4}",Byron Carabalí,aucas,aucas,nacional,4,0.0,0.0,0.0,2.0,5.0,3.0,0.0,2.0,1.0,1.0,1.0,0.0,0.0,1.0,0.0,0.0,0.0,0.0,0.0,0.0,0.0,0.0,0.0,0.0,0.0,0.0,0.0,0.0,0.0,0.0,0.0,0.0,0.0,0.0,0.0,0.0,0.0,16.0,0.0,0.0
13.0,9.0,2.0,1.0,5.0,4.0,0.0,0.0,79.0,30.0,7.0,11.0,"{'original': 7, 'alternative': 6.9}",Michael Carcelén,aucas,aucas,nacional,4,2.0,1.0,2.0,5.0,1.0,1.0,2.0,0.0,0.0,0.0,0.0,0.0,1.0,0.0,1.0,1.0,2.0,0.0,0.0,0.0,1.0,0.0,0.0,0.0,0.0,0.0,0.0,0.0,0.0,0.0,0.0,0.0,0.0,0.0,0.0,0.0,2.0,10.253164556962025,2.278481012658228,0.0
41.0,34.0,9.0,6.0,8.0,2.0,0.0,0.0,90.0,59.0,6.4,13.0,"{'original': 6.4, 'alternative': 6.5}",Edison Vega,aucas,aucas,nacional,4,1.0,0.0,1.0,8.0,3.0,0.0,1.0,1.0,0.0,0.0,5.0,1.0,2.0,1.0,0.0,1.0,1.0,0.0,0.0,1.0,0.0,0.0,0.0,0.0,0.0,0.0,0.0,0.0,0.0,0.0,0.0,0.0,0.0,0.0,0.0,0.0,1.0,34.0,1.0,0.0
23.0,20.0,3.0,2.0,8.0,4.0,0.0,0.0,65.0,35.0,6.7,8.0,"{'original': 6.7, 'alternative': 6.5}",Cristian Tobar,aucas,aucas,nacional,4,0.0,0.0,0.0,3.0,2.0,1.0,0.0,0.0,0.0,0.0,2.0,1.0,0.0,1.0,0.0,0.0,1.0,0.0,0.0,0.0,0.0,0.0,0.0,0.0,0.0,0.0,0.0,0.0,0.0,0.0,0.0,0.0,0.0,0.0,0.0,0.0,0.0,27.692307692307693,0.0,0.0
19.0,13.0,1.0,0.0,2.0,0.0,0.0,0.0,79.0,31.0,6.9,11.0,"{'original': 6.9, 'alternative': 6.8}",Luis Cano,aucas,aucas,nacional,4,0.0,0.0,1.0,3.0,1.0,0.0,3.0,0.0,0.0,0.0,1.0,0.0,0.0,1.0,0.0,0.0,1.0,1.0,0.0,0.0,0.0,0.0,0.0,0.0,0.0,0.0,1.0,0.0,0.0,0.0,0.0,0.0,0.0,0.0,0.0,0.0,4.0,14.81012658227848,4.556962025316456,1.139240506329114
30.0,23.0,0.0,0.0,7.0,2.0,0.0,0.0,90.0,44.0,9.3,12.0,"{'original': 9.3, 'alternative': 9.3}",Jean Carlos Blanco,aucas,aucas,nacional,4,1.0,1.0,8.0,10.0,3.0,2.0,0.0,0.0,0.0,0.0,0.0,0.0,0.0,3.0,0.0,1.0,1.0,3.0,3.0,0.0,0.0,0.0,0.0,0.0,0.0,0.0,0.0,0.0,0.0,0.0,0.0,0.0,0.0,0.0,0.0,0.0,3.0,23.0,3.0,3.0
9.0,5.0,3.0,3.0,2.0,0.0,0.0,0.0,45.0,15.0,7.6,6.0,"{'original': 7.6, 'alternative': 7.6}",Jordán Mohor,aucas,aucas,nacional,4,2.0,2.0,0.0,0.0,1.0,1.0,0.0,0.0,0.0,0.0,0.0,0.0,0.0,1.0,1.0,5.0,0.0,0.0,0.0,0.0,1.0,0.0,0.0,0.0,0.0,0.0,0.0,0.0,0.0,0.0,0.0,0.0,0.0,0.0,0.0,0.0,0.0,10.0,0.0,0.0
12.0,7.0,1.0,0.0,4.0,1.0,0.0,0.0,45.0,33.0,7.4,16.0,"{'original': 7.4, 'alternative': 7.4}",Ronald Briones,aucas,aucas,nacional,4,9.0,4.0,1.0,3.0,1.0,1.0,0.0,1.0,0.0,0.0,1.0,0.0,1.0,1.0,1.0,3.0,1.0,0.0,0.0,2.0,1.0,0.0,0.0,0.0,0.0,0.0,1.0,0.0,0.0,0.0,0.0,0.0,0.0,0.0,0.0,0.0,0.0,14.0,0.0,0.0
8.0,4.0,3.0,0.0,2.0,1.0,0.0,0.0,25.0,19.0,5.6,6.0,"{'original': 5.6, 'alternative': 5.6}",Jhon Ontaneda,aucas,aucas,nacional,4,0.0,0.0,1.0,1.0,0.0,0.0,0.0,2.0,0.0,0.0,1.0,0.0,0.0,0.0,0.0,0.0,0.0,0.0,0.0,0.0,0.0,0.0,0.0,0.0,0.0,0.0,0.0,0.0,0.0,0.0,0.0,0.0,0.0,1.0,0.0,0.0,0.0,14.4,0.0,0.0
4.0,2.0,0.0,0.0,4.0,1.0,0.0,0.0,25.0,10.0,6.6,4.0,"{'original': 6.6, 'alternative': 6.6}",Jeison Medina,aucas,aucas,nacional,4,1.0,0.0,1.0,2.0,1.0,1.0,0.0,0.0,0.0,0.0,0.0,0.0,1.0,2.0,0.0,1.0,0.0,1.0,0.0,0.0,0.0,0.0,0.0,0.0,0.0,0.0,0.0,1.0,0.0,0.0,0.0,0.0,0.0,0.0,0.0,0.0,1.0,7.2,3.6,3.6
5.0,3.0,2.0,1.0,1.0,0.0,0.0,0.0,11.0,7.0,6.3,3.0,"{'original': 6.3, 'alternative': 6.5}",Renny Jaramillo,aucas,aucas,nacional,4,0.0,0.0,0.0,2.0,0.0,0.0,0.0,0.0,0.0,0.0,1.0,0.0,2.0,0.0,0.0,0.0,0.0,0.0,0.0,0.0,0.0,0.0,0.0,0.0,0.0,0.0,0.0,0.0,0.0,0.0,0.0,0.0,0.0,0.0,0.0,0.0,0.0,24.545454545454543,0.0,0.0
2.0,2.0,0.0,0.0,1.0,0.0,0.0,0.0,11.0,3.0,6.5,0.0,"{'original': 6.5, 'alternative': 6.4}",Adolfo Muñoz,aucas,aucas,nacional,4,0.0,0.0,0.0,0.0,0.0,0.0,0.0,0.0,0.0,0.0,0.0,0.0,0.0,1.0,0.0,0.0,0.0,0.0,0.0,0.0,0.0,0.0,0.0,0.0,0.0,0.0,0.0,0.0,0.0,0.0,0.0,0.0,0.0,0.0,0.0,0.0,0.0,16.363636363636363,0.0,0.0
0.0,0.0,0.0,0.0,0.0,0.0,0.0,0.0,0.0,0.0,0.0,0.0,0,Bismar Castro,aucas,aucas,nacional,4,0.0,0.0,0.0,0.0,0.0,0.0,0.0,0.0,0.0,0.0,0.0,0.0,0.0,0.0,0.0,0.0,0.0,0.0,0.0,0.0,0.0,0.0,0.0,0.0,0.0,0.0,0.0,0.0,0.0,0.0,0.0,0.0,0.0,0.0,0.0,0.0,0.0,0.0,0.0,0.0
0.0,0.0,0.0,0.0,0.0,0.0,0.0,0.0,0.0,0.0,0.0,0.0,0,Diego Espinosa,aucas,aucas,nacional,4,0.0,0.0,0.0,0.0,0.0,0.0,0.0,0.0,0.0,0.0,0.0,0.0,0.0,0.0,0.0,0.0,0.0,0.0,0.0,0.0,0.0,0.0,0.0,0.0,0.0,0.0,0.0,0.0,0.0,0.0,0.0,0.0,0.0,0.0,0.0,0.0,0.0,0.0,0.0,0.0
0.0,0.0,0.0,0.0,0.0,0.0,0.0,0.0,0.0,0.0,0.0,0.0,0,Carlos Cuero,aucas,aucas,nacional,4,0.0,0.0,0.0,0.0,0.0,0.0,0.0,0.0,0.0,0.0,0.0,0.0,0.0,0.0,0.0,0.0,0.0,0.0,0.0,0.0,0.0,0.0,0.0,0.0,0.0,0.0,0.0,0.0,0.0,0.0,0.0,0.0,0.0,0.0,0.0,0.0,0.0,0.0,0.0,0.0
0.0,0.0,0.0,0.0,0.0,0.0,0.0,0.0,0.0,0.0,0.0,0.0,0,Jonnathan Mina,aucas,aucas,nacional,4,0.0,0.0,0.0,0.0,0.0,0.0,0.0,0.0,0.0,0.0,0.0,0.0,0.0,0.0,0.0,0.0,0.0,0.0,0.0,0.0,0.0,0.0,0.0,0.0,0.0,0.0,0.0,0.0,0.0,0.0,0.0,0.0,0.0,0.0,0.0,0.0,0.0,0.0,0.0,0.0
0.0,0.0,0.0,0.0,0.0,0.0,0.0,0.0,0.0,0.0,0.0,0.0,0,Ariel Garcia,aucas,aucas,nacional,4,0.0,0.0,0.0,0.0,0.0,0.0,0.0,0.0,0.0,0.0,0.0,0.0,0.0,0.0,0.0,0.0,0.0,0.0,0.0,0.0,0.0,0.0,0.0,0.0,0.0,0.0,0.0,0.0,0.0,0.0,0.0,0.0,0.0,0.0,0.0,0.0,0.0,0.0,0.0,0.0
0.0,0.0,0.0,0.0,0.0,0.0,0.0,0.0,0.0,0.0,0.0,0.0,0,Piero Guzmán,aucas,aucas,nacional,4,0.0,0.0,0.0,0.0,0.0,0.0,0.0,0.0,0.0,0.0,0.0,0.0,0.0,0.0,0.0,0.0,0.0,0.0,0.0,0.0,0.0,0.0,0.0,0.0,0.0,0.0,0.0,0.0,0.0,0.0,0.0,0.0,0.0,0.0,0.0,0.0,0.0,0.0,0.0,0.0
0.0,0.0,0.0,0.0,0.0,0.0,0.0,0.0,0.0,0.0,0.0,0.0,0,Mario Sanabria,aucas,aucas,nacional,4,0.0,0.0,0.0,0.0,0.0,0.0,0.0,0.0,0.0,0.0,0.0,0.0,0.0,0.0,0.0,0.0,0.0,0.0,0.0,0.0,0.0,0.0,0.0,0.0,0.0,0.0,0.0,0.0,0.0,0.0,0.0,0.0,0.0,0.0,0.0,0.0,0.0,0.0,0.0,0.0
29.0,13.0,25.0,9.0,1.0,0.0,3.0,4.0,90.0,45.0,6.8,16.0,"{'original': 6.8, 'alternative': 6.5}",David Cabezas,nacional,aucas,nacional,4,0.0,0.0,0.0,0.0,0.0,0.0,0.0,5.0,0.0,0.0,0.0,0.0,0.0,1.0,0.0,0.0,0.0,0.0,0.0,0.0,0.0,0.0,1.0,3.0,0.0,0.0,0.0,0.0,0.0,0.0,0.0,0.0,0.0,0.0,0.0,0.0,0.0,12.999999999999998,0.0,0.0
19.0,11.0,9.0,3.0,0.0,0.0,0.0,0.0,90.0,31.0,5.7,16.0,"{'original': 5.7, 'alternative': 5.6}",Daniel Patino,nacional,aucas,nacional,4,4.0,0.0,1.0,5.0,0.0,0.0,0.0,0.0,0.0,0.0,0.0,2.0,2.0,0.0,0.0,0.0,0.0,0.0,0.0,0.0,0.0,0.0,0.0,0.0,0.0,0.0,0.0,0.0,0.0,0.0,0.0,0.0,0.0,0.0,0.0,0.0,0.0,11.0,0.0,0.0
17.0,8.0,6.0,2.0,6.0,0.0,0.0,0.0,90.0,26.0,6.2,10.0,"{'original': 6.2, 'alternative': 6.1}",Rommel Cabezas,nacional,aucas,nacional,4,0.0,0.0,2.0,8.0,0.0,0.0,0.0,3.0,1.0,1.0,2.0,2.0,4.0,4.0,0.0,0.0,0.0,0.0,0.0,0.0,0.0,0.0,0.0,0.0,0.0,0.0,0.0,0.0,0.0,0.0,0.0,0.0,0.0,0.0,0.0,0.0,0.0,8.0,0.0,0.0
23.0,10.0,12.0,4.0,5.0,1.0,0.0,0.0,90.0,35.0,6.5,13.0,"{'original': 6.5, 'alternative': 6.4}",Kevin Peralta,nacional,aucas,nacional,4,0.0,0.0,3.0,6.0,0.0,0.0,1.0,6.0,1.0,0.0,2.0,1.0,2.0,2.0,0.0,1.0,0.0,0.0,0.0,0.0,0.0,0.0,0.0,0.0,0.0,0.0,0.0,0.0,0.0,0.0,0.0,0.0,0.0,0.0,0.0,0.0,1.0,10.0,1.0,0.0
11.0,4.0,3.0,0.0,2.0,0.0,0.0,0.0,90.0,23.0,6.1,10.0,"{'original': 6.1, 'alternative': 6.1}",Byron Torrez,nacional,aucas,nacional,4,0.0,0.0,2.0,4.0,1.0,0.0,0.0,3.0,1.0,1.0,1.0,0.0,1.0,1.0,0.0,0.0,0.0,0.0,0.0,0.0,0.0,0.0,0.0,0.0,0.0,0.0,0.0,0.0,0.0,0.0,0.0,0.0,0.0,0.0,0.0,0.0,0.0,4.0,0.0,0.0
8.0,5.0,3.0,0.0,1.0,0.0,0.0,0.0,78.0,21.0,6.5,10.0,"{'original': 6.5, 'alternative': 6.4}",Tomson Minda,nacional,aucas,nacional,4,3.0,0.0,0.0,3.0,1.0,0.0,1.0,1.0,0.0,0.0,1.0,0.0,2.0,0.0,0.0,0.0,0.0,1.0,0.0,0.0,0.0,0.0,0.0,0.0,0.0,0.0,0.0,0.0,0.0,0.0,0.0,0.0,0.0,0.0,0.0,0.0,2.0,5.769230769230768,2.3076923076923075,1.1538461538461537
20.0,13.0,4.0,4.0,6.0,1.0,0.0,0.0,90.0,28.0,6.8,7.0,"{'original': 6.8, 'alternative': 6.7}",Bryan Tana,nacional,aucas,nacional,4,0.0,0.0,1.0,4.0,0.0,0.0,2.0,0.0,0.0,0.0,1.0,2.0,1.0,4.0,0.0,0.0,0.0,1.0,0.0,1.0,0.0,0.0,0.0,0.0,0.0,0.0,0.0,0.0,0.0,0.0,0.0,0.0,0.0,0.0,0.0,0.0,3.0,12.999999999999998,3.0,1.0
27.0,19.0,6.0,2.0,7.0,1.0,0.0,0.0,90.0,42.0,6.6,13.0,"{'original': 6.6, 'alternative': 6.4}",Marcos Olmedo,nacional,aucas,nacional,4,1.0,0.0,1.0,5.0,0.0,0.0,0.0,3.0,0.0,2.0,4.0,1.0,1.0,2.0,0.0,0.0,2.0,0.0,0.0,0.0,0.0,0.0,0.0,0.0,0.0,0.0,0.0,0.0,0.0,0.0,0.0,0.0,0.0,0.0,0.0,0.0,0.0,19.0,0.0,0.0
16.0,14.0,0.0,0.0,4.0,1.0,0.0,0.0,77.0,35.0,8.9,8.0,"{'original': 8.9, 'alternative': 9}",Eddy Mejía,nacional,aucas,nacional,4,6.0,3.0,1.0,5.0,2.0,0.0,1.0,0.0,0.0,0.0,2.0,2.0,0.0,1.0,2.0,6.0,0.0,1.0,1.0,0.0,1.0,1.0,0.0,0.0,0.0,0.0,0.0,0.0,0.0,0.0,0.0,0.0,0.0,0.0,0.0,0.0,2.0,16.363636363636363,2.337662337662338,1.168831168831169
26.0,18.0,1.0,0.0,8.0,0.0,0.0,0.0,85.0,43.0,8.1,17.0,"{'original': 8.1, 'alternative': 8}",Byron Palacios,nacional,aucas,nacional,4,1.0,0.0,7.0,16.0,4.0,3.0,2.0,0.0,0.0,0.0,0.0,0.0,3.0,5.0,1.0,2.0,5.0,2.0,1.0,0.0,0.0,0.0,0.0,0.0,0.0,0.0,0.0,0.0,0.0,0.0,0.0,0.0,0.0,0.0,0.0,0.0,4.0,19.058823529411764,4.235294117647059,2.1176470588235294
13.0,9.0,0.0,0.0,8.0,0.0,0.0,0.0,64.0,26.0,7.7,8.0,"{'original': 7.7, 'alternative': 7.5}",Antony Chere,nacional,aucas,nacional,4,0.0,0.0,9.0,12.0,2.0,2.0,1.0,0.0,0.0,0.0,3.0,0.0,2.0,3.0,0.0,1.0,1.0,1.0,1.0,0.0,0.0,0.0,0.0,0.0,0.0,0.0,0.0,0.0,0.0,0.0,0.0,0.0,0.0,0.0,0.0,0.0,2.0,12.65625,2.8125,1.40625
10.0,8.0,1.0,1.0,1.0,1.0,0.0,0.0,26.0,13.0,6.7,4.0,"{'original': 6.7, 'alternative': 6.6}",Jonathan Borja,nacional,aucas,nacional,4,2.0,0.0,0.0,1.0,0.0,0.0,0.0,0.0,0.0,0.0,0.0,0.0,1.0,0.0,0.0,2.0,0.0,0.0,0.0,0.0,0.0,0.0,0.0,0.0,0.0,0.0,0.0,0.0,0.0,0.0,0.0,0.0,0.0,0.0,0.0,0.0,0.0,27.692307692307693,0.0,0.0
2.0,1.0,0.0,0.0,1.0,1.0,0.0,0.0,13.0,7.0,6.9,4.0,"{'original': 6.9, 'alternative': 6.8}",Jordy Burbano,nacional,aucas,nacional,4,0.0,0.0,0.0,3.0,0.0,0.0,0.0,0.0,0.0,0.0,0.0,0.0,0.0,0.0,0.0,0.0,3.0,1.0,1.0,0.0,0.0,0.0,0.0,0.0,0.0,0.0,0.0,0.0,0.0,0.0,0.0,0.0,0.0,0.0,0.0,0.0,1.0,6.923076923076923,6.923076923076923,6.923076923076923
3.0,2.0,2.0,1.0,3.0,2.0,0.0,0.0,12.0,10.0,6.7,4.0,"{'original': 6.7, 'alternative': 6.6}",Luis Gomez,nacional,aucas,nacional,4,1.0,0.0,0.0,2.0,0.0,0.0,0.0,1.0,0.0,0.0,0.0,1.0,0.0,1.0,0.0,0.0,1.0,0.0,0.0,1.0,0.0,0.0,0.0,0.0,0.0,0.0,0.0,0.0,0.0,0.0,0.0,0.0,0.0,0.0,0.0,0.0,0.0,15.0,0.0,0.0
7.0,3.0,3.0,1.0,1.0,0.0,0.0,0.0,16.0,8.0,6.8,4.0,"{'original': 6.8, 'alternative': 6.7}",Gustavo Asprilla,nacional,aucas,nacional,4,0.0,0.0,1.0,1.0,0.0,0.0,0.0,0.0,0.0,0.0,0.0,0.0,0.0,1.0,0.0,0.0,0.0,1.0,0.0,0.0,0.0,0.0,0.0,0.0,0.0,0.0,0.0,0.0,0.0,0.0,0.0,0.0,0.0,0.0,0.0,0.0,1.0,16.875,5.625,5.625
0.0,0.0,0.0,0.0,0.0,0.0,0.0,0.0,0.0,0.0,0.0,0.0,0,Leodan Chalá,nacional,aucas,nacional,4,0.0,0.0,0.0,0.0,0.0,0.0,0.0,0.0,0.0,0.0,0.0,0.0,0.0,0.0,0.0,0.0,0.0,0.0,0.0,0.0,0.0,0.0,0.0,0.0,0.0,0.0,0.0,0.0,0.0,0.0,0.0,0.0,0.0,0.0,0.0,0.0,0.0,0.0,0.0,0.0
0.0,0.0,0.0,0.0,0.0,0.0,0.0,0.0,0.0,0.0,0.0,0.0,0,Anthony Bedoya Caicedo,nacional,aucas,nacional,4,0.0,0.0,0.0,0.0,0.0,0.0,0.0,0.0,0.0,0.0,0.0,0.0,0.0,0.0,0.0,0.0,0.0,0.0,0.0,0.0,0.0,0.0,0.0,0.0,0.0,0.0,0.0,0.0,0.0,0.0,0.0,0.0,0.0,0.0,0.0,0.0,0.0,0.0,0.0,0.0
0.0,0.0,0.0,0.0,0.0,0.0,0.0,0.0,0.0,0.0,0.0,0.0,0,Andres Mena,nacional,aucas,nacional,4,0.0,0.0,0.0,0.0,0.0,0.0,0.0,0.0,0.0,0.0,0.0,0.0,0.0,0.0,0.0,0.0,0.0,0.0,0.0,0.0,0.0,0.0,0.0,0.0,0.0,0.0,0.0,0.0,0.0,0.0,0.0,0.0,0.0,0.0,0.0,0.0,0.0,0.0,0.0,0.0
0.0,0.0,0.0,0.0,0.0,0.0,0.0,0.0,0.0,0.0,0.0,0.0,0,Jhoel Maya,nacional,aucas,nacional,4,0.0,0.0,0.0,0.0,0.0,0.0,0.0,0.0,0.0,0.0,0.0,0.0,0.0,0.0,0.0,0.0,0.0,0.0,0.0,0.0,0.0,0.0,0.0,0.0,0.0,0.0,0.0,0.0,0.0,0.0,0.0,0.0,0.0,0.0,0.0,0.0,0.0,0.0,0.0,0.0
0.0,0.0,0.0,0.0,0.0,0.0,0.0,0.0,0.0,0.0,0.0,0.0,0,Manu Balda,nacional,aucas,nacional,4,0.0,0.0,0.0,0.0,0.0,0.0,0.0,0.0,0.0,0.0,0.0,0.0,0.0,0.0,0.0,0.0,0.0,0.0,0.0,0.0,0.0,0.0,0.0,0.0,0.0,0.0,0.0,0.0,0.0,0.0,0.0,0.0,0.0,0.0,0.0,0.0,0.0,0.0,0.0,0.0
0.0,0.0,0.0,0.0,0.0,0.0,0.0,0.0,0.0,0.0,0.0,0.0,0,Steve Linthon,nacional,aucas,nacional,4,0.0,0.0,0.0,0.0,0.0,0.0,0.0,0.0,0.0,0.0,0.0,0.0,0.0,0.0,0.0,0.0,0.0,0.0,0.0,0.0,0.0,0.0,0.0,0.0,0.0,0.0,0.0,0.0,0.0,0.0,0.0,0.0,0.0,0.0,0.0,0.0,0.0,0.0,0.0,0.0
0.0,0.0,0.0,0.0,0.0,0.0,0.0,0.0,0.0,0.0,0.0,0.0,0,Josué Chala,nacional,aucas,nacional,4,0.0,0.0,0.0,0.0,0.0,0.0,0.0,0.0,0.0,0.0,0.0,0.0,0.0,0.0,0.0,0.0,0.0,0.0,0.0,0.0,0.0,0.0,0.0,0.0,0.0,0.0,0.0,0.0,0.0,0.0,0.0,0.0,0.0,0.0,0.0,0.0,0.0,0.0,0.0,0.0
0.0,0.0,0.0,0.0,0.0,0.0,0.0,0.0,0.0,0.0,0.0,0.0,0,César Vélez,nacional,aucas,nacional,4,0.0,0.0,0.0,0.0,0.0,0.0,0.0,0.0,0.0,0.0,0.0,0.0,0.0,0.0,0.0,0.0,0.0,0.0,0.0,0.0,0.0,0.0,0.0,0.0,0.0,0.0,0.0,0.0,0.0,0.0,0.0,0.0,0.0,0.0,0.0,0.0,0.0,0.0,0.0,0.0
28.0,19.0,15.0,6.0,1.0,0.0,1.0,5.0,90.0,38.0,7.4,9.0,"{'original': 7.4, 'alternative': 7.3}",Hamilton Piedra,cuenca,cuenca,macara,4,0.0,0.0,0.0,0.0,0.0,0.0,0.0,2.0,0.0,0.0,0.0,0.0,0.0,1.0,0.0,0.0,0.0,0.0,0.0,0.0,0.0,0.0,1.0,1.0,0.0,0.0,0.0,0.0,0.0,0.0,0.0,0.0,0.0,0.0,0.0,0.0,0.0,19.0,0.0,0.0
25.0,16.0,4.0,0.0,5.0,2.0,0.0,0.0,90.0,38.0,6.5,11.0,"{'original': 6.5, 'alternative': 6.4}",Marcos Andrés López,cuenca,cuenca,macara,4,1.0,0.0,2.0,4.0,1.0,0.0,0.0,0.0,0.0,1.0,2.0,1.0,0.0,1.0,0.0,0.0,0.0,0.0,0.0,0.0,0.0,0.0,0.0,0.0,0.0,0.0,0.0,0.0,0.0,0.0,0.0,0.0,0.0,0.0,0.0,0.0,0.0,16.0,0.0,0.0
40.0,31.0,9.0,3.0,7.0,1.0,0.0,0.0,90.0,51.0,6.5,11.0,"{'original': 6.5, 'alternative': 6.4}",Guillermo Fratta,cuenca,cuenca,macara,4,0.0,0.0,0.0,5.0,1.0,0.0,0.0,4.0,0.0,0.0,0.0,1.0,3.0,6.0,0.0,0.0,0.0,0.0,0.0,0.0,0.0,0.0,0.0,0.0,0.0,0.0,0.0,0.0,0.0,0.0,0.0,0.0,0.0,0.0,0.0,0.0,0.0,31.0,0.0,0.0
31.0,26.0,4.0,2.0,6.0,0.0,0.0,0.0,90.0,43.0,6.8,7.0,"{'original': 6.8, 'alternative': 6.8}",Sixto Mina,cuenca,cuenca,macara,4,0.0,0.0,0.0,2.0,2.0,1.0,1.0,3.0,1.0,0.0,1.0,1.0,0.0,4.0,0.0,0.0,0.0,0.0,0.0,0.0,0.0,0.0,0.0,0.0,0.0,0.0,0.0,0.0,0.0,0.0,0.0,0.0,0.0,0.0,0.0,0.0,1.0,25.999999999999996,1.0,0.0
31.0,19.0,9.0,2.0,4.0,1.0,0.0,0.0,90.0,41.0,6.6,13.0,"{'original': 6.6, 'alternative': 6.6}",Rodrigo Ivan Diaz,cuenca,cuenca,macara,4,0.0,0.0,0.0,2.0,0.0,0.0,0.0,4.0,1.0,1.0,1.0,0.0,2.0,2.0,0.0,0.0,0.0,0.0,0.0,0.0,0.0,0.0,0.0,0.0,0.0,0.0,0.0,0.0,0.0,0.0,0.0,0.0,0.0,0.0,0.0,0.0,0.0,19.0,0.0,0.0
14.0,12.0,3.0,1.0,2.0,1.0,0.0,0.0,45.0,21.0,6.5,4.0,"{'original': 6.5, 'alternative': 6.4}",Nazareno Romero,cuenca,cuenca,macara,4,1.0,0.0,1.0,3.0,2.0,1.0,0.0,0.0,0.0,0.0,0.0,1.0,0.0,0.0,0.0,0.0,0.0,0.0,0.0,0.0,0.0,0.0,0.0,0.0,0.0,0.0,0.0,0.0,0.0,0.0,0.0,0.0,0.0,0.0,0.0,0.0,0.0,24.0,0.0,0.0
23.0,20.0,1.0,1.0,5.0,3.0,0.0,0.0,87.0,39.0,7.6,7.0,"{'original': 7.6, 'alternative': 7.5}",Lucas Mancinelli,cuenca,cuenca,macara,4,3.0,1.0,0.0,2.0,1.0,1.0,1.0,0.0,1.0,0.0,1.0,0.0,1.0,0.0,0.0,1.0,1.0,1.0,1.0,0.0,0.0,0.0,0.0,0.0,0.0,0.0,0.0,0.0,0.0,0.0,0.0,0.0,0.0,0.0,0.0,0.0,2.0,20.689655172413794,2.0689655172413794,1.0344827586206897
38.0,32.0,6.0,4.0,2.0,1.0,0.0,0.0,90.0,48.0,6.8,9.0,"{'original': 6.8, 'alternative': 6.7}",Rodrigo Melo,cuenca,cuenca,macara,4,1.0,0.0,0.0,4.0,0.0,0.0,0.0,1.0,1.0,2.0,1.0,1.0,3.0,0.0,0.0,1.0,0.0,0.0,0.0,0.0,0.0,0.0,0.0,0.0,0.0,0.0,0.0,0.0,0.0,0.0,0.0,0.0,0.0,0.0,0.0,0.0,0.0,32.0,0.0,0.0
20.0,13.0,1.0,0.0,2.0,0.0,0.0,0.0,79.0,24.0,6.3,8.0,"{'original': 6.3, 'alternative': 6.3}",Bryan Corozo,cuenca,cuenca,macara,4,0.0,0.0,1.0,4.0,1.0,0.0,0.0,0.0,0.0,1.0,1.0,1.0,1.0,1.0,0.0,0.0,0.0,0.0,0.0,0.0,0.0,0.0,0.0,0.0,0.0,0.0,0.0,0.0,0.0,0.0,0.0,0.0,0.0,0.0,0.0,0.0,0.0,14.81012658227848,0.0,0.0
18.0,15.0,3.0,3.0,1.0,0.0,0.0,0.0,87.0,31.0,7.0,11.0,"{'original': 7, 'alternative': 6.9}",Danny Luna,cuenca,cuenca,macara,4,3.0,0.0,0.0,1.0,2.0,1.0,0.0,0.0,0.0,0.0,0.0,0.0,0.0,0.0,0.0,2.0,0.0,1.0,0.0,0.0,0.0,0.0,0.0,0.0,0.0,0.0,0.0,0.0,0.0,0.0,0.0,0.0,0.0,0.0,0.0,0.0,1.0,15.517241379310345,1.0344827586206897,1.0344827586206897
8.0,4.0,0.0,0.0,3.0,2.0,0.0,0.0,68.0,17.0,6.5,7.0,"{'original': 6.5, 'alternative': 6.5}",Raúl Becerra,cuenca,cuenca,macara,4,0.0,0.0,4.0,7.0,0.0,0.0,0.0,2.0,1.0,0.0,0.0,0.0,2.0,1.0,0.0,0.0,1.0,0.0,0.0,0.0,0.0,0.0,0.0,0.0,0.0,0.0,1.0,0.0,0.0,0.0,0.0,0.0,0.0,0.0,0.0,0.0,0.0,5.294117647058823,0.0,0.0
8.0,6.0,2.0,0.0,3.0,2.0,0.0,0.0,45.0,16.0,6.8,4.0,"{'original': 6.8, 'alternative': 6.7}",Luis Aldair Arroyo Cabeza,cuenca,cuenca,macara,4,0.0,0.0,2.0,4.0,0.0,0.0,1.0,0.0,0.0,1.0,0.0,0.0,2.0,1.0,0.0,1.0,0.0,0.0,0.0,0.0,0.0,0.0,0.0,0.0,0.0,0.0,0.0,0.0,0.0,0.0,0.0,0.0,0.0,0.0,0.0,0.0,1.0,12.0,2.0,0.0
3.0,2.0,0.0,0.0,1.0,1.0,0.0,0.0,22.0,11.0,6.6,4.0,"{'original': 6.6, 'alternative': 6.5}",Pablo Daniel Magnin,cuenca,cuenca,macara,4,0.0,0.0,4.0,6.0,0.0,0.0,0.0,1.0,1.0,0.0,0.0,0.0,1.0,0.0,0.0,0.0,1.0,0.0,0.0,1.0,0.0,0.0,0.0,0.0,0.0,0.0,0.0,0.0,0.0,0.0,0.0,0.0,0.0,0.0,0.0,0.0,0.0,8.181818181818182,0.0,0.0
9.0,7.0,1.0,1.0,1.0,0.0,0.0,0.0,11.0,13.0,7.0,2.0,"{'original': 7, 'alternative': 7.1}",David Noboa,cuenca,cuenca,macara,4,2.0,2.0,0.0,1.0,1.0,1.0,0.0,0.0,0.0,0.0,0.0,0.0,1.0,0.0,0.0,1.0,0.0,0.0,0.0,0.0,0.0,0.0,0.0,0.0,0.0,0.0,0.0,0.0,0.0,0.0,0.0,0.0,0.0,0.0,0.0,0.0,0.0,57.27272727272727,0.0,0.0
4.0,3.0,0.0,0.0,3.0,1.0,0.0,0.0,11.0,10.0,7.2,2.0,"{'original': 7.2, 'alternative': 7.1}",Vilinton Branda,cuenca,cuenca,macara,4,1.0,0.0,0.0,0.0,1.0,1.0,1.0,0.0,0.0,0.0,1.0,0.0,0.0,0.0,0.0,0.0,0.0,1.0,0.0,0.0,0.0,0.0,0.0,0.0,0.0,0.0,0.0,0.0,0.0,0.0,0.0,0.0,0.0,0.0,0.0,0.0,2.0,24.545454545454543,16.363636363636363,8.181818181818182
2.0,2.0,0.0,0.0,0.0,0.0,0.0,0.0,11.0,2.0,6.4,0.0,"{'original': 6.4, 'alternative': 6.4}",Esteban Davila,cuenca,cuenca,macara,4,0.0,0.0,0.0,1.0,0.0,0.0,0.0,0.0,0.0,0.0,0.0,1.0,0.0,0.0,0.0,0.0,0.0,0.0,0.0,0.0,0.0,0.0,0.0,0.0,0.0,0.0,0.0,0.0,0.0,0.0,0.0,0.0,0.0,0.0,0.0,0.0,0.0,16.363636363636363,0.0,0.0
0.0,0.0,0.0,0.0,0.0,0.0,0.0,0.0,0.0,0.0,0.0,0.0,0,Eduardo Jiménez,cuenca,cuenca,macara,4,0.0,0.0,0.0,0.0,0.0,0.0,0.0,0.0,0.0,0.0,0.0,0.0,0.0,0.0,0.0,0.0,0.0,0.0,0.0,0.0,0.0,0.0,0.0,0.0,0.0,0.0,0.0,0.0,0.0,0.0,0.0,0.0,0.0,0.0,0.0,0.0,0.0,0.0,0.0,0.0
0.0,0.0,0.0,0.0,0.0,0.0,0.0,0.0,0.0,0.0,0.0,0.0,0,Yorkaeff Caicedo,cuenca,cuenca,macara,4,0.0,0.0,0.0,0.0,0.0,0.0,0.0,0.0,0.0,0.0,0.0,0.0,0.0,0.0,0.0,0.0,0.0,0.0,0.0,0.0,0.0,0.0,0.0,0.0,0.0,0.0,0.0,0.0,0.0,0.0,0.0,0.0,0.0,0.0,0.0,0.0,0.0,0.0,0.0,0.0
0.0,0.0,0.0,0.0,0.0,0.0,0.0,0.0,0.0,0.0,0.0,0.0,0,Ronny Biojo,cuenca,cuenca,macara,4,0.0,0.0,0.0,0.0,0.0,0.0,0.0,0.0,0.0,0.0,0.0,0.0,0.0,0.0,0.0,0.0,0.0,0.0,0.0,0.0,0.0,0.0,0.0,0.0,0.0,0.0,0.0,0.0,0.0,0.0,0.0,0.0,0.0,0.0,0.0,0.0,0.0,0.0,0.0,0.0
0.0,0.0,0.0,0.0,0.0,0.0,0.0,0.0,0.0,0.0,0.0,0.0,0,Mateo Zambrano,cuenca,cuenca,macara,4,0.0,0.0,0.0,0.0,0.0,0.0,0.0,0.0,0.0,0.0,0.0,0.0,0.0,0.0,0.0,0.0,0.0,0.0,0.0,0.0,0.0,0.0,0.0,0.0,0.0,0.0,0.0,0.0,0.0,0.0,0.0,0.0,0.0,0.0,0.0,0.0,0.0,0.0,0.0,0.0
0.0,0.0,0.0,0.0,0.0,0.0,0.0,0.0,0.0,0.0,0.0,0.0,0,Stalin Morocho,cuenca,cuenca,macara,4,0.0,0.0,0.0,0.0,0.0,0.0,0.0,0.0,0.0,0.0,0.0,0.0,0.0,0.0,0.0,0.0,0.0,0.0,0.0,0.0,0.0,0.0,0.0,0.0,0.0,0.0,0.0,0.0,0.0,0.0,0.0,0.0,0.0,0.0,0.0,0.0,0.0,0.0,0.0,0.0
0.0,0.0,0.0,0.0,0.0,0.0,0.0,0.0,0.0,0.0,0.0,0.0,0,Francisco Mera,cuenca,cuenca,macara,4,0.0,0.0,0.0,0.0,0.0,0.0,0.0,0.0,0.0,0.0,0.0,0.0,0.0,0.0,0.0,0.0,0.0,0.0,0.0,0.0,0.0,0.0,0.0,0.0,0.0,0.0,0.0,0.0,0.0,0.0,0.0,0.0,0.0,0.0,0.0,0.0,0.0,0.0,0.0,0.0
0.0,0.0,0.0,0.0,0.0,0.0,0.0,0.0,0.0,0.0,0.0,0.0,0,Mayer Mendez,cuenca,cuenca,macara,4,0.0,0.0,0.0,0.0,0.0,0.0,0.0,0.0,0.0,0.0,0.0,0.0,0.0,0.0,0.0,0.0,0.0,0.0,0.0,0.0,0.0,0.0,0.0,0.0,0.0,0.0,0.0,0.0,0.0,0.0,0.0,0.0,0.0,0.0,0.0,0.0,0.0,0.0,0.0,0.0
20.0,10.0,17.0,7.0,2.0,1.0,0.0,2.0,90.0,32.0,7.0,10.0,"{'original': 7, 'alternative': 6.5}",Cristian Correa,macara,cuenca,macara,4,0.0,0.0,0.0,0.0,0.0,0.0,0.0,1.0,0.0,0.0,0.0,0.0,0.0,1.0,0.0,0.0,0.0,0.0,0.0,0.0,0.0,0.0,1.0,0.0,0.0,0.0,0.0,0.0,0.0,0.0,0.0,0.0,0.0,0.0,0.0,0.0,0.0,10.0,0.0,0.0
23.0,13.0,8.0,2.0,8.0,5.0,0.0,0.0,90.0,50.0,6.7,19.0,"{'original': 6.7, 'alternative': 6.5}",Cristopher Angulo,macara,cuenca,macara,4,3.0,0.0,1.0,5.0,1.0,0.0,0.0,0.0,0.0,0.0,2.0,1.0,2.0,1.0,0.0,0.0,0.0,0.0,0.0,0.0,0.0,0.0,0.0,0.0,0.0,0.0,0.0,0.0,0.0,0.0,0.0,0.0,0.0,0.0,0.0,0.0,0.0,12.999999999999998,0.0,0.0
11.0,9.0,2.0,2.0,3.0,1.0,0.0,0.0,90.0,16.0,6.7,2.0,"{'original': 6.7, 'alternative': 6.7}",José Luis Marrufo,macara,cuenca,macara,4,0.0,0.0,0.0,1.0,0.0,0.0,0.0,3.0,1.0,0.0,0.0,0.0,1.0,2.0,0.0,0.0,0.0,0.0,0.0,0.0,0.0,0.0,0.0,0.0,0.0,0.0,0.0,0.0,0.0,0.0,0.0,0.0,0.0,0.0,0.0,0.0,0.0,9.0,0.0,0.0
29.0,19.0,8.0,5.0,5.0,0.0,0.0,0.0,90.0,37.0,6.9,10.0,"{'original': 6.9, 'alternative': 6.8}",Gino Barbieri,macara,cuenca,macara,4,0.0,0.0,1.0,1.0,0.0,0.0,0.0,3.0,0.0,0.0,2.0,0.0,0.0,3.0,0.0,0.0,0.0,1.0,0.0,1.0,0.0,0.0,0.0,0.0,0.0,0.0,0.0,1.0,0.0,0.0,0.0,0.0,0.0,0.0,0.0,0.0,1.0,19.0,1.0,1.0
17.0,14.0,3.0,1.0,1.0,0.0,0.0,0.0,90.0,27.0,6.5,9.0,"{'original': 6.5, 'alternative': 6.5}",Glendys Mina,macara,cuenca,macara,4,1.0,0.0,0.0,4.0,0.0,0.0,0.0,1.0,0.0,0.0,1.0,1.0,3.0,0.0,1.0,1.0,0.0,0.0,0.0,0.0,0.0,0.0,0.0,0.0,0.0,0.0,0.0,0.0,0.0,0.0,0.0,0.0,0.0,0.0,0.0,0.0,0.0,14.0,0.0,0.0
17.0,15.0,1.0,1.0,2.0,1.0,0.0,0.0,72.0,29.0,7.4,8.0,"{'original': 7.4, 'alternative': 7.3}",Jorge Valdez,macara,cuenca,macara,4,6.0,1.0,0.0,0.0,1.0,1.0,0.0,0.0,0.0,0.0,0.0,0.0,0.0,0.0,0.0,2.0,0.0,1.0,0.0,1.0,0.0,0.0,0.0,0.0,0.0,0.0,0.0,0.0,0.0,0.0,0.0,0.0,0.0,0.0,0.0,0.0,1.0,18.75,1.25,1.25
38.0,27.0,12.0,10.0,8.0,1.0,0.0,0.0,90.0,45.0,6.8,11.0,"{'original': 6.8, 'alternative': 6.7}",Emiliano Romero,macara,cuenca,macara,4,0.0,0.0,1.0,5.0,0.0,0.0,0.0,0.0,0.0,1.0,2.0,2.0,3.0,5.0,0.0,2.0,0.0,0.0,0.0,1.0,0.0,0.0,0.0,0.0,0.0,0.0,0.0,0.0,1.0,0.0,0.0,0.0,0.0,0.0,0.0,0.0,0.0,27.0,0.0,0.0
37.0,25.0,8.0,3.0,3.0,1.0,0.0,0.0,90.0,47.0,6.5,14.0,"{'original': 6.5, 'alternative': 6.4}",Leonel Álvarez,macara,cuenca,macara,4,0.0,0.0,2.0,4.0,1.0,1.0,2.0,0.0,0.0,0.0,1.0,1.0,0.0,0.0,0.0,0.0,1.0,0.0,0.0,1.0,0.0,0.0,0.0,0.0,0.0,0.0,0.0,0.0,0.0,0.0,0.0,0.0,0.0,0.0,0.0,0.0,2.0,25.0,2.0,0.0
20.0,16.0,1.0,0.0,6.0,1.0,0.0,0.0,89.0,36.0,7.1,11.0,"{'original': 7.1, 'alternative': 6.7}",Janpol Morales,macara,cuenca,macara,4,2.0,0.0,1.0,6.0,4.0,2.0,2.0,0.0,0.0,1.0,1.0,1.0,1.0,2.0,0.0,2.0,1.0,0.0,0.0,0.0,0.0,0.0,0.0,0.0,0.0,0.0,0.0,0.0,0.0,0.0,0.0,0.0,0.0,0.0,0.0,0.0,2.0,16.179775280898877,2.0224719101123596,0.0
27.0,21.0,2.0,1.0,3.0,3.0,0.0,0.0,90.0,47.0,7.9,13.0,"{'original': 7.9, 'alternative': 7.6}",Freddy Mina,macara,cuenca,macara,4,4.0,1.0,1.0,6.0,2.0,0.0,2.0,0.0,0.0,0.0,0.0,0.0,3.0,0.0,0.0,1.0,0.0,3.0,1.0,2.0,0.0,0.0,0.0,0.0,0.0,0.0,0.0,0.0,0.0,0.0,0.0,0.0,0.0,0.0,0.0,0.0,5.0,21.0,5.0,3.0
11.0,9.0,1.0,1.0,1.0,1.0,0.0,0.0,89.0,19.0,6.5,8.0,"{'original': 6.5, 'alternative': 6.4}",Facundo Pons,macara,cuenca,macara,4,1.0,0.0,10.0,14.0,0.0,0.0,0.0,0.0,0.0,0.0,0.0,0.0,3.0,0.0,0.0,1.0,1.0,1.0,0.0,0.0,0.0,0.0,0.0,0.0,0.0,0.0,0.0,0.0,0.0,0.0,0.0,0.0,0.0,0.0,0.0,0.0,1.0,9.101123595505618,1.0112359550561798,1.0112359550561798
5.0,4.0,0.0,0.0,3.0,1.0,0.0,0.0,18.0,9.0,6.8,1.0,"{'original': 6.8, 'alternative': 6.8}",Daniel Porozo,macara,cuenca,macara,4,0.0,0.0,0.0,0.0,2.0,2.0,0.0,0.0,0.0,0.0,0.0,0.0,0.0,0.0,0.0,0.0,0.0,0.0,0.0,0.0,0.0,0.0,0.0,0.0,0.0,0.0,1.0,0.0,0.0,0.0,0.0,0.0,0.0,0.0,0.0,0.0,0.0,20.0,0.0,0.0
1.0,1.0,0.0,0.0,1.0,0.0,0.0,0.0,1.0,2.0,0.0,0.0,0,Mateo Viera,macara,cuenca,macara,4,0.0,0.0,0.0,0.0,1.0,1.0,0.0,0.0,0.0,0.0,0.0,0.0,0.0,0.0,0.0,1.0,0.0,0.0,0.0,0.0,0.0,0.0,0.0,0.0,0.0,0.0,0.0,0.0,0.0,0.0,0.0,0.0,0.0,0.0,0.0,0.0,0.0,90.0,0.0,0.0
1.0,0.0,0.0,0.0,0.0,0.0,0.0,0.0,1.0,1.0,0.0,1.0,0,Miguel Perea,macara,cuenca,macara,4,0.0,0.0,0.0,0.0,0.0,0.0,0.0,0.0,0.0,0.0,0.0,0.0,0.0,0.0,0.0,0.0,0.0,0.0,0.0,0.0,0.0,0.0,0.0,0.0,0.0,0.0,0.0,0.0,0.0,0.0,0.0,0.0,0.0,0.0,0.0,0.0,0.0,0.0,0.0,0.0
0.0,0.0,0.0,0.0,0.0,0.0,0.0,0.0,0.0,0.0,0.0,0.0,0,Jose Cevallos,macara,cuenca,macara,4,0.0,0.0,0.0,0.0,0.0,0.0,0.0,0.0,0.0,0.0,0.0,0.0,0.0,0.0,0.0,0.0,0.0,0.0,0.0,0.0,0.0,0.0,0.0,0.0,0.0,0.0,0.0,0.0,0.0,0.0,0.0,0.0,0.0,0.0,0.0,0.0,0.0,0.0,0.0,0.0
0.0,0.0,0.0,0.0,0.0,0.0,0.0,0.0,0.0,0.0,0.0,0.0,0,Ronaldo Lora,macara,cuenca,macara,4,0.0,0.0,0.0,0.0,0.0,0.0,0.0,0.0,0.0,0.0,0.0,0.0,0.0,0.0,0.0,0.0,0.0,0.0,0.0,0.0,0.0,0.0,0.0,0.0,0.0,0.0,0.0,0.0,0.0,0.0,0.0,0.0,0.0,0.0,0.0,0.0,0.0,0.0,0.0,0.0
0.0,0.0,0.0,0.0,0.0,0.0,0.0,0.0,0.0,0.0,0.0,0.0,0,John Jiménez,macara,cuenca,macara,4,0.0,0.0,0.0,0.0,0.0,0.0,0.0,0.0,0.0,0.0,0.0,0.0,0.0,0.0,0.0,0.0,0.0,0.0,0.0,0.0,0.0,0.0,0.0,0.0,0.0,0.0,0.0,0.0,0.0,0.0,0.0,0.0,0.0,0.0,0.0,0.0,0.0,0.0,0.0,0.0
0.0,0.0,0.0,0.0,0.0,0.0,0.0,0.0,0.0,0.0,0.0,0.0,0,Edwin Mesa,macara,cuenca,macara,4,0.0,0.0,0.0,0.0,0.0,0.0,0.0,0.0,0.0,0.0,0.0,0.0,0.0,0.0,0.0,0.0,0.0,0.0,0.0,0.0,0.0,0.0,0.0,0.0,0.0,0.0,0.0,0.0,0.0,0.0,0.0,0.0,0.0,0.0,0.0,0.0,0.0,0.0,0.0,0.0
0.0,0.0,0.0,0.0,0.0,0.0,0.0,0.0,0.0,0.0,0.0,0.0,0,Martin Tello,macara,cuenca,macara,4,0.0,0.0,0.0,0.0,0.0,0.0,0.0,0.0,0.0,0.0,0.0,0.0,0.0,0.0,0.0,0.0,0.0,0.0,0.0,0.0,0.0,0.0,0.0,0.0,0.0,0.0,0.0,0.0,0.0,0.0,0.0,0.0,0.0,0.0,0.0,0.0,0.0,0.0,0.0,0.0
0.0,0.0,0.0,0.0,0.0,0.0,0.0,0.0,0.0,0.0,0.0,0.0,0,Joffré Escobar,macara,cuenca,macara,4,0.0,0.0,0.0,0.0,0.0,0.0,0.0,0.0,0.0,0.0,0.0,0.0,0.0,0.0,0.0,0.0,0.0,0.0,0.0,0.0,0.0,0.0,0.0,0.0,0.0,0.0,0.0,0.0,0.0,0.0,0.0,0.0,0.0,0.0,0.0,0.0,0.0,0.0,0.0,0.0
28.0,20.0,12.0,5.0,1.0,1.0,2.0,2.0,90.0,33.0,7.3,8.0,"{'original': 7.3, 'alternative': 7.4}",Felipe San Juan,cumbaya,cumbaya,mushuc-runa,4,0.0,0.0,1.0,1.0,0.0,0.0,0.0,2.0,0.0,0.0,0.0,0.0,0.0,0.0,0.0,0.0,0.0,0.0,0.0,0.0,0.0,0.0,0.0,1.0,0.0,0.0,0.0,0.0,0.0,0.0,0.0,1.0,0.0,0.0,0.0,0.0,0.0,20.0,0.0,0.0
17.0,13.0,5.0,2.0,0.0,0.0,0.0,0.0,45.0,23.0,6.5,4.0,"{'original': 6.5, 'alternative': 6.4}",Gorman Estacio,cumbaya,cumbaya,mushuc-runa,4,0.0,0.0,1.0,4.0,0.0,0.0,1.0,0.0,0.0,2.0,0.0,1.0,2.0,0.0,0.0,0.0,0.0,0.0,0.0,0.0,0.0,0.0,0.0,0.0,0.0,0.0,0.0,0.0,0.0,0.0,0.0,0.0,0.0,0.0,0.0,0.0,1.0,25.999999999999996,2.0,0.0
37.0,30.0,10.0,4.0,3.0,1.0,0.0,0.0,90.0,52.0,6.6,9.0,"{'original': 6.6, 'alternative': 6.2}",Luis Gustavino,cumbaya,cumbaya,mushuc-runa,4,0.0,0.0,2.0,8.0,0.0,0.0,1.0,3.0,0.0,2.0,2.0,3.0,3.0,0.0,0.0,0.0,0.0,0.0,0.0,0.0,0.0,0.0,0.0,0.0,0.0,0.0,0.0,0.0,0.0,0.0,0.0,0.0,0.0,0.0,0.0,0.0,1.0,30.0,1.0,0.0
30.0,22.0,4.0,1.0,2.0,0.0,0.0,0.0,90.0,39.0,6.7,9.0,"{'original': 6.7, 'alternative': 6.6}",Franco Suárez,cumbaya,cumbaya,mushuc-runa,4,0.0,0.0,2.0,3.0,0.0,0.0,0.0,7.0,0.0,0.0,0.0,0.0,1.0,2.0,0.0,0.0,0.0,1.0,0.0,0.0,0.0,0.0,0.0,0.0,0.0,0.0,0.0,0.0,0.0,0.0,0.0,0.0,0.0,0.0,0.0,0.0,1.0,22.0,1.0,1.0
34.0,27.0,7.0,2.0,4.0,0.0,0.0,0.0,90.0,54.0,7.5,8.0,"{'original': 7.5, 'alternative': 7.5}",Darwin Suarez,cumbaya,cumbaya,mushuc-runa,4,1.0,1.0,1.0,3.0,0.0,0.0,0.0,4.0,1.0,1.0,3.0,0.0,2.0,1.0,1.0,1.0,0.0,0.0,0.0,0.0,1.0,0.0,0.0,0.0,0.0,0.0,0.0,0.0,0.0,0.0,0.0,0.0,0.0,0.0,0.0,0.0,0.0,27.0,0.0,0.0
53.0,39.0,2.0,0.0,5.0,1.0,0.0,0.0,90.0,68.0,6.7,18.0,"{'original': 6.7, 'alternative': 6.6}",Alejandro Altuna,cumbaya,cumbaya,mushuc-runa,4,0.0,0.0,1.0,5.0,2.0,0.0,0.0,3.0,2.0,1.0,3.0,2.0,0.0,1.0,0.0,0.0,0.0,0.0,0.0,1.0,0.0,0.0,0.0,0.0,0.0,0.0,0.0,0.0,0.0,0.0,0.0,0.0,0.0,0.0,0.0,0.0,0.0,39.0,0.0,0.0
29.0,24.0,2.0,0.0,3.0,0.0,0.0,0.0,61.0,41.0,7.2,9.0,"{'original': 7.2, 'alternative': 7.1}",Luis Caicedo,cumbaya,cumbaya,mushuc-runa,4,1.0,0.0,0.0,1.0,2.0,1.0,1.0,1.0,0.0,2.0,2.0,0.0,0.0,0.0,0.0,0.0,0.0,1.0,0.0,0.0,0.0,0.0,0.0,0.0,0.0,0.0,0.0,0.0,0.0,0.0,0.0,0.0,0.0,0.0,0.0,0.0,2.0,35.40983606557377,2.9508196721311477,1.4754098360655739
51.0,44.0,5.0,3.0,3.0,2.0,0.0,0.0,90.0,59.0,7.0,7.0,"{'original': 7, 'alternative': 7}",Juan Carlos Paredes,cumbaya,cumbaya,mushuc-runa,4,0.0,0.0,0.0,0.0,0.0,0.0,0.0,2.0,0.0,1.0,1.0,0.0,0.0,0.0,0.0,1.0,0.0,0.0,0.0,0.0,0.0,0.0,0.0,0.0,0.0,0.0,0.0,0.0,0.0,0.0,0.0,0.0,0.0,0.0,0.0,0.0,0.0,44.0,0.0,0.0
38.0,28.0,3.0,2.0,6.0,4.0,0.0,0.0,90.0,54.0,7.6,12.0,"{'original': 7.6, 'alternative': 7.4}",Ariel Almagro,cumbaya,cumbaya,mushuc-runa,4,3.0,3.0,0.0,2.0,3.0,2.0,0.0,0.0,0.0,1.0,0.0,0.0,1.0,0.0,0.0,3.0,0.0,1.0,0.0,0.0,0.0,0.0,0.0,0.0,0.0,0.0,0.0,0.0,0.0,0.0,0.0,0.0,0.0,0.0,0.0,0.0,1.0,28.0,1.0,1.0
21.0,19.0,1.0,0.0,6.0,2.0,0.0,0.0,74.0,44.0,7.1,10.0,"{'original': 7.1, 'alternative': 6.7}",Melvin Diaz,cumbaya,cumbaya,mushuc-runa,4,3.0,1.0,0.0,7.0,4.0,2.0,1.0,0.0,0.0,0.0,2.0,2.0,1.0,0.0,0.0,1.0,2.0,0.0,0.0,1.0,1.0,0.0,0.0,0.0,0.0,0.0,1.0,0.0,0.0,0.0,0.0,0.0,0.0,0.0,0.0,0.0,1.0,23.108108108108105,1.2162162162162162,0.0
6.0,4.0,0.0,0.0,1.0,1.0,0.0,0.0,66.0,10.0,6.3,2.0,"{'original': 6.3, 'alternative': 6.3}",Augusto Magoia,cumbaya,cumbaya,mushuc-runa,4,0.0,0.0,1.0,1.0,0.0,0.0,1.0,2.0,0.0,0.0,0.0,0.0,0.0,0.0,0.0,0.0,0.0,0.0,0.0,0.0,0.0,0.0,0.0,0.0,0.0,0.0,1.0,1.0,0.0,0.0,0.0,0.0,0.0,0.0,0.0,0.0,1.0,5.454545454545455,1.3636363636363638,0.0
17.0,13.0,2.0,0.0,1.0,1.0,0.0,0.0,45.0,23.0,6.5,8.0,"{'original': 6.5, 'alternative': 6.4}",Rommel Tapia,cumbaya,cumbaya,mushuc-runa,4,0.0,0.0,1.0,3.0,0.0,0.0,0.0,0.0,0.0,1.0,0.0,0.0,2.0,0.0,0.0,1.0,1.0,0.0,0.0,0.0,0.0,0.0,0.0,0.0,0.0,0.0,0.0,0.0,0.0,0.0,0.0,0.0,0.0,0.0,0.0,0.0,0.0,25.999999999999996,0.0,0.0
9.0,9.0,0.0,0.0,1.0,0.0,0.0,0.0,29.0,14.0,6.6,1.0,"{'original': 6.6, 'alternative': 6.6}",Thiago Serpa,cumbaya,cumbaya,mushuc-runa,4,0.0,0.0,0.0,1.0,0.0,0.0,0.0,0.0,0.0,0.0,1.0,0.0,1.0,0.0,0.0,1.0,0.0,0.0,0.0,0.0,0.0,0.0,0.0,0.0,0.0,0.0,0.0,0.0,0.0,0.0,0.0,0.0,0.0,0.0,0.0,0.0,0.0,27.931034482758623,0.0,0.0
6.0,4.0,1.0,0.0,0.0,0.0,0.0,0.0,24.0,16.0,8.1,4.0,"{'original': 8.1, 'alternative': 8}",Elian Carabali,cumbaya,cumbaya,mushuc-runa,4,0.0,0.0,2.0,2.0,0.0,0.0,0.0,3.0,0.0,0.0,0.0,0.0,0.0,0.0,0.0,0.0,0.0,2.0,2.0,0.0,0.0,0.0,0.0,0.0,0.0,0.0,0.0,0.0,0.0,0.0,0.0,0.0,0.0,0.0,0.0,0.0,2.0,15.0,7.5,7.5
8.0,4.0,0.0,0.0,1.0,0.0,0.0,0.0,16.0,10.0,5.7,4.0,"{'original': 5.7, 'alternative': 5.7}",Maikel Valencia,cumbaya,cumbaya,mushuc-runa,4,1.0,1.0,0.0,1.0,0.0,0.0,0.0,0.0,0.0,0.0,0.0,0.0,1.0,1.0,0.0,0.0,0.0,0.0,0.0,0.0,0.0,0.0,0.0,0.0,0.0,0.0,0.0,0.0,1.0,0.0,0.0,0.0,0.0,0.0,0.0,0.0,0.0,22.5,0.0,0.0
0.0,0.0,0.0,0.0,0.0,0.0,0.0,0.0,0.0,0.0,0.0,0.0,0,Alexi Lemos,cumbaya,cumbaya,mushuc-runa,4,0.0,0.0,0.0,0.0,0.0,0.0,0.0,0.0,0.0,0.0,0.0,0.0,0.0,0.0,0.0,0.0,0.0,0.0,0.0,0.0,0.0,0.0,0.0,0.0,0.0,0.0,0.0,0.0,0.0,0.0,0.0,0.0,0.0,0.0,0.0,0.0,0.0,0.0,0.0,0.0
0.0,0.0,0.0,0.0,0.0,0.0,0.0,0.0,0.0,0.0,0.0,0.0,0,Jose Angulo,cumbaya,cumbaya,mushuc-runa,4,0.0,0.0,0.0,0.0,0.0,0.0,0.0,0.0,0.0,0.0,0.0,0.0,0.0,0.0,0.0,0.0,0.0,0.0,0.0,0.0,0.0,0.0,0.0,0.0,0.0,0.0,0.0,0.0,0.0,0.0,0.0,0.0,0.0,0.0,0.0,0.0,0.0,0.0,0.0,0.0
0.0,0.0,0.0,0.0,0.0,0.0,0.0,0.0,0.0,0.0,0.0,0.0,0,Jaime Ortiz,cumbaya,cumbaya,mushuc-runa,4,0.0,0.0,0.0,0.0,0.0,0.0,0.0,0.0,0.0,0.0,0.0,0.0,0.0,0.0,0.0,0.0,0.0,0.0,0.0,0.0,0.0,0.0,0.0,0.0,0.0,0.0,0.0,0.0,0.0,0.0,0.0,0.0,0.0,0.0,0.0,0.0,0.0,0.0,0.0,0.0
0.0,0.0,0.0,0.0,0.0,0.0,0.0,0.0,0.0,0.0,0.0,0.0,0,Fernando Delgado,cumbaya,cumbaya,mushuc-runa,4,0.0,0.0,0.0,0.0,0.0,0.0,0.0,0.0,0.0,0.0,0.0,0.0,0.0,0.0,0.0,0.0,0.0,0.0,0.0,0.0,0.0,0.0,0.0,0.0,0.0,0.0,0.0,0.0,0.0,0.0,0.0,0.0,0.0,0.0,0.0,0.0,0.0,0.0,0.0,0.0
0.0,0.0,0.0,0.0,0.0,0.0,0.0,0.0,0.0,0.0,0.0,0.0,0,Kevin Hurtado,cumbaya,cumbaya,mushuc-runa,4,0.0,0.0,0.0,0.0,0.0,0.0,0.0,0.0,0.0,0.0,0.0,0.0,0.0,0.0,0.0,0.0,0.0,0.0,0.0,0.0,0.0,0.0,0.0,0.0,0.0,0.0,0.0,0.0,0.0,0.0,0.0,0.0,0.0,0.0,0.0,0.0,0.0,0.0,0.0,0.0
16.0,14.0,5.0,3.0,0.0,0.0,2.0,3.0,90.0,24.0,6.8,2.0,"{'original': 6.8, 'alternative': 6.4}",Wilman Pabón,mushuc-runa,cumbaya,mushuc-runa,4,0.0,0.0,0.0,0.0,0.0,0.0,0.0,0.0,0.0,0.0,0.0,0.0,0.0,0.0,0.0,0.0,0.0,0.0,0.0,0.0,0.0,0.0,0.0,0.0,0.0,0.0,0.0,0.0,0.0,0.0,0.0,0.0,0.0,0.0,0.0,0.0,0.0,14.0,0.0,0.0
25.0,17.0,4.0,1.0,7.0,2.0,0.0,0.0,78.0,46.0,6.8,10.0,"{'original': 6.8, 'alternative': 6.8}",Marco Montaño,mushuc-runa,cumbaya,mushuc-runa,4,0.0,0.0,1.0,5.0,0.0,0.0,0.0,0.0,0.0,2.0,4.0,2.0,2.0,1.0,0.0,1.0,0.0,0.0,0.0,0.0,0.0,0.0,0.0,0.0,0.0,0.0,0.0,0.0,0.0,0.0,0.0,0.0,0.0,0.0,0.0,0.0,0.0,19.615384615384617,0.0,0.0
38.0,34.0,6.0,6.0,3.0,0.0,0.0,0.0,90.0,41.0,6.8,4.0,"{'original': 6.8, 'alternative': 6.7}",Dennis Quintero,mushuc-runa,cumbaya,mushuc-runa,4,0.0,0.0,0.0,1.0,0.0,0.0,1.0,0.0,1.0,1.0,0.0,1.0,0.0,3.0,0.0,0.0,0.0,0.0,0.0,0.0,0.0,0.0,0.0,0.0,0.0,0.0,0.0,0.0,0.0,0.0,0.0,0.0,0.0,0.0,0.0,0.0,1.0,34.0,1.0,0.0
40.0,33.0,12.0,8.0,1.0,0.0,0.0,0.0,90.0,48.0,6.3,9.0,"{'original': 6.3, 'alternative': 6.1}",Jerry Parrales,mushuc-runa,cumbaya,mushuc-runa,4,1.0,0.0,0.0,3.0,0.0,0.0,0.0,0.0,0.0,2.0,1.0,1.0,2.0,0.0,0.0,0.0,0.0,1.0,0.0,1.0,0.0,0.0,0.0,0.0,0.0,0.0,0.0,1.0,0.0,0.0,1.0,0.0,0.0,0.0,0.0,0.0,1.0,33.0,1.0,1.0
30.0,19.0,10.0,5.0,1.0,1.0,0.0,0.0,78.0,50.0,6.3,20.0,"{'original': 6.3, 'alternative': 6.2}",Rody Zambrano,mushuc-runa,cumbaya,mushuc-runa,4,4.0,0.0,1.0,4.0,1.0,0.0,0.0,0.0,0.0,2.0,0.0,0.0,2.0,0.0,0.0,0.0,0.0,0.0,0.0,1.0,0.0,0.0,0.0,0.0,0.0,0.0,0.0,0.0,0.0,0.0,0.0,0.0,0.0,0.0,0.0,0.0,0.0,21.923076923076923,0.0,0.0
35.0,22.0,5.0,4.0,1.0,0.0,0.0,0.0,78.0,50.0,6.5,21.0,"{'original': 6.5, 'alternative': 6.4}",Mauricio Alonso,mushuc-runa,cumbaya,mushuc-runa,4,3.0,1.0,0.0,6.0,5.0,1.0,1.0,0.0,0.0,0.0,0.0,0.0,1.0,0.0,0.0,1.0,1.0,0.0,0.0,1.0,1.0,0.0,0.0,0.0,0.0,0.0,0.0,0.0,0.0,0.0,0.0,0.0,0.0,0.0,0.0,0.0,1.0,25.384615384615383,1.1538461538461537,0.0
32.0,26.0,4.0,2.0,4.0,2.0,0.0,0.0,90.0,41.0,7.2,7.0,"{'original': 7.2, 'alternative': 6.9}",Steven Tapiero,mushuc-runa,cumbaya,mushuc-runa,4,0.0,0.0,1.0,3.0,0.0,0.0,0.0,1.0,0.0,2.0,1.0,1.0,1.0,1.0,0.0,0.0,0.0,0.0,0.0,0.0,0.0,0.0,0.0,0.0,0.0,0.0,0.0,0.0,0.0,1.0,0.0,0.0,0.0,0.0,0.0,0.0,0.0,25.999999999999996,0.0,0.0
53.0,50.0,9.0,8.0,6.0,2.0,0.0,0.0,90.0,69.0,7.3,6.0,"{'original': 7.3, 'alternative': 7.2}",Jean Carlos Estacio,mushuc-runa,cumbaya,mushuc-runa,4,0.0,0.0,0.0,6.0,5.0,2.0,2.0,0.0,0.0,2.0,2.0,0.0,3.0,0.0,0.0,2.0,0.0,0.0,0.0,0.0,0.0,0.0,0.0,0.0,0.0,0.0,0.0,0.0,0.0,0.0,0.0,0.0,0.0,0.0,0.0,0.0,2.0,50.0,2.0,0.0
20.0,13.0,0.0,0.0,10.0,3.0,0.0,0.0,90.0,45.0,7.4,20.0,"{'original': 7.4, 'alternative': 7}",Sergio Gonzalez,mushuc-runa,cumbaya,mushuc-runa,4,4.0,0.0,0.0,5.0,7.0,4.0,3.0,1.0,0.0,0.0,0.0,0.0,1.0,3.0,0.0,0.0,2.0,1.0,1.0,0.0,0.0,0.0,0.0,0.0,0.0,0.0,0.0,0.0,1.0,0.0,0.0,0.0,0.0,0.0,0.0,0.0,4.0,12.999999999999998,4.0,1.0
32.0,24.0,3.0,1.0,2.0,0.0,0.0,0.0,90.0,49.0,7.4,16.0,"{'original': 7.4, 'alternative': 7.4}",Joaquín Vergés,mushuc-runa,cumbaya,mushuc-runa,4,8.0,1.0,1.0,2.0,0.0,0.0,5.0,0.0,0.0,1.0,1.0,0.0,1.0,1.0,0.0,4.0,0.0,0.0,0.0,0.0,0.0,0.0,0.0,0.0,0.0,0.0,0.0,1.0,0.0,0.0,0.0,0.0,0.0,0.0,0.0,0.0,5.0,24.0,5.0,0.0
18.0,16.0,0.0,0.0,6.0,2.0,0.0,0.0,90.0,27.0,7.4,3.0,"{'original': 7.4, 'alternative': 7.3}",Diego Ledesma,mushuc-runa,cumbaya,mushuc-runa,4,0.0,0.0,1.0,2.0,1.0,1.0,1.0,0.0,0.0,1.0,0.0,0.0,1.0,3.0,0.0,2.0,0.0,1.0,0.0,0.0,0.0,0.0,0.0,0.0,0.0,0.0,1.0,0.0,0.0,0.0,0.0,0.0,0.0,0.0,0.0,0.0,2.0,16.0,2.0,1.0
5.0,3.0,2.0,0.0,0.0,0.0,0.0,0.0,12.0,7.0,6.5,2.0,"{'original': 6.5, 'alternative': 6.5}",Juan Cruz Randazzo,mushuc-runa,cumbaya,mushuc-runa,4,0.0,0.0,0.0,0.0,0.0,0.0,0.0,1.0,1.0,0.0,0.0,0.0,0.0,0.0,0.0,0.0,0.0,0.0,0.0,0.0,0.0,0.0,0.0,0.0,0.0,0.0,0.0,0.0,0.0,0.0,0.0,0.0,0.0,0.0,0.0,0.0,0.0,22.5,0.0,0.0
5.0,3.0,1.0,0.0,1.0,1.0,0.0,0.0,12.0,10.0,6.6,5.0,"{'original': 6.6, 'alternative': 6.4}",Bagner Delgado,mushuc-runa,cumbaya,mushuc-runa,4,2.0,0.0,0.0,0.0,0.0,0.0,0.0,0.0,0.0,0.0,0.0,0.0,0.0,0.0,0.0,0.0,0.0,0.0,0.0,0.0,0.0,0.0,0.0,0.0,0.0,0.0,0.0,0.0,0.0,0.0,0.0,0.0,0.0,0.0,0.0,0.0,0.0,22.5,0.0,0.0
9.0,7.0,1.0,1.0,0.0,0.0,0.0,0.0,12.0,11.0,6.5,2.0,"{'original': 6.5, 'alternative': 6.5}",Daniel Segura,mushuc-runa,cumbaya,mushuc-runa,4,0.0,0.0,0.0,0.0,0.0,0.0,0.0,0.0,0.0,0.0,0.0,0.0,1.0,0.0,0.0,0.0,0.0,0.0,0.0,0.0,0.0,0.0,0.0,0.0,0.0,0.0,0.0,0.0,0.0,0.0,0.0,0.0,0.0,0.0,0.0,0.0,0.0,52.5,0.0,0.0
0.0,0.0,0.0,0.0,0.0,0.0,0.0,0.0,0.0,0.0,0.0,0.0,0,Christian Tapia,mushuc-runa,cumbaya,mushuc-runa,4,0.0,0.0,0.0,0.0,0.0,0.0,0.0,0.0,0.0,0.0,0.0,0.0,0.0,0.0,0.0,0.0,0.0,0.0,0.0,0.0,0.0,0.0,0.0,0.0,0.0,0.0,0.0,0.0,0.0,0.0,0.0,0.0,0.0,0.0,0.0,0.0,0.0,0.0,0.0,0.0
0.0,0.0,0.0,0.0,0.0,0.0,0.0,0.0,0.0,0.0,0.0,0.0,0,Luis Ayala,mushuc-runa,cumbaya,mushuc-runa,4,0.0,0.0,0.0,0.0,0.0,0.0,0.0,0.0,0.0,0.0,0.0,0.0,0.0,0.0,0.0,0.0,0.0,0.0,0.0,0.0,0.0,0.0,0.0,0.0,0.0,0.0,0.0,0.0,0.0,0.0,0.0,0.0,0.0,0.0,0.0,0.0,0.0,0.0,0.0,0.0
0.0,0.0,0.0,0.0,0.0,0.0,0.0,0.0,0.0,0.0,0.0,0.0,0,William Ocles,mushuc-runa,cumbaya,mushuc-runa,4,0.0,0.0,0.0,0.0,0.0,0.0,0.0,0.0,0.0,0.0,0.0,0.0,0.0,0.0,0.0,0.0,0.0,0.0,0.0,0.0,0.0,0.0,0.0,0.0,0.0,0.0,0.0,0.0,0.0,0.0,0.0,0.0,0.0,0.0,0.0,0.0,0.0,0.0,0.0,0.0
0.0,0.0,0.0,0.0,0.0,0.0,0.0,0.0,0.0,0.0,0.0,0.0,0,José Luis Quiñones,mushuc-runa,cumbaya,mushuc-runa,4,0.0,0.0,0.0,0.0,0.0,0.0,0.0,0.0,0.0,0.0,0.0,0.0,0.0,0.0,0.0,0.0,0.0,0.0,0.0,0.0,0.0,0.0,0.0,0.0,0.0,0.0,0.0,0.0,0.0,0.0,0.0,0.0,0.0,0.0,0.0,0.0,0.0,0.0,0.0,0.0
0.0,0.0,0.0,0.0,0.0,0.0,0.0,0.0,0.0,0.0,0.0,0.0,0,Arnaldo Zambrano,mushuc-runa,cumbaya,mushuc-runa,4,0.0,0.0,0.0,0.0,0.0,0.0,0.0,0.0,0.0,0.0,0.0,0.0,0.0,0.0,0.0,0.0,0.0,0.0,0.0,0.0,0.0,0.0,0.0,0.0,0.0,0.0,0.0,0.0,0.0,0.0,0.0,0.0,0.0,0.0,0.0,0.0,0.0,0.0,0.0,0.0
0.0,0.0,0.0,0.0,0.0,0.0,0.0,0.0,0.0,0.0,0.0,0.0,0,Stick Castro,mushuc-runa,cumbaya,mushuc-runa,4,0.0,0.0,0.0,0.0,0.0,0.0,0.0,0.0,0.0,0.0,0.0,0.0,0.0,0.0,0.0,0.0,0.0,0.0,0.0,0.0,0.0,0.0,0.0,0.0,0.0,0.0,0.0,0.0,0.0,0.0,0.0,0.0,0.0,0.0,0.0,0.0,0.0,0.0,0.0,0.0
19.0,14.0,6.0,1.0,0.0,0.0,0.0,3.0,90.0,26.0,7.1,5.0,"{'original': 7.1, 'alternative': 7.3}",Pedro Ortiz,emelec,emelec,delfin,4,0.0,0.0,0.0,0.0,0.0,0.0,0.0,0.0,0.0,0.0,0.0,0.0,0.0,0.0,0.0,0.0,0.0,0.0,0.0,0.0,0.0,0.0,1.0,0.0,0.0,0.0,0.0,0.0,0.0,0.0,0.0,0.0,0.0,0.0,0.0,0.0,0.0,14.0,0.0,0.0
46.0,37.0,2.0,1.0,9.0,3.0,0.0,0.0,90.0,69.0,8.1,16.0,"{'original': 8.1, 'alternative': 7.8}",Romario Caicedo,emelec,emelec,delfin,4,2.0,1.0,0.0,6.0,3.0,0.0,0.0,1.0,1.0,0.0,2.0,0.0,3.0,4.0,0.0,1.0,0.0,1.0,1.0,0.0,0.0,0.0,0.0,0.0,0.0,0.0,0.0,0.0,0.0,0.0,0.0,0.0,0.0,0.0,0.0,0.0,1.0,37.0,1.0,1.0
34.0,27.0,6.0,2.0,4.0,1.0,0.0,0.0,90.0,48.0,7.6,8.0,"{'original': 7.6, 'alternative': 7.3}",Luis Fernando León,emelec,emelec,delfin,4,1.0,1.0,2.0,4.0,1.0,1.0,0.0,3.0,3.0,0.0,1.0,1.0,1.0,1.0,0.0,1.0,0.0,0.0,0.0,0.0,0.0,0.0,0.0,0.0,0.0,0.0,0.0,0.0,0.0,0.0,0.0,0.0,0.0,0.0,0.0,0.0,0.0,27.0,0.0,0.0
44.0,33.0,9.0,3.0,2.0,0.0,0.0,0.0,90.0,56.0,7.7,12.0,"{'original': 7.7, 'alternative': 7.5}",Aníbal Leguizamón,emelec,emelec,delfin,4,0.0,0.0,0.0,2.0,0.0,0.0,1.0,3.0,3.0,2.0,1.0,2.0,0.0,1.0,0.0,1.0,0.0,0.0,0.0,0.0,1.0,0.0,0.0,0.0,0.0,0.0,0.0,0.0,0.0,0.0,0.0,0.0,0.0,0.0,0.0,0.0,1.0,33.0,1.0,0.0
49.0,47.0,1.0,0.0,3.0,2.0,0.0,0.0,90.0,63.0,7.2,5.0,"{'original': 7.2, 'alternative': 7}",Gustavo Cortez,emelec,emelec,delfin,4,1.0,1.0,0.0,2.0,0.0,0.0,0.0,2.0,0.0,2.0,0.0,1.0,0.0,1.0,0.0,2.0,1.0,0.0,0.0,1.0,0.0,0.0,0.0,0.0,0.0,0.0,0.0,0.0,0.0,0.0,0.0,0.0,0.0,0.0,0.0,0.0,0.0,47.0,0.0,0.0
66.0,59.0,4.0,3.0,7.0,2.0,0.0,0.0,90.0,80.0,7.3,8.0,"{'original': 7.3, 'alternative': 7.1}",Cristian Erbes,emelec,emelec,delfin,4,0.0,0.0,1.0,6.0,1.0,1.0,0.0,3.0,0.0,2.0,3.0,4.0,1.0,1.0,0.0,1.0,0.0,0.0,0.0,0.0,0.0,0.0,0.0,0.0,0.0,0.0,0.0,0.0,0.0,0.0,0.0,0.0,0.0,0.0,0.0,0.0,0.0,59.0,0.0,0.0
22.0,16.0,1.0,0.0,4.0,2.0,0.0,0.0,67.0,39.0,6.9,13.0,"{'original': 6.9, 'alternative': 6.8}",Jhon Sánchez,emelec,emelec,delfin,4,2.0,0.0,0.0,4.0,1.0,0.0,0.0,1.0,0.0,2.0,2.0,0.0,3.0,0.0,0.0,0.0,1.0,1.0,0.0,0.0,0.0,0.0,0.0,0.0,0.0,0.0,0.0,0.0,0.0,0.0,0.0,0.0,0.0,0.0,0.0,0.0,1.0,21.492537313432834,1.3432835820895521,1.3432835820895521
43.0,37.0,2.0,0.0,5.0,2.0,0.0,0.0,83.0,55.0,7.5,11.0,"{'original': 7.5, 'alternative': 7.3}",Washington Corozo,emelec,emelec,delfin,4,0.0,0.0,1.0,4.0,1.0,0.0,1.0,0.0,0.0,0.0,1.0,0.0,0.0,2.0,1.0,2.0,2.0,1.0,0.0,1.0,1.0,0.0,0.0,0.0,0.0,0.0,0.0,0.0,0.0,0.0,0.0,0.0,0.0,0.0,0.0,0.0,2.0,40.12048192771084,2.168674698795181,1.0843373493975905
60.0,51.0,3.0,1.0,5.0,4.0,0.0,0.0,83.0,76.0,6.8,12.0,"{'original': 6.8, 'alternative': 6.6}",Marcelo Meli,emelec,emelec,delfin,4,0.0,0.0,0.0,4.0,0.0,0.0,2.0,0.0,1.0,1.0,1.0,2.0,2.0,0.0,0.0,0.0,1.0,0.0,0.0,0.0,0.0,1.0,0.0,0.0,0.0,0.0,0.0,1.0,0.0,0.0,0.0,0.0,0.0,0.0,0.0,0.0,2.0,55.3012048192771,2.168674698795181,0.0
31.0,27.0,1.0,0.0,2.0,0.0,0.0,0.0,74.0,45.0,7.4,10.0,"{'original': 7.4, 'alternative': 7.4}",Juan Ruiz Gómez,emelec,emelec,delfin,4,6.0,4.0,1.0,4.0,4.0,2.0,0.0,0.0,0.0,0.0,0.0,1.0,0.0,0.0,1.0,4.0,0.0,0.0,0.0,0.0,1.0,0.0,0.0,0.0,0.0,0.0,0.0,0.0,0.0,0.0,0.0,0.0,0.0,0.0,0.0,0.0,0.0,32.83783783783784,0.0,0.0
11.0,8.0,0.0,0.0,2.0,0.0,0.0,0.0,74.0,23.0,7.6,5.0,"{'original': 7.6, 'alternative': 7.5}",Facundo Castelli,emelec,emelec,delfin,4,1.0,0.0,1.0,5.0,0.0,0.0,2.0,2.0,0.0,0.0,0.0,0.0,4.0,2.0,0.0,0.0,0.0,2.0,1.0,3.0,0.0,0.0,0.0,0.0,0.0,0.0,0.0,0.0,0.0,0.0,0.0,0.0,0.0,0.0,0.0,0.0,4.0,9.72972972972973,4.864864864864865,2.4324324324324325
10.0,7.0,1.0,0.0,0.0,0.0,0.0,0.0,23.0,19.0,6.4,4.0,"{'original': 6.4, 'alternative': 6.4}",Rodrigo Rivero,emelec,emelec,delfin,4,1.0,1.0,0.0,3.0,1.0,0.0,0.0,1.0,0.0,0.0,0.0,0.0,2.0,0.0,0.0,0.0,0.0,0.0,0.0,2.0,0.0,0.0,0.0,0.0,0.0,0.0,0.0,0.0,0.0,0.0,0.0,0.0,0.0,0.0,0.0,0.0,0.0,27.39130434782609,0.0,0.0
5.0,5.0,1.0,1.0,1.0,1.0,0.0,0.0,16.0,7.0,6.8,1.0,"{'original': 6.8, 'alternative': 6.7}",Maicon Solís,emelec,emelec,delfin,4,1.0,0.0,0.0,0.0,0.0,0.0,0.0,0.0,0.0,0.0,0.0,0.0,0.0,0.0,0.0,1.0,0.0,0.0,0.0,0.0,0.0,0.0,0.0,0.0,0.0,0.0,0.0,0.0,0.0,0.0,0.0,0.0,0.0,0.0,0.0,0.0,0.0,28.125,0.0,0.0
3.0,2.0,0.0,0.0,1.0,0.0,0.0,0.0,16.0,6.0,6.5,3.0,"{'original': 6.5, 'alternative': 6.5}",Jaime Ayoví,emelec,emelec,delfin,4,1.0,0.0,0.0,1.0,1.0,0.0,0.0,1.0,0.0,0.0,0.0,0.0,0.0,1.0,0.0,0.0,0.0,0.0,0.0,0.0,0.0,0.0,0.0,0.0,0.0,0.0,0.0,0.0,0.0,0.0,0.0,0.0,0.0,0.0,0.0,0.0,0.0,11.25,0.0,0.0
3.0,3.0,0.0,0.0,0.0,0.0,0.0,0.0,11.0,5.0,6.5,1.0,"{'original': 6.5, 'alternative': 6.5}",Cristhian Valencia,emelec,emelec,delfin,4,0.0,0.0,0.0,0.0,0.0,0.0,0.0,0.0,0.0,0.0,0.0,0.0,0.0,0.0,0.0,0.0,0.0,0.0,0.0,0.0,0.0,0.0,0.0,0.0,0.0,0.0,0.0,0.0,0.0,0.0,0.0,0.0,0.0,0.0,0.0,0.0,0.0,24.545454545454543,0.0,0.0
3.0,3.0,1.0,1.0,0.0,0.0,0.0,0.0,11.0,3.0,6.5,0.0,"{'original': 6.5, 'alternative': 6.5}",Tommy Chamba,emelec,emelec,delfin,4,0.0,0.0,1.0,1.0,0.0,0.0,0.0,0.0,0.0,0.0,0.0,0.0,0.0,0.0,0.0,0.0,0.0,0.0,0.0,0.0,0.0,0.0,0.0,0.0,0.0,0.0,0.0,0.0,0.0,0.0,0.0,0.0,0.0,0.0,0.0,0.0,0.0,24.545454545454543,0.0,0.0
0.0,0.0,0.0,0.0,0.0,0.0,0.0,0.0,0.0,0.0,0.0,0.0,0,Gilmar Napa,emelec,emelec,delfin,4,0.0,0.0,0.0,0.0,0.0,0.0,0.0,0.0,0.0,0.0,0.0,0.0,0.0,0.0,0.0,0.0,0.0,0.0,0.0,0.0,0.0,0.0,0.0,0.0,0.0,0.0,0.0,0.0,0.0,0.0,0.0,0.0,0.0,0.0,0.0,0.0,0.0,0.0,0.0,0.0
0.0,0.0,0.0,0.0,0.0,0.0,0.0,0.0,0.0,0.0,0.0,0.0,0,Joao Quinones,emelec,emelec,delfin,4,0.0,0.0,0.0,0.0,0.0,0.0,0.0,0.0,0.0,0.0,0.0,0.0,0.0,0.0,0.0,0.0,0.0,0.0,0.0,0.0,0.0,0.0,0.0,0.0,0.0,0.0,0.0,0.0,0.0,0.0,0.0,0.0,0.0,0.0,0.0,0.0,0.0,0.0,0.0,0.0
0.0,0.0,0.0,0.0,0.0,0.0,0.0,0.0,0.0,0.0,0.0,0.0,0,Ronny Borja,emelec,emelec,delfin,4,0.0,0.0,0.0,0.0,0.0,0.0,0.0,0.0,0.0,0.0,0.0,0.0,0.0,0.0,0.0,0.0,0.0,0.0,0.0,0.0,0.0,0.0,0.0,0.0,0.0,0.0,0.0,0.0,0.0,0.0,0.0,0.0,0.0,0.0,0.0,0.0,0.0,0.0,0.0,0.0
0.0,0.0,0.0,0.0,0.0,0.0,0.0,0.0,0.0,0.0,0.0,0.0,0,Jackson Rodríguez,emelec,emelec,delfin,4,0.0,0.0,0.0,0.0,0.0,0.0,0.0,0.0,0.0,0.0,0.0,0.0,0.0,0.0,0.0,0.0,0.0,0.0,0.0,0.0,0.0,0.0,0.0,0.0,0.0,0.0,0.0,0.0,0.0,0.0,0.0,0.0,0.0,0.0,0.0,0.0,0.0,0.0,0.0,0.0
0.0,0.0,0.0,0.0,0.0,0.0,0.0,0.0,0.0,0.0,0.0,0.0,0,Roberto Garcés,emelec,emelec,delfin,4,0.0,0.0,0.0,0.0,0.0,0.0,0.0,0.0,0.0,0.0,0.0,0.0,0.0,0.0,0.0,0.0,0.0,0.0,0.0,0.0,0.0,0.0,0.0,0.0,0.0,0.0,0.0,0.0,0.0,0.0,0.0,0.0,0.0,0.0,0.0,0.0,0.0,0.0,0.0,0.0
0.0,0.0,0.0,0.0,0.0,0.0,0.0,0.0,0.0,0.0,0.0,0.0,0,Elkin Muñoz,emelec,emelec,delfin,4,0.0,0.0,0.0,0.0,0.0,0.0,0.0,0.0,0.0,0.0,0.0,0.0,0.0,0.0,0.0,0.0,0.0,0.0,0.0,0.0,0.0,0.0,0.0,0.0,0.0,0.0,0.0,0.0,0.0,0.0,0.0,0.0,0.0,0.0,0.0,0.0,0.0,0.0,0.0,0.0
0.0,0.0,0.0,0.0,0.0,0.0,0.0,0.0,0.0,0.0,0.0,0.0,0,Andrés Ricaurte,emelec,emelec,delfin,4,0.0,0.0,0.0,0.0,0.0,0.0,0.0,0.0,0.0,0.0,0.0,0.0,0.0,0.0,0.0,0.0,0.0,0.0,0.0,0.0,0.0,0.0,0.0,0.0,0.0,0.0,0.0,0.0,0.0,0.0,0.0,0.0,0.0,0.0,0.0,0.0,0.0,0.0,0.0,0.0
19.0,17.0,2.0,0.0,0.0,0.0,2.0,2.0,90.0,23.0,6.6,2.0,"{'original': 6.6, 'alternative': 6.4}",Brian Heras,delfin,emelec,delfin,4,0.0,0.0,0.0,0.0,0.0,0.0,0.0,0.0,0.0,0.0,0.0,0.0,0.0,0.0,0.0,0.0,0.0,0.0,0.0,0.0,0.0,0.0,0.0,0.0,0.0,0.0,0.0,0.0,0.0,0.0,0.0,0.0,0.0,0.0,0.0,0.0,0.0,17.0,0.0,0.0
17.0,11.0,3.0,1.0,4.0,0.0,0.0,0.0,90.0,30.0,6.9,8.0,"{'original': 6.9, 'alternative': 6.8}",Maikel Reyes,delfin,emelec,delfin,4,0.0,0.0,0.0,1.0,2.0,2.0,0.0,0.0,1.0,1.0,2.0,0.0,1.0,0.0,0.0,1.0,0.0,0.0,0.0,1.0,0.0,0.0,0.0,0.0,0.0,0.0,0.0,0.0,0.0,0.0,0.0,0.0,0.0,0.0,0.0,0.0,0.0,11.0,0.0,0.0
31.0,21.0,7.0,3.0,3.0,1.0,0.0,0.0,90.0,40.0,7.4,11.0,"{'original': 7.4, 'alternative': 7.4}",Nicolás Goitea,delfin,emelec,delfin,4,0.0,0.0,1.0,1.0,0.0,0.0,0.0,1.0,4.0,0.0,2.0,0.0,0.0,0.0,0.0,0.0,0.0,0.0,0.0,0.0,0.0,0.0,0.0,0.0,0.0,0.0,0.0,0.0,0.0,0.0,0.0,0.0,1.0,0.0,0.0,0.0,0.0,21.0,0.0,0.0
42.0,32.0,5.0,1.0,4.0,2.0,0.0,0.0,90.0,58.0,6.8,10.0,"{'original': 6.8, 'alternative': 6.8}",Ignacio Gariglio,delfin,emelec,delfin,4,0.0,0.0,2.0,2.0,0.0,0.0,0.0,4.0,1.0,3.0,2.0,0.0,0.0,0.0,0.0,0.0,0.0,0.0,0.0,0.0,0.0,0.0,0.0,0.0,0.0,0.0,0.0,0.0,0.0,0.0,0.0,0.0,0.0,0.0,0.0,0.0,0.0,32.0,0.0,0.0
31.0,19.0,4.0,0.0,4.0,1.0,0.0,0.0,90.0,61.0,6.5,22.0,"{'original': 6.5, 'alternative': 6.4}",Juan Manuel Elordi,delfin,emelec,delfin,4,2.0,0.0,1.0,2.0,2.0,1.0,0.0,2.0,0.0,1.0,2.0,0.0,0.0,0.0,0.0,1.0,0.0,0.0,0.0,2.0,0.0,0.0,0.0,0.0,0.0,0.0,0.0,0.0,0.0,0.0,0.0,0.0,0.0,0.0,0.0,0.0,0.0,19.0,0.0,0.0
8.0,4.0,0.0,0.0,0.0,0.0,0.0,0.0,65.0,14.0,6.5,5.0,"{'original': 6.5, 'alternative': 6.4}",Enzo Gaggi,delfin,emelec,delfin,4,1.0,0.0,4.0,4.0,0.0,0.0,0.0,0.0,0.0,2.0,0.0,0.0,0.0,0.0,0.0,1.0,0.0,0.0,0.0,0.0,0.0,0.0,0.0,0.0,0.0,0.0,0.0,0.0,0.0,0.0,0.0,0.0,0.0,0.0,0.0,0.0,0.0,5.538461538461538,0.0,0.0
40.0,33.0,7.0,4.0,7.0,2.0,0.0,0.0,83.0,55.0,7.0,9.0,"{'original': 7, 'alternative': 7}",Cristian García,delfin,emelec,delfin,4,0.0,0.0,2.0,5.0,0.0,0.0,0.0,4.0,0.0,2.0,2.0,0.0,3.0,3.0,0.0,1.0,0.0,0.0,0.0,0.0,0.0,0.0,0.0,0.0,0.0,0.0,0.0,0.0,0.0,0.0,0.0,0.0,0.0,0.0,0.0,0.0,0.0,35.78313253012048,0.0,0.0
10.0,6.0,0.0,0.0,3.0,2.0,0.0,0.0,65.0,16.0,6.4,5.0,"{'original': 6.4, 'alternative': 6.4}",Luis Castro,delfin,emelec,delfin,4,0.0,0.0,0.0,2.0,1.0,0.0,0.0,1.0,0.0,0.0,0.0,0.0,1.0,1.0,0.0,0.0,0.0,1.0,0.0,0.0,0.0,0.0,0.0,0.0,0.0,0.0,0.0,0.0,0.0,0.0,0.0,0.0,0.0,0.0,0.0,0.0,1.0,8.307692307692308,1.3846153846153846,1.3846153846153846
37.0,28.0,4.0,3.0,3.0,0.0,0.0,0.0,83.0,55.0,6.6,19.0,"{'original': 6.6, 'alternative': 6.4}",Mariano Miño,delfin,emelec,delfin,4,7.0,1.0,1.0,10.0,3.0,2.0,1.0,0.0,0.0,1.0,1.0,2.0,5.0,0.0,0.0,1.0,2.0,0.0,0.0,0.0,0.0,0.0,0.0,0.0,0.0,0.0,0.0,0.0,0.0,0.0,0.0,0.0,0.0,0.0,0.0,0.0,1.0,30.361445783132528,1.0843373493975905,0.0
11.0,9.0,0.0,0.0,4.0,0.0,0.0,0.0,65.0,24.0,6.8,6.0,"{'original': 6.8, 'alternative': 6.6}",Jostin Alman,delfin,emelec,delfin,4,0.0,0.0,1.0,4.0,3.0,2.0,1.0,0.0,0.0,0.0,1.0,0.0,2.0,1.0,0.0,0.0,0.0,0.0,0.0,2.0,0.0,0.0,0.0,0.0,0.0,0.0,0.0,0.0,0.0,0.0,0.0,0.0,0.0,0.0,0.0,0.0,1.0,12.461538461538462,1.3846153846153846,0.0
14.0,8.0,0.0,0.0,8.0,3.0,0.0,0.0,90.0,34.0,7.0,15.0,"{'original': 7, 'alternative': 6.8}",Jose Enrique Angulo,delfin,emelec,delfin,4,0.0,0.0,1.0,11.0,7.0,4.0,1.0,1.0,0.0,0.0,0.0,1.0,4.0,1.0,0.0,2.0,2.0,1.0,0.0,1.0,0.0,0.0,0.0,0.0,0.0,0.0,0.0,0.0,0.0,0.0,0.0,0.0,0.0,0.0,0.0,0.0,2.0,8.0,2.0,1.0
15.0,12.0,0.0,0.0,1.0,0.0,0.0,0.0,25.0,20.0,6.8,4.0,"{'original': 6.8, 'alternative': 6.8}",Kevin Sambonino,delfin,emelec,delfin,4,0.0,0.0,0.0,0.0,0.0,0.0,0.0,0.0,0.0,0.0,1.0,0.0,0.0,0.0,0.0,0.0,0.0,1.0,0.0,1.0,0.0,0.0,0.0,0.0,0.0,0.0,0.0,0.0,0.0,0.0,0.0,0.0,0.0,0.0,0.0,0.0,1.0,43.199999999999996,3.6,3.6
8.0,5.0,0.0,0.0,0.0,0.0,0.0,0.0,25.0,10.0,6.4,4.0,"{'original': 6.4, 'alternative': 6.3}",Mejia Marcos,delfin,emelec,delfin,4,0.0,0.0,0.0,2.0,0.0,0.0,0.0,0.0,0.0,0.0,0.0,1.0,1.0,0.0,0.0,0.0,0.0,0.0,0.0,1.0,0.0,0.0,0.0,0.0,0.0,0.0,0.0,0.0,0.0,0.0,0.0,0.0,0.0,0.0,0.0,0.0,0.0,18.0,0.0,0.0
8.0,5.0,1.0,0.0,2.0,2.0,0.0,0.0,25.0,14.0,6.9,5.0,"{'original': 6.9, 'alternative': 6.8}",Horacio Tijanovich,delfin,emelec,delfin,4,2.0,0.0,0.0,1.0,0.0,0.0,0.0,0.0,1.0,1.0,0.0,0.0,1.0,0.0,0.0,2.0,0.0,0.0,0.0,0.0,0.0,0.0,0.0,0.0,0.0,0.0,0.0,0.0,0.0,0.0,0.0,0.0,0.0,0.0,0.0,0.0,0.0,18.0,0.0,0.0
9.0,8.0,2.0,2.0,1.0,0.0,0.0,0.0,11.0,10.0,6.7,2.0,"{'original': 6.7, 'alternative': 6.7}",Jean Humanante,delfin,emelec,delfin,4,1.0,0.0,0.0,0.0,0.0,0.0,0.0,0.0,0.0,0.0,0.0,0.0,0.0,1.0,0.0,0.0,0.0,0.0,0.0,0.0,0.0,0.0,0.0,0.0,0.0,0.0,0.0,0.0,0.0,0.0,0.0,0.0,0.0,0.0,0.0,0.0,0.0,65.45454545454545,0.0,0.0
2.0,2.0,0.0,0.0,2.0,1.0,0.0,0.0,11.0,5.0,6.6,1.0,"{'original': 6.6, 'alternative': 6.6}",Nicolás Messiniti,delfin,emelec,delfin,4,0.0,0.0,0.0,0.0,0.0,0.0,0.0,0.0,0.0,0.0,1.0,0.0,0.0,0.0,0.0,0.0,0.0,0.0,0.0,0.0,0.0,0.0,0.0,0.0,0.0,0.0,0.0,0.0,0.0,0.0,0.0,0.0,0.0,0.0,0.0,0.0,0.0,16.363636363636363,0.0,0.0
0.0,0.0,0.0,0.0,0.0,0.0,0.0,0.0,0.0,0.0,0.0,0.0,0,Edisson Recalde,delfin,emelec,delfin,4,0.0,0.0,0.0,0.0,0.0,0.0,0.0,0.0,0.0,0.0,0.0,0.0,0.0,0.0,0.0,0.0,0.0,0.0,0.0,0.0,0.0,0.0,0.0,0.0,0.0,0.0,0.0,0.0,0.0,0.0,0.0,0.0,0.0,0.0,0.0,0.0,0.0,0.0,0.0,0.0
0.0,0.0,0.0,0.0,0.0,0.0,0.0,0.0,0.0,0.0,0.0,0.0,0,Josué Cuero,delfin,emelec,delfin,4,0.0,0.0,0.0,0.0,0.0,0.0,0.0,0.0,0.0,0.0,0.0,0.0,0.0,0.0,0.0,0.0,0.0,0.0,0.0,0.0,0.0,0.0,0.0,0.0,0.0,0.0,0.0,0.0,0.0,0.0,0.0,0.0,0.0,0.0,0.0,0.0,0.0,0.0,0.0,0.0
0.0,0.0,0.0,0.0,0.0,0.0,0.0,0.0,0.0,0.0,0.0,0.0,0,Jefferson Nazareno,delfin,emelec,delfin,4,0.0,0.0,0.0,0.0,0.0,0.0,0.0,0.0,0.0,0.0,0.0,0.0,0.0,0.0,0.0,0.0,0.0,0.0,0.0,0.0,0.0,0.0,0.0,0.0,0.0,0.0,0.0,0.0,0.0,0.0,0.0,0.0,0.0,0.0,0.0,0.0,0.0,0.0,0.0,0.0
0.0,0.0,0.0,0.0,0.0,0.0,0.0,0.0,0.0,0.0,0.0,0.0,0,Erick Zuniga,delfin,emelec,delfin,4,0.0,0.0,0.0,0.0,0.0,0.0,0.0,0.0,0.0,0.0,0.0,0.0,0.0,0.0,0.0,0.0,0.0,0.0,0.0,0.0,0.0,0.0,0.0,0.0,0.0,0.0,0.0,0.0,0.0,0.0,0.0,0.0,0.0,0.0,0.0,0.0,0.0,0.0,0.0,0.0
0.0,0.0,0.0,0.0,0.0,0.0,0.0,0.0,0.0,0.0,0.0,0.0,0,Gianni Cagua,delfin,emelec,delfin,4,0.0,0.0,0.0,0.0,0.0,0.0,0.0,0.0,0.0,0.0,0.0,0.0,0.0,0.0,0.0,0.0,0.0,0.0,0.0,0.0,0.0,0.0,0.0,0.0,0.0,0.0,0.0,0.0,0.0,0.0,0.0,0.0,0.0,0.0,0.0,0.0,0.0,0.0,0.0,0.0
0.0,0.0,0.0,0.0,0.0,0.0,0.0,0.0,0.0,0.0,0.0,0.0,0,Adrián Arteaga,delfin,emelec,delfin,4,0.0,0.0,0.0,0.0,0.0,0.0,0.0,0.0,0.0,0.0,0.0,0.0,0.0,0.0,0.0,0.0,0.0,0.0,0.0,0.0,0.0,0.0,0.0,0.0,0.0,0.0,0.0,0.0,0.0,0.0,0.0,0.0,0.0,0.0,0.0,0.0,0.0,0.0,0.0,0.0
0.0,0.0,0.0,0.0,0.0,0.0,0.0,0.0,0.0,0.0,0.0,0.0,0,Michael Mieles,delfin,emelec,delfin,4,0.0,0.0,0.0,0.0,0.0,0.0,0.0,0.0,0.0,0.0,0.0,0.0,0.0,0.0,0.0,0.0,0.0,0.0,0.0,0.0,0.0,0.0,0.0,0.0,0.0,0.0,0.0,0.0,0.0,0.0,0.0,0.0,0.0,0.0,0.0,0.0,0.0,0.0,0.0,0.0
25.0,20.0,8.0,4.0,0.0,0.0,2.0,4.0,90.0,37.0,6.9,5.0,"{'original': 6.9, 'alternative': 6.7}",Rolando David Silva,orense,orense,imbabura,4,0.0,0.0,0.0,0.0,0.0,0.0,0.0,0.0,0.0,0.0,0.0,0.0,0.0,0.0,0.0,0.0,0.0,0.0,0.0,0.0,0.0,0.0,0.0,0.0,0.0,0.0,0.0,0.0,0.0,0.0,0.0,0.0,0.0,0.0,0.0,0.0,0.0,20.0,0.0,0.0
38.0,29.0,7.0,3.0,4.0,1.0,0.0,0.0,90.0,60.0,6.7,17.0,"{'original': 6.7, 'alternative': 6.6}",Pedro Velasco,orense,orense,imbabura,4,5.0,2.0,0.0,2.0,0.0,0.0,0.0,1.0,0.0,2.0,2.0,0.0,0.0,1.0,0.0,0.0,2.0,0.0,0.0,0.0,0.0,0.0,0.0,0.0,0.0,0.0,0.0,0.0,0.0,0.0,0.0,0.0,0.0,0.0,0.0,0.0,0.0,29.000000000000004,0.0,0.0
57.0,44.0,12.0,3.0,7.0,3.0,0.0,0.0,90.0,64.0,6.5,14.0,"{'original': 6.5, 'alternative': 6.4}",Gabriel Achilier,orense,orense,imbabura,4,0.0,0.0,2.0,3.0,1.0,1.0,0.0,0.0,0.0,1.0,0.0,0.0,0.0,3.0,0.0,0.0,1.0,0.0,0.0,0.0,0.0,0.0,0.0,0.0,0.0,0.0,0.0,0.0,0.0,0.0,0.0,0.0,0.0,0.0,0.0,0.0,0.0,44.0,0.0,0.0
63.0,40.0,16.0,5.0,9.0,1.0,0.0,0.0,90.0,72.0,6.5,23.0,"{'original': 6.5, 'alternative': 6.5}",Bryan Quinonez,orense,orense,imbabura,4,0.0,0.0,4.0,5.0,0.0,0.0,0.0,5.0,0.0,0.0,2.0,0.0,1.0,6.0,0.0,0.0,0.0,0.0,0.0,0.0,0.0,0.0,0.0,0.0,0.0,0.0,0.0,0.0,0.0,0.0,0.0,0.0,0.0,0.0,0.0,0.0,0.0,40.0,0.0,0.0
21.0,19.0,4.0,2.0,3.0,1.0,0.0,0.0,90.0,39.0,6.3,6.0,"{'original': 6.3, 'alternative': 6.3}",Yeltzin Erique,orense,orense,imbabura,4,1.0,0.0,0.0,4.0,2.0,1.0,0.0,1.0,0.0,1.0,1.0,0.0,2.0,0.0,0.0,0.0,1.0,0.0,0.0,0.0,0.0,0.0,0.0,0.0,0.0,0.0,0.0,0.0,0.0,0.0,0.0,0.0,0.0,0.0,0.0,0.0,0.0,19.0,0.0,0.0
28.0,22.0,3.0,2.0,4.0,1.0,0.0,0.0,59.0,33.0,6.8,6.0,"{'original': 6.8, 'alternative': 6.7}",Emiliano Sosa,orense,orense,imbabura,4,0.0,0.0,0.0,2.0,1.0,1.0,0.0,0.0,0.0,0.0,1.0,0.0,2.0,1.0,0.0,0.0,0.0,0.0,0.0,0.0,0.0,0.0,0.0,0.0,0.0,0.0,0.0,0.0,0.0,0.0,0.0,0.0,0.0,0.0,0.0,0.0,0.0,33.559322033898304,0.0,0.0
16.0,10.0,2.0,0.0,2.0,1.0,0.0,0.0,59.0,28.0,7.2,11.0,"{'original': 7.2, 'alternative': 7.1}",Marcelo Eggel,orense,orense,imbabura,4,6.0,2.0,0.0,2.0,1.0,0.0,0.0,0.0,0.0,2.0,1.0,1.0,0.0,0.0,0.0,3.0,0.0,0.0,0.0,0.0,2.0,0.0,0.0,0.0,0.0,0.0,0.0,0.0,0.0,0.0,0.0,0.0,0.0,0.0,0.0,0.0,0.0,15.254237288135592,0.0,0.0
38.0,30.0,8.0,5.0,7.0,2.0,0.0,0.0,90.0,52.0,7.3,10.0,"{'original': 7.3, 'alternative': 7.3}",Erick Plúas,orense,orense,imbabura,4,2.0,2.0,1.0,4.0,1.0,1.0,0.0,0.0,0.0,0.0,4.0,0.0,3.0,0.0,0.0,1.0,0.0,0.0,0.0,1.0,0.0,0.0,0.0,0.0,0.0,0.0,0.0,0.0,0.0,0.0,0.0,0.0,0.0,0.0,0.0,0.0,0.0,30.0,0.0,0.0
34.0,30.0,1.0,0.0,3.0,0.0,0.0,0.0,80.0,52.0,7.7,14.0,"{'original': 7.7, 'alternative': 7.6}",Robert Burbano,orense,orense,imbabura,4,6.0,0.0,2.0,5.0,1.0,1.0,1.0,0.0,0.0,2.0,2.0,0.0,2.0,0.0,0.0,4.0,1.0,1.0,0.0,0.0,1.0,0.0,0.0,0.0,0.0,0.0,0.0,0.0,0.0,0.0,0.0,0.0,0.0,0.0,0.0,0.0,2.0,33.75,2.25,1.125
8.0,3.0,1.0,0.0,4.0,1.0,0.0,0.0,71.0,16.0,6.8,7.0,"{'original': 6.8, 'alternative': 6.7}",Agustin Maziero,orense,orense,imbabura,4,1.0,1.0,5.0,8.0,1.0,0.0,0.0,1.0,0.0,0.0,0.0,0.0,2.0,3.0,0.0,2.0,0.0,1.0,0.0,2.0,0.0,0.0,0.0,0.0,0.0,0.0,0.0,1.0,0.0,1.0,0.0,0.0,0.0,0.0,0.0,0.0,1.0,3.8028169014084505,1.267605633802817,1.267605633802817
13.0,7.0,0.0,0.0,0.0,0.0,0.0,0.0,90.0,23.0,6.4,9.0,"{'original': 6.4, 'alternative': 6.2}",Walter Agustin Herrera,orense,orense,imbabura,4,1.0,0.0,1.0,6.0,0.0,0.0,0.0,1.0,0.0,0.0,0.0,0.0,4.0,0.0,0.0,0.0,1.0,3.0,1.0,1.0,0.0,0.0,0.0,0.0,0.0,0.0,0.0,2.0,0.0,0.0,0.0,0.0,0.0,0.0,0.0,0.0,3.0,7.0,3.0,3.0
16.0,9.0,8.0,3.0,3.0,1.0,0.0,0.0,31.0,22.0,6.8,8.0,"{'original': 6.8, 'alternative': 6.8}",Richard Calderón,orense,orense,imbabura,4,2.0,2.0,0.0,1.0,0.0,0.0,0.0,0.0,0.0,0.0,1.0,0.0,1.0,1.0,0.0,1.0,0.0,0.0,0.0,0.0,0.0,0.0,0.0,0.0,0.0,0.0,0.0,0.0,0.0,0.0,0.0,0.0,0.0,0.0,0.0,0.0,0.0,26.12903225806452,0.0,0.0
11.0,5.0,1.0,0.0,4.0,0.0,0.0,0.0,31.0,14.0,6.2,7.0,"{'original': 6.2, 'alternative': 6}",Dany Coronel,orense,orense,imbabura,4,0.0,0.0,2.0,3.0,0.0,0.0,1.0,0.0,0.0,0.0,0.0,0.0,0.0,4.0,0.0,0.0,1.0,1.0,0.0,0.0,0.0,0.0,0.0,0.0,0.0,0.0,0.0,0.0,0.0,0.0,0.0,0.0,0.0,1.0,0.0,0.0,2.0,14.516129032258064,5.806451612903226,2.903225806451613
6.0,5.0,0.0,0.0,1.0,0.0,0.0,0.0,19.0,10.0,6.6,3.0,"{'original': 6.6, 'alternative': 6.6}",Cristian Barros,orense,orense,imbabura,4,1.0,0.0,0.0,1.0,0.0,0.0,1.0,0.0,0.0,0.0,0.0,1.0,0.0,1.0,0.0,0.0,0.0,0.0,0.0,0.0,0.0,0.0,0.0,0.0,0.0,0.0,0.0,0.0,0.0,0.0,0.0,0.0,0.0,0.0,0.0,0.0,1.0,23.684210526315788,4.7368421052631575,0.0
2.0,1.0,0.0,0.0,0.0,0.0,0.0,0.0,10.0,6.0,5.9,4.0,"{'original': 5.9, 'alternative': 5.8}",Erick Zambrano,orense,orense,imbabura,4,0.0,0.0,1.0,5.0,1.0,0.0,0.0,0.0,0.0,0.0,0.0,0.0,1.0,0.0,0.0,0.0,2.0,0.0,0.0,0.0,0.0,0.0,0.0,0.0,0.0,0.0,0.0,0.0,0.0,0.0,0.0,0.0,0.0,0.0,0.0,0.0,0.0,9.0,0.0,0.0
0.0,0.0,0.0,0.0,0.0,0.0,0.0,0.0,0.0,0.0,0.0,0.0,0,José Cárdenas,orense,orense,imbabura,4,0.0,0.0,0.0,0.0,0.0,0.0,0.0,0.0,0.0,0.0,0.0,0.0,0.0,0.0,0.0,0.0,0.0,0.0,0.0,0.0,0.0,0.0,0.0,0.0,0.0,0.0,0.0,0.0,0.0,0.0,0.0,0.0,0.0,0.0,0.0,0.0,0.0,0.0,0.0,0.0
0.0,0.0,0.0,0.0,0.0,0.0,0.0,0.0,0.0,0.0,0.0,0.0,0,Nicolas Del Grecco,orense,orense,imbabura,4,0.0,0.0,0.0,0.0,0.0,0.0,0.0,0.0,0.0,0.0,0.0,0.0,0.0,0.0,0.0,0.0,0.0,0.0,0.0,0.0,0.0,0.0,0.0,0.0,0.0,0.0,0.0,0.0,0.0,0.0,0.0,0.0,0.0,0.0,0.0,0.0,0.0,0.0,0.0,0.0
0.0,0.0,0.0,0.0,0.0,0.0,0.0,0.0,0.0,0.0,0.0,0.0,0,Marlon Quiñónez,orense,orense,imbabura,4,0.0,0.0,0.0,0.0,0.0,0.0,0.0,0.0,0.0,0.0,0.0,0.0,0.0,0.0,0.0,0.0,0.0,0.0,0.0,0.0,0.0,0.0,0.0,0.0,0.0,0.0,0.0,0.0,0.0,0.0,0.0,0.0,0.0,0.0,0.0,0.0,0.0,0.0,0.0,0.0
0.0,0.0,0.0,0.0,0.0,0.0,0.0,0.0,0.0,0.0,0.0,0.0,0,Santiago Kubiszyn,orense,orense,imbabura,4,0.0,0.0,0.0,0.0,0.0,0.0,0.0,0.0,0.0,0.0,0.0,0.0,0.0,0.0,0.0,0.0,0.0,0.0,0.0,0.0,0.0,0.0,0.0,0.0,0.0,0.0,0.0,0.0,0.0,0.0,0.0,0.0,0.0,0.0,0.0,0.0,0.0,0.0,0.0,0.0
0.0,0.0,0.0,0.0,0.0,0.0,0.0,0.0,0.0,0.0,0.0,0.0,0,Bryan Elian Vinan Rodriguez,orense,orense,imbabura,4,0.0,0.0,0.0,0.0,0.0,0.0,0.0,0.0,0.0,0.0,0.0,0.0,0.0,0.0,0.0,0.0,0.0,0.0,0.0,0.0,0.0,0.0,0.0,0.0,0.0,0.0,0.0,0.0,0.0,0.0,0.0,0.0,0.0,0.0,0.0,0.0,0.0,0.0,0.0,0.0
0.0,0.0,0.0,0.0,0.0,0.0,0.0,0.0,0.0,0.0,0.0,0.0,0,Sergio Vasquez,orense,orense,imbabura,4,0.0,0.0,0.0,0.0,0.0,0.0,0.0,0.0,0.0,0.0,0.0,0.0,0.0,0.0,0.0,0.0,0.0,0.0,0.0,0.0,0.0,0.0,0.0,0.0,0.0,0.0,0.0,0.0,0.0,0.0,0.0,0.0,0.0,0.0,0.0,0.0,0.0,0.0,0.0,0.0
0.0,0.0,0.0,0.0,0.0,0.0,0.0,0.0,0.0,0.0,0.0,0.0,0,José Andrade,orense,orense,imbabura,4,0.0,0.0,0.0,0.0,0.0,0.0,0.0,0.0,0.0,0.0,0.0,0.0,0.0,0.0,0.0,0.0,0.0,0.0,0.0,0.0,0.0,0.0,0.0,0.0,0.0,0.0,0.0,0.0,0.0,0.0,0.0,0.0,0.0,0.0,0.0,0.0,0.0,0.0,0.0,0.0
0.0,0.0,0.0,0.0,0.0,0.0,0.0,0.0,0.0,0.0,0.0,0.0,0,Ariel Suarez,orense,orense,imbabura,4,0.0,0.0,0.0,0.0,0.0,0.0,0.0,0.0,0.0,0.0,0.0,0.0,0.0,0.0,0.0,0.0,0.0,0.0,0.0,0.0,0.0,0.0,0.0,0.0,0.0,0.0,0.0,0.0,0.0,0.0,0.0,0.0,0.0,0.0,0.0,0.0,0.0,0.0,0.0,0.0
28.0,12.0,25.0,9.0,2.0,0.0,4.0,5.0,90.0,43.0,7.4,16.0,"{'original': 7.4, 'alternative': 6.9}",Mario Valero Sanchez,imbabura,orense,imbabura,4,0.0,0.0,0.0,1.0,0.0,0.0,0.0,1.0,0.0,0.0,0.0,0.0,1.0,2.0,0.0,0.0,0.0,0.0,0.0,0.0,0.0,0.0,3.0,0.0,0.0,0.0,0.0,0.0,1.0,0.0,0.0,0.0,0.0,0.0,0.0,0.0,0.0,12.0,0.0,0.0
17.0,4.0,7.0,1.0,5.0,0.0,0.0,0.0,90.0,32.0,7.2,14.0,"{'original': 7.2, 'alternative': 7.2}",Jonathan Benítez,imbabura,orense,imbabura,4,0.0,0.0,2.0,3.0,1.0,1.0,0.0,6.0,4.0,0.0,2.0,0.0,1.0,2.0,0.0,0.0,0.0,0.0,0.0,0.0,0.0,0.0,0.0,0.0,0.0,0.0,0.0,0.0,0.0,0.0,0.0,0.0,0.0,0.0,0.0,0.0,0.0,4.0,0.0,0.0
16.0,14.0,1.0,1.0,5.0,0.0,0.0,0.0,90.0,22.0,6.7,2.0,"{'original': 6.7, 'alternative': 6.7}",Guillermo Coronel,imbabura,orense,imbabura,4,0.0,0.0,2.0,2.0,0.0,0.0,0.0,3.0,0.0,1.0,0.0,0.0,0.0,5.0,0.0,0.0,0.0,0.0,0.0,0.0,0.0,0.0,0.0,0.0,0.0,0.0,0.0,0.0,0.0,0.0,0.0,0.0,0.0,0.0,0.0,0.0,0.0,14.0,0.0,0.0
27.0,13.0,4.0,1.0,8.0,2.0,0.0,0.0,90.0,41.0,6.6,16.0,"{'original': 6.6, 'alternative': 6.7}",Roni Chávez,imbabura,orense,imbabura,4,0.0,0.0,0.0,3.0,2.0,0.0,1.0,2.0,0.0,0.0,4.0,1.0,0.0,2.0,0.0,1.0,0.0,0.0,0.0,0.0,0.0,0.0,0.0,0.0,0.0,0.0,0.0,0.0,0.0,0.0,0.0,0.0,0.0,0.0,0.0,0.0,1.0,12.999999999999998,1.0,0.0
46.0,38.0,3.0,1.0,2.0,2.0,0.0,0.0,90.0,53.0,6.4,11.0,"{'original': 6.4, 'alternative': 6.4}",Óscar Pepinos,imbabura,orense,imbabura,4,1.0,0.0,1.0,3.0,0.0,0.0,0.0,2.0,0.0,0.0,0.0,0.0,3.0,0.0,0.0,0.0,0.0,0.0,0.0,0.0,0.0,0.0,0.0,0.0,0.0,0.0,0.0,0.0,0.0,0.0,0.0,0.0,0.0,0.0,0.0,0.0,0.0,38.0,0.0,0.0
33.0,21.0,7.0,2.0,6.0,4.0,0.0,0.0,90.0,53.0,6.7,17.0,"{'original': 6.7, 'alternative': 6.7}",Edison Caicedo,imbabura,orense,imbabura,4,0.0,0.0,3.0,3.0,0.0,0.0,0.0,5.0,0.0,0.0,1.0,0.0,0.0,1.0,0.0,0.0,0.0,0.0,0.0,0.0,0.0,0.0,0.0,0.0,0.0,0.0,0.0,0.0,0.0,0.0,0.0,0.0,0.0,0.0,0.0,0.0,0.0,21.0,0.0,0.0
20.0,13.0,1.0,0.0,1.0,0.0,0.0,0.0,89.0,29.0,6.7,13.0,"{'original': 6.7, 'alternative': 6.8}",Leandro Pantoja,imbabura,orense,imbabura,4,6.0,2.0,5.0,7.0,0.0,0.0,0.0,0.0,0.0,0.0,0.0,0.0,1.0,1.0,1.0,1.0,1.0,0.0,0.0,0.0,1.0,0.0,0.0,0.0,0.0,0.0,0.0,0.0,0.0,0.0,0.0,0.0,0.0,0.0,0.0,0.0,0.0,13.146067415730336,0.0,0.0
19.0,13.0,2.0,0.0,5.0,5.0,0.0,0.0,90.0,38.0,8.9,10.0,"{'original': 8.9, 'alternative': 8.5}",Erick Mendoza,imbabura,orense,imbabura,4,0.0,0.0,2.0,8.0,1.0,0.0,2.0,2.0,0.0,1.0,0.0,3.0,2.0,0.0,0.0,4.0,0.0,3.0,2.0,0.0,0.0,0.0,0.0,0.0,0.0,0.0,1.0,0.0,0.0,0.0,0.0,0.0,0.0,0.0,0.0,0.0,5.0,12.999999999999998,5.0,3.0
19.0,16.0,4.0,2.0,5.0,1.0,0.0,0.0,90.0,32.0,6.4,10.0,"{'original': 6.4, 'alternative': 6.4}",Federico Paz,imbabura,orense,imbabura,4,0.0,0.0,2.0,8.0,2.0,0.0,0.0,0.0,0.0,0.0,3.0,1.0,0.0,1.0,0.0,0.0,3.0,1.0,0.0,0.0,0.0,0.0,0.0,0.0,0.0,0.0,0.0,0.0,0.0,0.0,0.0,0.0,0.0,0.0,0.0,0.0,1.0,16.0,1.0,1.0
13.0,8.0,0.0,0.0,6.0,1.0,0.0,0.0,67.0,22.0,6.7,9.0,"{'original': 6.7, 'alternative': 6.6}",Jacson Pita Mina,imbabura,orense,imbabura,4,0.0,0.0,1.0,6.0,1.0,0.0,0.0,0.0,0.0,0.0,1.0,0.0,3.0,4.0,0.0,0.0,1.0,1.0,0.0,0.0,0.0,0.0,0.0,0.0,0.0,0.0,1.0,0.0,0.0,0.0,0.0,0.0,0.0,0.0,0.0,0.0,1.0,10.746268656716417,1.3432835820895521,1.3432835820895521
20.0,17.0,1.0,0.0,4.0,1.0,0.0,0.0,90.0,37.0,7.0,11.0,"{'original': 7, 'alternative': 6.8}",Leonar Espinoza,imbabura,orense,imbabura,4,2.0,0.0,2.0,6.0,1.0,1.0,2.0,2.0,0.0,0.0,2.0,0.0,2.0,0.0,0.0,0.0,2.0,0.0,0.0,0.0,0.0,1.0,0.0,0.0,0.0,0.0,0.0,0.0,0.0,0.0,0.0,0.0,0.0,0.0,0.0,0.0,2.0,17.0,2.0,0.0
8.0,6.0,1.0,0.0,2.0,2.0,0.0,0.0,23.0,12.0,6.7,3.0,"{'original': 6.7, 'alternative': 6.6}",Jhon Arteaga,imbabura,orense,imbabura,4,0.0,0.0,0.0,1.0,0.0,0.0,0.0,0.0,0.0,0.0,0.0,0.0,0.0,0.0,0.0,0.0,1.0,1.0,0.0,0.0,0.0,0.0,0.0,0.0,0.0,0.0,0.0,0.0,0.0,0.0,0.0,0.0,0.0,0.0,0.0,0.0,1.0,23.478260869565215,3.9130434782608696,3.9130434782608696
0.0,0.0,0.0,0.0,0.0,0.0,0.0,0.0,1.0,0.0,0.0,0.0,0,Michael Chala,imbabura,orense,imbabura,4,0.0,0.0,0.0,0.0,0.0,0.0,0.0,0.0,0.0,0.0,0.0,0.0,0.0,0.0,0.0,0.0,0.0,0.0,0.0,0.0,0.0,0.0,0.0,0.0,0.0,0.0,0.0,0.0,0.0,0.0,0.0,0.0,0.0,0.0,0.0,0.0,0.0,0.0,0.0,0.0
0.0,0.0,0.0,0.0,0.0,0.0,0.0,0.0,0.0,0.0,0.0,0.0,0,Patrik Minda,imbabura,orense,imbabura,4,0.0,0.0,0.0,0.0,0.0,0.0,0.0,0.0,0.0,0.0,0.0,0.0,0.0,0.0,0.0,0.0,0.0,0.0,0.0,0.0,0.0,0.0,0.0,0.0,0.0,0.0,0.0,0.0,0.0,0.0,0.0,0.0,0.0,0.0,0.0,0.0,0.0,0.0,0.0,0.0
0.0,0.0,0.0,0.0,0.0,0.0,0.0,0.0,0.0,0.0,0.0,0.0,0,Wilson Alfredo Folleco Morales,imbabura,orense,imbabura,4,0.0,0.0,0.0,0.0,0.0,0.0,0.0,0.0,0.0,0.0,0.0,0.0,0.0,0.0,0.0,0.0,0.0,0.0,0.0,0.0,0.0,0.0,0.0,0.0,0.0,0.0,0.0,0.0,0.0,0.0,0.0,0.0,0.0,0.0,0.0,0.0,0.0,0.0,0.0,0.0
0.0,0.0,0.0,0.0,0.0,0.0,0.0,0.0,0.0,0.0,0.0,0.0,0,Rony Caicedo,imbabura,orense,imbabura,4,0.0,0.0,0.0,0.0,0.0,0.0,0.0,0.0,0.0,0.0,0.0,0.0,0.0,0.0,0.0,0.0,0.0,0.0,0.0,0.0,0.0,0.0,0.0,0.0,0.0,0.0,0.0,0.0,0.0,0.0,0.0,0.0,0.0,0.0,0.0,0.0,0.0,0.0,0.0,0.0
0.0,0.0,0.0,0.0,0.0,0.0,0.0,0.0,0.0,0.0,0.0,0.0,0,Cristopher Alejandro Romero Falconí,imbabura,orense,imbabura,4,0.0,0.0,0.0,0.0,0.0,0.0,0.0,0.0,0.0,0.0,0.0,0.0,0.0,0.0,0.0,0.0,0.0,0.0,0.0,0.0,0.0,0.0,0.0,0.0,0.0,0.0,0.0,0.0,0.0,0.0,0.0,0.0,0.0,0.0,0.0,0.0,0.0,0.0,0.0,0.0
0.0,0.0,0.0,0.0,0.0,0.0,0.0,0.0,0.0,0.0,0.0,0.0,0,Alexis Santacruz,imbabura,orense,imbabura,4,0.0,0.0,0.0,0.0,0.0,0.0,0.0,0.0,0.0,0.0,0.0,0.0,0.0,0.0,0.0,0.0,0.0,0.0,0.0,0.0,0.0,0.0,0.0,0.0,0.0,0.0,0.0,0.0,0.0,0.0,0.0,0.0,0.0,0.0,0.0,0.0,0.0,0.0,0.0,0.0
0.0,0.0,0.0,0.0,0.0,0.0,0.0,0.0,0.0,0.0,0.0,0.0,0,Gilmar Cevallos,imbabura,orense,imbabura,4,0.0,0.0,0.0,0.0,0.0,0.0,0.0,0.0,0.0,0.0,0.0,0.0,0.0,0.0,0.0,0.0,0.0,0.0,0.0,0.0,0.0,0.0,0.0,0.0,0.0,0.0,0.0,0.0,0.0,0.0,0.0,0.0,0.0,0.0,0.0,0.0,0.0,0.0,0.0,0.0
0.0,0.0,0.0,0.0,0.0,0.0,0.0,0.0,0.0,0.0,0.0,0.0,0,Maicol Mina,imbabura,orense,imbabura,4,0.0,0.0,0.0,0.0,0.0,0.0,0.0,0.0,0.0,0.0,0.0,0.0,0.0,0.0,0.0,0.0,0.0,0.0,0.0,0.0,0.0,0.0,0.0,0.0,0.0,0.0,0.0,0.0,0.0,0.0,0.0,0.0,0.0,0.0,0.0,0.0,0.0,0.0,0.0,0.0
26.0,17.0,20.0,11.0,3.0,2.0,2.0,4.0,90.0,37.0,7.6,9.0,"{'original': 7.6, 'alternative': 7.2}",Walter Chavez,tecnico,tecnico,independiente,4,0.0,0.0,0.0,0.0,0.0,0.0,0.0,2.0,0.0,0.0,0.0,0.0,0.0,1.0,0.0,0.0,0.0,0.0,0.0,0.0,0.0,0.0,1.0,2.0,1.0,1.0,0.0,0.0,0.0,0.0,0.0,0.0,0.0,0.0,0.0,0.0,0.0,17.0,0.0,0.0
15.0,9.0,4.0,0.0,2.0,2.0,0.0,0.0,90.0,37.0,6.2,9.0,"{'original': 6.2, 'alternative': 6.1}",Tito Valencia,tecnico,tecnico,independiente,4,0.0,0.0,2.0,7.0,2.0,0.0,0.0,8.0,0.0,0.0,0.0,1.0,2.0,0.0,0.0,0.0,0.0,0.0,0.0,0.0,0.0,0.0,0.0,0.0,0.0,0.0,0.0,0.0,0.0,0.0,0.0,0.0,0.0,0.0,0.0,0.0,0.0,9.0,0.0,0.0
20.0,14.0,6.0,0.0,2.0,1.0,0.0,0.0,90.0,31.0,6.6,7.0,"{'original': 6.6, 'alternative': 6.6}",Carlos Pérez,tecnico,tecnico,independiente,4,0.0,0.0,0.0,0.0,1.0,1.0,0.0,4.0,1.0,1.0,0.0,0.0,0.0,0.0,0.0,0.0,0.0,0.0,0.0,1.0,0.0,0.0,0.0,0.0,0.0,0.0,0.0,0.0,0.0,0.0,0.0,0.0,0.0,0.0,0.0,0.0,0.0,14.0,0.0,0.0
12.0,8.0,2.0,0.0,3.0,1.0,0.0,0.0,90.0,26.0,6.8,4.0,"{'original': 6.8, 'alternative': 6.7}",Edison Carcelen,tecnico,tecnico,independiente,4,0.0,0.0,1.0,3.0,0.0,0.0,1.0,11.0,0.0,0.0,1.0,0.0,2.0,1.0,0.0,1.0,0.0,0.0,0.0,0.0,0.0,0.0,0.0,0.0,0.0,0.0,0.0,0.0,0.0,0.0,0.0,0.0,0.0,0.0,0.0,0.0,1.0,8.0,1.0,0.0
13.0,8.0,2.0,0.0,2.0,1.0,0.0,0.0,90.0,22.0,6.3,8.0,"{'original': 6.3, 'alternative': 6.3}",Marlon Medranda,tecnico,tecnico,independiente,4,1.0,0.0,0.0,2.0,0.0,0.0,0.0,1.0,0.0,1.0,0.0,0.0,2.0,1.0,0.0,0.0,0.0,0.0,0.0,0.0,0.0,0.0,0.0,0.0,0.0,0.0,0.0,0.0,0.0,0.0,0.0,0.0,0.0,0.0,0.0,0.0,0.0,8.0,0.0,0.0
13.0,9.0,4.0,2.0,7.0,4.0,0.0,0.0,90.0,35.0,7.4,7.0,"{'original': 7.4, 'alternative': 7.4}",Carlos Arboleda,tecnico,tecnico,independiente,4,3.0,2.0,0.0,1.0,1.0,0.0,0.0,3.0,2.0,0.0,3.0,0.0,0.0,0.0,0.0,1.0,0.0,0.0,0.0,1.0,0.0,0.0,0.0,0.0,0.0,0.0,0.0,0.0,0.0,0.0,0.0,0.0,0.0,0.0,0.0,0.0,0.0,9.0,0.0,0.0
10.0,4.0,2.0,0.0,4.0,1.0,0.0,0.0,71.0,27.0,7.3,15.0,"{'original': 7.3, 'alternative': 7}",Milton Maciel,tecnico,tecnico,independiente,4,3.0,0.0,3.0,9.0,6.0,3.0,1.0,0.0,0.0,0.0,0.0,2.0,1.0,0.0,0.0,0.0,0.0,3.0,1.0,0.0,0.0,0.0,0.0,0.0,0.0,0.0,0.0,0.0,0.0,0.0,0.0,0.0,0.0,0.0,0.0,0.0,4.0,5.070422535211268,5.070422535211268,3.8028169014084505
15.0,12.0,2.0,0.0,3.0,0.0,0.0,0.0,90.0,31.0,6.9,8.0,"{'original': 6.9, 'alternative': 6.8}",Emmanuel Torres,tecnico,tecnico,independiente,4,1.0,0.0,1.0,4.0,2.0,1.0,1.0,3.0,1.0,2.0,2.0,0.0,2.0,0.0,0.0,0.0,0.0,0.0,0.0,1.0,0.0,0.0,0.0,0.0,0.0,0.0,0.0,0.0,0.0,0.0,0.0,0.0,0.0,0.0,0.0,0.0,1.0,12.0,1.0,0.0
27.0,20.0,7.0,3.0,3.0,1.0,0.0,0.0,90.0,33.0,6.9,7.0,"{'original': 6.9, 'alternative': 6.8}",Edison Caicedo,tecnico,tecnico,independiente,4,0.0,0.0,0.0,0.0,0.0,0.0,0.0,1.0,0.0,0.0,1.0,0.0,1.0,1.0,0.0,1.0,0.0,0.0,0.0,0.0,0.0,0.0,0.0,0.0,0.0,0.0,0.0,0.0,0.0,0.0,0.0,0.0,0.0,0.0,0.0,0.0,0.0,20.0,0.0,0.0
13.0,8.0,1.0,0.0,4.0,1.0,0.0,0.0,81.0,27.0,6.9,12.0,"{'original': 6.9, 'alternative': 6.9}",Diego Armas,tecnico,tecnico,independiente,4,5.0,0.0,0.0,1.0,2.0,1.0,1.0,2.0,0.0,0.0,1.0,0.0,0.0,1.0,0.0,1.0,0.0,0.0,0.0,0.0,0.0,0.0,0.0,0.0,0.0,0.0,0.0,0.0,0.0,0.0,0.0,0.0,0.0,0.0,0.0,0.0,1.0,8.88888888888889,1.1111111111111112,0.0
8.0,5.0,0.0,0.0,5.0,1.0,0.0,0.0,66.0,14.0,6.6,4.0,"{'original': 6.6, 'alternative': 6.6}",Rodrigo Ruiz Díaz,tecnico,tecnico,independiente,4,0.0,0.0,5.0,8.0,1.0,1.0,0.0,2.0,0.0,0.0,0.0,1.0,2.0,3.0,0.0,0.0,0.0,0.0,0.0,0.0,0.0,0.0,0.0,0.0,0.0,0.0,1.0,0.0,0.0,0.0,0.0,0.0,0.0,0.0,0.0,0.0,0.0,6.818181818181818,0.0,0.0
5.0,2.0,0.0,0.0,2.0,0.0,0.0,0.0,24.0,10.0,6.2,7.0,"{'original': 6.2, 'alternative': 6.2}",Gastón Poncet,tecnico,tecnico,independiente,4,0.0,0.0,2.0,5.0,3.0,0.0,0.0,0.0,0.0,0.0,0.0,0.0,0.0,2.0,0.0,0.0,0.0,0.0,0.0,0.0,0.0,0.0,0.0,0.0,0.0,0.0,0.0,0.0,0.0,0.0,0.0,0.0,0.0,0.0,0.0,0.0,0.0,7.5,0.0,0.0
1.0,1.0,0.0,0.0,0.0,0.0,0.0,0.0,19.0,3.0,6.4,2.0,"{'original': 6.4, 'alternative': 6.4}",Alex Mendoza,tecnico,tecnico,independiente,4,0.0,0.0,0.0,1.0,0.0,0.0,0.0,0.0,0.0,0.0,0.0,0.0,1.0,0.0,0.0,0.0,0.0,0.0,0.0,0.0,0.0,0.0,0.0,0.0,0.0,0.0,0.0,0.0,0.0,0.0,0.0,0.0,0.0,0.0,0.0,0.0,0.0,4.7368421052631575,0.0,0.0
4.0,0.0,1.0,0.0,1.0,0.0,0.0,0.0,9.0,5.0,6.4,5.0,"{'original': 6.4, 'alternative': 6.3}",Anderson Naula,tecnico,tecnico,independiente,4,0.0,0.0,0.0,1.0,0.0,0.0,0.0,0.0,0.0,0.0,0.0,1.0,0.0,1.0,0.0,0.0,0.0,0.0,0.0,0.0,0.0,0.0,0.0,0.0,0.0,0.0,0.0,0.0,0.0,0.0,0.0,0.0,0.0,0.0,0.0,0.0,0.0,0.0,0.0,0.0
0.0,0.0,0.0,0.0,0.0,0.0,0.0,0.0,0.0,0.0,0.0,0.0,0,John Mero,tecnico,tecnico,independiente,4,0.0,0.0,0.0,0.0,0.0,0.0,0.0,0.0,0.0,0.0,0.0,0.0,0.0,0.0,0.0,0.0,0.0,0.0,0.0,0.0,0.0,0.0,0.0,0.0,0.0,0.0,0.0,0.0,0.0,0.0,0.0,0.0,0.0,0.0,0.0,0.0,0.0,0.0,0.0,0.0
0.0,0.0,0.0,0.0,0.0,0.0,0.0,0.0,0.0,0.0,0.0,0.0,0,Bryan Nazareno,tecnico,tecnico,independiente,4,0.0,0.0,0.0,0.0,0.0,0.0,0.0,0.0,0.0,0.0,0.0,0.0,0.0,0.0,0.0,0.0,0.0,0.0,0.0,0.0,0.0,0.0,0.0,0.0,0.0,0.0,0.0,0.0,0.0,0.0,0.0,0.0,0.0,0.0,0.0,0.0,0.0,0.0,0.0,0.0
0.0,0.0,0.0,0.0,0.0,0.0,0.0,0.0,0.0,0.0,0.0,0.0,0,Juan Jimenez,tecnico,tecnico,independiente,4,0.0,0.0,0.0,0.0,0.0,0.0,0.0,0.0,0.0,0.0,0.0,0.0,0.0,0.0,0.0,0.0,0.0,0.0,0.0,0.0,0.0,0.0,0.0,0.0,0.0,0.0,0.0,0.0,0.0,0.0,0.0,0.0,0.0,0.0,0.0,0.0,0.0,0.0,0.0,0.0
0.0,0.0,0.0,0.0,0.0,0.0,0.0,0.0,0.0,0.0,0.0,0.0,0,Jair Castillo,tecnico,tecnico,independiente,4,0.0,0.0,0.0,0.0,0.0,0.0,0.0,0.0,0.0,0.0,0.0,0.0,0.0,0.0,0.0,0.0,0.0,0.0,0.0,0.0,0.0,0.0,0.0,0.0,0.0,0.0,0.0,0.0,0.0,0.0,0.0,0.0,0.0,0.0,0.0,0.0,0.0,0.0,0.0,0.0
0.0,0.0,0.0,0.0,0.0,0.0,0.0,0.0,0.0,0.0,0.0,0.0,0,Willian Cevallos,tecnico,tecnico,independiente,4,0.0,0.0,0.0,0.0,0.0,0.0,0.0,0.0,0.0,0.0,0.0,0.0,0.0,0.0,0.0,0.0,0.0,0.0,0.0,0.0,0.0,0.0,0.0,0.0,0.0,0.0,0.0,0.0,0.0,0.0,0.0,0.0,0.0,0.0,0.0,0.0,0.0,0.0,0.0,0.0
0.0,0.0,0.0,0.0,0.0,0.0,0.0,0.0,0.0,0.0,0.0,0.0,0,Jefferson Caicedo,tecnico,tecnico,independiente,4,0.0,0.0,0.0,0.0,0.0,0.0,0.0,0.0,0.0,0.0,0.0,0.0,0.0,0.0,0.0,0.0,0.0,0.0,0.0,0.0,0.0,0.0,0.0,0.0,0.0,0.0,0.0,0.0,0.0,0.0,0.0,0.0,0.0,0.0,0.0,0.0,0.0,0.0,0.0,0.0
0.0,0.0,0.0,0.0,0.0,0.0,0.0,0.0,0.0,0.0,0.0,0.0,0,Jason Folleco,tecnico,tecnico,independiente,4,0.0,0.0,0.0,0.0,0.0,0.0,0.0,0.0,0.0,0.0,0.0,0.0,0.0,0.0,0.0,0.0,0.0,0.0,0.0,0.0,0.0,0.0,0.0,0.0,0.0,0.0,0.0,0.0,0.0,0.0,0.0,0.0,0.0,0.0,0.0,0.0,0.0,0.0,0.0,0.0
27.0,23.0,7.0,3.0,1.0,1.0,2.0,2.0,90.0,34.0,6.7,4.0,"{'original': 6.7, 'alternative': 6.7}",Moisés Ramírez,independiente,tecnico,independiente,4,0.0,0.0,0.0,0.0,0.0,0.0,0.0,2.0,0.0,0.0,0.0,0.0,0.0,0.0,0.0,0.0,0.0,0.0,0.0,0.0,0.0,0.0,0.0,0.0,0.0,0.0,0.0,0.0,0.0,0.0,0.0,0.0,0.0,0.0,0.0,0.0,0.0,23.0,0.0,0.0
34.0,29.0,7.0,3.0,1.0,0.0,0.0,0.0,90.0,53.0,6.7,7.0,"{'original': 6.7, 'alternative': 6.5}",Anthony Landázuri,independiente,tecnico,independiente,4,1.0,0.0,1.0,5.0,2.0,1.0,0.0,1.0,0.0,2.0,0.0,0.0,3.0,0.0,0.0,0.0,0.0,1.0,0.0,1.0,0.0,0.0,0.0,0.0,0.0,0.0,0.0,0.0,0.0,0.0,0.0,0.0,0.0,0.0,0.0,0.0,1.0,29.000000000000004,1.0,1.0
47.0,44.0,4.0,2.0,0.0,0.0,0.0,0.0,45.0,50.0,6.6,4.0,"{'original': 6.6, 'alternative': 6.5}",Luis Felipe Zárate,independiente,tecnico,independiente,4,0.0,0.0,0.0,2.0,0.0,0.0,0.0,0.0,2.0,0.0,0.0,1.0,1.0,0.0,0.0,0.0,0.0,0.0,0.0,0.0,0.0,0.0,0.0,0.0,0.0,0.0,0.0,0.0,0.0,0.0,0.0,0.0,0.0,0.0,0.0,0.0,0.0,88.0,0.0,0.0
89.0,83.0,13.0,11.0,3.0,1.0,0.0,0.0,90.0,95.0,7.2,7.0,"{'original': 7.2, 'alternative': 6.9}",Mateo Carabajal,independiente,tecnico,independiente,4,1.0,0.0,2.0,3.0,0.0,0.0,0.0,0.0,0.0,0.0,0.0,1.0,0.0,2.0,0.0,0.0,0.0,1.0,0.0,0.0,0.0,0.0,0.0,0.0,0.0,0.0,0.0,0.0,0.0,0.0,0.0,0.0,0.0,0.0,0.0,0.0,1.0,83.0,1.0,1.0
55.0,46.0,6.0,2.0,10.0,1.0,0.0,0.0,90.0,79.0,8.0,15.0,"{'original': 8, 'alternative': 7.6}",Beder Caicedo,independiente,tecnico,independiente,4,4.0,1.0,0.0,4.0,2.0,2.0,0.0,1.0,0.0,0.0,5.0,2.0,2.0,2.0,1.0,2.0,0.0,0.0,0.0,1.0,1.0,0.0,0.0,0.0,0.0,0.0,0.0,0.0,0.0,0.0,0.0,0.0,0.0,0.0,0.0,0.0,0.0,46.0,0.0,0.0
76.0,67.0,6.0,5.0,3.0,0.0,0.0,0.0,90.0,82.0,7.0,10.0,"{'original': 7, 'alternative': 6.9}",Cristian Zabala,independiente,tecnico,independiente,4,0.0,0.0,1.0,4.0,0.0,0.0,1.0,1.0,0.0,2.0,1.0,2.0,1.0,2.0,0.0,1.0,0.0,0.0,0.0,0.0,0.0,0.0,0.0,0.0,0.0,0.0,0.0,0.0,0.0,0.0,0.0,0.0,0.0,0.0,0.0,0.0,1.0,67.0,1.0,0.0
53.0,48.0,2.0,2.0,4.0,0.0,0.0,0.0,83.0,67.0,7.1,10.0,"{'original': 7.1, 'alternative': 7.1}",Patrik Mercado,independiente,tecnico,independiente,4,3.0,2.0,0.0,4.0,0.0,0.0,0.0,0.0,1.0,1.0,2.0,1.0,1.0,2.0,0.0,2.0,2.0,1.0,0.0,1.0,0.0,0.0,0.0,0.0,0.0,0.0,0.0,0.0,0.0,0.0,0.0,0.0,0.0,0.0,0.0,0.0,1.0,52.04819277108434,1.0843373493975905,1.0843373493975905
24.0,19.0,5.0,3.0,3.0,2.0,0.0,0.0,60.0,35.0,7.0,12.0,"{'original': 7, 'alternative': 6.9}",Junior Sornoza,independiente,tecnico,independiente,4,7.0,1.0,0.0,1.0,0.0,0.0,0.0,1.0,0.0,0.0,0.0,0.0,0.0,1.0,0.0,3.0,1.0,0.0,0.0,0.0,0.0,0.0,0.0,0.0,0.0,0.0,0.0,0.0,0.0,0.0,0.0,0.0,0.0,0.0,0.0,0.0,0.0,28.5,0.0,0.0
21.0,16.0,6.0,3.0,4.0,3.0,0.0,0.0,71.0,28.0,6.6,7.0,"{'original': 6.6, 'alternative': 6.5}",Renato Ibarra,independiente,tecnico,independiente,4,0.0,0.0,1.0,3.0,2.0,0.0,0.0,0.0,0.0,0.0,1.0,0.0,0.0,0.0,0.0,0.0,0.0,0.0,0.0,0.0,0.0,0.0,0.0,0.0,0.0,0.0,0.0,0.0,0.0,0.0,0.0,0.0,0.0,0.0,0.0,0.0,0.0,20.281690140845072,0.0,0.0
22.0,21.0,2.0,2.0,0.0,0.0,0.0,0.0,90.0,27.0,7.2,4.0,"{'original': 7.2, 'alternative': 7.1}",Michael Hoyos,independiente,tecnico,independiente,4,1.0,0.0,1.0,4.0,0.0,0.0,0.0,0.0,0.0,0.0,0.0,0.0,2.0,0.0,0.0,0.0,1.0,1.0,1.0,0.0,0.0,0.0,0.0,0.0,0.0,0.0,1.0,0.0,0.0,0.0,0.0,0.0,0.0,0.0,0.0,0.0,1.0,21.0,1.0,1.0
9.0,6.0,0.0,0.0,5.0,2.0,0.0,0.0,45.0,17.0,7.0,5.0,"{'original': 7, 'alternative': 6.9}",Alexander Bolaños,independiente,tecnico,independiente,4,2.0,0.0,0.0,1.0,1.0,1.0,0.0,0.0,0.0,0.0,1.0,0.0,1.0,1.0,0.0,0.0,0.0,1.0,0.0,0.0,0.0,0.0,0.0,0.0,0.0,0.0,1.0,0.0,0.0,0.0,0.0,0.0,0.0,0.0,0.0,0.0,1.0,12.0,2.0,2.0
41.0,34.0,8.0,4.0,4.0,0.0,0.0,0.0,45.0,45.0,6.8,9.0,"{'original': 6.8, 'alternative': 6.7}",Richard Schunke,independiente,tecnico,independiente,4,0.0,0.0,2.0,3.0,0.0,0.0,0.0,1.0,0.0,0.0,1.0,0.0,1.0,3.0,0.0,0.0,0.0,0.0,0.0,0.0,0.0,0.0,0.0,0.0,0.0,0.0,0.0,0.0,0.0,0.0,0.0,0.0,0.0,0.0,0.0,0.0,0.0,68.0,0.0,0.0
12.0,9.0,0.0,0.0,1.0,1.0,0.0,0.0,45.0,27.0,6.7,12.0,"{'original': 6.7, 'alternative': 6.7}",Yaimar Medina,independiente,tecnico,independiente,4,8.0,2.0,0.0,3.0,1.0,0.0,0.0,1.0,0.0,0.0,0.0,0.0,2.0,0.0,0.0,1.0,0.0,0.0,0.0,0.0,0.0,0.0,0.0,0.0,0.0,0.0,1.0,0.0,0.0,0.0,0.0,0.0,0.0,0.0,0.0,0.0,0.0,18.0,0.0,0.0
6.0,4.0,0.0,0.0,2.0,1.0,0.0,0.0,30.0,13.0,6.7,5.0,"{'original': 6.7, 'alternative': 6.7}",Romario Ibarra,independiente,tecnico,independiente,4,2.0,1.0,0.0,0.0,1.0,1.0,0.0,0.0,0.0,0.0,0.0,0.0,0.0,0.0,0.0,1.0,0.0,0.0,0.0,0.0,0.0,0.0,0.0,0.0,0.0,0.0,0.0,0.0,0.0,0.0,0.0,0.0,0.0,0.0,0.0,0.0,0.0,12.0,0.0,0.0
1.0,0.0,0.0,0.0,1.0,0.0,0.0,0.0,19.0,7.0,6.8,2.0,"{'original': 6.8, 'alternative': 6.8}",Renzo López,independiente,tecnico,independiente,4,0.0,0.0,2.0,3.0,0.0,0.0,2.0,0.0,0.0,0.0,0.0,0.0,2.0,1.0,0.0,0.0,0.0,0.0,0.0,2.0,0.0,0.0,0.0,0.0,0.0,0.0,0.0,0.0,0.0,0.0,0.0,0.0,0.0,0.0,0.0,0.0,2.0,0.0,9.473684210526315,0.0
8.0,7.0,2.0,2.0,0.0,0.0,0.0,0.0,13.0,10.0,6.6,2.0,"{'original': 6.6, 'alternative': 6.6}",Keny Arroyo,independiente,tecnico,independiente,4,0.0,0.0,1.0,1.0,0.0,0.0,0.0,1.0,0.0,0.0,0.0,0.0,0.0,0.0,0.0,0.0,0.0,0.0,0.0,0.0,0.0,0.0,0.0,0.0,0.0,0.0,0.0,0.0,0.0,0.0,0.0,0.0,0.0,0.0,0.0,0.0,0.0,48.46153846153846,0.0,0.0
0.0,0.0,0.0,0.0,0.0,0.0,0.0,0.0,0.0,0.0,0.0,0.0,0,Cristhian Loor,independiente,tecnico,independiente,4,0.0,0.0,0.0,0.0,0.0,0.0,0.0,0.0,0.0,0.0,0.0,0.0,0.0,0.0,0.0,0.0,0.0,0.0,0.0,0.0,0.0,0.0,0.0,0.0,0.0,0.0,0.0,0.0,0.0,0.0,0.0,0.0,0.0,0.0,0.0,0.0,0.0,0.0,0.0,0.0
0.0,0.0,0.0,0.0,0.0,0.0,0.0,0.0,0.0,0.0,0.0,0.0,0,Elkin Ruiz,independiente,tecnico,independiente,4,0.0,0.0,0.0,0.0,0.0,0.0,0.0,0.0,0.0,0.0,0.0,0.0,0.0,0.0,0.0,0.0,0.0,0.0,0.0,0.0,0.0,0.0,0.0,0.0,0.0,0.0,0.0,0.0,0.0,0.0,0.0,0.0,0.0,0.0,0.0,0.0,0.0,0.0,0.0,0.0
0.0,0.0,0.0,0.0,0.0,0.0,0.0,0.0,0.0,0.0,0.0,0.0,0,Jorge Arcos,independiente,tecnico,independiente,4,0.0,0.0,0.0,0.0,0.0,0.0,0.0,0.0,0.0,0.0,0.0,0.0,0.0,0.0,0.0,0.0,0.0,0.0,0.0,0.0,0.0,0.0,0.0,0.0,0.0,0.0,0.0,0.0,0.0,0.0,0.0,0.0,0.0,0.0,0.0,0.0,0.0,0.0,0.0,0.0
0.0,0.0,0.0,0.0,0.0,0.0,0.0,0.0,0.0,0.0,0.0,0.0,0,Matías Fernández,independiente,tecnico,independiente,4,0.0,0.0,0.0,0.0,0.0,0.0,0.0,0.0,0.0,0.0,0.0,0.0,0.0,0.0,0.0,0.0,0.0,0.0,0.0,0.0,0.0,0.0,0.0,0.0,0.0,0.0,0.0,0.0,0.0,0.0,0.0,0.0,0.0,0.0,0.0,0.0,0.0,0.0,0.0,0.0
0.0,0.0,0.0,0.0,0.0,0.0,0.0,0.0,0.0,0.0,0.0,0.0,0,Michael Ayovi,independiente,tecnico,independiente,4,0.0,0.0,0.0,0.0,0.0,0.0,0.0,0.0,0.0,0.0,0.0,0.0,0.0,0.0,0.0,0.0,0.0,0.0,0.0,0.0,0.0,0.0,0.0,0.0,0.0,0.0,0.0,0.0,0.0,0.0,0.0,0.0,0.0,0.0,0.0,0.0,0.0,0.0,0.0,0.0
0.0,0.0,0.0,0.0,0.0,0.0,0.0,0.0,0.0,0.0,0.0,0.0,0,Jhonatan De la Cruz,independiente,tecnico,independiente,4,0.0,0.0,0.0,0.0,0.0,0.0,0.0,0.0,0.0,0.0,0.0,0.0,0.0,0.0,0.0,0.0,0.0,0.0,0.0,0.0,0.0,0.0,0.0,0.0,0.0,0.0,0.0,0.0,0.0,0.0,0.0,0.0,0.0,0.0,0.0,0.0,0.0,0.0,0.0,0.0
14.0,12.0,3.0,1.0,0.0,0.0,2.0,3.0,90.0,23.0,7.0,2.0,"{'original': 7, 'alternative': 6.8}",Brian Heras,delfin,delfin,libertad,5,0.0,0.0,1.0,1.0,0.0,0.0,0.0,0.0,0.0,0.0,0.0,0.0,0.0,0.0,0.0,0.0,0.0,0.0,0.0,0.0,0.0,0.0,1.0,0.0,1.0,1.0,0.0,0.0,0.0,0.0,0.0,0.0,0.0,0.0,0.0,0.0,0.0,12.0,0.0,0.0
23.0,14.0,5.0,2.0,3.0,0.0,0.0,0.0,58.0,37.0,6.5,14.0,"{'original': 6.5, 'alternative': 6.5}",Maikel Reyes,delfin,delfin,libertad,5,0.0,0.0,1.0,3.0,2.0,0.0,0.0,0.0,0.0,1.0,2.0,0.0,0.0,1.0,0.0,0.0,0.0,0.0,0.0,0.0,0.0,0.0,0.0,0.0,0.0,0.0,0.0,0.0,0.0,0.0,0.0,0.0,0.0,0.0,0.0,0.0,0.0,21.724137931034484,0.0,0.0
59.0,47.0,15.0,8.0,3.0,0.0,0.0,0.0,90.0,65.0,7.0,13.0,"{'original': 7, 'alternative': 6.8}",Nicolás Goitea,delfin,delfin,libertad,5,1.0,0.0,1.0,1.0,0.0,0.0,0.0,3.0,0.0,0.0,1.0,0.0,0.0,2.0,0.0,0.0,0.0,0.0,0.0,0.0,0.0,0.0,0.0,0.0,0.0,0.0,0.0,0.0,0.0,0.0,0.0,0.0,0.0,0.0,0.0,0.0,0.0,47.0,0.0,0.0
40.0,36.0,8.0,6.0,8.0,2.0,0.0,0.0,90.0,47.0,7.5,4.0,"{'original': 7.5, 'alternative': 7.4}",Ignacio Gariglio,delfin,delfin,libertad,5,0.0,0.0,1.0,1.0,0.0,0.0,2.0,0.0,0.0,1.0,2.0,0.0,0.0,4.0,0.0,0.0,0.0,0.0,0.0,0.0,0.0,1.0,0.0,0.0,0.0,0.0,0.0,1.0,0.0,1.0,0.0,0.0,0.0,0.0,0.0,0.0,2.0,36.0,2.0,0.0
40.0,31.0,2.0,1.0,7.0,0.0,0.0,0.0,90.0,58.0,7.2,15.0,"{'original': 7.2, 'alternative': 7}",Juan Manuel Elordi,delfin,delfin,libertad,5,3.0,1.0,0.0,2.0,2.0,1.0,0.0,2.0,0.0,2.0,2.0,1.0,0.0,4.0,0.0,1.0,0.0,0.0,0.0,0.0,0.0,0.0,0.0,0.0,0.0,0.0,0.0,0.0,0.0,0.0,0.0,0.0,0.0,0.0,0.0,0.0,0.0,31.0,0.0,0.0
10.0,6.0,1.0,0.0,0.0,0.0,0.0,0.0,45.0,15.0,6.4,5.0,"{'original': 6.4, 'alternative': 6.4}",Enzo Gaggi,delfin,delfin,libertad,5,0.0,0.0,0.0,2.0,0.0,0.0,0.0,0.0,0.0,1.0,0.0,0.0,2.0,0.0,0.0,1.0,0.0,0.0,0.0,0.0,0.0,0.0,0.0,0.0,0.0,0.0,0.0,0.0,0.0,0.0,0.0,0.0,0.0,0.0,0.0,0.0,0.0,12.0,0.0,0.0
50.0,41.0,7.0,5.0,7.0,2.0,0.0,0.0,90.0,61.0,6.8,11.0,"{'original': 6.8, 'alternative': 6.7}",Cristian García,delfin,delfin,libertad,5,0.0,0.0,5.0,9.0,0.0,0.0,0.0,0.0,0.0,1.0,1.0,0.0,3.0,4.0,0.0,0.0,1.0,0.0,0.0,1.0,0.0,0.0,0.0,0.0,0.0,0.0,0.0,0.0,0.0,0.0,0.0,0.0,0.0,0.0,0.0,0.0,0.0,41.0,0.0,0.0
26.0,15.0,6.0,2.0,6.0,3.0,0.0,0.0,58.0,34.0,6.9,14.0,"{'original': 6.9, 'alternative': 6.7}",Luis Castro,delfin,delfin,libertad,5,3.0,0.0,1.0,3.0,0.0,0.0,1.0,0.0,0.0,0.0,1.0,0.0,2.0,2.0,0.0,0.0,0.0,0.0,0.0,0.0,0.0,0.0,0.0,0.0,0.0,0.0,0.0,0.0,0.0,0.0,0.0,0.0,0.0,0.0,0.0,0.0,1.0,23.27586206896552,1.5517241379310345,0.0
44.0,37.0,5.0,3.0,6.0,2.0,0.0,0.0,90.0,66.0,7.6,15.0,"{'original': 7.6, 'alternative': 7.5}",Mariano Miño,delfin,delfin,libertad,5,8.0,4.0,1.0,6.0,2.0,0.0,1.0,0.0,0.0,0.0,4.0,1.0,2.0,0.0,0.0,5.0,1.0,1.0,0.0,1.0,1.0,0.0,0.0,0.0,0.0,0.0,0.0,1.0,0.0,0.0,1.0,0.0,0.0,0.0,0.0,0.0,2.0,37.0,2.0,1.0
22.0,16.0,0.0,0.0,5.0,2.0,0.0,0.0,82.0,44.0,7.2,14.0,"{'original': 7.2, 'alternative': 7.1}",Horacio Tijanovich,delfin,delfin,libertad,5,3.0,0.0,2.0,5.0,4.0,2.0,3.0,0.0,0.0,0.0,1.0,0.0,1.0,0.0,0.0,1.0,0.0,1.0,0.0,1.0,0.0,0.0,0.0,0.0,0.0,0.0,1.0,0.0,0.0,0.0,0.0,0.0,0.0,0.0,0.0,0.0,4.0,17.5609756097561,4.390243902439025,1.0975609756097562
22.0,14.0,1.0,0.0,4.0,2.0,0.0,0.0,90.0,40.0,6.8,15.0,"{'original': 6.8, 'alternative': 6.6}",Jose Enrique Angulo,delfin,delfin,libertad,5,0.0,0.0,5.0,12.0,4.0,0.0,0.0,0.0,0.0,1.0,2.0,1.0,1.0,0.0,0.0,3.0,1.0,3.0,0.0,0.0,0.0,0.0,0.0,0.0,0.0,0.0,1.0,1.0,0.0,0.0,0.0,0.0,0.0,0.0,0.0,0.0,3.0,14.0,3.0,3.0
12.0,7.0,2.0,1.0,3.0,0.0,0.0,0.0,45.0,20.0,6.9,7.0,"{'original': 6.9, 'alternative': 6.9}",Gianni Cagua,delfin,delfin,libertad,5,0.0,0.0,1.0,2.0,1.0,0.0,1.0,0.0,1.0,0.0,2.0,0.0,0.0,1.0,0.0,1.0,0.0,0.0,0.0,1.0,0.0,0.0,0.0,0.0,0.0,0.0,0.0,0.0,0.0,0.0,0.0,0.0,0.0,0.0,0.0,0.0,1.0,14.0,2.0,0.0
14.0,10.0,0.0,0.0,4.0,0.0,0.0,0.0,32.0,22.0,6.8,7.0,"{'original': 6.8, 'alternative': 6.7}",Jordano Zambrano,delfin,delfin,libertad,5,3.0,1.0,0.0,2.0,1.0,0.0,0.0,0.0,0.0,0.0,2.0,1.0,0.0,2.0,0.0,0.0,0.0,0.0,0.0,0.0,0.0,0.0,0.0,0.0,0.0,0.0,0.0,0.0,0.0,0.0,0.0,0.0,0.0,0.0,0.0,0.0,0.0,28.125,0.0,0.0
24.0,23.0,8.0,7.0,1.0,1.0,0.0,0.0,32.0,32.0,7.3,5.0,"{'original': 7.3, 'alternative': 7.3}",Michael Mieles,delfin,delfin,libertad,5,4.0,1.0,0.0,0.0,0.0,0.0,1.0,0.0,0.0,0.0,0.0,0.0,0.0,0.0,0.0,2.0,0.0,0.0,0.0,1.0,1.0,0.0,0.0,0.0,0.0,0.0,0.0,0.0,0.0,0.0,0.0,0.0,0.0,0.0,0.0,0.0,1.0,64.6875,2.8125,0.0
2.0,1.0,0.0,0.0,0.0,0.0,0.0,0.0,8.0,5.0,7.3,1.0,"{'original': 7.3, 'alternative': 7.2}",Nicolás Messiniti,delfin,delfin,libertad,5,0.0,0.0,0.0,1.0,0.0,0.0,1.0,0.0,0.0,0.0,0.0,0.0,1.0,0.0,0.0,0.0,0.0,1.0,1.0,0.0,0.0,0.0,0.0,0.0,0.0,0.0,0.0,0.0,0.0,0.0,0.0,0.0,0.0,0.0,0.0,0.0,2.0,11.25,22.5,11.25
0.0,0.0,0.0,0.0,0.0,0.0,0.0,0.0,0.0,0.0,0.0,0.0,0,Edisson Recalde,delfin,delfin,libertad,5,0.0,0.0,0.0,0.0,0.0,0.0,0.0,0.0,0.0,0.0,0.0,0.0,0.0,0.0,0.0,0.0,0.0,0.0,0.0,0.0,0.0,0.0,0.0,0.0,0.0,0.0,0.0,0.0,0.0,0.0,0.0,0.0,0.0,0.0,0.0,0.0,0.0,0.0,0.0,0.0
0.0,0.0,0.0,0.0,0.0,0.0,0.0,0.0,0.0,0.0,0.0,0.0,0,Josué Cuero,delfin,delfin,libertad,5,0.0,0.0,0.0,0.0,0.0,0.0,0.0,0.0,0.0,0.0,0.0,0.0,0.0,0.0,0.0,0.0,0.0,0.0,0.0,0.0,0.0,0.0,0.0,0.0,0.0,0.0,0.0,0.0,0.0,0.0,0.0,0.0,0.0,0.0,0.0,0.0,0.0,0.0,0.0,0.0
0.0,0.0,0.0,0.0,0.0,0.0,0.0,0.0,0.0,0.0,0.0,0.0,0,Jefferson Nazareno,delfin,delfin,libertad,5,0.0,0.0,0.0,0.0,0.0,0.0,0.0,0.0,0.0,0.0,0.0,0.0,0.0,0.0,0.0,0.0,0.0,0.0,0.0,0.0,0.0,0.0,0.0,0.0,0.0,0.0,0.0,0.0,0.0,0.0,0.0,0.0,0.0,0.0,0.0,0.0,0.0,0.0,0.0,0.0
0.0,0.0,0.0,0.0,0.0,0.0,0.0,0.0,0.0,0.0,0.0,0.0,0,Erick Zuniga,delfin,delfin,libertad,5,0.0,0.0,0.0,0.0,0.0,0.0,0.0,0.0,0.0,0.0,0.0,0.0,0.0,0.0,0.0,0.0,0.0,0.0,0.0,0.0,0.0,0.0,0.0,0.0,0.0,0.0,0.0,0.0,0.0,0.0,0.0,0.0,0.0,0.0,0.0,0.0,0.0,0.0,0.0,0.0
0.0,0.0,0.0,0.0,0.0,0.0,0.0,0.0,0.0,0.0,0.0,0.0,0,Adrián Arteaga,delfin,delfin,libertad,5,0.0,0.0,0.0,0.0,0.0,0.0,0.0,0.0,0.0,0.0,0.0,0.0,0.0,0.0,0.0,0.0,0.0,0.0,0.0,0.0,0.0,0.0,0.0,0.0,0.0,0.0,0.0,0.0,0.0,0.0,0.0,0.0,0.0,0.0,0.0,0.0,0.0,0.0,0.0,0.0
0.0,0.0,0.0,0.0,0.0,0.0,0.0,0.0,0.0,0.0,0.0,0.0,0,Jean Humanante,delfin,delfin,libertad,5,0.0,0.0,0.0,0.0,0.0,0.0,0.0,0.0,0.0,0.0,0.0,0.0,0.0,0.0,0.0,0.0,0.0,0.0,0.0,0.0,0.0,0.0,0.0,0.0,0.0,0.0,0.0,0.0,0.0,0.0,0.0,0.0,0.0,0.0,0.0,0.0,0.0,0.0,0.0,0.0
0.0,0.0,0.0,0.0,0.0,0.0,0.0,0.0,0.0,0.0,0.0,0.0,0,Jostin Alman,delfin,delfin,libertad,5,0.0,0.0,0.0,0.0,0.0,0.0,0.0,0.0,0.0,0.0,0.0,0.0,0.0,0.0,0.0,0.0,0.0,0.0,0.0,0.0,0.0,0.0,0.0,0.0,0.0,0.0,0.0,0.0,0.0,0.0,0.0,0.0,0.0,0.0,0.0,0.0,0.0,0.0,0.0,0.0
0.0,0.0,0.0,0.0,0.0,0.0,0.0,0.0,0.0,0.0,0.0,0.0,0,Thiago Ozaeta,delfin,delfin,libertad,5,0.0,0.0,0.0,0.0,0.0,0.0,0.0,0.0,0.0,0.0,0.0,0.0,0.0,0.0,0.0,0.0,0.0,0.0,0.0,0.0,0.0,0.0,0.0,0.0,0.0,0.0,0.0,0.0,0.0,0.0,0.0,0.0,0.0,0.0,0.0,0.0,0.0,0.0,0.0,0.0
30.0,9.0,29.0,8.0,4.0,1.0,5.0,5.0,90.0,42.0,8.4,21.0,"{'original': 8.4, 'alternative': 8.1}",Eduardo Bores,libertad,delfin,libertad,5,0.0,0.0,1.0,1.0,0.0,0.0,0.0,3.0,0.0,0.0,0.0,0.0,0.0,3.0,0.0,0.0,0.0,0.0,0.0,0.0,0.0,0.0,2.0,3.0,0.0,0.0,0.0,0.0,0.0,0.0,0.0,1.0,0.0,0.0,0.0,0.0,0.0,9.0,0.0,0.0
12.0,9.0,2.0,0.0,4.0,0.0,0.0,0.0,87.0,32.0,6.6,10.0,"{'original': 6.6, 'alternative': 6.5}",Denilson Bolanos,libertad,delfin,libertad,5,2.0,0.0,1.0,6.0,3.0,2.0,0.0,2.0,0.0,1.0,2.0,0.0,3.0,0.0,0.0,0.0,2.0,0.0,0.0,0.0,0.0,0.0,0.0,0.0,0.0,0.0,0.0,0.0,0.0,0.0,0.0,0.0,0.0,0.0,0.0,0.0,0.0,9.310344827586206,0.0,0.0
17.0,15.0,2.0,2.0,4.0,0.0,0.0,0.0,90.0,33.0,7.0,4.0,"{'original': 7, 'alternative': 6.9}",Bryan Caicedo,libertad,delfin,libertad,5,0.0,0.0,1.0,3.0,0.0,0.0,0.0,3.0,1.0,0.0,3.0,0.0,2.0,1.0,0.0,0.0,0.0,0.0,0.0,0.0,0.0,0.0,0.0,0.0,0.0,0.0,0.0,0.0,0.0,0.0,0.0,0.0,0.0,0.0,0.0,0.0,0.0,15.0,0.0,0.0
12.0,8.0,3.0,0.0,3.0,0.0,0.0,0.0,87.0,21.0,6.8,6.0,"{'original': 6.8, 'alternative': 6.7}",Cesar Obando,libertad,delfin,libertad,5,0.0,0.0,1.0,2.0,0.0,0.0,0.0,3.0,1.0,0.0,2.0,0.0,0.0,1.0,0.0,0.0,1.0,0.0,0.0,0.0,0.0,0.0,0.0,0.0,0.0,0.0,0.0,0.0,0.0,0.0,0.0,0.0,0.0,0.0,0.0,0.0,0.0,8.275862068965518,0.0,0.0
16.0,13.0,3.0,0.0,3.0,0.0,0.0,0.0,69.0,26.0,6.3,6.0,"{'original': 6.3, 'alternative': 6.3}",Juan Alvacete,libertad,delfin,libertad,5,0.0,0.0,0.0,3.0,1.0,0.0,0.0,4.0,1.0,1.0,1.0,0.0,2.0,2.0,0.0,0.0,1.0,0.0,0.0,0.0,0.0,0.0,0.0,0.0,0.0,0.0,0.0,0.0,1.0,0.0,0.0,0.0,0.0,0.0,0.0,0.0,0.0,16.956521739130434,0.0,0.0
23.0,13.0,5.0,0.0,6.0,2.0,0.0,0.0,72.0,44.0,7.0,16.0,"{'original': 7, 'alternative': 6.8}",José Hernández,libertad,delfin,libertad,5,1.0,1.0,0.0,3.0,1.0,1.0,1.0,4.0,0.0,0.0,1.0,0.0,1.0,2.0,0.0,1.0,3.0,0.0,0.0,0.0,1.0,0.0,0.0,0.0,0.0,0.0,0.0,0.0,0.0,0.0,0.0,0.0,0.0,0.0,0.0,0.0,1.0,16.25,1.25,0.0
34.0,27.0,6.0,4.0,3.0,0.0,0.0,0.0,90.0,46.0,6.6,12.0,"{'original': 6.6, 'alternative': 6.6}",Andrés Felipe Ávila,libertad,delfin,libertad,5,0.0,0.0,3.0,8.0,2.0,0.0,0.0,0.0,0.0,2.0,3.0,0.0,1.0,0.0,0.0,1.0,2.0,0.0,0.0,1.0,0.0,0.0,0.0,0.0,0.0,0.0,0.0,0.0,0.0,0.0,0.0,0.0,0.0,0.0,0.0,0.0,0.0,27.0,0.0,0.0
48.0,41.0,11.0,9.0,6.0,5.0,0.0,0.0,87.0,62.0,6.8,10.0,"{'original': 6.8, 'alternative': 6.8}",Nixon Molina,libertad,delfin,libertad,5,0.0,0.0,0.0,6.0,2.0,0.0,0.0,1.0,1.0,1.0,1.0,1.0,3.0,0.0,0.0,0.0,0.0,0.0,0.0,0.0,0.0,0.0,0.0,0.0,0.0,0.0,0.0,0.0,0.0,0.0,0.0,0.0,0.0,0.0,0.0,0.0,0.0,42.41379310344827,0.0,0.0
24.0,21.0,5.0,5.0,3.0,2.0,0.0,0.0,90.0,35.0,7.3,7.0,"{'original': 7.3, 'alternative': 7.3}",Ivan Zambrano,libertad,delfin,libertad,5,0.0,0.0,0.0,3.0,1.0,0.0,0.0,0.0,0.0,1.0,0.0,1.0,1.0,1.0,0.0,1.0,0.0,1.0,1.0,0.0,0.0,0.0,0.0,0.0,0.0,0.0,0.0,0.0,0.0,0.0,0.0,0.0,0.0,0.0,0.0,0.0,1.0,21.0,1.0,1.0
30.0,17.0,1.0,1.0,8.0,0.0,0.0,0.0,90.0,42.0,7.3,15.0,"{'original': 7.3, 'alternative': 7.2}",Leandro Basan,libertad,delfin,libertad,5,0.0,0.0,9.0,9.0,0.0,0.0,0.0,3.0,0.0,0.0,0.0,0.0,0.0,8.0,1.0,1.0,0.0,2.0,0.0,0.0,1.0,0.0,0.0,0.0,0.0,0.0,0.0,1.0,0.0,0.0,0.0,0.0,0.0,0.0,0.0,0.0,2.0,17.0,2.0,2.0
22.0,15.0,2.0,1.0,2.0,0.0,0.0,0.0,90.0,40.0,6.7,16.0,"{'original': 6.7, 'alternative': 6.6}",Lautaro Disanto,libertad,delfin,libertad,5,2.0,0.0,1.0,6.0,1.0,0.0,1.0,2.0,0.0,1.0,2.0,1.0,2.0,0.0,0.0,1.0,1.0,0.0,0.0,0.0,0.0,0.0,0.0,0.0,0.0,0.0,0.0,0.0,0.0,0.0,0.0,0.0,0.0,0.0,0.0,0.0,1.0,15.0,1.0,0.0
0.0,0.0,0.0,0.0,0.0,0.0,0.0,0.0,21.0,2.0,6.5,0.0,"{'original': 6.5, 'alternative': 6.5}",Cristian Enciso,libertad,delfin,libertad,5,0.0,0.0,1.0,1.0,0.0,0.0,0.0,1.0,1.0,0.0,0.0,0.0,0.0,0.0,0.0,0.0,0.0,0.0,0.0,0.0,0.0,0.0,0.0,0.0,0.0,0.0,0.0,0.0,0.0,0.0,0.0,0.0,0.0,0.0,0.0,0.0,0.0,0.0,0.0,0.0
4.0,2.0,1.0,1.0,1.0,0.0,0.0,0.0,18.0,10.0,5.9,6.0,"{'original': 5.9, 'alternative': 5.6}",Libinton Angulo,libertad,delfin,libertad,5,0.0,0.0,2.0,4.0,0.0,0.0,0.0,1.0,0.0,0.0,0.0,0.0,1.0,1.0,0.0,0.0,1.0,1.0,0.0,0.0,0.0,0.0,0.0,0.0,0.0,0.0,0.0,0.0,1.0,0.0,0.0,0.0,0.0,0.0,0.0,0.0,1.0,10.0,5.0,5.0
1.0,1.0,1.0,1.0,1.0,1.0,0.0,0.0,13.0,4.0,6.4,1.0,"{'original': 6.4, 'alternative': 6.4}",Jose Caicedo,libertad,delfin,libertad,5,0.0,0.0,0.0,0.0,0.0,0.0,0.0,0.0,0.0,0.0,0.0,0.0,0.0,0.0,0.0,0.0,0.0,0.0,0.0,0.0,0.0,0.0,0.0,0.0,0.0,0.0,0.0,0.0,0.0,0.0,0.0,0.0,0.0,0.0,0.0,0.0,0.0,6.923076923076923,0.0,0.0
2.0,2.0,0.0,0.0,1.0,0.0,0.0,0.0,13.0,3.0,6.5,0.0,"{'original': 6.5, 'alternative': 6.5}",Jhon Huilca,libertad,delfin,libertad,5,0.0,0.0,0.0,1.0,1.0,1.0,0.0,0.0,0.0,0.0,0.0,0.0,1.0,0.0,0.0,0.0,0.0,0.0,0.0,0.0,0.0,0.0,0.0,0.0,0.0,0.0,0.0,0.0,0.0,0.0,0.0,0.0,0.0,0.0,0.0,0.0,0.0,13.846153846153847,0.0,0.0
1.0,0.0,1.0,0.0,1.0,0.0,0.0,0.0,13.0,5.0,6.4,2.0,"{'original': 6.4, 'alternative': 6.4}",Pedro Larrea,libertad,delfin,libertad,5,0.0,0.0,0.0,1.0,0.0,0.0,0.0,2.0,0.0,0.0,1.0,0.0,0.0,0.0,0.0,0.0,1.0,0.0,0.0,0.0,0.0,0.0,0.0,0.0,0.0,0.0,0.0,0.0,0.0,0.0,0.0,0.0,0.0,0.0,0.0,0.0,0.0,0.0,0.0,0.0
0.0,0.0,0.0,0.0,0.0,0.0,0.0,0.0,0.0,0.0,0.0,0.0,0,Kenner Leni,libertad,delfin,libertad,5,0.0,0.0,0.0,0.0,0.0,0.0,0.0,0.0,0.0,0.0,0.0,0.0,0.0,0.0,0.0,0.0,0.0,0.0,0.0,0.0,0.0,0.0,0.0,0.0,0.0,0.0,0.0,0.0,0.0,0.0,0.0,0.0,0.0,0.0,0.0,0.0,0.0,0.0,0.0,0.0
0.0,0.0,0.0,0.0,0.0,0.0,0.0,0.0,0.0,0.0,0.0,0.0,0,Diego Ávila,libertad,delfin,libertad,5,0.0,0.0,0.0,0.0,0.0,0.0,0.0,0.0,0.0,0.0,0.0,0.0,0.0,0.0,0.0,0.0,0.0,0.0,0.0,0.0,0.0,0.0,0.0,0.0,0.0,0.0,0.0,0.0,0.0,0.0,0.0,0.0,0.0,0.0,0.0,0.0,0.0,0.0,0.0,0.0
0.0,0.0,0.0,0.0,0.0,0.0,0.0,0.0,0.0,0.0,0.0,0.0,0,Jonny Uchuari,libertad,delfin,libertad,5,0.0,0.0,0.0,0.0,0.0,0.0,0.0,0.0,0.0,0.0,0.0,0.0,0.0,0.0,0.0,0.0,0.0,0.0,0.0,0.0,0.0,0.0,0.0,0.0,0.0,0.0,0.0,0.0,0.0,0.0,0.0,0.0,0.0,0.0,0.0,0.0,0.0,0.0,0.0,0.0
0.0,0.0,0.0,0.0,0.0,0.0,0.0,0.0,0.0,0.0,0.0,0.0,0,Richard Borja,libertad,delfin,libertad,5,0.0,0.0,0.0,0.0,0.0,0.0,0.0,0.0,0.0,0.0,0.0,0.0,0.0,0.0,0.0,0.0,0.0,0.0,0.0,0.0,0.0,0.0,0.0,0.0,0.0,0.0,0.0,0.0,0.0,0.0,0.0,0.0,0.0,0.0,0.0,0.0,0.0,0.0,0.0,0.0
30.0,14.0,20.0,4.0,0.0,0.0,1.0,1.0,90.0,32.0,6.8,16.0,"{'original': 6.8, 'alternative': 7.1}",Mario Valero Sanchez,imbabura,imbabura,cumbaya,5,0.0,0.0,0.0,0.0,0.0,0.0,0.0,0.0,0.0,0.0,0.0,0.0,0.0,0.0,0.0,0.0,0.0,0.0,0.0,0.0,0.0,0.0,0.0,0.0,0.0,0.0,0.0,0.0,0.0,0.0,0.0,0.0,0.0,0.0,0.0,0.0,0.0,14.0,0.0,0.0
31.0,21.0,7.0,1.0,5.0,3.0,0.0,0.0,90.0,46.0,6.7,14.0,"{'original': 6.7, 'alternative': 6.7}",Edison Caicedo,imbabura,imbabura,cumbaya,5,0.0,0.0,0.0,2.0,1.0,0.0,0.0,3.0,0.0,0.0,1.0,1.0,0.0,1.0,0.0,0.0,0.0,0.0,0.0,0.0,0.0,0.0,0.0,0.0,0.0,0.0,0.0,0.0,0.0,0.0,0.0,0.0,0.0,0.0,0.0,0.0,0.0,21.0,0.0,0.0
17.0,13.0,7.0,3.0,2.0,1.0,0.0,0.0,90.0,32.0,7.1,6.0,"{'original': 7.1, 'alternative': 7.1}",Guillermo Coronel,imbabura,imbabura,cumbaya,5,0.0,0.0,1.0,3.0,2.0,0.0,0.0,6.0,2.0,1.0,1.0,0.0,1.0,0.0,0.0,0.0,0.0,0.0,0.0,0.0,0.0,0.0,0.0,0.0,0.0,0.0,0.0,0.0,0.0,0.0,0.0,0.0,0.0,0.0,0.0,0.0,0.0,12.999999999999998,0.0,0.0
21.0,17.0,6.0,4.0,3.0,1.0,0.0,0.0,90.0,31.0,7.4,4.0,"{'original': 7.4, 'alternative': 7.4}",Jonathan Benítez,imbabura,imbabura,cumbaya,5,0.0,0.0,1.0,1.0,1.0,1.0,0.0,6.0,0.0,0.0,1.0,0.0,1.0,0.0,0.0,1.0,0.0,1.0,0.0,0.0,0.0,0.0,0.0,0.0,0.0,0.0,0.0,0.0,0.0,0.0,0.0,0.0,0.0,0.0,0.0,0.0,1.0,17.0,1.0,1.0
25.0,21.0,5.0,2.0,2.0,0.0,0.0,0.0,90.0,50.0,7.2,6.0,"{'original': 7.2, 'alternative': 7.1}",Óscar Pepinos,imbabura,imbabura,cumbaya,5,0.0,0.0,0.0,4.0,0.0,0.0,1.0,6.0,1.0,2.0,2.0,2.0,2.0,0.0,0.0,0.0,0.0,0.0,0.0,0.0,0.0,0.0,0.0,0.0,0.0,0.0,0.0,0.0,0.0,0.0,0.0,0.0,0.0,0.0,0.0,0.0,1.0,21.0,1.0,0.0
38.0,26.0,9.0,2.0,4.0,0.0,0.0,0.0,90.0,48.0,6.8,13.0,"{'original': 6.8, 'alternative': 6.8}",Rony Caicedo,imbabura,imbabura,cumbaya,5,0.0,0.0,0.0,1.0,1.0,0.0,0.0,4.0,1.0,4.0,0.0,0.0,0.0,4.0,0.0,0.0,0.0,0.0,0.0,0.0,0.0,0.0,0.0,0.0,0.0,0.0,0.0,0.0,0.0,0.0,0.0,0.0,0.0,0.0,0.0,0.0,0.0,25.999999999999996,0.0,0.0
13.0,11.0,2.0,1.0,0.0,0.0,0.0,0.0,84.0,28.0,6.4,12.0,"{'original': 6.4, 'alternative': 6.3}",Leonar Espinoza,imbabura,imbabura,cumbaya,5,3.0,1.0,2.0,8.0,2.0,0.0,2.0,0.0,0.0,0.0,0.0,0.0,2.0,0.0,0.0,0.0,2.0,1.0,0.0,0.0,0.0,0.0,0.0,0.0,0.0,0.0,0.0,0.0,0.0,0.0,0.0,0.0,0.0,0.0,0.0,0.0,3.0,11.785714285714286,3.214285714285714,1.0714285714285714
1.0,1.0,0.0,0.0,0.0,0.0,0.0,0.0,6.0,1.0,3.0,0.0,"{'original': 3, 'alternative': 3}",Erick Mendoza,imbabura,imbabura,cumbaya,5,0.0,0.0,0.0,1.0,0.0,0.0,0.0,0.0,0.0,0.0,0.0,0.0,1.0,0.0,0.0,0.0,0.0,0.0,0.0,0.0,0.0,0.0,0.0,0.0,0.0,0.0,0.0,0.0,0.0,0.0,0.0,0.0,0.0,0.0,0.0,0.0,0.0,15.0,0.0,0.0
17.0,13.0,3.0,2.0,7.0,3.0,0.0,0.0,74.0,34.0,7.3,7.0,"{'original': 7.3, 'alternative': 7.2}",Leandro Pantoja,imbabura,imbabura,cumbaya,5,0.0,0.0,0.0,2.0,2.0,0.0,0.0,1.0,1.0,0.0,3.0,0.0,0.0,1.0,0.0,2.0,0.0,1.0,0.0,1.0,0.0,0.0,0.0,0.0,0.0,0.0,0.0,0.0,0.0,0.0,0.0,0.0,0.0,0.0,0.0,0.0,1.0,15.810810810810812,1.2162162162162162,1.2162162162162162
17.0,10.0,0.0,0.0,9.0,3.0,0.0,0.0,90.0,41.0,7.1,15.0,"{'original': 7.1, 'alternative': 6.8}",Federico Paz,imbabura,imbabura,cumbaya,5,1.0,1.0,2.0,13.0,8.0,4.0,0.0,1.0,1.0,1.0,1.0,2.0,2.0,1.0,0.0,2.0,3.0,2.0,0.0,0.0,0.0,0.0,0.0,0.0,0.0,0.0,0.0,0.0,0.0,0.0,0.0,0.0,0.0,0.0,0.0,0.0,2.0,10.0,2.0,2.0
12.0,7.0,0.0,0.0,5.0,3.0,0.0,0.0,67.0,21.0,6.5,9.0,"{'original': 6.5, 'alternative': 6.5}",Jacson Pita Mina,imbabura,imbabura,cumbaya,5,0.0,0.0,1.0,4.0,0.0,0.0,0.0,0.0,0.0,0.0,0.0,0.0,0.0,2.0,0.0,0.0,3.0,0.0,0.0,0.0,0.0,0.0,0.0,0.0,0.0,0.0,0.0,0.0,0.0,0.0,0.0,0.0,0.0,0.0,0.0,0.0,0.0,9.402985074626866,0.0,0.0
4.0,3.0,0.0,0.0,1.0,0.0,0.0,0.0,23.0,10.0,6.6,3.0,"{'original': 6.6, 'alternative': 6.6}",Danny Burbano,imbabura,imbabura,cumbaya,5,0.0,0.0,1.0,4.0,3.0,1.0,0.0,1.0,0.0,0.0,0.0,1.0,0.0,0.0,0.0,1.0,0.0,1.0,0.0,0.0,0.0,0.0,0.0,0.0,0.0,0.0,0.0,0.0,0.0,0.0,0.0,0.0,0.0,0.0,0.0,0.0,1.0,11.739130434782608,3.9130434782608696,3.9130434782608696
1.0,1.0,0.0,0.0,0.0,0.0,0.0,0.0,16.0,3.0,6.4,0.0,"{'original': 6.4, 'alternative': 6.4}",Roni Chávez,imbabura,imbabura,cumbaya,5,0.0,0.0,0.0,2.0,0.0,0.0,0.0,1.0,0.0,0.0,0.0,0.0,2.0,0.0,0.0,0.0,0.0,0.0,0.0,0.0,0.0,0.0,0.0,0.0,0.0,0.0,0.0,0.0,0.0,0.0,0.0,0.0,0.0,0.0,0.0,0.0,0.0,5.625,0.0,0.0
2.0,1.0,0.0,0.0,0.0,0.0,0.0,0.0,13.0,4.0,6.5,2.0,"{'original': 6.5, 'alternative': 6.4}",Jhon Arteaga,imbabura,imbabura,cumbaya,5,0.0,0.0,0.0,1.0,0.0,0.0,0.0,1.0,0.0,0.0,0.0,0.0,1.0,0.0,0.0,0.0,0.0,0.0,0.0,0.0,0.0,0.0,0.0,0.0,0.0,0.0,0.0,0.0,0.0,0.0,0.0,0.0,0.0,0.0,0.0,0.0,0.0,6.923076923076923,0.0,0.0
0.0,0.0,0.0,0.0,0.0,0.0,0.0,0.0,0.0,0.0,0.0,0.0,0,Patrik Minda,imbabura,imbabura,cumbaya,5,0.0,0.0,0.0,0.0,0.0,0.0,0.0,0.0,0.0,0.0,0.0,0.0,0.0,0.0,0.0,0.0,0.0,0.0,0.0,0.0,0.0,0.0,0.0,0.0,0.0,0.0,0.0,0.0,0.0,0.0,0.0,0.0,0.0,0.0,0.0,0.0,0.0,0.0,0.0,0.0
0.0,0.0,0.0,0.0,0.0,0.0,0.0,0.0,0.0,0.0,0.0,0.0,0,Wilson Alfredo Folleco Morales,imbabura,imbabura,cumbaya,5,0.0,0.0,0.0,0.0,0.0,0.0,0.0,0.0,0.0,0.0,0.0,0.0,0.0,0.0,0.0,0.0,0.0,0.0,0.0,0.0,0.0,0.0,0.0,0.0,0.0,0.0,0.0,0.0,0.0,0.0,0.0,0.0,0.0,0.0,0.0,0.0,0.0,0.0,0.0,0.0
0.0,0.0,0.0,0.0,0.0,0.0,0.0,0.0,0.0,0.0,0.0,0.0,0,Michael Chala,imbabura,imbabura,cumbaya,5,0.0,0.0,0.0,0.0,0.0,0.0,0.0,0.0,0.0,0.0,0.0,0.0,0.0,0.0,0.0,0.0,0.0,0.0,0.0,0.0,0.0,0.0,0.0,0.0,0.0,0.0,0.0,0.0,0.0,0.0,0.0,0.0,0.0,0.0,0.0,0.0,0.0,0.0,0.0,0.0
0.0,0.0,0.0,0.0,0.0,0.0,0.0,0.0,0.0,0.0,0.0,0.0,0,Alexis Santacruz,imbabura,imbabura,cumbaya,5,0.0,0.0,0.0,0.0,0.0,0.0,0.0,0.0,0.0,0.0,0.0,0.0,0.0,0.0,0.0,0.0,0.0,0.0,0.0,0.0,0.0,0.0,0.0,0.0,0.0,0.0,0.0,0.0,0.0,0.0,0.0,0.0,0.0,0.0,0.0,0.0,0.0,0.0,0.0,0.0
0.0,0.0,0.0,0.0,0.0,0.0,0.0,0.0,0.0,0.0,0.0,0.0,0,Juan Alcivar,imbabura,imbabura,cumbaya,5,0.0,0.0,0.0,0.0,0.0,0.0,0.0,0.0,0.0,0.0,0.0,0.0,0.0,0.0,0.0,0.0,0.0,0.0,0.0,0.0,0.0,0.0,0.0,0.0,0.0,0.0,0.0,0.0,0.0,0.0,0.0,0.0,0.0,0.0,0.0,0.0,0.0,0.0,0.0,0.0
0.0,0.0,0.0,0.0,0.0,0.0,0.0,0.0,0.0,0.0,0.0,0.0,0,Cristopher Alejandro Romero Falconí,imbabura,imbabura,cumbaya,5,0.0,0.0,0.0,0.0,0.0,0.0,0.0,0.0,0.0,0.0,0.0,0.0,0.0,0.0,0.0,0.0,0.0,0.0,0.0,0.0,0.0,0.0,0.0,0.0,0.0,0.0,0.0,0.0,0.0,0.0,0.0,0.0,0.0,0.0,0.0,0.0,0.0,0.0,0.0,0.0
0.0,0.0,0.0,0.0,0.0,0.0,0.0,0.0,0.0,0.0,0.0,0.0,0,Maicol Mina,imbabura,imbabura,cumbaya,5,0.0,0.0,0.0,0.0,0.0,0.0,0.0,0.0,0.0,0.0,0.0,0.0,0.0,0.0,0.0,0.0,0.0,0.0,0.0,0.0,0.0,0.0,0.0,0.0,0.0,0.0,0.0,0.0,0.0,0.0,0.0,0.0,0.0,0.0,0.0,0.0,0.0,0.0,0.0,0.0
0.0,0.0,0.0,0.0,0.0,0.0,0.0,0.0,0.0,0.0,0.0,0.0,0,Gilmar Cevallos,imbabura,imbabura,cumbaya,5,0.0,0.0,0.0,0.0,0.0,0.0,0.0,0.0,0.0,0.0,0.0,0.0,0.0,0.0,0.0,0.0,0.0,0.0,0.0,0.0,0.0,0.0,0.0,0.0,0.0,0.0,0.0,0.0,0.0,0.0,0.0,0.0,0.0,0.0,0.0,0.0,0.0,0.0,0.0,0.0
0.0,0.0,0.0,0.0,0.0,0.0,0.0,0.0,0.0,0.0,0.0,0.0,0,Alexis Villamil,imbabura,imbabura,cumbaya,5,0.0,0.0,0.0,0.0,0.0,0.0,0.0,0.0,0.0,0.0,0.0,0.0,0.0,0.0,0.0,0.0,0.0,0.0,0.0,0.0,0.0,0.0,0.0,0.0,0.0,0.0,0.0,0.0,0.0,0.0,0.0,0.0,0.0,0.0,0.0,0.0,0.0,0.0,0.0,0.0
14.0,13.0,5.0,4.0,0.0,0.0,3.0,6.0,90.0,26.0,8.2,1.0,"{'original': 8.2, 'alternative': 8.2}",Felipe San Juan,cumbaya,imbabura,cumbaya,5,0.0,0.0,0.0,0.0,0.0,0.0,0.0,0.0,0.0,0.0,0.0,0.0,0.0,0.0,0.0,0.0,0.0,0.0,0.0,0.0,0.0,0.0,0.0,0.0,0.0,0.0,0.0,0.0,0.0,0.0,0.0,0.0,0.0,0.0,0.0,0.0,0.0,12.999999999999998,0.0,0.0
47.0,42.0,7.0,4.0,11.0,0.0,0.0,0.0,90.0,74.0,8.0,8.0,"{'original': 8, 'alternative': 8}",Fernando Delgado,cumbaya,imbabura,cumbaya,5,4.0,1.0,2.0,5.0,3.0,3.0,1.0,4.0,0.0,0.0,7.0,2.0,1.0,1.0,0.0,2.0,0.0,0.0,0.0,0.0,0.0,0.0,0.0,0.0,0.0,0.0,0.0,0.0,0.0,0.0,0.0,0.0,0.0,0.0,0.0,0.0,1.0,42.0,1.0,0.0
68.0,61.0,10.0,8.0,6.0,1.0,0.0,0.0,90.0,79.0,7.9,7.0,"{'original': 7.9, 'alternative': 7.8}",Luis Gustavino,cumbaya,imbabura,cumbaya,5,0.0,0.0,1.0,2.0,0.0,0.0,1.0,1.0,0.0,1.0,4.0,0.0,3.0,1.0,0.0,2.0,0.0,0.0,0.0,0.0,0.0,0.0,0.0,0.0,0.0,0.0,0.0,0.0,0.0,0.0,0.0,0.0,0.0,0.0,0.0,0.0,1.0,61.0,1.0,0.0
71.0,68.0,5.0,3.0,3.0,1.0,0.0,0.0,90.0,79.0,7.1,4.0,"{'original': 7.1, 'alternative': 7}",Darwin Suarez,cumbaya,imbabura,cumbaya,5,0.0,0.0,1.0,2.0,0.0,0.0,0.0,0.0,0.0,1.0,1.0,0.0,1.0,1.0,0.0,0.0,0.0,0.0,0.0,0.0,0.0,0.0,0.0,0.0,0.0,0.0,0.0,0.0,0.0,0.0,0.0,0.0,0.0,0.0,0.0,0.0,0.0,68.0,0.0,0.0
44.0,38.0,6.0,3.0,2.0,0.0,0.0,0.0,69.0,54.0,7.0,8.0,"{'original': 7, 'alternative': 6.9}",Franco Suárez,cumbaya,imbabura,cumbaya,5,2.0,0.0,0.0,0.0,0.0,0.0,1.0,1.0,0.0,0.0,1.0,0.0,0.0,1.0,0.0,0.0,0.0,0.0,0.0,0.0,0.0,0.0,0.0,0.0,0.0,0.0,0.0,0.0,0.0,0.0,0.0,0.0,0.0,0.0,0.0,0.0,1.0,49.56521739130435,1.3043478260869565,0.0
30.0,23.0,2.0,0.0,0.0,0.0,0.0,0.0,81.0,38.0,6.4,10.0,"{'original': 6.4, 'alternative': 6.3}",Ariel Almagro,cumbaya,imbabura,cumbaya,5,0.0,0.0,0.0,5.0,1.0,0.0,1.0,0.0,0.0,0.0,0.0,0.0,3.0,0.0,0.0,1.0,1.0,0.0,0.0,0.0,0.0,0.0,0.0,0.0,0.0,0.0,0.0,0.0,0.0,0.0,0.0,0.0,0.0,0.0,0.0,0.0,1.0,25.555555555555554,1.1111111111111112,0.0
57.0,48.0,6.0,5.0,3.0,3.0,0.0,0.0,90.0,70.0,7.0,12.0,"{'original': 7, 'alternative': 6.7}",Juan Carlos Paredes,cumbaya,imbabura,cumbaya,5,0.0,0.0,0.0,5.0,1.0,0.0,0.0,0.0,1.0,0.0,0.0,1.0,3.0,0.0,0.0,1.0,0.0,0.0,0.0,2.0,0.0,0.0,0.0,0.0,0.0,0.0,0.0,0.0,0.0,0.0,0.0,0.0,0.0,0.0,0.0,0.0,0.0,48.0,0.0,0.0
76.0,71.0,3.0,2.0,2.0,0.0,0.0,0.0,90.0,82.0,7.1,8.0,"{'original': 7.1, 'alternative': 6.8}",Alejandro Altuna,cumbaya,imbabura,cumbaya,5,0.0,0.0,0.0,5.0,1.0,0.0,1.0,0.0,0.0,1.0,1.0,2.0,2.0,1.0,0.0,2.0,0.0,0.0,0.0,0.0,0.0,0.0,0.0,0.0,0.0,0.0,0.0,0.0,0.0,0.0,0.0,0.0,0.0,0.0,0.0,0.0,1.0,71.0,1.0,0.0
23.0,23.0,0.0,0.0,4.0,0.0,0.0,0.0,45.0,31.0,7.0,4.0,"{'original': 7, 'alternative': 6.9}",Luis Caicedo,cumbaya,imbabura,cumbaya,5,1.0,0.0,1.0,3.0,1.0,0.0,0.0,0.0,0.0,0.0,3.0,0.0,0.0,1.0,0.0,1.0,1.0,1.0,0.0,0.0,0.0,0.0,0.0,0.0,0.0,0.0,0.0,0.0,0.0,0.0,0.0,0.0,0.0,0.0,0.0,0.0,1.0,46.0,2.0,2.0
47.0,37.0,2.0,1.0,10.0,3.0,0.0,0.0,90.0,78.0,7.4,24.0,"{'original': 7.4, 'alternative': 7}",Melvin Diaz,cumbaya,imbabura,cumbaya,5,7.0,0.0,1.0,6.0,4.0,2.0,1.0,0.0,0.0,0.0,4.0,0.0,4.0,1.0,0.0,2.0,0.0,0.0,0.0,4.0,0.0,0.0,0.0,0.0,0.0,0.0,0.0,0.0,0.0,0.0,0.0,0.0,0.0,0.0,0.0,0.0,1.0,37.0,1.0,0.0
7.0,4.0,0.0,0.0,1.0,1.0,0.0,0.0,60.0,12.0,6.6,5.0,"{'original': 6.6, 'alternative': 6.6}",Augusto Magoia,cumbaya,imbabura,cumbaya,5,0.0,0.0,0.0,0.0,0.0,0.0,0.0,0.0,0.0,0.0,0.0,0.0,0.0,0.0,0.0,0.0,0.0,0.0,0.0,1.0,0.0,0.0,0.0,0.0,0.0,0.0,0.0,0.0,0.0,0.0,0.0,0.0,0.0,0.0,0.0,0.0,0.0,6.0,0.0,0.0
6.0,2.0,0.0,0.0,2.0,0.0,0.0,0.0,45.0,9.0,6.5,6.0,"{'original': 6.5, 'alternative': 6.4}",Elian Carabali,cumbaya,imbabura,cumbaya,5,0.0,0.0,3.0,4.0,1.0,1.0,0.0,0.0,0.0,0.0,0.0,1.0,0.0,1.0,0.0,0.0,0.0,0.0,0.0,0.0,0.0,0.0,0.0,0.0,0.0,0.0,0.0,0.0,0.0,0.0,0.0,0.0,0.0,0.0,0.0,0.0,0.0,4.0,0.0,0.0
23.0,18.0,1.0,1.0,0.0,0.0,0.0,0.0,30.0,25.0,6.6,7.0,"{'original': 6.6, 'alternative': 6.5}",Rommel Tapia,cumbaya,imbabura,cumbaya,5,0.0,0.0,0.0,1.0,1.0,0.0,0.0,0.0,0.0,0.0,0.0,0.0,0.0,0.0,0.0,1.0,0.0,0.0,0.0,0.0,0.0,0.0,0.0,0.0,0.0,0.0,0.0,0.0,0.0,0.0,0.0,0.0,0.0,0.0,0.0,0.0,0.0,54.0,0.0,0.0
15.0,10.0,2.0,2.0,2.0,1.0,0.0,0.0,21.0,23.0,7.1,8.0,"{'original': 7.1, 'alternative': 7.1}",Maikel Valencia,cumbaya,imbabura,cumbaya,5,3.0,0.0,0.0,0.0,0.0,0.0,2.0,0.0,0.0,0.0,1.0,0.0,0.0,0.0,0.0,1.0,0.0,0.0,0.0,1.0,0.0,0.0,0.0,0.0,0.0,0.0,0.0,0.0,0.0,0.0,0.0,0.0,0.0,0.0,0.0,0.0,2.0,42.857142857142854,8.571428571428571,0.0
5.0,4.0,0.0,0.0,0.0,0.0,0.0,0.0,9.0,7.0,6.5,3.0,"{'original': 6.5, 'alternative': 6.5}",Jose Angulo,cumbaya,imbabura,cumbaya,5,0.0,0.0,0.0,0.0,0.0,0.0,0.0,0.0,0.0,0.0,0.0,0.0,0.0,0.0,0.0,0.0,0.0,0.0,0.0,0.0,0.0,0.0,0.0,0.0,0.0,0.0,0.0,0.0,0.0,0.0,0.0,0.0,0.0,0.0,0.0,0.0,0.0,40.0,0.0,0.0
0.0,0.0,0.0,0.0,0.0,0.0,0.0,0.0,0.0,0.0,0.0,0.0,0,Alexi Lemos,cumbaya,imbabura,cumbaya,5,0.0,0.0,0.0,0.0,0.0,0.0,0.0,0.0,0.0,0.0,0.0,0.0,0.0,0.0,0.0,0.0,0.0,0.0,0.0,0.0,0.0,0.0,0.0,0.0,0.0,0.0,0.0,0.0,0.0,0.0,0.0,0.0,0.0,0.0,0.0,0.0,0.0,0.0,0.0,0.0
0.0,0.0,0.0,0.0,0.0,0.0,0.0,0.0,0.0,0.0,0.0,0.0,0,Thiago Serpa,cumbaya,imbabura,cumbaya,5,0.0,0.0,0.0,0.0,0.0,0.0,0.0,0.0,0.0,0.0,0.0,0.0,0.0,0.0,0.0,0.0,0.0,0.0,0.0,0.0,0.0,0.0,0.0,0.0,0.0,0.0,0.0,0.0,0.0,0.0,0.0,0.0,0.0,0.0,0.0,0.0,0.0,0.0,0.0,0.0
0.0,0.0,0.0,0.0,0.0,0.0,0.0,0.0,0.0,0.0,0.0,0.0,0,Jaime Ortiz,cumbaya,imbabura,cumbaya,5,0.0,0.0,0.0,0.0,0.0,0.0,0.0,0.0,0.0,0.0,0.0,0.0,0.0,0.0,0.0,0.0,0.0,0.0,0.0,0.0,0.0,0.0,0.0,0.0,0.0,0.0,0.0,0.0,0.0,0.0,0.0,0.0,0.0,0.0,0.0,0.0,0.0,0.0,0.0,0.0
0.0,0.0,0.0,0.0,0.0,0.0,0.0,0.0,0.0,0.0,0.0,0.0,0,Kevin Hurtado,cumbaya,imbabura,cumbaya,5,0.0,0.0,0.0,0.0,0.0,0.0,0.0,0.0,0.0,0.0,0.0,0.0,0.0,0.0,0.0,0.0,0.0,0.0,0.0,0.0,0.0,0.0,0.0,0.0,0.0,0.0,0.0,0.0,0.0,0.0,0.0,0.0,0.0,0.0,0.0,0.0,0.0,0.0,0.0,0.0
28.0,22.0,6.0,0.0,1.0,1.0,2.0,4.0,90.0,35.0,7.2,6.0,"{'original': 7.2, 'alternative': 7.1}",Moisés Ramírez,independiente,independiente,aucas,5,0.0,0.0,0.0,0.0,0.0,0.0,0.0,0.0,0.0,0.0,0.0,0.0,0.0,0.0,0.0,0.0,0.0,0.0,0.0,0.0,0.0,0.0,0.0,0.0,0.0,0.0,0.0,0.0,0.0,0.0,0.0,0.0,0.0,0.0,0.0,0.0,0.0,22.0,0.0,0.0
36.0,30.0,3.0,1.0,2.0,1.0,0.0,0.0,90.0,57.0,7.4,13.0,"{'original': 7.4, 'alternative': 7.3}",Matías Fernández,independiente,independiente,aucas,5,5.0,1.0,0.0,2.0,0.0,0.0,0.0,1.0,0.0,1.0,1.0,0.0,1.0,0.0,1.0,2.0,1.0,0.0,0.0,0.0,2.0,0.0,0.0,0.0,0.0,0.0,0.0,0.0,0.0,0.0,0.0,0.0,0.0,0.0,0.0,0.0,0.0,30.0,0.0,0.0
24.0,20.0,4.0,2.0,4.0,1.0,0.0,0.0,79.0,47.0,7.3,9.0,"{'original': 7.3, 'alternative': 7.2}",Beder Caicedo,independiente,independiente,aucas,5,2.0,1.0,0.0,2.0,2.0,1.0,1.0,1.0,0.0,1.0,2.0,1.0,0.0,0.0,0.0,3.0,0.0,0.0,0.0,0.0,1.0,0.0,0.0,0.0,0.0,0.0,0.0,0.0,0.0,0.0,0.0,0.0,0.0,0.0,0.0,0.0,1.0,22.78481012658228,1.139240506329114,0.0
59.0,52.0,12.0,10.0,2.0,0.0,0.0,0.0,90.0,65.0,7.1,7.0,"{'original': 7.1, 'alternative': 6.8}",Richard Schunke,independiente,independiente,aucas,5,0.0,0.0,0.0,2.0,0.0,0.0,1.0,3.0,0.0,0.0,1.0,2.0,0.0,1.0,0.0,0.0,0.0,0.0,0.0,0.0,0.0,1.0,0.0,0.0,0.0,0.0,0.0,0.0,0.0,0.0,0.0,0.0,0.0,0.0,0.0,0.0,1.0,51.99999999999999,1.0,0.0
74.0,58.0,12.0,3.0,5.0,1.0,0.0,0.0,90.0,83.0,6.6,16.0,"{'original': 6.6, 'alternative': 6.6}",Mateo Carabajal,independiente,independiente,aucas,5,0.0,0.0,0.0,3.0,0.0,0.0,0.0,7.0,0.0,1.0,0.0,0.0,3.0,4.0,0.0,0.0,0.0,0.0,0.0,0.0,0.0,0.0,0.0,0.0,0.0,0.0,1.0,0.0,0.0,0.0,0.0,0.0,0.0,0.0,0.0,0.0,0.0,58.00000000000001,0.0,0.0
45.0,38.0,6.0,5.0,9.0,1.0,0.0,0.0,90.0,65.0,8.5,10.0,"{'original': 8.5, 'alternative': 8.5}",Cristian Zabala,independiente,independiente,aucas,5,2.0,2.0,0.0,2.0,5.0,4.0,1.0,0.0,0.0,2.0,3.0,0.0,1.0,1.0,0.0,5.0,0.0,1.0,0.0,2.0,2.0,0.0,0.0,0.0,0.0,0.0,0.0,1.0,0.0,0.0,0.0,0.0,0.0,0.0,0.0,0.0,2.0,38.0,2.0,1.0
23.0,20.0,4.0,4.0,2.0,1.0,0.0,0.0,53.0,32.0,7.4,5.0,"{'original': 7.4, 'alternative': 7.5}",Junior Sornoza,independiente,independiente,aucas,5,4.0,3.0,2.0,2.0,0.0,0.0,0.0,0.0,0.0,1.0,1.0,0.0,0.0,0.0,0.0,3.0,0.0,1.0,0.0,0.0,0.0,0.0,0.0,0.0,0.0,0.0,0.0,0.0,0.0,0.0,0.0,0.0,0.0,0.0,0.0,0.0,1.0,33.9622641509434,1.6981132075471697,1.6981132075471697
48.0,48.0,4.0,4.0,8.0,2.0,0.0,0.0,90.0,58.0,7.3,1.0,"{'original': 7.3, 'alternative': 7.4}",Patrik Mercado,independiente,independiente,aucas,5,0.0,0.0,2.0,4.0,1.0,1.0,0.0,1.0,0.0,0.0,5.0,0.0,2.0,0.0,0.0,0.0,0.0,0.0,0.0,0.0,0.0,0.0,0.0,0.0,0.0,0.0,0.0,0.0,0.0,0.0,0.0,0.0,0.0,0.0,0.0,0.0,0.0,48.0,0.0,0.0
8.0,6.0,0.0,0.0,0.0,0.0,0.0,0.0,14.0,11.0,6.3,3.0,"{'original': 6.3, 'alternative': 6.3}",Renato Ibarra,independiente,independiente,aucas,5,2.0,1.0,0.0,0.0,0.0,0.0,0.0,0.0,0.0,0.0,0.0,0.0,0.0,0.0,0.0,0.0,0.0,1.0,0.0,0.0,0.0,0.0,0.0,0.0,0.0,0.0,0.0,1.0,0.0,0.0,0.0,0.0,0.0,0.0,0.0,0.0,1.0,38.57142857142857,6.428571428571428,6.428571428571428
16.0,11.0,2.0,1.0,4.0,2.0,0.0,0.0,78.0,24.0,6.8,6.0,"{'original': 6.8, 'alternative': 6.6}",Michael Hoyos,independiente,independiente,aucas,5,0.0,0.0,2.0,3.0,0.0,0.0,2.0,1.0,0.0,0.0,0.0,0.0,1.0,2.0,0.0,0.0,0.0,1.0,1.0,0.0,0.0,0.0,0.0,0.0,0.0,0.0,0.0,2.0,0.0,0.0,0.0,0.0,0.0,0.0,0.0,0.0,3.0,12.692307692307692,3.4615384615384617,1.1538461538461537
11.0,8.0,0.0,0.0,2.0,1.0,0.0,0.0,45.0,23.0,7.5,8.0,"{'original': 7.5, 'alternative': 7.3}",Alexander Bolaños,independiente,independiente,aucas,5,3.0,0.0,1.0,2.0,2.0,1.0,3.0,0.0,0.0,0.0,0.0,0.0,0.0,0.0,0.0,2.0,0.0,1.0,0.0,0.0,1.0,0.0,0.0,0.0,0.0,0.0,0.0,0.0,0.0,0.0,0.0,0.0,0.0,0.0,0.0,0.0,4.0,16.0,8.0,2.0
10.0,7.0,1.0,0.0,5.0,2.0,0.0,0.0,76.0,24.0,7.2,7.0,"{'original': 7.2, 'alternative': 7.2}",Yaimar Medina,independiente,independiente,aucas,5,5.0,2.0,0.0,1.0,1.0,1.0,1.0,0.0,0.0,0.0,2.0,0.0,1.0,0.0,0.0,1.0,0.0,1.0,0.0,1.0,0.0,0.0,0.0,0.0,0.0,0.0,0.0,0.0,0.0,0.0,0.0,0.0,0.0,0.0,0.0,0.0,2.0,8.289473684210526,2.3684210526315788,1.1842105263157894
9.0,8.0,0.0,0.0,1.0,0.0,0.0,0.0,45.0,17.0,6.1,4.0,"{'original': 6.1, 'alternative': 6.1}",Renzo López,independiente,independiente,aucas,5,0.0,0.0,1.0,4.0,1.0,0.0,1.0,1.0,0.0,0.0,0.0,0.0,1.0,1.0,0.0,0.0,1.0,0.0,0.0,2.0,0.0,0.0,0.0,0.0,0.0,0.0,0.0,1.0,0.0,0.0,0.0,0.0,0.0,0.0,0.0,0.0,1.0,16.0,2.0,0.0
13.0,9.0,0.0,0.0,1.0,0.0,0.0,0.0,37.0,22.0,6.8,7.0,"{'original': 6.8, 'alternative': 6.8}",Keny Arroyo,independiente,independiente,aucas,5,2.0,0.0,0.0,1.0,1.0,1.0,0.0,1.0,0.0,2.0,0.0,0.0,1.0,0.0,0.0,1.0,0.0,0.0,0.0,0.0,0.0,0.0,0.0,0.0,0.0,0.0,0.0,0.0,0.0,0.0,0.0,0.0,0.0,0.0,0.0,0.0,0.0,21.891891891891895,0.0,0.0
7.0,6.0,1.0,1.0,1.0,1.0,0.0,0.0,12.0,9.0,6.3,2.0,"{'original': 6.3, 'alternative': 6.3}",Jhonatan De la Cruz,independiente,independiente,aucas,5,1.0,0.0,1.0,3.0,0.0,0.0,0.0,0.0,0.0,0.0,0.0,1.0,1.0,0.0,0.0,0.0,0.0,0.0,0.0,0.0,0.0,0.0,0.0,0.0,0.0,0.0,0.0,0.0,0.0,0.0,0.0,0.0,0.0,0.0,0.0,0.0,0.0,45.0,0.0,0.0
5.0,5.0,1.0,1.0,1.0,0.0,0.0,0.0,11.0,10.0,6.4,3.0,"{'original': 6.4, 'alternative': 6.3}",Elkin Ruiz,independiente,independiente,aucas,5,1.0,0.0,0.0,1.0,0.0,0.0,0.0,1.0,0.0,0.0,0.0,0.0,1.0,1.0,0.0,0.0,0.0,0.0,0.0,0.0,0.0,0.0,0.0,0.0,0.0,0.0,0.0,0.0,0.0,0.0,0.0,0.0,0.0,0.0,0.0,0.0,0.0,40.90909090909091,0.0,0.0
0.0,0.0,0.0,0.0,0.0,0.0,0.0,0.0,0.0,0.0,0.0,0.0,0,Cristhian Loor,independiente,independiente,aucas,5,0.0,0.0,0.0,0.0,0.0,0.0,0.0,0.0,0.0,0.0,0.0,0.0,0.0,0.0,0.0,0.0,0.0,0.0,0.0,0.0,0.0,0.0,0.0,0.0,0.0,0.0,0.0,0.0,0.0,0.0,0.0,0.0,0.0,0.0,0.0,0.0,0.0,0.0,0.0,0.0
0.0,0.0,0.0,0.0,0.0,0.0,0.0,0.0,0.0,0.0,0.0,0.0,0,Luis Felipe Zárate,independiente,independiente,aucas,5,0.0,0.0,0.0,0.0,0.0,0.0,0.0,0.0,0.0,0.0,0.0,0.0,0.0,0.0,0.0,0.0,0.0,0.0,0.0,0.0,0.0,0.0,0.0,0.0,0.0,0.0,0.0,0.0,0.0,0.0,0.0,0.0,0.0,0.0,0.0,0.0,0.0,0.0,0.0,0.0
0.0,0.0,0.0,0.0,0.0,0.0,0.0,0.0,0.0,0.0,0.0,0.0,0,Anthony Landázuri,independiente,independiente,aucas,5,0.0,0.0,0.0,0.0,0.0,0.0,0.0,0.0,0.0,0.0,0.0,0.0,0.0,0.0,0.0,0.0,0.0,0.0,0.0,0.0,0.0,0.0,0.0,0.0,0.0,0.0,0.0,0.0,0.0,0.0,0.0,0.0,0.0,0.0,0.0,0.0,0.0,0.0,0.0,0.0
0.0,0.0,0.0,0.0,0.0,0.0,0.0,0.0,0.0,0.0,0.0,0.0,0,Romario Ibarra,independiente,independiente,aucas,5,0.0,0.0,0.0,0.0,0.0,0.0,0.0,0.0,0.0,0.0,0.0,0.0,0.0,0.0,0.0,0.0,0.0,0.0,0.0,0.0,0.0,0.0,0.0,0.0,0.0,0.0,0.0,0.0,0.0,0.0,0.0,0.0,0.0,0.0,0.0,0.0,0.0,0.0,0.0,0.0
0.0,0.0,0.0,0.0,0.0,0.0,0.0,0.0,0.0,0.0,0.0,0.0,0,Michael Ayovi,independiente,independiente,aucas,5,0.0,0.0,0.0,0.0,0.0,0.0,0.0,0.0,0.0,0.0,0.0,0.0,0.0,0.0,0.0,0.0,0.0,0.0,0.0,0.0,0.0,0.0,0.0,0.0,0.0,0.0,0.0,0.0,0.0,0.0,0.0,0.0,0.0,0.0,0.0,0.0,0.0,0.0,0.0,0.0
0.0,0.0,0.0,0.0,0.0,0.0,0.0,0.0,0.0,0.0,0.0,0.0,0,Jorge Arcos,independiente,independiente,aucas,5,0.0,0.0,0.0,0.0,0.0,0.0,0.0,0.0,0.0,0.0,0.0,0.0,0.0,0.0,0.0,0.0,0.0,0.0,0.0,0.0,0.0,0.0,0.0,0.0,0.0,0.0,0.0,0.0,0.0,0.0,0.0,0.0,0.0,0.0,0.0,0.0,0.0,0.0,0.0,0.0
20.0,13.0,10.0,3.0,1.0,0.0,3.0,5.0,90.0,31.0,7.5,7.0,"{'original': 7.5, 'alternative': 7.3}",Edson Resendez,aucas,independiente,aucas,5,0.0,0.0,0.0,0.0,0.0,0.0,0.0,2.0,0.0,0.0,0.0,0.0,0.0,1.0,0.0,0.0,0.0,0.0,0.0,0.0,0.0,0.0,1.0,2.0,0.0,0.0,0.0,0.0,0.0,0.0,0.0,0.0,0.0,0.0,0.0,0.0,0.0,12.999999999999998,0.0,0.0
18.0,17.0,6.0,6.0,0.0,0.0,0.0,0.0,90.0,35.0,6.7,6.0,"{'original': 6.7, 'alternative': 6.6}",Juan Gonzalez,aucas,independiente,aucas,5,1.0,1.0,1.0,6.0,2.0,0.0,1.0,1.0,2.0,0.0,0.0,1.0,2.0,0.0,0.0,1.0,0.0,0.0,0.0,0.0,0.0,0.0,0.0,0.0,0.0,0.0,0.0,0.0,0.0,0.0,0.0,0.0,0.0,0.0,0.0,0.0,1.0,17.0,1.0,0.0
23.0,19.0,4.0,2.0,2.0,1.0,0.0,0.0,90.0,33.0,7.3,4.0,"{'original': 7.3, 'alternative': 7.3}",Carlos Rolón,aucas,independiente,aucas,5,0.0,0.0,1.0,3.0,0.0,0.0,0.0,6.0,1.0,0.0,0.0,0.0,2.0,1.0,0.0,0.0,0.0,1.0,1.0,0.0,0.0,0.0,0.0,0.0,0.0,0.0,0.0,0.0,0.0,0.0,0.0,0.0,0.0,0.0,0.0,0.0,1.0,19.0,1.0,1.0
25.0,17.0,4.0,1.0,4.0,0.0,0.0,0.0,90.0,35.0,6.4,8.0,"{'original': 6.4, 'alternative': 6.3}",Jhon Ontaneda,aucas,independiente,aucas,5,0.0,0.0,3.0,6.0,0.0,0.0,0.0,5.0,0.0,0.0,2.0,2.0,1.0,2.0,0.0,0.0,0.0,0.0,0.0,0.0,0.0,0.0,0.0,0.0,0.0,0.0,0.0,0.0,0.0,0.0,0.0,0.0,0.0,0.0,0.0,0.0,0.0,17.0,0.0,0.0
20.0,14.0,4.0,0.0,2.0,0.0,0.0,0.0,90.0,45.0,6.9,13.0,"{'original': 6.9, 'alternative': 6.8}",Jonnathan Mina,aucas,independiente,aucas,5,5.0,1.0,0.0,1.0,0.0,0.0,0.0,3.0,0.0,1.0,2.0,1.0,0.0,0.0,0.0,2.0,0.0,0.0,0.0,0.0,0.0,0.0,0.0,0.0,0.0,0.0,0.0,0.0,0.0,0.0,0.0,0.0,0.0,0.0,0.0,0.0,0.0,14.0,0.0,0.0
25.0,22.0,2.0,2.0,2.0,0.0,0.0,0.0,89.0,38.0,6.8,9.0,"{'original': 6.8, 'alternative': 6.6}",Michael Carcelén,aucas,independiente,aucas,5,0.0,0.0,1.0,6.0,4.0,1.0,0.0,0.0,0.0,1.0,0.0,1.0,1.0,1.0,0.0,0.0,0.0,3.0,0.0,0.0,0.0,0.0,0.0,0.0,0.0,0.0,1.0,0.0,0.0,0.0,0.0,0.0,0.0,0.0,0.0,0.0,3.0,22.247191011235955,3.033707865168539,3.033707865168539
22.0,19.0,0.0,0.0,3.0,2.0,0.0,0.0,68.0,29.0,6.7,6.0,"{'original': 6.7, 'alternative': 6.6}",Edison Vega,aucas,independiente,aucas,5,1.0,0.0,0.0,1.0,0.0,0.0,0.0,1.0,1.0,0.0,0.0,1.0,0.0,1.0,0.0,1.0,0.0,0.0,0.0,0.0,0.0,0.0,0.0,0.0,0.0,0.0,0.0,0.0,0.0,0.0,0.0,0.0,0.0,0.0,0.0,0.0,0.0,25.147058823529413,0.0,0.0
29.0,21.0,3.0,0.0,1.0,0.0,0.0,0.0,79.0,38.0,6.6,11.0,"{'original': 6.6, 'alternative': 6.5}",Renny Jaramillo,aucas,independiente,aucas,5,2.0,0.0,0.0,3.0,0.0,0.0,0.0,1.0,1.0,2.0,1.0,1.0,2.0,0.0,0.0,0.0,0.0,0.0,0.0,0.0,0.0,0.0,0.0,0.0,0.0,0.0,0.0,0.0,0.0,0.0,0.0,0.0,0.0,0.0,0.0,0.0,0.0,23.92405063291139,0.0,0.0
17.0,13.0,1.0,0.0,7.0,5.0,0.0,0.0,90.0,39.0,7.8,12.0,"{'original': 7.8, 'alternative': 7.7}",Luis Cano,aucas,independiente,aucas,5,8.0,2.0,0.0,1.0,0.0,0.0,0.0,0.0,0.0,0.0,1.0,1.0,0.0,1.0,1.0,3.0,0.0,0.0,0.0,0.0,1.0,0.0,0.0,0.0,0.0,0.0,0.0,0.0,0.0,0.0,0.0,0.0,0.0,0.0,0.0,0.0,0.0,12.999999999999998,0.0,0.0
7.0,6.0,0.0,0.0,2.0,1.0,0.0,0.0,68.0,13.0,6.5,5.0,"{'original': 6.5, 'alternative': 6.4}",Jeison Medina,aucas,independiente,aucas,5,0.0,0.0,1.0,5.0,1.0,0.0,1.0,0.0,0.0,0.0,0.0,0.0,2.0,1.0,0.0,0.0,1.0,0.0,0.0,0.0,0.0,0.0,0.0,0.0,0.0,0.0,0.0,0.0,0.0,0.0,0.0,0.0,0.0,0.0,0.0,0.0,1.0,7.9411764705882355,1.3235294117647058,0.0
21.0,14.0,6.0,4.0,4.0,2.0,0.0,0.0,90.0,42.0,6.6,17.0,"{'original': 6.6, 'alternative': 6.5}",Ronald Briones,aucas,independiente,aucas,5,1.0,0.0,2.0,12.0,6.0,2.0,0.0,3.0,0.0,1.0,0.0,1.0,3.0,0.0,0.0,1.0,2.0,1.0,0.0,0.0,0.0,0.0,0.0,0.0,0.0,0.0,0.0,0.0,0.0,0.0,0.0,0.0,0.0,0.0,0.0,0.0,1.0,14.0,1.0,1.0
7.0,5.0,0.0,0.0,2.0,2.0,0.0,0.0,22.0,11.0,6.6,3.0,"{'original': 6.6, 'alternative': 6.5}",Angelo Mina,aucas,independiente,aucas,5,0.0,0.0,0.0,1.0,0.0,0.0,0.0,1.0,0.0,0.0,0.0,0.0,0.0,0.0,0.0,0.0,1.0,0.0,0.0,0.0,0.0,0.0,0.0,0.0,0.0,0.0,0.0,0.0,0.0,0.0,0.0,0.0,0.0,0.0,0.0,0.0,0.0,20.454545454545453,0.0,0.0
2.0,1.0,1.0,1.0,1.0,0.0,0.0,0.0,22.0,4.0,6.7,1.0,"{'original': 6.7, 'alternative': 6.7}",Jean Carlos Blanco,aucas,independiente,aucas,5,0.0,0.0,1.0,1.0,0.0,0.0,1.0,0.0,0.0,1.0,0.0,0.0,0.0,1.0,0.0,0.0,0.0,0.0,0.0,0.0,0.0,0.0,0.0,0.0,0.0,0.0,0.0,0.0,0.0,0.0,0.0,0.0,0.0,0.0,0.0,0.0,1.0,4.090909090909091,4.090909090909091,0.0
4.0,3.0,1.0,0.0,1.0,0.0,0.0,0.0,11.0,8.0,6.4,3.0,"{'original': 6.4, 'alternative': 6.4}",Jordán Mohor,aucas,independiente,aucas,5,1.0,0.0,0.0,2.0,2.0,1.0,0.0,0.0,0.0,0.0,0.0,0.0,1.0,0.0,0.0,0.0,0.0,0.0,0.0,0.0,0.0,0.0,0.0,0.0,0.0,0.0,0.0,0.0,0.0,0.0,0.0,0.0,0.0,0.0,0.0,0.0,0.0,24.545454545454543,0.0,0.0
0.0,0.0,0.0,0.0,0.0,0.0,0.0,0.0,1.0,0.0,0.0,0.0,0,Luis Cangá,aucas,independiente,aucas,5,0.0,0.0,0.0,0.0,0.0,0.0,0.0,0.0,0.0,0.0,0.0,0.0,0.0,0.0,0.0,0.0,0.0,0.0,0.0,0.0,0.0,0.0,0.0,0.0,0.0,0.0,0.0,0.0,0.0,0.0,0.0,0.0,0.0,0.0,0.0,0.0,0.0,0.0,0.0,0.0
0.0,0.0,0.0,0.0,0.0,0.0,0.0,0.0,0.0,0.0,0.0,0.0,0,Bismar Castro,aucas,independiente,aucas,5,0.0,0.0,0.0,0.0,0.0,0.0,0.0,0.0,0.0,0.0,0.0,0.0,0.0,0.0,0.0,0.0,0.0,0.0,0.0,0.0,0.0,0.0,0.0,0.0,0.0,0.0,0.0,0.0,0.0,0.0,0.0,0.0,0.0,0.0,0.0,0.0,0.0,0.0,0.0,0.0
0.0,0.0,0.0,0.0,0.0,0.0,0.0,0.0,0.0,0.0,0.0,0.0,0,Diego Espinosa,aucas,independiente,aucas,5,0.0,0.0,0.0,0.0,0.0,0.0,0.0,0.0,0.0,0.0,0.0,0.0,0.0,0.0,0.0,0.0,0.0,0.0,0.0,0.0,0.0,0.0,0.0,0.0,0.0,0.0,0.0,0.0,0.0,0.0,0.0,0.0,0.0,0.0,0.0,0.0,0.0,0.0,0.0,0.0
0.0,0.0,0.0,0.0,0.0,0.0,0.0,0.0,0.0,0.0,0.0,0.0,0,Ariel Garcia,aucas,independiente,aucas,5,0.0,0.0,0.0,0.0,0.0,0.0,0.0,0.0,0.0,0.0,0.0,0.0,0.0,0.0,0.0,0.0,0.0,0.0,0.0,0.0,0.0,0.0,0.0,0.0,0.0,0.0,0.0,0.0,0.0,0.0,0.0,0.0,0.0,0.0,0.0,0.0,0.0,0.0,0.0,0.0
0.0,0.0,0.0,0.0,0.0,0.0,0.0,0.0,0.0,0.0,0.0,0.0,0,Byron Carabalí,aucas,independiente,aucas,5,0.0,0.0,0.0,0.0,0.0,0.0,0.0,0.0,0.0,0.0,0.0,0.0,0.0,0.0,0.0,0.0,0.0,0.0,0.0,0.0,0.0,0.0,0.0,0.0,0.0,0.0,0.0,0.0,0.0,0.0,0.0,0.0,0.0,0.0,0.0,0.0,0.0,0.0,0.0,0.0
0.0,0.0,0.0,0.0,0.0,0.0,0.0,0.0,0.0,0.0,0.0,0.0,0,Mario Sanabria,aucas,independiente,aucas,5,0.0,0.0,0.0,0.0,0.0,0.0,0.0,0.0,0.0,0.0,0.0,0.0,0.0,0.0,0.0,0.0,0.0,0.0,0.0,0.0,0.0,0.0,0.0,0.0,0.0,0.0,0.0,0.0,0.0,0.0,0.0,0.0,0.0,0.0,0.0,0.0,0.0,0.0,0.0,0.0
0.0,0.0,0.0,0.0,0.0,0.0,0.0,0.0,0.0,0.0,0.0,0.0,0,Cristian Tobar,aucas,independiente,aucas,5,0.0,0.0,0.0,0.0,0.0,0.0,0.0,0.0,0.0,0.0,0.0,0.0,0.0,0.0,0.0,0.0,0.0,0.0,0.0,0.0,0.0,0.0,0.0,0.0,0.0,0.0,0.0,0.0,0.0,0.0,0.0,0.0,0.0,0.0,0.0,0.0,0.0,0.0,0.0,0.0
0.0,0.0,0.0,0.0,0.0,0.0,0.0,0.0,0.0,0.0,0.0,0.0,0,Hancel Batalla,aucas,independiente,aucas,5,0.0,0.0,0.0,0.0,0.0,0.0,0.0,0.0,0.0,0.0,0.0,0.0,0.0,0.0,0.0,0.0,0.0,0.0,0.0,0.0,0.0,0.0,0.0,0.0,0.0,0.0,0.0,0.0,0.0,0.0,0.0,0.0,0.0,0.0,0.0,0.0,0.0,0.0,0.0,0.0
0.0,0.0,0.0,0.0,0.0,0.0,0.0,0.0,0.0,0.0,0.0,0.0,0,Adolfo Muñoz,aucas,independiente,aucas,5,0.0,0.0,0.0,0.0,0.0,0.0,0.0,0.0,0.0,0.0,0.0,0.0,0.0,0.0,0.0,0.0,0.0,0.0,0.0,0.0,0.0,0.0,0.0,0.0,0.0,0.0,0.0,0.0,0.0,0.0,0.0,0.0,0.0,0.0,0.0,0.0,0.0,0.0,0.0,0.0
24.0,20.0,13.0,9.0,0.0,0.0,2.0,2.0,45.0,32.0,7.3,4.0,"{'original': 7.3, 'alternative': 6.7}",Leodan Chalá,nacional,nacional,cuenca,5,0.0,0.0,0.0,0.0,0.0,0.0,0.0,2.0,0.0,0.0,0.0,0.0,0.0,0.0,0.0,0.0,0.0,0.0,0.0,0.0,0.0,0.0,1.0,1.0,1.0,1.0,0.0,0.0,0.0,0.0,0.0,0.0,0.0,0.0,0.0,0.0,0.0,40.0,0.0,0.0
11.0,10.0,3.0,2.0,2.0,0.0,0.0,0.0,45.0,28.0,6.6,9.0,"{'original': 6.6, 'alternative': 6.6}",Daniel Patino,nacional,nacional,cuenca,5,5.0,0.0,1.0,2.0,0.0,0.0,1.0,1.0,0.0,0.0,2.0,0.0,0.0,0.0,0.0,0.0,1.0,0.0,0.0,0.0,0.0,0.0,0.0,0.0,0.0,0.0,0.0,0.0,0.0,0.0,0.0,0.0,0.0,0.0,0.0,0.0,1.0,20.0,2.0,0.0
33.0,24.0,11.0,5.0,10.0,1.0,0.0,0.0,45.0,51.0,7.1,12.0,"{'original': 7.1, 'alternative': 7.1}",Rommel Cabezas,nacional,nacional,cuenca,5,2.0,0.0,2.0,3.0,0.0,0.0,0.0,4.0,0.0,0.0,3.0,0.0,1.0,6.0,0.0,0.0,0.0,0.0,0.0,0.0,0.0,0.0,0.0,0.0,0.0,0.0,0.0,0.0,0.0,0.0,0.0,0.0,0.0,0.0,0.0,0.0,0.0,48.0,0.0,0.0
47.0,30.0,16.0,3.0,4.0,0.0,0.0,0.0,45.0,59.0,6.9,17.0,"{'original': 6.9, 'alternative': 6.8}",Kevin Peralta,nacional,nacional,cuenca,5,0.0,0.0,2.0,3.0,0.0,0.0,1.0,4.0,1.0,1.0,2.0,0.0,1.0,2.0,0.0,2.0,0.0,0.0,0.0,0.0,0.0,0.0,0.0,0.0,0.0,0.0,0.0,0.0,0.0,0.0,0.0,0.0,0.0,0.0,0.0,0.0,1.0,60.0,2.0,0.0
35.0,31.0,1.0,0.0,2.0,1.0,0.0,0.0,45.0,54.0,7.1,13.0,"{'original': 7.1, 'alternative': 7.1}",Byron Torrez,nacional,nacional,cuenca,5,9.0,2.0,1.0,3.0,1.0,0.0,0.0,1.0,0.0,0.0,0.0,0.0,1.0,1.0,1.0,1.0,0.0,1.0,0.0,0.0,1.0,0.0,0.0,0.0,0.0,0.0,1.0,0.0,0.0,0.0,0.0,0.0,0.0,0.0,0.0,0.0,1.0,62.0,2.0,2.0
2.0,1.0,0.0,0.0,1.0,1.0,0.0,0.0,37.0,10.0,6.2,5.0,"{'original': 6.2, 'alternative': 6.1}",Tomson Minda,nacional,nacional,cuenca,5,2.0,0.0,0.0,1.0,1.0,0.0,1.0,0.0,0.0,0.0,0.0,0.0,0.0,0.0,0.0,0.0,0.0,0.0,0.0,0.0,0.0,0.0,0.0,0.0,0.0,0.0,0.0,1.0,0.0,0.0,0.0,0.0,0.0,0.0,0.0,0.0,1.0,2.4324324324324325,2.4324324324324325,0.0
20.0,16.0,4.0,2.0,1.0,0.0,0.0,0.0,45.0,26.0,6.5,5.0,"{'original': 6.5, 'alternative': 6.5}",Bryan Tana,nacional,nacional,cuenca,5,0.0,0.0,1.0,2.0,0.0,0.0,0.0,1.0,0.0,0.0,1.0,0.0,1.0,0.0,0.0,1.0,0.0,0.0,0.0,0.0,0.0,0.0,0.0,0.0,0.0,0.0,0.0,0.0,0.0,0.0,0.0,0.0,0.0,0.0,0.0,0.0,0.0,32.0,0.0,0.0
38.0,28.0,6.0,3.0,7.0,4.0,0.0,0.0,45.0,50.0,6.7,14.0,"{'original': 6.7, 'alternative': 6.5}",Marcos Olmedo,nacional,nacional,cuenca,5,0.0,0.0,2.0,5.0,1.0,0.0,0.0,1.0,0.0,0.0,2.0,1.0,0.0,1.0,0.0,0.0,1.0,0.0,0.0,0.0,0.0,0.0,0.0,0.0,0.0,0.0,0.0,0.0,0.0,0.0,0.0,0.0,0.0,0.0,0.0,0.0,0.0,56.0,0.0,0.0
5.0,4.0,1.0,0.0,2.0,1.0,0.0,0.0,37.0,14.0,6.3,6.0,"{'original': 6.3, 'alternative': 6.3}",Eddy Mejía,nacional,nacional,cuenca,5,1.0,0.0,0.0,2.0,1.0,0.0,0.0,1.0,0.0,0.0,0.0,0.0,0.0,1.0,0.0,0.0,1.0,0.0,0.0,1.0,0.0,0.0,0.0,0.0,0.0,0.0,0.0,0.0,0.0,0.0,0.0,0.0,0.0,0.0,0.0,0.0,0.0,9.72972972972973,0.0,0.0
19.0,15.0,1.0,1.0,4.0,2.0,0.0,0.0,70.0,26.0,6.7,7.0,"{'original': 6.7, 'alternative': 6.6}",Byron Palacios,nacional,nacional,cuenca,5,0.0,0.0,2.0,4.0,2.0,0.0,0.0,0.0,0.0,0.0,0.0,0.0,0.0,2.0,0.0,1.0,0.0,0.0,0.0,0.0,0.0,0.0,0.0,0.0,0.0,0.0,1.0,0.0,0.0,0.0,0.0,0.0,0.0,0.0,0.0,0.0,0.0,19.285714285714285,0.0,0.0
10.0,9.0,0.0,0.0,4.0,1.0,0.0,0.0,45.0,25.0,8.3,9.0,"{'original': 8.3, 'alternative': 8.2}",Antony Chere,nacional,nacional,cuenca,5,0.0,0.0,4.0,10.0,0.0,0.0,2.0,0.0,0.0,0.0,0.0,1.0,3.0,3.0,1.0,2.0,2.0,1.0,1.0,0.0,2.0,0.0,0.0,0.0,0.0,0.0,0.0,0.0,0.0,0.0,0.0,0.0,0.0,0.0,0.0,0.0,3.0,18.0,6.0,2.0
20.0,13.0,2.0,0.0,4.0,2.0,0.0,0.0,8.0,36.0,8.7,9.0,"{'original': 8.7, 'alternative': 8.5}",Fidel Martínez,nacional,nacional,cuenca,5,3.0,2.0,1.0,2.0,1.0,1.0,1.0,0.0,0.0,2.0,0.0,0.0,1.0,1.0,0.0,2.0,0.0,1.0,1.0,0.0,0.0,0.0,0.0,0.0,0.0,0.0,0.0,0.0,0.0,0.0,0.0,0.0,0.0,0.0,0.0,0.0,2.0,146.25,22.5,11.25
14.0,13.0,1.0,1.0,5.0,2.0,0.0,0.0,8.0,25.0,7.0,5.0,"{'original': 7, 'alternative': 6.8}",Jorge Ordóñez,nacional,nacional,cuenca,5,2.0,0.0,0.0,3.0,1.0,0.0,0.0,1.0,0.0,0.0,1.0,0.0,2.0,2.0,0.0,0.0,0.0,1.0,0.0,1.0,0.0,0.0,0.0,0.0,0.0,0.0,0.0,0.0,0.0,0.0,0.0,0.0,0.0,0.0,0.0,0.0,1.0,146.25,11.25,11.25
17.0,15.0,2.0,1.0,1.0,0.0,0.0,0.0,45.0,23.0,6.8,2.0,"{'original': 6.8, 'alternative': 6.7}",Anthony Bedoya Caicedo,nacional,nacional,cuenca,5,0.0,0.0,1.0,2.0,0.0,0.0,2.0,4.0,0.0,0.0,0.0,1.0,0.0,1.0,0.0,0.0,0.0,0.0,0.0,0.0,0.0,0.0,0.0,0.0,0.0,0.0,0.0,0.0,0.0,0.0,0.0,0.0,0.0,0.0,0.0,0.0,2.0,30.0,4.0,0.0
28.0,22.0,4.0,2.0,8.0,2.0,0.0,0.0,45.0,47.0,7.5,10.0,"{'original': 7.5, 'alternative': 7.6}",Charles Vélez,nacional,nacional,cuenca,5,6.0,3.0,1.0,2.0,1.0,1.0,0.0,2.0,0.0,1.0,3.0,0.0,1.0,2.0,0.0,2.0,0.0,0.0,0.0,0.0,0.0,0.0,0.0,0.0,0.0,0.0,0.0,0.0,0.0,0.0,0.0,0.0,0.0,0.0,0.0,0.0,0.0,44.0,0.0,0.0
17.0,14.0,3.0,3.0,0.0,0.0,0.0,0.0,20.0,24.0,6.9,7.0,"{'original': 6.9, 'alternative': 6.8}",Jonathan Borja,nacional,nacional,cuenca,5,2.0,0.0,0.0,1.0,1.0,0.0,1.0,0.0,0.0,0.0,0.0,0.0,0.0,0.0,0.0,2.0,0.0,0.0,0.0,0.0,0.0,0.0,0.0,0.0,0.0,0.0,0.0,0.0,0.0,0.0,0.0,0.0,0.0,0.0,0.0,0.0,1.0,62.99999999999999,4.5,0.0
0.0,0.0,0.0,0.0,0.0,0.0,0.0,0.0,0.0,0.0,0.0,0.0,0,José Flor,nacional,nacional,cuenca,5,0.0,0.0,0.0,0.0,0.0,0.0,0.0,0.0,0.0,0.0,0.0,0.0,0.0,0.0,0.0,0.0,0.0,0.0,0.0,0.0,0.0,0.0,0.0,0.0,0.0,0.0,0.0,0.0,0.0,0.0,0.0,0.0,0.0,0.0,0.0,0.0,0.0,0.0,0.0,0.0
0.0,0.0,0.0,0.0,0.0,0.0,0.0,0.0,0.0,0.0,0.0,0.0,0,Luis Gomez,nacional,nacional,cuenca,5,0.0,0.0,0.0,0.0,0.0,0.0,0.0,0.0,0.0,0.0,0.0,0.0,0.0,0.0,0.0,0.0,0.0,0.0,0.0,0.0,0.0,0.0,0.0,0.0,0.0,0.0,0.0,0.0,0.0,0.0,0.0,0.0,0.0,0.0,0.0,0.0,0.0,0.0,0.0,0.0
0.0,0.0,0.0,0.0,0.0,0.0,0.0,0.0,0.0,0.0,0.0,0.0,0,Jordy Burbano,nacional,nacional,cuenca,5,0.0,0.0,0.0,0.0,0.0,0.0,0.0,0.0,0.0,0.0,0.0,0.0,0.0,0.0,0.0,0.0,0.0,0.0,0.0,0.0,0.0,0.0,0.0,0.0,0.0,0.0,0.0,0.0,0.0,0.0,0.0,0.0,0.0,0.0,0.0,0.0,0.0,0.0,0.0,0.0
0.0,0.0,0.0,0.0,0.0,0.0,0.0,0.0,0.0,0.0,0.0,0.0,0,Jhoel Maya,nacional,nacional,cuenca,5,0.0,0.0,0.0,0.0,0.0,0.0,0.0,0.0,0.0,0.0,0.0,0.0,0.0,0.0,0.0,0.0,0.0,0.0,0.0,0.0,0.0,0.0,0.0,0.0,0.0,0.0,0.0,0.0,0.0,0.0,0.0,0.0,0.0,0.0,0.0,0.0,0.0,0.0,0.0,0.0
0.0,0.0,0.0,0.0,0.0,0.0,0.0,0.0,0.0,0.0,0.0,0.0,0,Manu Balda,nacional,nacional,cuenca,5,0.0,0.0,0.0,0.0,0.0,0.0,0.0,0.0,0.0,0.0,0.0,0.0,0.0,0.0,0.0,0.0,0.0,0.0,0.0,0.0,0.0,0.0,0.0,0.0,0.0,0.0,0.0,0.0,0.0,0.0,0.0,0.0,0.0,0.0,0.0,0.0,0.0,0.0,0.0,0.0
0.0,0.0,0.0,0.0,0.0,0.0,0.0,0.0,0.0,0.0,0.0,0.0,0,Gustavo Asprilla,nacional,nacional,cuenca,5,0.0,0.0,0.0,0.0,0.0,0.0,0.0,0.0,0.0,0.0,0.0,0.0,0.0,0.0,0.0,0.0,0.0,0.0,0.0,0.0,0.0,0.0,0.0,0.0,0.0,0.0,0.0,0.0,0.0,0.0,0.0,0.0,0.0,0.0,0.0,0.0,0.0,0.0,0.0,0.0
0.0,0.0,0.0,0.0,0.0,0.0,0.0,0.0,0.0,0.0,0.0,0.0,0,Sebastián Zumba,nacional,nacional,cuenca,5,0.0,0.0,0.0,0.0,0.0,0.0,0.0,0.0,0.0,0.0,0.0,0.0,0.0,0.0,0.0,0.0,0.0,0.0,0.0,0.0,0.0,0.0,0.0,0.0,0.0,0.0,0.0,0.0,0.0,0.0,0.0,0.0,0.0,0.0,0.0,0.0,0.0,0.0,0.0,0.0
33.0,17.0,30.0,14.0,1.0,1.0,0.0,2.0,45.0,40.0,7.0,16.0,"{'original': 7, 'alternative': 6.6}",Hamilton Piedra,cuenca,nacional,cuenca,5,0.0,0.0,0.0,0.0,0.0,0.0,0.0,0.0,0.0,0.0,0.0,0.0,0.0,0.0,0.0,0.0,0.0,0.0,0.0,0.0,0.0,0.0,2.0,0.0,0.0,0.0,0.0,0.0,0.0,0.0,0.0,0.0,0.0,0.0,0.0,0.0,0.0,34.0,0.0,0.0
27.0,13.0,10.0,2.0,6.0,2.0,0.0,0.0,45.0,49.0,6.6,16.0,"{'original': 6.6, 'alternative': 6.5}",Marcos Andrés López,cuenca,nacional,cuenca,5,2.0,0.0,3.0,7.0,0.0,0.0,0.0,3.0,1.0,0.0,3.0,1.0,3.0,1.0,0.0,0.0,0.0,0.0,0.0,0.0,0.0,0.0,0.0,0.0,0.0,0.0,0.0,0.0,0.0,0.0,0.0,0.0,0.0,0.0,0.0,0.0,0.0,25.999999999999996,0.0,0.0
20.0,13.0,6.0,2.0,8.0,2.0,0.0,0.0,45.0,37.0,7.7,7.0,"{'original': 7.7, 'alternative': 7.7}",Guillermo Fratta,cuenca,nacional,cuenca,5,0.0,0.0,3.0,4.0,0.0,0.0,0.0,11.0,1.0,0.0,2.0,0.0,1.0,4.0,0.0,0.0,0.0,1.0,1.0,0.0,0.0,0.0,0.0,0.0,0.0,0.0,0.0,0.0,0.0,0.0,0.0,0.0,0.0,0.0,0.0,0.0,1.0,25.999999999999996,2.0,2.0
13.0,6.0,2.0,0.0,2.0,1.0,0.0,0.0,77.0,20.0,6.2,8.0,"{'original': 6.2, 'alternative': 6.2}",Sixto Mina,cuenca,nacional,cuenca,5,0.0,0.0,3.0,4.0,0.0,0.0,0.0,2.0,0.0,0.0,0.0,0.0,1.0,1.0,0.0,0.0,0.0,0.0,0.0,0.0,0.0,0.0,0.0,0.0,0.0,0.0,0.0,0.0,0.0,0.0,0.0,0.0,0.0,0.0,0.0,0.0,0.0,7.012987012987013,0.0,0.0
7.0,5.0,3.0,2.0,0.0,0.0,0.0,0.0,47.0,11.0,5.7,2.0,"{'original': 5.7, 'alternative': 5.7}",Ronny Biojo,cuenca,nacional,cuenca,5,0.0,0.0,0.0,3.0,0.0,0.0,0.0,3.0,0.0,0.0,0.0,0.0,3.0,0.0,0.0,0.0,0.0,0.0,0.0,0.0,0.0,0.0,0.0,0.0,0.0,0.0,0.0,0.0,0.0,0.0,0.0,0.0,0.0,0.0,0.0,0.0,0.0,9.574468085106384,0.0,0.0
6.0,5.0,1.0,1.0,0.0,0.0,0.0,0.0,64.0,23.0,6.3,8.0,"{'original': 6.3, 'alternative': 6.2}",Yorkaeff Caicedo,cuenca,nacional,cuenca,5,2.0,0.0,0.0,6.0,1.0,0.0,0.0,0.0,0.0,1.0,0.0,0.0,3.0,0.0,0.0,0.0,2.0,0.0,0.0,0.0,0.0,0.0,0.0,0.0,0.0,0.0,0.0,0.0,0.0,0.0,0.0,0.0,0.0,0.0,0.0,0.0,0.0,7.03125,0.0,0.0
19.0,13.0,2.0,1.0,5.0,2.0,0.0,0.0,45.0,29.0,6.6,12.0,"{'original': 6.6, 'alternative': 6.3}",Pablo Daniel Magnin,cuenca,nacional,cuenca,5,0.0,0.0,1.0,7.0,1.0,0.0,0.0,0.0,0.0,0.0,0.0,0.0,2.0,3.0,0.0,1.0,3.0,1.0,0.0,0.0,0.0,0.0,0.0,0.0,0.0,0.0,0.0,0.0,0.0,0.0,0.0,0.0,0.0,0.0,0.0,0.0,1.0,25.999999999999996,2.0,2.0
38.0,25.0,13.0,6.0,4.0,1.0,0.0,0.0,45.0,47.0,6.5,16.0,"{'original': 6.5, 'alternative': 6.5}",Rodrigo Melo,cuenca,nacional,cuenca,5,0.0,0.0,3.0,4.0,1.0,1.0,0.0,0.0,0.0,0.0,2.0,0.0,1.0,0.0,0.0,0.0,0.0,0.0,0.0,0.0,0.0,0.0,0.0,0.0,0.0,0.0,0.0,0.0,0.0,0.0,0.0,0.0,0.0,0.0,0.0,0.0,0.0,50.0,0.0,0.0
17.0,10.0,2.0,0.0,4.0,0.0,0.0,0.0,77.0,25.0,6.6,8.0,"{'original': 6.6, 'alternative': 6.6}",Bryan Corozo,cuenca,nacional,cuenca,5,0.0,0.0,3.0,4.0,0.0,0.0,0.0,3.0,0.0,1.0,2.0,0.0,1.0,2.0,0.0,0.0,0.0,0.0,0.0,0.0,0.0,0.0,0.0,0.0,0.0,0.0,0.0,0.0,0.0,0.0,0.0,0.0,0.0,0.0,0.0,0.0,0.0,11.688311688311687,0.0,0.0
19.0,12.0,3.0,1.0,3.0,1.0,0.0,0.0,64.0,28.0,7.2,11.0,"{'original': 7.2, 'alternative': 7.1}",Danny Luna,cuenca,nacional,cuenca,5,1.0,0.0,1.0,2.0,1.0,1.0,1.0,0.0,0.0,0.0,1.0,0.0,0.0,0.0,0.0,2.0,1.0,0.0,0.0,0.0,1.0,0.0,0.0,0.0,0.0,0.0,0.0,0.0,0.0,0.0,0.0,0.0,0.0,0.0,0.0,0.0,1.0,16.875,1.40625,0.0
16.0,12.0,1.0,1.0,5.0,0.0,0.0,0.0,45.0,31.0,6.7,14.0,"{'original': 6.7, 'alternative': 6.6}",Luis Aldair Arroyo Cabeza,cuenca,nacional,cuenca,5,0.0,0.0,4.0,8.0,1.0,0.0,2.0,1.0,0.0,0.0,0.0,0.0,2.0,5.0,1.0,1.0,1.0,0.0,0.0,1.0,1.0,0.0,0.0,0.0,0.0,0.0,0.0,1.0,0.0,0.0,0.0,0.0,0.0,0.0,0.0,0.0,2.0,24.0,4.0,0.0
8.0,2.0,6.0,0.0,1.0,0.0,0.0,0.0,45.0,16.0,6.3,6.0,"{'original': 6.3, 'alternative': 6.3}",Rodrigo Ivan Diaz,cuenca,nacional,cuenca,5,1.0,1.0,0.0,0.0,0.0,0.0,0.0,5.0,0.0,0.0,0.0,0.0,0.0,1.0,0.0,1.0,0.0,0.0,0.0,0.0,0.0,0.0,0.0,0.0,0.0,0.0,0.0,0.0,0.0,0.0,0.0,0.0,0.0,0.0,0.0,0.0,0.0,4.0,0.0,0.0
9.0,6.0,1.0,0.0,2.0,0.0,0.0,0.0,26.0,15.0,6.6,4.0,"{'original': 6.6, 'alternative': 6.6}",Nazareno Romero,cuenca,nacional,cuenca,5,1.0,1.0,0.0,1.0,0.0,0.0,1.0,0.0,0.0,1.0,2.0,0.0,0.0,0.0,0.0,0.0,1.0,0.0,0.0,0.0,0.0,0.0,0.0,0.0,0.0,0.0,0.0,0.0,0.0,0.0,0.0,0.0,0.0,0.0,0.0,0.0,1.0,20.76923076923077,3.4615384615384617,0.0
11.0,8.0,0.0,0.0,3.0,1.0,0.0,0.0,26.0,26.0,6.8,12.0,"{'original': 6.8, 'alternative': 6.9}",Lucas Mancinelli,cuenca,nacional,cuenca,5,8.0,2.0,1.0,3.0,1.0,1.0,0.0,0.0,0.0,0.0,1.0,0.0,0.0,0.0,0.0,2.0,2.0,0.0,0.0,0.0,0.0,0.0,0.0,0.0,0.0,0.0,1.0,0.0,0.0,0.0,0.0,0.0,0.0,0.0,0.0,0.0,0.0,27.692307692307693,0.0,0.0
19.0,17.0,4.0,3.0,0.0,0.0,0.0,0.0,13.0,23.0,6.5,6.0,"{'original': 6.5, 'alternative': 6.4}",David Noboa,cuenca,nacional,cuenca,5,1.0,0.0,0.0,2.0,1.0,0.0,0.0,0.0,0.0,0.0,0.0,1.0,0.0,0.0,0.0,0.0,0.0,0.0,0.0,0.0,0.0,0.0,0.0,0.0,0.0,0.0,0.0,0.0,0.0,0.0,0.0,0.0,0.0,0.0,0.0,0.0,0.0,117.6923076923077,0.0,0.0
2.0,1.0,0.0,0.0,1.0,0.0,0.0,0.0,13.0,3.0,6.8,1.0,"{'original': 6.8, 'alternative': 6.7}",Raúl Becerra,cuenca,nacional,cuenca,5,0.0,0.0,0.0,0.0,0.0,0.0,0.0,0.0,0.0,0.0,0.0,0.0,0.0,1.0,0.0,0.0,0.0,1.0,0.0,0.0,0.0,0.0,0.0,0.0,0.0,0.0,0.0,0.0,0.0,0.0,0.0,0.0,0.0,0.0,0.0,0.0,1.0,6.923076923076923,6.923076923076923,6.923076923076923
0.0,0.0,0.0,0.0,0.0,0.0,0.0,0.0,0.0,0.0,0.0,0.0,0,Eduardo Jiménez,cuenca,nacional,cuenca,5,0.0,0.0,0.0,0.0,0.0,0.0,0.0,0.0,0.0,0.0,0.0,0.0,0.0,0.0,0.0,0.0,0.0,0.0,0.0,0.0,0.0,0.0,0.0,0.0,0.0,0.0,0.0,0.0,0.0,0.0,0.0,0.0,0.0,0.0,0.0,0.0,0.0,0.0,0.0,0.0
0.0,0.0,0.0,0.0,0.0,0.0,0.0,0.0,0.0,0.0,0.0,0.0,0,Esteban Davila,cuenca,nacional,cuenca,5,0.0,0.0,0.0,0.0,0.0,0.0,0.0,0.0,0.0,0.0,0.0,0.0,0.0,0.0,0.0,0.0,0.0,0.0,0.0,0.0,0.0,0.0,0.0,0.0,0.0,0.0,0.0,0.0,0.0,0.0,0.0,0.0,0.0,0.0,0.0,0.0,0.0,0.0,0.0,0.0
0.0,0.0,0.0,0.0,0.0,0.0,0.0,0.0,0.0,0.0,0.0,0.0,0,Mayer Mendez,cuenca,nacional,cuenca,5,0.0,0.0,0.0,0.0,0.0,0.0,0.0,0.0,0.0,0.0,0.0,0.0,0.0,0.0,0.0,0.0,0.0,0.0,0.0,0.0,0.0,0.0,0.0,0.0,0.0,0.0,0.0,0.0,0.0,0.0,0.0,0.0,0.0,0.0,0.0,0.0,0.0,0.0,0.0,0.0
0.0,0.0,0.0,0.0,0.0,0.0,0.0,0.0,0.0,0.0,0.0,0.0,0,Francisco Mera,cuenca,nacional,cuenca,5,0.0,0.0,0.0,0.0,0.0,0.0,0.0,0.0,0.0,0.0,0.0,0.0,0.0,0.0,0.0,0.0,0.0,0.0,0.0,0.0,0.0,0.0,0.0,0.0,0.0,0.0,0.0,0.0,0.0,0.0,0.0,0.0,0.0,0.0,0.0,0.0,0.0,0.0,0.0,0.0
0.0,0.0,0.0,0.0,0.0,0.0,0.0,0.0,0.0,0.0,0.0,0.0,0,Vilinton Branda,cuenca,nacional,cuenca,5,0.0,0.0,0.0,0.0,0.0,0.0,0.0,0.0,0.0,0.0,0.0,0.0,0.0,0.0,0.0,0.0,0.0,0.0,0.0,0.0,0.0,0.0,0.0,0.0,0.0,0.0,0.0,0.0,0.0,0.0,0.0,0.0,0.0,0.0,0.0,0.0,0.0,0.0,0.0,0.0
0.0,0.0,0.0,0.0,0.0,0.0,0.0,0.0,0.0,0.0,0.0,0.0,0,Mateo Zambrano,cuenca,nacional,cuenca,5,0.0,0.0,0.0,0.0,0.0,0.0,0.0,0.0,0.0,0.0,0.0,0.0,0.0,0.0,0.0,0.0,0.0,0.0,0.0,0.0,0.0,0.0,0.0,0.0,0.0,0.0,0.0,0.0,0.0,0.0,0.0,0.0,0.0,0.0,0.0,0.0,0.0,0.0,0.0,0.0
16.0,15.0,3.0,2.0,0.0,0.0,2.0,4.0,90.0,26.0,7.2,1.0,"{'original': 7.2, 'alternative': 7.1}",Rolando David Silva,orense,orense,emelec,5,0.0,0.0,0.0,0.0,0.0,0.0,0.0,0.0,0.0,0.0,0.0,0.0,0.0,0.0,0.0,0.0,0.0,0.0,0.0,0.0,0.0,0.0,0.0,0.0,0.0,0.0,0.0,0.0,0.0,0.0,0.0,0.0,0.0,0.0,0.0,0.0,0.0,15.0,0.0,0.0
26.0,21.0,2.0,1.0,4.0,2.0,0.0,0.0,90.0,52.0,7.4,11.0,"{'original': 7.4, 'alternative': 7.1}",Pedro Velasco,orense,orense,emelec,5,5.0,2.0,1.0,2.0,0.0,0.0,2.0,0.0,1.0,0.0,1.0,1.0,0.0,1.0,0.0,3.0,0.0,0.0,0.0,0.0,0.0,0.0,0.0,0.0,0.0,0.0,0.0,0.0,0.0,0.0,0.0,0.0,0.0,0.0,0.0,0.0,2.0,21.0,2.0,0.0
62.0,52.0,10.0,3.0,7.0,2.0,0.0,0.0,90.0,75.0,6.8,12.0,"{'original': 6.8, 'alternative': 6.7}",Gabriel Achilier,orense,orense,emelec,5,0.0,0.0,1.0,3.0,0.0,0.0,0.0,6.0,1.0,0.0,0.0,0.0,3.0,5.0,0.0,0.0,0.0,0.0,0.0,0.0,0.0,0.0,0.0,0.0,0.0,0.0,0.0,0.0,0.0,0.0,0.0,0.0,0.0,0.0,0.0,0.0,0.0,51.99999999999999,0.0,0.0
55.0,47.0,7.0,3.0,5.0,1.0,0.0,0.0,90.0,71.0,7.5,8.0,"{'original': 7.5, 'alternative': 7.4}",Bryan Quinonez,orense,orense,emelec,5,0.0,0.0,3.0,5.0,1.0,1.0,1.0,7.0,4.0,0.0,0.0,0.0,2.0,3.0,0.0,1.0,0.0,0.0,0.0,0.0,0.0,0.0,0.0,0.0,0.0,0.0,0.0,0.0,0.0,0.0,0.0,0.0,0.0,0.0,0.0,0.0,1.0,47.0,1.0,0.0
39.0,24.0,3.0,0.0,5.0,1.0,0.0,0.0,90.0,69.0,6.6,25.0,"{'original': 6.6, 'alternative': 6.6}",Yeltzin Erique,orense,orense,emelec,5,7.0,1.0,1.0,4.0,2.0,0.0,1.0,5.0,0.0,1.0,2.0,1.0,0.0,2.0,0.0,1.0,0.0,0.0,0.0,0.0,0.0,0.0,0.0,0.0,0.0,0.0,0.0,0.0,0.0,0.0,0.0,0.0,0.0,0.0,0.0,0.0,1.0,24.0,1.0,0.0
13.0,12.0,2.0,2.0,0.0,0.0,0.0,0.0,63.0,16.0,6.5,2.0,"{'original': 6.5, 'alternative': 6.5}",Emiliano Sosa,orense,orense,emelec,5,0.0,0.0,1.0,3.0,0.0,0.0,0.0,1.0,1.0,0.0,0.0,1.0,1.0,0.0,0.0,0.0,0.0,0.0,0.0,0.0,0.0,0.0,0.0,0.0,0.0,0.0,0.0,0.0,0.0,0.0,0.0,0.0,0.0,0.0,0.0,0.0,0.0,17.142857142857142,0.0,0.0
39.0,32.0,4.0,3.0,4.0,2.0,0.0,0.0,89.0,55.0,7.6,12.0,"{'original': 7.6, 'alternative': 7.4}",Richard Calderón,orense,orense,emelec,5,7.0,3.0,1.0,3.0,1.0,0.0,2.0,0.0,0.0,0.0,0.0,0.0,1.0,2.0,0.0,3.0,0.0,1.0,0.0,1.0,0.0,0.0,0.0,0.0,0.0,0.0,0.0,0.0,0.0,0.0,0.0,0.0,0.0,0.0,0.0,0.0,3.0,32.359550561797754,3.033707865168539,1.0112359550561798
73.0,62.0,5.0,3.0,1.0,0.0,0.0,0.0,90.0,85.0,6.9,14.0,"{'original': 6.9, 'alternative': 6.8}",Erick Plúas,orense,orense,emelec,5,2.0,1.0,0.0,2.0,0.0,0.0,0.0,0.0,0.0,1.0,0.0,1.0,1.0,1.0,0.0,2.0,0.0,0.0,0.0,0.0,0.0,0.0,0.0,0.0,0.0,0.0,0.0,0.0,0.0,0.0,0.0,0.0,0.0,0.0,0.0,0.0,0.0,62.0,0.0,0.0
31.0,23.0,2.0,1.0,4.0,1.0,0.0,0.0,82.0,45.0,6.9,12.0,"{'original': 6.9, 'alternative': 7}",Robert Burbano,orense,orense,emelec,5,3.0,3.0,0.0,3.0,2.0,1.0,1.0,0.0,0.0,0.0,2.0,0.0,2.0,0.0,0.0,3.0,0.0,0.0,0.0,0.0,0.0,0.0,0.0,0.0,0.0,0.0,0.0,0.0,0.0,0.0,0.0,0.0,0.0,0.0,0.0,0.0,1.0,25.243902439024392,1.0975609756097562,0.0
8.0,6.0,1.0,0.0,3.0,0.0,0.0,0.0,45.0,13.0,6.6,4.0,"{'original': 6.6, 'alternative': 6.5}",Agustin Maziero,orense,orense,emelec,5,0.0,0.0,2.0,4.0,1.0,0.0,1.0,1.0,0.0,0.0,1.0,0.0,1.0,2.0,0.0,0.0,0.0,0.0,0.0,0.0,0.0,0.0,0.0,0.0,0.0,0.0,0.0,0.0,0.0,0.0,0.0,0.0,0.0,0.0,0.0,0.0,1.0,12.0,2.0,0.0
16.0,10.0,0.0,0.0,6.0,3.0,0.0,0.0,90.0,30.0,8.1,9.0,"{'original': 8.1, 'alternative': 7.7}",Walter Agustin Herrera,orense,orense,emelec,5,0.0,0.0,0.0,3.0,0.0,0.0,0.0,0.0,0.0,0.0,1.0,0.0,2.0,2.0,0.0,0.0,1.0,3.0,1.0,1.0,0.0,0.0,0.0,0.0,0.0,0.0,0.0,0.0,0.0,1.0,0.0,0.0,0.0,0.0,0.0,0.0,3.0,10.0,3.0,3.0
8.0,6.0,0.0,0.0,2.0,1.0,0.0,0.0,45.0,22.0,6.8,8.0,"{'original': 6.8, 'alternative': 6.6}",Dany Coronel,orense,orense,emelec,5,4.0,0.0,1.0,3.0,0.0,0.0,2.0,2.0,0.0,0.0,0.0,1.0,1.0,1.0,0.0,0.0,0.0,0.0,0.0,1.0,0.0,1.0,0.0,0.0,0.0,0.0,0.0,0.0,0.0,0.0,0.0,0.0,0.0,0.0,0.0,0.0,2.0,12.0,4.0,0.0
6.0,3.0,3.0,2.0,2.0,0.0,0.0,0.0,27.0,13.0,6.5,5.0,"{'original': 6.5, 'alternative': 6.6}",José Andrade,orense,orense,emelec,5,1.0,0.0,2.0,4.0,0.0,0.0,0.0,1.0,0.0,0.0,2.0,0.0,1.0,0.0,0.0,0.0,1.0,0.0,0.0,1.0,0.0,0.0,0.0,0.0,0.0,0.0,0.0,0.0,0.0,0.0,0.0,0.0,0.0,0.0,0.0,0.0,0.0,10.0,0.0,0.0
2.0,1.0,0.0,0.0,1.0,0.0,0.0,0.0,8.0,4.0,6.7,1.0,"{'original': 6.7, 'alternative': 6.7}",Cristian Barros,orense,orense,emelec,5,0.0,0.0,0.0,0.0,1.0,1.0,1.0,0.0,0.0,0.0,0.0,0.0,0.0,0.0,0.0,0.0,0.0,0.0,0.0,0.0,0.0,0.0,0.0,0.0,0.0,0.0,0.0,0.0,0.0,0.0,0.0,0.0,0.0,0.0,0.0,0.0,1.0,11.25,11.25,0.0
5.0,4.0,0.0,0.0,1.0,1.0,0.0,0.0,12.0,9.0,6.6,3.0,"{'original': 6.6, 'alternative': 6.5}",Marcelo Eggel,orense,orense,emelec,5,1.0,0.0,0.0,1.0,1.0,0.0,0.0,1.0,0.0,0.0,0.0,0.0,0.0,0.0,0.0,0.0,0.0,0.0,0.0,0.0,0.0,0.0,0.0,0.0,0.0,0.0,0.0,0.0,0.0,0.0,0.0,0.0,0.0,0.0,0.0,0.0,0.0,30.0,0.0,0.0
0.0,0.0,0.0,0.0,0.0,0.0,0.0,0.0,0.0,0.0,0.0,0.0,0,José Cárdenas,orense,orense,emelec,5,0.0,0.0,0.0,0.0,0.0,0.0,0.0,0.0,0.0,0.0,0.0,0.0,0.0,0.0,0.0,0.0,0.0,0.0,0.0,0.0,0.0,0.0,0.0,0.0,0.0,0.0,0.0,0.0,0.0,0.0,0.0,0.0,0.0,0.0,0.0,0.0,0.0,0.0,0.0,0.0
0.0,0.0,0.0,0.0,0.0,0.0,0.0,0.0,0.0,0.0,0.0,0.0,0,Jose Luis Monaga Quinonez,orense,orense,emelec,5,0.0,0.0,0.0,0.0,0.0,0.0,0.0,0.0,0.0,0.0,0.0,0.0,0.0,0.0,0.0,0.0,0.0,0.0,0.0,0.0,0.0,0.0,0.0,0.0,0.0,0.0,0.0,0.0,0.0,0.0,0.0,0.0,0.0,0.0,0.0,0.0,0.0,0.0,0.0,0.0
0.0,0.0,0.0,0.0,0.0,0.0,0.0,0.0,0.0,0.0,0.0,0.0,0,Nicolas Del Grecco,orense,orense,emelec,5,0.0,0.0,0.0,0.0,0.0,0.0,0.0,0.0,0.0,0.0,0.0,0.0,0.0,0.0,0.0,0.0,0.0,0.0,0.0,0.0,0.0,0.0,0.0,0.0,0.0,0.0,0.0,0.0,0.0,0.0,0.0,0.0,0.0,0.0,0.0,0.0,0.0,0.0,0.0,0.0
0.0,0.0,0.0,0.0,0.0,0.0,0.0,0.0,0.0,0.0,0.0,0.0,0,Marlon Quiñónez,orense,orense,emelec,5,0.0,0.0,0.0,0.0,0.0,0.0,0.0,0.0,0.0,0.0,0.0,0.0,0.0,0.0,0.0,0.0,0.0,0.0,0.0,0.0,0.0,0.0,0.0,0.0,0.0,0.0,0.0,0.0,0.0,0.0,0.0,0.0,0.0,0.0,0.0,0.0,0.0,0.0,0.0,0.0
0.0,0.0,0.0,0.0,0.0,0.0,0.0,0.0,0.0,0.0,0.0,0.0,0,Sergio Vasquez,orense,orense,emelec,5,0.0,0.0,0.0,0.0,0.0,0.0,0.0,0.0,0.0,0.0,0.0,0.0,0.0,0.0,0.0,0.0,0.0,0.0,0.0,0.0,0.0,0.0,0.0,0.0,0.0,0.0,0.0,0.0,0.0,0.0,0.0,0.0,0.0,0.0,0.0,0.0,0.0,0.0,0.0,0.0
0.0,0.0,0.0,0.0,0.0,0.0,0.0,0.0,0.0,0.0,0.0,0.0,0,Santiago Kubiszyn,orense,orense,emelec,5,0.0,0.0,0.0,0.0,0.0,0.0,0.0,0.0,0.0,0.0,0.0,0.0,0.0,0.0,0.0,0.0,0.0,0.0,0.0,0.0,0.0,0.0,0.0,0.0,0.0,0.0,0.0,0.0,0.0,0.0,0.0,0.0,0.0,0.0,0.0,0.0,0.0,0.0,0.0,0.0
0.0,0.0,0.0,0.0,0.0,0.0,0.0,0.0,0.0,0.0,0.0,0.0,0,Erick Zambrano,orense,orense,emelec,5,0.0,0.0,0.0,0.0,0.0,0.0,0.0,0.0,0.0,0.0,0.0,0.0,0.0,0.0,0.0,0.0,0.0,0.0,0.0,0.0,0.0,0.0,0.0,0.0,0.0,0.0,0.0,0.0,0.0,0.0,0.0,0.0,0.0,0.0,0.0,0.0,0.0,0.0,0.0,0.0
0.0,0.0,0.0,0.0,0.0,0.0,0.0,0.0,0.0,0.0,0.0,0.0,0,Ariel Suarez,orense,orense,emelec,5,0.0,0.0,0.0,0.0,0.0,0.0,0.0,0.0,0.0,0.0,0.0,0.0,0.0,0.0,0.0,0.0,0.0,0.0,0.0,0.0,0.0,0.0,0.0,0.0,0.0,0.0,0.0,0.0,0.0,0.0,0.0,0.0,0.0,0.0,0.0,0.0,0.0,0.0,0.0,0.0
19.0,8.0,14.0,3.0,1.0,1.0,2.0,3.0,90.0,26.0,6.4,12.0,"{'original': 6.4, 'alternative': 6.3}",Gilmar Napa,emelec,orense,emelec,5,0.0,0.0,0.0,2.0,0.0,0.0,0.0,1.0,0.0,0.0,0.0,0.0,1.0,0.0,0.0,1.0,1.0,0.0,0.0,0.0,0.0,0.0,0.0,0.0,0.0,0.0,0.0,0.0,1.0,0.0,0.0,0.0,0.0,0.0,0.0,0.0,0.0,8.0,0.0,0.0
31.0,22.0,5.0,0.0,2.0,1.0,0.0,0.0,90.0,53.0,6.7,18.0,"{'original': 6.7, 'alternative': 6.6}",Romario Caicedo,emelec,orense,emelec,5,1.0,0.0,1.0,4.0,0.0,0.0,0.0,4.0,0.0,0.0,1.0,0.0,3.0,0.0,0.0,2.0,1.0,1.0,0.0,0.0,0.0,0.0,0.0,0.0,0.0,0.0,0.0,0.0,0.0,0.0,0.0,0.0,0.0,0.0,0.0,0.0,1.0,22.0,1.0,1.0
28.0,19.0,9.0,4.0,7.0,2.0,0.0,0.0,90.0,44.0,7.4,9.0,"{'original': 7.4, 'alternative': 7.4}",Luis Fernando León,emelec,orense,emelec,5,0.0,0.0,2.0,2.0,0.0,0.0,0.0,4.0,3.0,1.0,2.0,0.0,0.0,3.0,0.0,0.0,0.0,0.0,0.0,0.0,0.0,0.0,0.0,0.0,0.0,0.0,0.0,0.0,0.0,0.0,0.0,0.0,0.0,0.0,0.0,0.0,0.0,19.0,0.0,0.0
25.0,13.0,11.0,2.0,1.0,0.0,0.0,0.0,90.0,34.0,6.1,12.0,"{'original': 6.1, 'alternative': 6.1}",Aníbal Leguizamón,emelec,orense,emelec,5,0.0,0.0,3.0,5.0,0.0,0.0,0.0,7.0,0.0,0.0,0.0,0.0,2.0,1.0,0.0,0.0,0.0,0.0,0.0,1.0,0.0,0.0,0.0,0.0,0.0,0.0,0.0,0.0,0.0,0.0,0.0,0.0,0.0,0.0,0.0,0.0,0.0,12.999999999999998,0.0,0.0
32.0,23.0,6.0,2.0,4.0,2.0,0.0,0.0,90.0,48.0,6.4,14.0,"{'original': 6.4, 'alternative': 6.3}",Gustavo Cortez,emelec,orense,emelec,5,0.0,0.0,2.0,6.0,1.0,1.0,0.0,1.0,0.0,0.0,1.0,1.0,1.0,0.0,0.0,0.0,2.0,0.0,0.0,0.0,0.0,0.0,0.0,0.0,0.0,0.0,0.0,0.0,0.0,0.0,0.0,0.0,0.0,0.0,0.0,0.0,0.0,23.0,0.0,0.0
35.0,29.0,6.0,4.0,4.0,2.0,0.0,0.0,90.0,49.0,7.1,6.0,"{'original': 7.1, 'alternative': 7}",Cristian Erbes,emelec,orense,emelec,5,0.0,0.0,0.0,1.0,0.0,0.0,0.0,3.0,0.0,1.0,1.0,0.0,1.0,1.0,0.0,1.0,0.0,0.0,0.0,0.0,0.0,0.0,0.0,0.0,0.0,0.0,0.0,0.0,0.0,0.0,0.0,0.0,0.0,0.0,0.0,0.0,0.0,29.000000000000004,0.0,0.0
20.0,17.0,1.0,0.0,4.0,1.0,0.0,0.0,62.0,31.0,7.4,8.0,"{'original': 7.4, 'alternative': 7.2}",Jhon Sánchez,emelec,orense,emelec,5,1.0,0.0,2.0,5.0,0.0,0.0,0.0,1.0,0.0,1.0,1.0,1.0,1.0,2.0,1.0,2.0,1.0,1.0,0.0,0.0,1.0,0.0,0.0,0.0,0.0,0.0,0.0,0.0,0.0,0.0,0.0,0.0,0.0,0.0,0.0,0.0,1.0,24.677419354838708,1.4516129032258065,1.4516129032258065
16.0,14.0,3.0,3.0,1.0,0.0,0.0,0.0,70.0,26.0,6.8,6.0,"{'original': 6.8, 'alternative': 6.7}",Washington Corozo,emelec,orense,emelec,5,0.0,0.0,0.0,2.0,1.0,1.0,1.0,2.0,0.0,0.0,0.0,0.0,0.0,0.0,0.0,1.0,2.0,0.0,0.0,1.0,0.0,0.0,0.0,0.0,0.0,0.0,0.0,0.0,0.0,0.0,0.0,0.0,0.0,0.0,0.0,0.0,1.0,18.0,1.2857142857142856,0.0
29.0,26.0,2.0,2.0,3.0,1.0,0.0,0.0,75.0,38.0,7.1,5.0,"{'original': 7.1, 'alternative': 6.9}",Marcelo Meli,emelec,orense,emelec,5,0.0,0.0,0.0,3.0,0.0,0.0,0.0,0.0,1.0,0.0,1.0,0.0,1.0,1.0,0.0,1.0,2.0,1.0,0.0,0.0,0.0,0.0,0.0,0.0,0.0,0.0,0.0,0.0,0.0,0.0,0.0,0.0,0.0,0.0,0.0,0.0,1.0,31.200000000000003,1.2000000000000002,1.2000000000000002
38.0,26.0,1.0,0.0,2.0,0.0,0.0,0.0,70.0,49.0,7.1,15.0,"{'original': 7.1, 'alternative': 6.8}",Juan Ruiz Gómez,emelec,orense,emelec,5,3.0,0.0,1.0,2.0,1.0,1.0,0.0,1.0,0.0,0.0,0.0,1.0,0.0,1.0,0.0,1.0,0.0,0.0,0.0,2.0,0.0,0.0,0.0,0.0,0.0,0.0,0.0,0.0,0.0,0.0,0.0,0.0,0.0,0.0,0.0,0.0,0.0,33.42857142857143,0.0,0.0
14.0,8.0,2.0,1.0,5.0,2.0,0.0,0.0,75.0,24.0,7.5,8.0,"{'original': 7.5, 'alternative': 7.5}",Facundo Castelli,emelec,orense,emelec,5,0.0,0.0,4.0,7.0,1.0,1.0,0.0,0.0,0.0,0.0,0.0,0.0,3.0,2.0,0.0,1.0,0.0,2.0,1.0,0.0,0.0,0.0,0.0,0.0,0.0,0.0,0.0,0.0,0.0,0.0,0.0,0.0,0.0,0.0,0.0,0.0,2.0,9.600000000000001,2.4000000000000004,2.4000000000000004
14.0,11.0,2.0,2.0,0.0,0.0,0.0,0.0,28.0,18.0,6.5,5.0,"{'original': 6.5, 'alternative': 6.5}",Rodrigo Rivero,emelec,orense,emelec,5,1.0,0.0,2.0,2.0,0.0,0.0,0.0,0.0,0.0,0.0,0.0,0.0,0.0,0.0,0.0,0.0,0.0,0.0,0.0,1.0,0.0,0.0,0.0,0.0,0.0,0.0,0.0,0.0,0.0,0.0,0.0,0.0,0.0,0.0,0.0,0.0,0.0,35.357142857142854,0.0,0.0
8.0,8.0,0.0,0.0,0.0,0.0,0.0,0.0,20.0,10.0,6.6,2.0,"{'original': 6.6, 'alternative': 6.5}",Maicon Solís,emelec,orense,emelec,5,2.0,0.0,0.0,0.0,0.0,0.0,0.0,0.0,0.0,0.0,0.0,0.0,0.0,0.0,0.0,0.0,0.0,0.0,0.0,0.0,0.0,0.0,0.0,0.0,0.0,0.0,0.0,0.0,0.0,0.0,0.0,0.0,0.0,0.0,0.0,0.0,0.0,36.0,0.0,0.0
15.0,13.0,1.0,1.0,3.0,1.0,0.0,0.0,20.0,20.0,7.1,3.0,"{'original': 7.1, 'alternative': 7.1}",Tommy Chamba,emelec,orense,emelec,5,0.0,0.0,0.0,0.0,0.0,0.0,0.0,0.0,0.0,0.0,1.0,0.0,0.0,1.0,0.0,2.0,0.0,0.0,0.0,0.0,1.0,0.0,0.0,0.0,0.0,0.0,0.0,0.0,0.0,0.0,0.0,0.0,0.0,0.0,0.0,0.0,0.0,58.5,0.0,0.0
9.0,7.0,1.0,0.0,0.0,0.0,0.0,0.0,15.0,9.0,6.2,2.0,"{'original': 6.2, 'alternative': 6.2}",Cristhian Valencia,emelec,orense,emelec,5,0.0,0.0,0.0,2.0,0.0,0.0,0.0,0.0,0.0,0.0,0.0,0.0,2.0,0.0,0.0,0.0,0.0,0.0,0.0,0.0,0.0,0.0,0.0,0.0,0.0,0.0,0.0,0.0,0.0,0.0,0.0,0.0,0.0,0.0,0.0,0.0,0.0,42.0,0.0,0.0
9.0,7.0,0.0,0.0,3.0,1.0,0.0,0.0,15.0,16.0,6.6,2.0,"{'original': 6.6, 'alternative': 6.5}",Jaime Ayoví,emelec,orense,emelec,5,0.0,0.0,2.0,2.0,1.0,1.0,1.0,0.0,0.0,1.0,0.0,0.0,0.0,1.0,0.0,0.0,0.0,0.0,0.0,2.0,0.0,1.0,0.0,0.0,0.0,0.0,0.0,1.0,0.0,0.0,0.0,0.0,0.0,0.0,0.0,0.0,1.0,42.0,6.0,0.0
0.0,0.0,0.0,0.0,0.0,0.0,0.0,0.0,0.0,0.0,0.0,0.0,0,Joao Quinones,emelec,orense,emelec,5,0.0,0.0,0.0,0.0,0.0,0.0,0.0,0.0,0.0,0.0,0.0,0.0,0.0,0.0,0.0,0.0,0.0,0.0,0.0,0.0,0.0,0.0,0.0,0.0,0.0,0.0,0.0,0.0,0.0,0.0,0.0,0.0,0.0,0.0,0.0,0.0,0.0,0.0,0.0,0.0
0.0,0.0,0.0,0.0,0.0,0.0,0.0,0.0,0.0,0.0,0.0,0.0,0,Elkin Muñoz,emelec,orense,emelec,5,0.0,0.0,0.0,0.0,0.0,0.0,0.0,0.0,0.0,0.0,0.0,0.0,0.0,0.0,0.0,0.0,0.0,0.0,0.0,0.0,0.0,0.0,0.0,0.0,0.0,0.0,0.0,0.0,0.0,0.0,0.0,0.0,0.0,0.0,0.0,0.0,0.0,0.0,0.0,0.0
0.0,0.0,0.0,0.0,0.0,0.0,0.0,0.0,0.0,0.0,0.0,0.0,0,Ronny Borja,emelec,orense,emelec,5,0.0,0.0,0.0,0.0,0.0,0.0,0.0,0.0,0.0,0.0,0.0,0.0,0.0,0.0,0.0,0.0,0.0,0.0,0.0,0.0,0.0,0.0,0.0,0.0,0.0,0.0,0.0,0.0,0.0,0.0,0.0,0.0,0.0,0.0,0.0,0.0,0.0,0.0,0.0,0.0
0.0,0.0,0.0,0.0,0.0,0.0,0.0,0.0,0.0,0.0,0.0,0.0,0,Jackson Rodríguez,emelec,orense,emelec,5,0.0,0.0,0.0,0.0,0.0,0.0,0.0,0.0,0.0,0.0,0.0,0.0,0.0,0.0,0.0,0.0,0.0,0.0,0.0,0.0,0.0,0.0,0.0,0.0,0.0,0.0,0.0,0.0,0.0,0.0,0.0,0.0,0.0,0.0,0.0,0.0,0.0,0.0,0.0,0.0
0.0,0.0,0.0,0.0,0.0,0.0,0.0,0.0,0.0,0.0,0.0,0.0,0,Roberto Garcés,emelec,orense,emelec,5,0.0,0.0,0.0,0.0,0.0,0.0,0.0,0.0,0.0,0.0,0.0,0.0,0.0,0.0,0.0,0.0,0.0,0.0,0.0,0.0,0.0,0.0,0.0,0.0,0.0,0.0,0.0,0.0,0.0,0.0,0.0,0.0,0.0,0.0,0.0,0.0,0.0,0.0,0.0,0.0
0.0,0.0,0.0,0.0,0.0,0.0,0.0,0.0,0.0,0.0,0.0,0.0,0,Andrés Ricaurte,emelec,orense,emelec,5,0.0,0.0,0.0,0.0,0.0,0.0,0.0,0.0,0.0,0.0,0.0,0.0,0.0,0.0,0.0,0.0,0.0,0.0,0.0,0.0,0.0,0.0,0.0,0.0,0.0,0.0,0.0,0.0,0.0,0.0,0.0,0.0,0.0,0.0,0.0,0.0,0.0,0.0,0.0,0.0
0.0,0.0,0.0,0.0,0.0,0.0,0.0,0.0,0.0,0.0,0.0,0.0,0,Gianluca Espinoza,emelec,orense,emelec,5,0.0,0.0,0.0,0.0,0.0,0.0,0.0,0.0,0.0,0.0,0.0,0.0,0.0,0.0,0.0,0.0,0.0,0.0,0.0,0.0,0.0,0.0,0.0,0.0,0.0,0.0,0.0,0.0,0.0,0.0,0.0,0.0,0.0,0.0,0.0,0.0,0.0,0.0,0.0,0.0
24.0,11.0,19.0,7.0,0.0,0.0,2.0,4.0,90.0,32.0,7.2,13.0,"{'original': 7.2, 'alternative': 6.9}",Walter Chavez,tecnico,tecnico,macara,5,0.0,0.0,0.0,0.0,0.0,0.0,0.0,1.0,0.0,0.0,0.0,0.0,0.0,0.0,0.0,0.0,0.0,0.0,0.0,0.0,0.0,0.0,0.0,1.0,0.0,0.0,0.0,0.0,0.0,0.0,0.0,0.0,0.0,0.0,0.0,0.0,0.0,11.0,0.0,0.0
11.0,7.0,3.0,1.0,5.0,2.0,0.0,0.0,45.0,23.0,6.6,7.0,"{'original': 6.6, 'alternative': 6.5}",Tito Valencia,tecnico,tecnico,macara,5,1.0,0.0,0.0,3.0,2.0,2.0,0.0,0.0,0.0,0.0,1.0,1.0,2.0,0.0,0.0,0.0,0.0,0.0,0.0,0.0,0.0,0.0,0.0,0.0,0.0,0.0,0.0,0.0,0.0,0.0,0.0,0.0,0.0,0.0,0.0,0.0,0.0,14.0,0.0,0.0
12.0,9.0,2.0,0.0,4.0,0.0,0.0,0.0,45.0,18.0,6.6,3.0,"{'original': 6.6, 'alternative': 6.5}",Carlos Pérez,tecnico,tecnico,macara,5,0.0,0.0,1.0,2.0,0.0,0.0,0.0,2.0,0.0,0.0,1.0,0.0,1.0,3.0,0.0,0.0,0.0,0.0,0.0,0.0,0.0,0.0,0.0,0.0,0.0,0.0,0.0,0.0,0.0,0.0,0.0,0.0,0.0,0.0,0.0,0.0,0.0,18.0,0.0,0.0
23.0,19.0,5.0,2.0,4.0,0.0,0.0,0.0,90.0,34.0,7.0,5.0,"{'original': 7, 'alternative': 6.9}",Edison Carcelen,tecnico,tecnico,macara,5,0.0,0.0,1.0,2.0,2.0,2.0,0.0,3.0,1.0,1.0,2.0,0.0,1.0,0.0,0.0,0.0,0.0,0.0,0.0,0.0,0.0,0.0,0.0,0.0,0.0,0.0,0.0,0.0,0.0,0.0,0.0,0.0,0.0,0.0,0.0,0.0,0.0,19.0,0.0,0.0
28.0,20.0,5.0,2.0,4.0,0.0,0.0,0.0,90.0,38.0,6.7,11.0,"{'original': 6.7, 'alternative': 6.8}",Marlon Medranda,tecnico,tecnico,macara,5,0.0,0.0,1.0,3.0,0.0,0.0,0.0,1.0,0.0,1.0,4.0,0.0,2.0,0.0,0.0,0.0,0.0,0.0,0.0,0.0,0.0,0.0,0.0,0.0,0.0,0.0,0.0,0.0,0.0,0.0,0.0,0.0,0.0,0.0,0.0,0.0,0.0,20.0,0.0,0.0
19.0,14.0,2.0,1.0,4.0,0.0,0.0,0.0,90.0,45.0,6.2,21.0,"{'original': 6.2, 'alternative': 6}",Carlos Arboleda,tecnico,tecnico,macara,5,8.0,0.0,1.0,8.0,2.0,0.0,2.0,1.0,0.0,0.0,2.0,2.0,1.0,2.0,0.0,0.0,2.0,0.0,0.0,0.0,0.0,0.0,0.0,0.0,0.0,0.0,1.0,0.0,0.0,0.0,0.0,0.0,0.0,0.0,0.0,0.0,2.0,14.0,2.0,0.0
12.0,8.0,4.0,3.0,3.0,1.0,0.0,0.0,74.0,35.0,6.6,21.0,"{'original': 6.6, 'alternative': 6.3}",Milton Maciel,tecnico,tecnico,macara,5,7.0,0.0,0.0,8.0,6.0,2.0,1.0,0.0,0.0,0.0,0.0,1.0,0.0,0.0,0.0,0.0,3.0,1.0,0.0,0.0,0.0,0.0,0.0,0.0,0.0,0.0,0.0,0.0,0.0,0.0,0.0,0.0,0.0,0.0,0.0,0.0,2.0,9.72972972972973,2.4324324324324325,1.2162162162162162
24.0,19.0,4.0,2.0,3.0,1.0,0.0,0.0,90.0,29.0,6.7,5.0,"{'original': 6.7, 'alternative': 6.7}",Emmanuel Torres,tecnico,tecnico,macara,5,0.0,0.0,0.0,2.0,0.0,0.0,0.0,1.0,0.0,0.0,2.0,1.0,1.0,0.0,0.0,1.0,0.0,0.0,0.0,0.0,0.0,0.0,0.0,0.0,0.0,0.0,0.0,0.0,0.0,0.0,0.0,0.0,0.0,0.0,0.0,0.0,0.0,19.0,0.0,0.0
24.0,20.0,5.0,4.0,4.0,2.0,0.0,0.0,90.0,35.0,6.4,8.0,"{'original': 6.4, 'alternative': 6.1}",Edison Caicedo,tecnico,tecnico,macara,5,0.0,0.0,2.0,8.0,2.0,0.0,0.0,1.0,1.0,1.0,0.0,2.0,2.0,2.0,0.0,1.0,1.0,1.0,0.0,0.0,0.0,0.0,0.0,0.0,0.0,0.0,0.0,0.0,1.0,0.0,0.0,0.0,0.0,0.0,0.0,0.0,1.0,20.0,1.0,1.0
17.0,11.0,2.0,0.0,2.0,0.0,0.0,0.0,88.0,27.0,6.9,10.0,"{'original': 6.9, 'alternative': 6.8}",Diego Armas,tecnico,tecnico,macara,5,1.0,0.0,0.0,4.0,1.0,0.0,0.0,0.0,0.0,0.0,1.0,0.0,1.0,1.0,0.0,1.0,2.0,1.0,1.0,1.0,0.0,0.0,0.0,0.0,0.0,0.0,0.0,0.0,0.0,0.0,0.0,0.0,0.0,0.0,0.0,0.0,1.0,11.25,1.0227272727272727,1.0227272727272727
10.0,5.0,0.0,0.0,9.0,2.0,0.0,0.0,88.0,22.0,7.0,9.0,"{'original': 7, 'alternative': 7}",Rodrigo Ruiz Díaz,tecnico,tecnico,macara,5,1.0,0.0,4.0,6.0,0.0,0.0,1.0,0.0,0.0,0.0,3.0,1.0,0.0,4.0,0.0,1.0,1.0,0.0,0.0,0.0,0.0,0.0,0.0,0.0,0.0,0.0,0.0,0.0,0.0,0.0,0.0,0.0,0.0,0.0,0.0,0.0,1.0,5.113636363636363,1.0227272727272727,0.0
11.0,7.0,2.0,1.0,6.0,1.0,0.0,0.0,45.0,27.0,6.9,7.0,"{'original': 6.9, 'alternative': 6.9}",Elvis Patta,tecnico,tecnico,macara,5,0.0,0.0,2.0,3.0,0.0,0.0,0.0,2.0,0.0,1.0,2.0,1.0,0.0,3.0,0.0,0.0,0.0,0.0,0.0,0.0,0.0,0.0,0.0,0.0,0.0,0.0,0.0,0.0,0.0,0.0,0.0,0.0,0.0,0.0,0.0,0.0,0.0,14.0,0.0,0.0
10.0,7.0,1.0,1.0,3.0,1.0,0.0,0.0,45.0,19.0,6.7,7.0,"{'original': 6.7, 'alternative': 6.6}",Willian Cevallos,tecnico,tecnico,macara,5,1.0,0.0,0.0,3.0,2.0,1.0,2.0,0.0,0.0,0.0,0.0,0.0,1.0,1.0,0.0,1.0,1.0,0.0,0.0,0.0,0.0,0.0,0.0,0.0,0.0,0.0,0.0,0.0,0.0,0.0,0.0,0.0,0.0,0.0,0.0,0.0,2.0,14.0,4.0,0.0
6.0,1.0,1.0,1.0,3.0,0.0,0.0,0.0,16.0,7.0,6.6,6.0,"{'original': 6.6, 'alternative': 6.6}",Gastón Poncet,tecnico,tecnico,macara,5,0.0,0.0,2.0,3.0,0.0,0.0,0.0,0.0,0.0,0.0,0.0,1.0,0.0,3.0,0.0,0.0,0.0,0.0,0.0,0.0,0.0,0.0,0.0,0.0,0.0,0.0,0.0,0.0,0.0,0.0,0.0,0.0,0.0,0.0,0.0,0.0,0.0,5.625,0.0,0.0
2.0,1.0,0.0,0.0,2.0,1.0,0.0,0.0,2.0,4.0,0.0,1.0,0,Juan Jimenez,tecnico,tecnico,macara,5,0.0,0.0,0.0,0.0,0.0,0.0,0.0,0.0,0.0,0.0,1.0,0.0,0.0,0.0,0.0,0.0,0.0,0.0,0.0,0.0,0.0,0.0,0.0,0.0,0.0,0.0,0.0,0.0,0.0,0.0,0.0,0.0,0.0,0.0,0.0,0.0,0.0,45.0,0.0,0.0
0.0,0.0,0.0,0.0,0.0,0.0,0.0,0.0,2.0,0.0,0.0,0.0,0,Jeison Chalá,tecnico,tecnico,macara,5,0.0,0.0,0.0,1.0,0.0,0.0,0.0,0.0,0.0,0.0,0.0,0.0,1.0,0.0,0.0,0.0,0.0,0.0,0.0,0.0,0.0,0.0,0.0,0.0,0.0,0.0,0.0,0.0,0.0,0.0,0.0,0.0,0.0,0.0,0.0,0.0,0.0,0.0,0.0,0.0
0.0,0.0,0.0,0.0,0.0,0.0,0.0,0.0,0.0,0.0,0.0,0.0,0,Darwin Cuero,tecnico,tecnico,macara,5,0.0,0.0,0.0,0.0,0.0,0.0,0.0,0.0,0.0,0.0,0.0,0.0,0.0,0.0,0.0,0.0,0.0,0.0,0.0,0.0,0.0,0.0,0.0,0.0,0.0,0.0,0.0,0.0,0.0,0.0,0.0,0.0,0.0,0.0,0.0,0.0,0.0,0.0,0.0,0.0
0.0,0.0,0.0,0.0,0.0,0.0,0.0,0.0,0.0,0.0,0.0,0.0,0,Roberto Luzárraga,tecnico,tecnico,macara,5,0.0,0.0,0.0,0.0,0.0,0.0,0.0,0.0,0.0,0.0,0.0,0.0,0.0,0.0,0.0,0.0,0.0,0.0,0.0,0.0,0.0,0.0,0.0,0.0,0.0,0.0,0.0,0.0,0.0,0.0,0.0,0.0,0.0,0.0,0.0,0.0,0.0,0.0,0.0,0.0
0.0,0.0,0.0,0.0,0.0,0.0,0.0,0.0,0.0,0.0,0.0,0.0,0,Jose Cazares,tecnico,tecnico,macara,5,0.0,0.0,0.0,0.0,0.0,0.0,0.0,0.0,0.0,0.0,0.0,0.0,0.0,0.0,0.0,0.0,0.0,0.0,0.0,0.0,0.0,0.0,0.0,0.0,0.0,0.0,0.0,0.0,0.0,0.0,0.0,0.0,0.0,0.0,0.0,0.0,0.0,0.0,0.0,0.0
0.0,0.0,0.0,0.0,0.0,0.0,0.0,0.0,0.0,0.0,0.0,0.0,0,Alex Mendoza,tecnico,tecnico,macara,5,0.0,0.0,0.0,0.0,0.0,0.0,0.0,0.0,0.0,0.0,0.0,0.0,0.0,0.0,0.0,0.0,0.0,0.0,0.0,0.0,0.0,0.0,0.0,0.0,0.0,0.0,0.0,0.0,0.0,0.0,0.0,0.0,0.0,0.0,0.0,0.0,0.0,0.0,0.0,0.0
0.0,0.0,0.0,0.0,0.0,0.0,0.0,0.0,0.0,0.0,0.0,0.0,0,Jefferson Caicedo,tecnico,tecnico,macara,5,0.0,0.0,0.0,0.0,0.0,0.0,0.0,0.0,0.0,0.0,0.0,0.0,0.0,0.0,0.0,0.0,0.0,0.0,0.0,0.0,0.0,0.0,0.0,0.0,0.0,0.0,0.0,0.0,0.0,0.0,0.0,0.0,0.0,0.0,0.0,0.0,0.0,0.0,0.0,0.0
0.0,0.0,0.0,0.0,0.0,0.0,0.0,0.0,0.0,0.0,0.0,0.0,0,Anderson Naula,tecnico,tecnico,macara,5,0.0,0.0,0.0,0.0,0.0,0.0,0.0,0.0,0.0,0.0,0.0,0.0,0.0,0.0,0.0,0.0,0.0,0.0,0.0,0.0,0.0,0.0,0.0,0.0,0.0,0.0,0.0,0.0,0.0,0.0,0.0,0.0,0.0,0.0,0.0,0.0,0.0,0.0,0.0,0.0
22.0,10.0,13.0,1.0,2.0,0.0,1.0,2.0,90.0,31.0,6.8,12.0,"{'original': 6.8, 'alternative': 6.6}",Cristian Correa,macara,tecnico,macara,5,0.0,0.0,0.0,0.0,1.0,1.0,0.0,1.0,0.0,0.0,0.0,0.0,0.0,1.0,0.0,0.0,0.0,0.0,0.0,0.0,0.0,0.0,1.0,1.0,0.0,0.0,0.0,0.0,0.0,0.0,0.0,0.0,0.0,0.0,0.0,0.0,0.0,10.0,0.0,0.0
37.0,24.0,11.0,5.0,7.0,2.0,0.0,0.0,90.0,62.0,6.8,21.0,"{'original': 6.8, 'alternative': 6.5}",Cristopher Angulo,macara,tecnico,macara,5,0.0,0.0,1.0,4.0,1.0,1.0,0.0,2.0,0.0,0.0,1.0,1.0,1.0,3.0,0.0,0.0,1.0,0.0,0.0,0.0,0.0,0.0,0.0,0.0,0.0,0.0,0.0,0.0,0.0,0.0,0.0,0.0,0.0,0.0,0.0,0.0,0.0,24.0,0.0,0.0
30.0,22.0,8.0,4.0,2.0,0.0,0.0,0.0,90.0,37.0,6.3,8.0,"{'original': 6.3, 'alternative': 6.3}",Ronaldo Lora,macara,tecnico,macara,5,0.0,0.0,1.0,3.0,0.0,0.0,1.0,2.0,1.0,0.0,1.0,0.0,3.0,1.0,0.0,0.0,0.0,0.0,0.0,0.0,0.0,0.0,0.0,0.0,0.0,0.0,0.0,0.0,1.0,0.0,0.0,0.0,0.0,0.0,0.0,0.0,1.0,22.0,1.0,0.0
18.0,15.0,4.0,1.0,1.0,1.0,0.0,0.0,90.0,24.0,6.9,4.0,"{'original': 6.9, 'alternative': 6.7}",José Luis Marrufo,macara,tecnico,macara,5,0.0,0.0,1.0,2.0,0.0,0.0,0.0,4.0,0.0,0.0,0.0,1.0,0.0,0.0,0.0,1.0,0.0,0.0,0.0,0.0,0.0,0.0,0.0,0.0,0.0,0.0,0.0,0.0,0.0,1.0,0.0,0.0,0.0,0.0,0.0,0.0,0.0,15.0,0.0,0.0
25.0,17.0,6.0,2.0,3.0,0.0,0.0,0.0,90.0,42.0,6.4,13.0,"{'original': 6.4, 'alternative': 6.3}",Glendys Mina,macara,tecnico,macara,5,0.0,0.0,1.0,6.0,1.0,0.0,1.0,0.0,0.0,0.0,3.0,1.0,3.0,0.0,0.0,0.0,0.0,0.0,0.0,0.0,0.0,0.0,0.0,0.0,0.0,0.0,0.0,0.0,0.0,0.0,0.0,0.0,0.0,0.0,0.0,0.0,1.0,17.0,1.0,0.0
15.0,10.0,1.0,0.0,3.0,0.0,0.0,0.0,90.0,29.0,7.0,11.0,"{'original': 7, 'alternative': 6.8}",Facundo Pons,macara,tecnico,macara,5,0.0,0.0,2.0,6.0,2.0,1.0,2.0,3.0,0.0,0.0,0.0,0.0,2.0,2.0,0.0,0.0,1.0,1.0,1.0,0.0,0.0,0.0,0.0,0.0,0.0,0.0,0.0,0.0,0.0,0.0,0.0,0.0,0.0,0.0,0.0,0.0,3.0,10.0,3.0,1.0
34.0,26.0,2.0,0.0,10.0,1.0,0.0,0.0,90.0,42.0,6.6,10.0,"{'original': 6.6, 'alternative': 6.7}",Emiliano Romero,macara,tecnico,macara,5,0.0,0.0,6.0,9.0,0.0,0.0,0.0,0.0,0.0,0.0,4.0,0.0,2.0,5.0,0.0,0.0,1.0,0.0,0.0,0.0,0.0,0.0,0.0,0.0,0.0,0.0,0.0,0.0,0.0,0.0,0.0,0.0,0.0,0.0,0.0,0.0,0.0,25.999999999999996,0.0,0.0
27.0,18.0,5.0,1.0,4.0,1.0,0.0,0.0,90.0,36.0,6.9,11.0,"{'original': 6.9, 'alternative': 6.8}",Leonel Álvarez,macara,tecnico,macara,5,1.0,0.0,1.0,4.0,2.0,1.0,1.0,0.0,0.0,0.0,2.0,1.0,1.0,0.0,0.0,0.0,0.0,1.0,0.0,0.0,0.0,1.0,0.0,0.0,0.0,0.0,1.0,0.0,0.0,0.0,0.0,0.0,0.0,0.0,0.0,0.0,2.0,18.0,2.0,1.0
11.0,7.0,2.0,1.0,7.0,1.0,0.0,0.0,67.0,23.0,7.5,5.0,"{'original': 7.5, 'alternative': 7.6}",Janpol Morales,macara,tecnico,macara,5,2.0,2.0,1.0,3.0,3.0,3.0,0.0,0.0,0.0,0.0,2.0,1.0,0.0,1.0,0.0,3.0,1.0,1.0,0.0,1.0,1.0,0.0,0.0,0.0,0.0,0.0,0.0,0.0,0.0,0.0,0.0,0.0,0.0,0.0,0.0,0.0,1.0,9.402985074626866,1.3432835820895521,1.3432835820895521
18.0,17.0,2.0,2.0,9.0,3.0,0.0,0.0,89.0,49.0,6.8,15.0,"{'original': 6.8, 'alternative': 6.7}",Freddy Mina,macara,tecnico,macara,5,5.0,1.0,2.0,11.0,5.0,1.0,2.0,1.0,0.0,1.0,4.0,0.0,0.0,1.0,0.0,2.0,5.0,1.0,0.0,1.0,0.0,0.0,0.0,0.0,0.0,0.0,0.0,1.0,0.0,0.0,0.0,0.0,0.0,0.0,0.0,0.0,3.0,17.191011235955056,3.033707865168539,1.0112359550561798
4.0,3.0,0.0,0.0,5.0,2.0,0.0,0.0,72.0,18.0,6.4,6.0,"{'original': 6.4, 'alternative': 6.4}",Daniel Porozo,macara,tecnico,macara,5,1.0,0.0,1.0,5.0,2.0,1.0,1.0,0.0,0.0,0.0,2.0,2.0,0.0,0.0,0.0,0.0,1.0,1.0,0.0,0.0,0.0,0.0,0.0,0.0,0.0,0.0,0.0,1.0,0.0,0.0,0.0,0.0,0.0,0.0,0.0,0.0,2.0,3.75,2.5,1.25
10.0,7.0,0.0,0.0,2.0,1.0,0.0,0.0,23.0,20.0,7.2,6.0,"{'original': 7.2, 'alternative': 7.2}",Jorge Valdez,macara,tecnico,macara,5,4.0,2.0,0.0,0.0,0.0,0.0,2.0,0.0,0.0,0.0,1.0,0.0,0.0,0.0,0.0,2.0,0.0,0.0,0.0,0.0,0.0,0.0,0.0,0.0,0.0,0.0,0.0,0.0,0.0,0.0,0.0,0.0,0.0,0.0,0.0,0.0,2.0,27.39130434782609,7.826086956521739,0.0
7.0,4.0,0.0,0.0,1.0,0.0,0.0,0.0,18.0,12.0,6.9,4.0,"{'original': 6.9, 'alternative': 6.9}",Miguel Perea,macara,tecnico,macara,5,2.0,2.0,1.0,1.0,1.0,1.0,1.0,0.0,0.0,0.0,0.0,0.0,0.0,0.0,0.0,1.0,0.0,0.0,0.0,0.0,0.0,0.0,0.0,0.0,0.0,0.0,0.0,0.0,0.0,0.0,0.0,0.0,0.0,0.0,0.0,0.0,1.0,20.0,5.0,0.0
0.0,0.0,0.0,0.0,0.0,0.0,0.0,0.0,1.0,1.0,0.0,1.0,0,Joffré Escobar,macara,tecnico,macara,5,0.0,0.0,1.0,2.0,1.0,0.0,0.0,0.0,0.0,0.0,0.0,0.0,0.0,0.0,0.0,0.0,0.0,0.0,0.0,0.0,0.0,0.0,0.0,0.0,0.0,0.0,1.0,0.0,0.0,0.0,0.0,0.0,0.0,0.0,0.0,0.0,0.0,0.0,0.0,0.0
0.0,0.0,0.0,0.0,0.0,0.0,0.0,0.0,0.0,0.0,0.0,0.0,0,Jose Cevallos,macara,tecnico,macara,5,0.0,0.0,0.0,0.0,0.0,0.0,0.0,0.0,0.0,0.0,0.0,0.0,0.0,0.0,0.0,0.0,0.0,0.0,0.0,0.0,0.0,0.0,0.0,0.0,0.0,0.0,0.0,0.0,0.0,0.0,0.0,0.0,0.0,0.0,0.0,0.0,0.0,0.0,0.0,0.0
0.0,0.0,0.0,0.0,0.0,0.0,0.0,0.0,0.0,0.0,0.0,0.0,0,Edwin Mesa,macara,tecnico,macara,5,0.0,0.0,0.0,0.0,0.0,0.0,0.0,0.0,0.0,0.0,0.0,0.0,0.0,0.0,0.0,0.0,0.0,0.0,0.0,0.0,0.0,0.0,0.0,0.0,0.0,0.0,0.0,0.0,0.0,0.0,0.0,0.0,0.0,0.0,0.0,0.0,0.0,0.0,0.0,0.0
0.0,0.0,0.0,0.0,0.0,0.0,0.0,0.0,0.0,0.0,0.0,0.0,0,Darwin Estuardo Quilumba Diaz,macara,tecnico,macara,5,0.0,0.0,0.0,0.0,0.0,0.0,0.0,0.0,0.0,0.0,0.0,0.0,0.0,0.0,0.0,0.0,0.0,0.0,0.0,0.0,0.0,0.0,0.0,0.0,0.0,0.0,0.0,0.0,0.0,0.0,0.0,0.0,0.0,0.0,0.0,0.0,0.0,0.0,0.0,0.0
0.0,0.0,0.0,0.0,0.0,0.0,0.0,0.0,0.0,0.0,0.0,0.0,0,Gino Barbieri,macara,tecnico,macara,5,0.0,0.0,0.0,0.0,0.0,0.0,0.0,0.0,0.0,0.0,0.0,0.0,0.0,0.0,0.0,0.0,0.0,0.0,0.0,0.0,0.0,0.0,0.0,0.0,0.0,0.0,0.0,0.0,0.0,0.0,0.0,0.0,0.0,0.0,0.0,0.0,0.0,0.0,0.0,0.0
0.0,0.0,0.0,0.0,0.0,0.0,0.0,0.0,0.0,0.0,0.0,0.0,0,Emerson Delgado,macara,tecnico,macara,5,0.0,0.0,0.0,0.0,0.0,0.0,0.0,0.0,0.0,0.0,0.0,0.0,0.0,0.0,0.0,0.0,0.0,0.0,0.0,0.0,0.0,0.0,0.0,0.0,0.0,0.0,0.0,0.0,0.0,0.0,0.0,0.0,0.0,0.0,0.0,0.0,0.0,0.0,0.0,0.0
0.0,0.0,0.0,0.0,0.0,0.0,0.0,0.0,0.0,0.0,0.0,0.0,0,Martin Tello,macara,tecnico,macara,5,0.0,0.0,0.0,0.0,0.0,0.0,0.0,0.0,0.0,0.0,0.0,0.0,0.0,0.0,0.0,0.0,0.0,0.0,0.0,0.0,0.0,0.0,0.0,0.0,0.0,0.0,0.0,0.0,0.0,0.0,0.0,0.0,0.0,0.0,0.0,0.0,0.0,0.0,0.0,0.0
0.0,0.0,0.0,0.0,0.0,0.0,0.0,0.0,0.0,0.0,0.0,0.0,0,Mateo Viera,macara,tecnico,macara,5,0.0,0.0,0.0,0.0,0.0,0.0,0.0,0.0,0.0,0.0,0.0,0.0,0.0,0.0,0.0,0.0,0.0,0.0,0.0,0.0,0.0,0.0,0.0,0.0,0.0,0.0,0.0,0.0,0.0,0.0,0.0,0.0,0.0,0.0,0.0,0.0,0.0,0.0,0.0,0.0
0.0,0.0,0.0,0.0,0.0,0.0,0.0,0.0,0.0,0.0,0.0,0.0,0,Patricio Ramos,macara,tecnico,macara,5,0.0,0.0,0.0,0.0,0.0,0.0,0.0,0.0,0.0,0.0,0.0,0.0,0.0,0.0,0.0,0.0,0.0,0.0,0.0,0.0,0.0,0.0,0.0,0.0,0.0,0.0,0.0,0.0,0.0,0.0,0.0,0.0,0.0,0.0,0.0,0.0,0.0,0.0,0.0,0.0
42.0,24.0,0.0,0.0,4.0,2.0,0.0,0.0,118.0,94.0,6.15,8.0,"{'original': 6.6, 'alternative': 6.5}",Gregori Anangonó,catolica,catolica,orense,6,0.0,0.0,0.0,0.0,0.0,0.0,0.0,0.0,0.0,0.0,0.0,0.0,0.0,0.0,0.0,0.0,0.0,0.0,0.0,0.0,0.0,0.0,0.0,0.0,0.0,0.0,0.0,0.0,0.0,0.0,0.0,0.0,0.0,0.0,0.0,0.0,0.0,18.305084745762713,0.0,0.0
34.0,26.0,10.0,2.0,0.0,4.0,0.0,0.0,94.0,6.0,7.65,0.0,"{'original': 6.6, 'alternative': 6.6}",Exon Gustavo Vallecilla,catolica,catolica,orense,6,0.0,0.0,0.0,2.0,0.0,0.0,0.0,2.0,0.0,0.0,0.0,0.0,0.0,0.0,0.0,0.0,0.0,0.0,0.0,0.0,0.0,0.0,0.0,0.0,0.0,0.0,0.0,0.0,0.0,0.0,0.0,0.0,0.0,0.0,0.0,0.0,0.0,24.893617021276597,0.0,0.0
8.0,22.0,6.0,0.0,0.0,0.0,0.0,0.0,92.0,2.0,5.55,4.0,"{'original': 6.6, 'alternative': 6.6}",Layan Loor,catolica,catolica,orense,6,0.0,0.0,0.0,0.0,0.0,0.0,0.0,0.0,0.0,0.0,0.0,0.0,0.0,0.0,0.0,0.0,0.0,0.0,0.0,0.0,0.0,0.0,0.0,0.0,0.0,0.0,0.0,0.0,0.0,0.0,0.0,0.0,0.0,0.0,0.0,0.0,0.0,21.521739130434785,0.0,0.0
4.0,12.0,0.0,0.0,0.0,0.0,0.0,0.0,116.0,30.0,6.83,0.0,"{'original': 7.2, 'alternative': 7.2}",Kevin Quevedo,catolica,catolica,orense,6,2.0,0.0,0.0,0.0,0.0,0.0,0.0,0.0,0.0,0.0,0.0,0.0,0.0,0.0,0.0,0.0,0.0,0.0,0.0,0.0,0.0,0.0,0.0,0.0,0.0,0.0,0.0,0.0,0.0,0.0,0.0,0.0,0.0,0.0,0.0,0.0,0.0,9.310344827586206,0.0,0.0
8.0,6.0,0.0,0.0,0.0,0.0,0.0,0.0,36.0,20.0,5.3,0.0,"{'original': 6.6, 'alternative': 6.5}",Jhon Cifuente,catolica,catolica,orense,6,0.0,0.0,0.0,0.0,0.0,0.0,2.0,0.0,0.0,0.0,0.0,0.0,0.0,0.0,0.0,0.0,0.0,0.0,0.0,0.0,0.0,0.0,0.0,0.0,0.0,0.0,0.0,0.0,0.0,0.0,0.0,0.0,0.0,0.0,0.0,0.0,2.0,15.0,5.0,0.0
8.0,0.0,0.0,0.0,0.0,0.0,0.0,0.0,52.0,0.0,7.13,2.0,"{'original': 7.3, 'alternative': 7.1}",Arón Rodríguez,catolica,catolica,orense,6,0.0,0.0,0.0,0.0,0.0,0.0,0.0,0.0,0.0,0.0,0.0,0.0,0.0,0.0,0.0,0.0,0.0,0.0,0.0,0.0,0.0,0.0,0.0,0.0,0.0,0.0,0.0,0.0,0.0,0.0,0.0,0.0,0.0,0.0,0.0,0.0,0.0,0.0,0.0,0.0
20.0,4.0,0.0,0.0,0.0,0.0,0.0,0.0,4.0,22.0,6.65,0.0,"{'original': 7.1, 'alternative': 7.1}",Mauro Díaz,catolica,catolica,orense,6,0.0,0.0,0.0,0.0,0.0,0.0,0.0,0.0,0.0,0.0,0.0,0.0,0.0,0.0,0.0,0.0,0.0,0.0,0.0,0.0,0.0,0.0,0.0,0.0,0.0,0.0,0.0,0.0,0.0,0.0,0.0,0.0,0.0,0.0,0.0,0.0,0.0,90.0,0.0,0.0
0.0,0.0,0.0,0.0,0.0,0.0,0.0,0.0,0.0,0.0,0.0,0.0,0,Johan Lara,catolica,catolica,orense,6,0.0,0.0,0.0,0.0,0.0,0.0,0.0,0.0,0.0,0.0,0.0,0.0,0.0,0.0,0.0,0.0,0.0,0.0,0.0,0.0,0.0,0.0,0.0,0.0,0.0,0.0,0.0,0.0,0.0,0.0,0.0,0.0,0.0,0.0,0.0,0.0,0.0,0.0,0.0,0.0
0.0,0.0,0.0,0.0,0.0,0.0,0.0,0.0,0.0,0.0,0.0,0.0,0,Joshue Quinonez,catolica,catolica,orense,6,0.0,0.0,0.0,0.0,0.0,0.0,0.0,0.0,0.0,0.0,0.0,0.0,0.0,0.0,0.0,0.0,0.0,0.0,0.0,0.0,0.0,0.0,0.0,0.0,0.0,0.0,0.0,0.0,0.0,0.0,0.0,0.0,0.0,0.0,0.0,0.0,0.0,0.0,0.0,0.0
0.0,0.0,0.0,0.0,0.0,0.0,0.0,0.0,0.0,0.0,0.0,0.0,0,Rooney Troya,catolica,catolica,orense,6,0.0,0.0,0.0,0.0,0.0,0.0,0.0,0.0,0.0,0.0,0.0,0.0,0.0,0.0,0.0,0.0,0.0,0.0,0.0,0.0,0.0,0.0,0.0,0.0,0.0,0.0,0.0,0.0,0.0,0.0,0.0,0.0,0.0,0.0,0.0,0.0,0.0,0.0,0.0,0.0
0.0,0.0,0.0,0.0,0.0,0.0,0.0,0.0,0.0,0.0,0.0,0.0,0,José Bedoya,catolica,catolica,orense,6,0.0,0.0,0.0,0.0,0.0,0.0,0.0,0.0,0.0,0.0,0.0,0.0,0.0,0.0,0.0,0.0,0.0,0.0,0.0,0.0,0.0,0.0,0.0,0.0,0.0,0.0,0.0,0.0,0.0,0.0,0.0,0.0,0.0,0.0,0.0,0.0,0.0,0.0,0.0,0.0
42.0,18.0,6.0,0.0,0.0,0.0,2.0,0.0,124.0,46.0,7.26,8.0,"{'original': 6.7, 'alternative': 6.3}",Rolando David Silva,orense,catolica,orense,6,0.0,0.0,0.0,0.0,0.0,0.0,0.0,0.0,0.0,0.0,0.0,0.0,0.0,0.0,0.0,0.0,0.0,0.0,0.0,0.0,0.0,0.0,0.0,0.0,0.0,0.0,0.0,0.0,0.0,0.0,0.0,0.0,0.0,0.0,0.0,0.0,0.0,13.06451612903226,0.0,0.0
2.0,36.0,4.0,2.0,0.0,0.0,0.0,0.0,38.0,62.0,5.31,8.0,"{'original': 5.7, 'alternative': 5.6}",Pedro Velasco,orense,catolica,orense,6,0.0,0.0,0.0,0.0,0.0,0.0,0.0,0.0,0.0,0.0,0.0,0.0,0.0,0.0,0.0,0.0,0.0,0.0,0.0,0.0,0.0,0.0,0.0,0.0,0.0,0.0,0.0,0.0,0.0,0.0,0.0,0.0,0.0,0.0,0.0,0.0,0.0,85.26315789473684,0.0,0.0
30.0,10.0,4.0,0.0,2.0,0.0,0.0,0.0,70.0,2.0,7.66,2.0,"{'original': 6.4, 'alternative': 6.2}",Richard Calderón,orense,catolica,orense,6,0.0,0.0,0.0,0.0,0.0,0.0,0.0,0.0,0.0,0.0,0.0,0.0,2.0,0.0,0.0,0.0,0.0,0.0,0.0,0.0,0.0,0.0,0.0,0.0,0.0,0.0,0.0,0.0,0.0,0.0,0.0,0.0,0.0,0.0,0.0,0.0,0.0,12.857142857142856,0.0,0.0
20.0,20.0,2.0,0.0,4.0,0.0,0.0,0.0,100.0,48.0,5.62,12.0,"{'original': 6.6, 'alternative': 6.5}",Erick Plúas,orense,catolica,orense,6,0.0,0.0,0.0,2.0,0.0,0.0,0.0,0.0,0.0,0.0,2.0,0.0,0.0,0.0,0.0,0.0,0.0,0.0,0.0,0.0,0.0,0.0,0.0,0.0,0.0,0.0,0.0,0.0,0.0,0.0,0.0,0.0,0.0,0.0,0.0,0.0,0.0,18.0,0.0,0.0
22.0,4.0,0.0,0.0,0.0,0.0,0.0,0.0,2.0,24.0,7.09,6.0,"{'original': 6.8, 'alternative': 6.8}",Cristian Barros,orense,catolica,orense,6,2.0,0.0,0.0,0.0,0.0,0.0,0.0,0.0,0.0,0.0,0.0,0.0,0.0,0.0,0.0,2.0,0.0,0.0,0.0,0.0,0.0,0.0,0.0,0.0,0.0,0.0,0.0,0.0,0.0,0.0,0.0,0.0,0.0,0.0,0.0,0.0,0.0,180.0,0.0,0.0
8.0,6.0,6.0,0.0,0.0,0.0,0.0,0.0,40.0,10.0,6.98,6.0,"{'original': 6.3, 'alternative': 6.3}",Santiago Kubiszyn,orense,catolica,orense,6,0.0,0.0,0.0,0.0,0.0,0.0,0.0,0.0,0.0,0.0,0.0,0.0,0.0,0.0,0.0,0.0,0.0,0.0,0.0,0.0,0.0,0.0,0.0,0.0,0.0,0.0,0.0,0.0,0.0,0.0,0.0,0.0,0.0,0.0,0.0,0.0,0.0,13.5,0.0,0.0
0.0,0.0,0.0,0.0,0.0,0.0,0.0,0.0,0.0,0.0,0.0,0.0,0,José Cárdenas,orense,catolica,orense,6,0.0,0.0,0.0,0.0,0.0,0.0,0.0,0.0,0.0,0.0,0.0,0.0,0.0,0.0,0.0,0.0,0.0,0.0,0.0,0.0,0.0,0.0,0.0,0.0,0.0,0.0,0.0,0.0,0.0,0.0,0.0,0.0,0.0,0.0,0.0,0.0,0.0,0.0,0.0,0.0
0.0,0.0,0.0,0.0,0.0,0.0,0.0,0.0,0.0,0.0,0.0,0.0,0,Marlon Quiñónez,orense,catolica,orense,6,0.0,0.0,0.0,0.0,0.0,0.0,0.0,0.0,0.0,0.0,0.0,0.0,0.0,0.0,0.0,0.0,0.0,0.0,0.0,0.0,0.0,0.0,0.0,0.0,0.0,0.0,0.0,0.0,0.0,0.0,0.0,0.0,0.0,0.0,0.0,0.0,0.0,0.0,0.0,0.0
0.0,0.0,0.0,0.0,0.0,0.0,0.0,0.0,0.0,0.0,0.0,0.0,0,Jose Luis Monaga Quinonez,orense,catolica,orense,6,0.0,0.0,0.0,0.0,0.0,0.0,0.0,0.0,0.0,0.0,0.0,0.0,0.0,0.0,0.0,0.0,0.0,0.0,0.0,0.0,0.0,0.0,0.0,0.0,0.0,0.0,0.0,0.0,0.0,0.0,0.0,0.0,0.0,0.0,0.0,0.0,0.0,0.0,0.0,0.0
0.0,0.0,0.0,0.0,0.0,0.0,0.0,0.0,0.0,0.0,0.0,0.0,0,Sergio Vasquez,orense,catolica,orense,6,0.0,0.0,0.0,0.0,0.0,0.0,0.0,0.0,0.0,0.0,0.0,0.0,0.0,0.0,0.0,0.0,0.0,0.0,0.0,0.0,0.0,0.0,0.0,0.0,0.0,0.0,0.0,0.0,0.0,0.0,0.0,0.0,0.0,0.0,0.0,0.0,0.0,0.0,0.0,0.0
0.0,0.0,0.0,0.0,0.0,0.0,0.0,0.0,0.0,0.0,0.0,0.0,0,Erick Zambrano,orense,catolica,orense,6,0.0,0.0,0.0,0.0,0.0,0.0,0.0,0.0,0.0,0.0,0.0,0.0,0.0,0.0,0.0,0.0,0.0,0.0,0.0,0.0,0.0,0.0,0.0,0.0,0.0,0.0,0.0,0.0,0.0,0.0,0.0,0.0,0.0,0.0,0.0,0.0,0.0,0.0,0.0,0.0
0.0,0.0,0.0,0.0,0.0,0.0,0.0,0.0,0.0,0.0,0.0,0.0,0,Ariel Suarez,orense,catolica,orense,6,0.0,0.0,0.0,0.0,0.0,0.0,0.0,0.0,0.0,0.0,0.0,0.0,0.0,0.0,0.0,0.0,0.0,0.0,0.0,0.0,0.0,0.0,0.0,0.0,0.0,0.0,0.0,0.0,0.0,0.0,0.0,0.0,0.0,0.0,0.0,0.0,0.0,0.0,0.0,0.0
30.0,40.0,2.0,0.0,10.0,2.0,0.0,0.0,122.0,26.0,7.44,8.0,"{'original': 7.3, 'alternative': 7.3}",Esteban Davila,cuenca,cuenca,delfin,6,0.0,0.0,0.0,0.0,0.0,0.0,0.0,0.0,0.0,0.0,0.0,0.0,0.0,0.0,0.0,2.0,0.0,0.0,0.0,0.0,0.0,0.0,0.0,0.0,0.0,0.0,0.0,0.0,0.0,0.0,0.0,0.0,0.0,0.0,0.0,0.0,0.0,29.508196721311474,0.0,0.0
68.0,78.0,4.0,0.0,10.0,6.0,0.0,0.0,48.0,78.0,0.0,6.0,"{'original': 7, 'alternative': 6.9}",Sixto Mina,cuenca,cuenca,delfin,6,0.0,0.0,0.0,6.0,0.0,0.0,0.0,0.0,0.0,0.0,0.0,0.0,0.0,2.0,0.0,0.0,0.0,0.0,0.0,0.0,0.0,0.0,0.0,0.0,0.0,0.0,0.0,0.0,0.0,0.0,0.0,0.0,0.0,0.0,0.0,0.0,0.0,146.25,0.0,0.0
36.0,38.0,0.0,0.0,2.0,2.0,0.0,0.0,76.0,92.0,8.64,16.0,"{'original': 7.3, 'alternative': 7}",Danny Luna,cuenca,cuenca,delfin,6,2.0,0.0,0.0,2.0,0.0,0.0,0.0,0.0,0.0,0.0,0.0,0.0,0.0,0.0,0.0,2.0,6.0,2.0,0.0,0.0,0.0,0.0,0.0,0.0,0.0,0.0,0.0,0.0,0.0,0.0,0.0,0.0,0.0,0.0,0.0,0.0,2.0,45.0,2.3684210526315788,2.3684210526315788
32.0,26.0,4.0,0.0,2.0,0.0,0.0,0.0,8.0,20.0,5.61,12.0,"{'original': 6.9, 'alternative': 6.8}",David Noboa,cuenca,cuenca,delfin,6,0.0,0.0,0.0,2.0,0.0,0.0,0.0,0.0,0.0,0.0,0.0,0.0,0.0,0.0,0.0,2.0,0.0,0.0,0.0,0.0,0.0,0.0,0.0,0.0,0.0,0.0,0.0,0.0,0.0,0.0,0.0,0.0,0.0,0.0,0.0,0.0,0.0,292.5,0.0,0.0
0.0,8.0,2.0,0.0,0.0,0.0,0.0,0.0,6.0,6.0,7.51,4.0,"{'original': 6.5, 'alternative': 6.5}",Marcos Andrés López,cuenca,cuenca,delfin,6,0.0,0.0,0.0,0.0,0.0,0.0,0.0,0.0,0.0,0.0,0.0,0.0,0.0,0.0,0.0,0.0,0.0,0.0,0.0,0.0,0.0,0.0,0.0,0.0,0.0,0.0,0.0,0.0,0.0,0.0,0.0,0.0,0.0,0.0,0.0,0.0,0.0,120.0,0.0,0.0
8.0,8.0,0.0,0.0,0.0,0.0,0.0,0.0,24.0,10.0,6.12,0.0,"{'original': 6.6, 'alternative': 6.6}",Vilinton Branda,cuenca,cuenca,delfin,6,0.0,0.0,0.0,0.0,0.0,0.0,0.0,0.0,0.0,0.0,0.0,0.0,0.0,0.0,0.0,0.0,0.0,0.0,0.0,0.0,0.0,0.0,0.0,0.0,0.0,0.0,0.0,0.0,0.0,0.0,0.0,0.0,0.0,0.0,0.0,0.0,0.0,30.0,0.0,0.0
0.0,0.0,0.0,0.0,0.0,0.0,0.0,0.0,12.0,12.0,6.16,0.0,"{'original': 6.9, 'alternative': 6.8}",Luis Aldair Arroyo Cabeza,cuenca,cuenca,delfin,6,0.0,0.0,0.0,0.0,0.0,0.0,0.0,0.0,0.0,0.0,0.0,0.0,0.0,0.0,0.0,0.0,0.0,0.0,0.0,0.0,0.0,0.0,0.0,0.0,0.0,0.0,0.0,0.0,0.0,0.0,0.0,0.0,0.0,0.0,0.0,0.0,0.0,0.0,0.0,0.0
0.0,0.0,0.0,0.0,0.0,0.0,0.0,0.0,0.0,0.0,0.0,0.0,0,Eduardo Jiménez,cuenca,cuenca,delfin,6,0.0,0.0,0.0,0.0,0.0,0.0,0.0,0.0,0.0,0.0,0.0,0.0,0.0,0.0,0.0,0.0,0.0,0.0,0.0,0.0,0.0,0.0,0.0,0.0,0.0,0.0,0.0,0.0,0.0,0.0,0.0,0.0,0.0,0.0,0.0,0.0,0.0,0.0,0.0,0.0
0.0,0.0,0.0,0.0,0.0,0.0,0.0,0.0,0.0,0.0,0.0,0.0,0,Rodrigo Ivan Diaz,cuenca,cuenca,delfin,6,0.0,0.0,0.0,0.0,0.0,0.0,0.0,0.0,0.0,0.0,0.0,0.0,0.0,0.0,0.0,0.0,0.0,0.0,0.0,0.0,0.0,0.0,0.0,0.0,0.0,0.0,0.0,0.0,0.0,0.0,0.0,0.0,0.0,0.0,0.0,0.0,0.0,0.0,0.0,0.0
0.0,0.0,0.0,0.0,0.0,0.0,0.0,0.0,0.0,0.0,0.0,0.0,0,Mayer Mendez,cuenca,cuenca,delfin,6,0.0,0.0,0.0,0.0,0.0,0.0,0.0,0.0,0.0,0.0,0.0,0.0,0.0,0.0,0.0,0.0,0.0,0.0,0.0,0.0,0.0,0.0,0.0,0.0,0.0,0.0,0.0,0.0,0.0,0.0,0.0,0.0,0.0,0.0,0.0,0.0,0.0,0.0,0.0,0.0
0.0,0.0,0.0,0.0,0.0,0.0,0.0,0.0,0.0,0.0,0.0,0.0,0,Francisco Mera,cuenca,cuenca,delfin,6,0.0,0.0,0.0,0.0,0.0,0.0,0.0,0.0,0.0,0.0,0.0,0.0,0.0,0.0,0.0,0.0,0.0,0.0,0.0,0.0,0.0,0.0,0.0,0.0,0.0,0.0,0.0,0.0,0.0,0.0,0.0,0.0,0.0,0.0,0.0,0.0,0.0,0.0,0.0,0.0
0.0,0.0,0.0,0.0,0.0,0.0,0.0,0.0,0.0,0.0,0.0,0.0,0,Jeremy Chacon,cuenca,cuenca,delfin,6,0.0,0.0,0.0,0.0,0.0,0.0,0.0,0.0,0.0,0.0,0.0,0.0,0.0,0.0,0.0,0.0,0.0,0.0,0.0,0.0,0.0,0.0,0.0,0.0,0.0,0.0,0.0,0.0,0.0,0.0,0.0,0.0,0.0,0.0,0.0,0.0,0.0,0.0,0.0,0.0
16.0,6.0,34.0,10.0,0.0,0.0,0.0,4.0,158.0,38.0,6.01,18.0,"{'original': 7.4, 'alternative': 7.2}",Brian Heras,delfin,cuenca,delfin,6,0.0,0.0,0.0,0.0,0.0,0.0,0.0,0.0,0.0,0.0,0.0,0.0,0.0,0.0,0.0,0.0,0.0,0.0,0.0,0.0,0.0,0.0,2.0,0.0,0.0,0.0,0.0,0.0,0.0,0.0,0.0,0.0,0.0,0.0,0.0,0.0,0.0,3.4177215189873418,0.0,0.0
16.0,12.0,2.0,0.0,0.0,0.0,0.0,0.0,28.0,66.0,8.39,6.0,"{'original': 7.2, 'alternative': 7.1}",Josué Cuero,delfin,cuenca,delfin,6,0.0,0.0,0.0,2.0,0.0,0.0,0.0,6.0,0.0,0.0,2.0,0.0,0.0,0.0,0.0,0.0,0.0,0.0,0.0,0.0,0.0,0.0,0.0,0.0,0.0,0.0,0.0,0.0,0.0,0.0,0.0,0.0,0.0,0.0,0.0,0.0,0.0,38.57142857142857,0.0,0.0
10.0,2.0,16.0,0.0,0.0,0.0,0.0,0.0,66.0,40.0,6.0,0.0,"{'original': 7, 'alternative': 7}",Nicolás Goitea,delfin,cuenca,delfin,6,0.0,0.0,2.0,0.0,0.0,0.0,0.0,4.0,0.0,0.0,0.0,0.0,0.0,2.0,0.0,0.0,0.0,0.0,0.0,0.0,0.0,0.0,0.0,0.0,0.0,0.0,0.0,0.0,0.0,0.0,0.0,0.0,0.0,0.0,0.0,0.0,0.0,2.7272727272727275,0.0,0.0
6.0,28.0,4.0,2.0,0.0,0.0,0.0,0.0,86.0,90.0,6.33,14.0,"{'original': 6.9, 'alternative': 6.6}",Juan Manuel Elordi,delfin,cuenca,delfin,6,0.0,0.0,0.0,0.0,0.0,0.0,0.0,0.0,0.0,0.0,0.0,0.0,0.0,0.0,0.0,0.0,0.0,0.0,0.0,0.0,0.0,0.0,0.0,0.0,0.0,0.0,0.0,0.0,0.0,0.0,0.0,0.0,0.0,0.0,0.0,0.0,0.0,29.30232558139535,0.0,0.0
10.0,6.0,0.0,0.0,6.0,0.0,0.0,0.0,154.0,30.0,5.8,2.0,"{'original': 6.7, 'alternative': 6.6}",Enzo Gaggi,delfin,cuenca,delfin,6,0.0,0.0,0.0,0.0,0.0,0.0,0.0,0.0,0.0,0.0,0.0,0.0,4.0,0.0,0.0,0.0,0.0,0.0,0.0,0.0,0.0,0.0,0.0,0.0,0.0,0.0,0.0,0.0,0.0,0.0,0.0,0.0,0.0,0.0,0.0,0.0,0.0,3.5064935064935066,0.0,0.0
2.0,4.0,0.0,0.0,0.0,0.0,0.0,0.0,4.0,0.0,5.34,2.0,"{'original': 6.4, 'alternative': 6.4}",Gianni Cagua,delfin,cuenca,delfin,6,0.0,0.0,0.0,2.0,0.0,0.0,0.0,0.0,0.0,0.0,0.0,0.0,0.0,0.0,0.0,0.0,0.0,0.0,0.0,0.0,0.0,0.0,0.0,0.0,0.0,0.0,0.0,0.0,0.0,0.0,0.0,0.0,0.0,0.0,0.0,0.0,0.0,90.0,0.0,0.0
4.0,0.0,0.0,0.0,2.0,0.0,0.0,0.0,4.0,6.0,2.0,0.0,"{'original': 7, 'alternative': 7}",Michael Mieles,delfin,cuenca,delfin,6,0.0,0.0,0.0,0.0,2.0,0.0,0.0,0.0,0.0,0.0,0.0,0.0,0.0,0.0,0.0,2.0,0.0,0.0,0.0,0.0,0.0,0.0,0.0,0.0,0.0,0.0,0.0,0.0,0.0,0.0,0.0,0.0,0.0,0.0,0.0,0.0,0.0,0.0,0.0,0.0
0.0,0.0,0.0,0.0,0.0,0.0,0.0,0.0,0.0,0.0,0.0,0.0,0,Jefferson Nazareno,delfin,cuenca,delfin,6,0.0,0.0,0.0,0.0,0.0,0.0,0.0,0.0,0.0,0.0,0.0,0.0,0.0,0.0,0.0,0.0,0.0,0.0,0.0,0.0,0.0,0.0,0.0,0.0,0.0,0.0,0.0,0.0,0.0,0.0,0.0,0.0,0.0,0.0,0.0,0.0,0.0,0.0,0.0,0.0
0.0,0.0,0.0,0.0,0.0,0.0,0.0,0.0,0.0,0.0,0.0,0.0,0,Luis Becerra,delfin,cuenca,delfin,6,0.0,0.0,0.0,0.0,0.0,0.0,0.0,0.0,0.0,0.0,0.0,0.0,0.0,0.0,0.0,0.0,0.0,0.0,0.0,0.0,0.0,0.0,0.0,0.0,0.0,0.0,0.0,0.0,0.0,0.0,0.0,0.0,0.0,0.0,0.0,0.0,0.0,0.0,0.0,0.0
0.0,0.0,0.0,0.0,0.0,0.0,0.0,0.0,0.0,0.0,0.0,0.0,0,Kevin Sambonino,delfin,cuenca,delfin,6,0.0,0.0,0.0,0.0,0.0,0.0,0.0,0.0,0.0,0.0,0.0,0.0,0.0,0.0,0.0,0.0,0.0,0.0,0.0,0.0,0.0,0.0,0.0,0.0,0.0,0.0,0.0,0.0,0.0,0.0,0.0,0.0,0.0,0.0,0.0,0.0,0.0,0.0,0.0,0.0
0.0,0.0,0.0,0.0,0.0,0.0,0.0,0.0,0.0,0.0,0.0,0.0,0,Mejia Marcos,delfin,cuenca,delfin,6,0.0,0.0,0.0,0.0,0.0,0.0,0.0,0.0,0.0,0.0,0.0,0.0,0.0,0.0,0.0,0.0,0.0,0.0,0.0,0.0,0.0,0.0,0.0,0.0,0.0,0.0,0.0,0.0,0.0,0.0,0.0,0.0,0.0,0.0,0.0,0.0,0.0,0.0,0.0,0.0
52.0,14.0,0.0,4.0,0.0,0.0,0.0,0.0,134.0,32.0,6.18,14.0,"{'original': 7.1, 'alternative': 6.9}",Darwin Suarez,cumbaya,cumbaya,nacional,6,0.0,0.0,0.0,0.0,0.0,0.0,0.0,2.0,0.0,0.0,0.0,0.0,0.0,0.0,0.0,0.0,0.0,0.0,0.0,0.0,0.0,0.0,0.0,0.0,0.0,0.0,0.0,0.0,0.0,0.0,0.0,0.0,0.0,0.0,0.0,0.0,0.0,9.402985074626866,0.0,0.0
52.0,16.0,4.0,0.0,6.0,0.0,0.0,0.0,152.0,64.0,6.72,18.0,"{'original': 7.1, 'alternative': 7.1}",Juan Carlos Paredes,cumbaya,cumbaya,nacional,6,0.0,0.0,0.0,4.0,0.0,0.0,0.0,0.0,0.0,0.0,2.0,0.0,0.0,0.0,0.0,0.0,0.0,0.0,0.0,0.0,0.0,0.0,0.0,0.0,0.0,0.0,0.0,0.0,0.0,0.0,0.0,0.0,0.0,0.0,0.0,0.0,0.0,9.473684210526315,0.0,0.0
56.0,0.0,6.0,2.0,0.0,2.0,0.0,0.0,36.0,46.0,7.86,0.0,"{'original': 6.7, 'alternative': 6.6}",Alejandro Altuna,cumbaya,cumbaya,nacional,6,0.0,0.0,0.0,0.0,0.0,0.0,0.0,6.0,0.0,0.0,0.0,0.0,0.0,4.0,0.0,0.0,0.0,0.0,0.0,0.0,0.0,0.0,0.0,0.0,0.0,0.0,0.0,0.0,0.0,0.0,0.0,0.0,0.0,0.0,0.0,0.0,0.0,0.0,0.0,0.0
10.0,2.0,0.0,0.0,6.0,0.0,0.0,0.0,48.0,6.0,8.63,14.0,"{'original': 7.3, 'alternative': 7.1}",Melvin Diaz,cumbaya,cumbaya,nacional,6,2.0,0.0,0.0,6.0,0.0,0.0,2.0,0.0,0.0,0.0,0.0,0.0,0.0,0.0,0.0,0.0,0.0,0.0,0.0,0.0,0.0,0.0,0.0,0.0,0.0,0.0,0.0,0.0,0.0,0.0,0.0,0.0,0.0,0.0,0.0,0.0,2.0,3.75,3.75,0.0
14.0,4.0,0.0,0.0,0.0,0.0,0.0,0.0,56.0,14.0,5.38,6.0,"{'original': 6.7, 'alternative': 6.7}",Rommel Tapia,cumbaya,cumbaya,nacional,6,0.0,0.0,0.0,0.0,0.0,0.0,0.0,0.0,0.0,0.0,0.0,0.0,0.0,0.0,0.0,2.0,0.0,0.0,0.0,0.0,0.0,0.0,0.0,0.0,0.0,0.0,0.0,0.0,0.0,0.0,0.0,0.0,0.0,0.0,0.0,0.0,0.0,6.428571428571428,0.0,0.0
6.0,0.0,0.0,0.0,4.0,0.0,0.0,0.0,30.0,4.0,0.0,0.0,"{'original': 7, 'alternative': 7}",Ariel Almagro,cumbaya,cumbaya,nacional,6,0.0,0.0,0.0,0.0,0.0,0.0,0.0,0.0,0.0,0.0,0.0,0.0,0.0,0.0,0.0,0.0,0.0,0.0,0.0,0.0,0.0,0.0,0.0,0.0,0.0,0.0,0.0,0.0,0.0,0.0,0.0,0.0,0.0,0.0,0.0,0.0,0.0,0.0,0.0,0.0
0.0,0.0,0.0,0.0,0.0,0.0,0.0,0.0,6.0,0.0,6.92,0.0,"{'original': 6.7, 'alternative': 6.7}",Bruno Quiñonez,cumbaya,cumbaya,nacional,6,0.0,0.0,0.0,0.0,0.0,0.0,0.0,0.0,0.0,0.0,0.0,0.0,0.0,0.0,0.0,0.0,0.0,0.0,0.0,0.0,0.0,0.0,0.0,0.0,0.0,0.0,0.0,0.0,0.0,0.0,0.0,0.0,0.0,0.0,0.0,0.0,0.0,0.0,0.0,0.0
0.0,0.0,0.0,0.0,0.0,0.0,0.0,0.0,0.0,0.0,0.0,0.0,0,Benjamin Cardenas,cumbaya,cumbaya,nacional,6,0.0,0.0,0.0,0.0,0.0,0.0,0.0,0.0,0.0,0.0,0.0,0.0,0.0,0.0,0.0,0.0,0.0,0.0,0.0,0.0,0.0,0.0,0.0,0.0,0.0,0.0,0.0,0.0,0.0,0.0,0.0,0.0,0.0,0.0,0.0,0.0,0.0,0.0,0.0,0.0
0.0,0.0,0.0,0.0,0.0,0.0,0.0,0.0,0.0,0.0,0.0,0.0,0,Franco Suárez,cumbaya,cumbaya,nacional,6,0.0,0.0,0.0,0.0,0.0,0.0,0.0,0.0,0.0,0.0,0.0,0.0,0.0,0.0,0.0,0.0,0.0,0.0,0.0,0.0,0.0,0.0,0.0,0.0,0.0,0.0,0.0,0.0,0.0,0.0,0.0,0.0,0.0,0.0,0.0,0.0,0.0,0.0,0.0,0.0
0.0,0.0,0.0,0.0,0.0,0.0,0.0,0.0,0.0,0.0,0.0,0.0,0,Alexander Gruezo,cumbaya,cumbaya,nacional,6,0.0,0.0,0.0,0.0,0.0,0.0,0.0,0.0,0.0,0.0,0.0,0.0,0.0,0.0,0.0,0.0,0.0,0.0,0.0,0.0,0.0,0.0,0.0,0.0,0.0,0.0,0.0,0.0,0.0,0.0,0.0,0.0,0.0,0.0,0.0,0.0,0.0,0.0,0.0,0.0
20.0,22.0,8.0,16.0,0.0,0.0,0.0,0.0,42.0,50.0,5.47,2.0,"{'original': 6.6, 'alternative': 6.3}",Leodan Chalá,nacional,cumbaya,nacional,6,0.0,0.0,0.0,0.0,0.0,0.0,0.0,0.0,0.0,0.0,0.0,0.0,0.0,0.0,0.0,0.0,0.0,0.0,0.0,0.0,0.0,0.0,0.0,0.0,0.0,0.0,0.0,0.0,0.0,0.0,0.0,0.0,0.0,0.0,0.0,0.0,0.0,47.142857142857146,0.0,0.0
32.0,16.0,8.0,0.0,4.0,0.0,0.0,0.0,94.0,28.0,7.25,10.0,"{'original': 6.6, 'alternative': 6.5}",Marcos Olmedo,nacional,cumbaya,nacional,6,0.0,0.0,0.0,0.0,2.0,0.0,0.0,0.0,0.0,0.0,0.0,0.0,4.0,0.0,0.0,0.0,0.0,0.0,0.0,0.0,0.0,0.0,0.0,0.0,0.0,0.0,0.0,0.0,0.0,0.0,0.0,0.0,0.0,0.0,0.0,0.0,0.0,15.319148936170212,0.0,0.0
2.0,14.0,0.0,0.0,2.0,0.0,0.0,0.0,64.0,28.0,6.0,0.0,"{'original': 7, 'alternative': 7.1}",Bryan Tana,nacional,cumbaya,nacional,6,0.0,0.0,0.0,2.0,0.0,0.0,0.0,0.0,0.0,0.0,0.0,0.0,0.0,0.0,0.0,2.0,0.0,0.0,0.0,0.0,0.0,0.0,0.0,0.0,0.0,0.0,0.0,0.0,0.0,0.0,0.0,0.0,0.0,0.0,0.0,0.0,0.0,19.6875,0.0,0.0
24.0,4.0,0.0,0.0,0.0,0.0,0.0,0.0,170.0,18.0,7.77,2.0,"{'original': 7.2, 'alternative': 7.1}",Antony Chere,nacional,cumbaya,nacional,6,0.0,0.0,8.0,8.0,0.0,0.0,4.0,0.0,0.0,0.0,0.0,0.0,2.0,4.0,0.0,2.0,0.0,0.0,0.0,0.0,0.0,0.0,0.0,0.0,0.0,0.0,0.0,0.0,0.0,0.0,0.0,0.0,0.0,0.0,0.0,0.0,4.0,2.1176470588235294,2.1176470588235294,0.0
0.0,8.0,0.0,0.0,0.0,0.0,0.0,0.0,64.0,10.0,5.74,16.0,"{'original': 7.1, 'alternative': 7.1}",Fidel Martínez,nacional,cumbaya,nacional,6,4.0,0.0,0.0,0.0,0.0,0.0,0.0,0.0,0.0,0.0,0.0,0.0,0.0,4.0,0.0,2.0,0.0,0.0,0.0,0.0,0.0,0.0,0.0,0.0,0.0,0.0,0.0,0.0,0.0,0.0,0.0,0.0,0.0,0.0,0.0,0.0,0.0,11.25,0.0,0.0
16.0,28.0,6.0,0.0,2.0,0.0,0.0,0.0,62.0,38.0,12.0,22.0,"{'original': 7, 'alternative': 6.9}",Charles Vélez,nacional,cumbaya,nacional,6,2.0,0.0,0.0,2.0,0.0,0.0,0.0,0.0,0.0,0.0,0.0,0.0,0.0,0.0,0.0,0.0,0.0,0.0,0.0,0.0,0.0,0.0,0.0,0.0,0.0,0.0,0.0,0.0,0.0,0.0,0.0,0.0,0.0,0.0,0.0,0.0,0.0,40.64516129032258,0.0,0.0
2.0,0.0,2.0,0.0,0.0,0.0,0.0,0.0,12.0,14.0,6.23,2.0,"{'original': 5.6, 'alternative': 5.8}",Josué Chala,nacional,cumbaya,nacional,6,0.0,0.0,0.0,0.0,0.0,0.0,0.0,0.0,0.0,0.0,0.0,0.0,0.0,0.0,0.0,0.0,0.0,0.0,0.0,0.0,0.0,0.0,0.0,0.0,0.0,0.0,0.0,0.0,0.0,0.0,0.0,0.0,0.0,0.0,0.0,0.0,0.0,0.0,0.0,0.0
0.0,0.0,0.0,0.0,0.0,0.0,0.0,0.0,0.0,0.0,0.0,0.0,0,David Cabezas,nacional,cumbaya,nacional,6,0.0,0.0,0.0,0.0,0.0,0.0,0.0,0.0,0.0,0.0,0.0,0.0,0.0,0.0,0.0,0.0,0.0,0.0,0.0,0.0,0.0,0.0,0.0,0.0,0.0,0.0,0.0,0.0,0.0,0.0,0.0,0.0,0.0,0.0,0.0,0.0,0.0,0.0,0.0,0.0
0.0,0.0,0.0,0.0,0.0,0.0,0.0,0.0,0.0,0.0,0.0,0.0,0,Luis Gomez,nacional,cumbaya,nacional,6,0.0,0.0,0.0,0.0,0.0,0.0,0.0,0.0,0.0,0.0,0.0,0.0,0.0,0.0,0.0,0.0,0.0,0.0,0.0,0.0,0.0,0.0,0.0,0.0,0.0,0.0,0.0,0.0,0.0,0.0,0.0,0.0,0.0,0.0,0.0,0.0,0.0,0.0,0.0,0.0
0.0,0.0,0.0,0.0,0.0,0.0,0.0,0.0,0.0,0.0,0.0,0.0,0,Manu Balda,nacional,cumbaya,nacional,6,0.0,0.0,0.0,0.0,0.0,0.0,0.0,0.0,0.0,0.0,0.0,0.0,0.0,0.0,0.0,0.0,0.0,0.0,0.0,0.0,0.0,0.0,0.0,0.0,0.0,0.0,0.0,0.0,0.0,0.0,0.0,0.0,0.0,0.0,0.0,0.0,0.0,0.0,0.0,0.0
0.0,0.0,0.0,0.0,0.0,0.0,0.0,0.0,0.0,0.0,0.0,0.0,0,Jhoel Maya,nacional,cumbaya,nacional,6,0.0,0.0,0.0,0.0,0.0,0.0,0.0,0.0,0.0,0.0,0.0,0.0,0.0,0.0,0.0,0.0,0.0,0.0,0.0,0.0,0.0,0.0,0.0,0.0,0.0,0.0,0.0,0.0,0.0,0.0,0.0,0.0,0.0,0.0,0.0,0.0,0.0,0.0,0.0,0.0
0.0,0.0,0.0,0.0,0.0,0.0,0.0,0.0,0.0,0.0,0.0,0.0,0,Jonathan Borja,nacional,cumbaya,nacional,6,0.0,0.0,0.0,0.0,0.0,0.0,0.0,0.0,0.0,0.0,0.0,0.0,0.0,0.0,0.0,0.0,0.0,0.0,0.0,0.0,0.0,0.0,0.0,0.0,0.0,0.0,0.0,0.0,0.0,0.0,0.0,0.0,0.0,0.0,0.0,0.0,0.0,0.0,0.0,0.0
42.0,6.0,4.0,8.0,0.0,0.0,2.0,2.0,92.0,68.0,7.86,4.0,"{'original': 7.5, 'alternative': 7.6}",Pedro Ortiz,emelec,emelec,independiente,6,0.0,0.0,0.0,0.0,0.0,0.0,0.0,0.0,0.0,0.0,0.0,0.0,0.0,0.0,0.0,0.0,0.0,0.0,0.0,0.0,0.0,0.0,0.0,0.0,0.0,0.0,0.0,0.0,0.0,0.0,0.0,0.0,0.0,0.0,0.0,0.0,0.0,5.869565217391304,0.0,0.0
36.0,50.0,0.0,4.0,0.0,0.0,0.0,0.0,84.0,2.0,7.55,4.0,"{'original': 6.6, 'alternative': 6.4}",Cristian Erbes,emelec,emelec,independiente,6,0.0,0.0,0.0,2.0,0.0,0.0,0.0,0.0,0.0,0.0,0.0,2.0,2.0,0.0,0.0,0.0,0.0,0.0,0.0,0.0,0.0,0.0,0.0,0.0,0.0,0.0,0.0,0.0,0.0,0.0,0.0,0.0,0.0,0.0,0.0,0.0,0.0,53.57142857142857,0.0,0.0
26.0,12.0,0.0,4.0,0.0,0.0,0.0,0.0,48.0,54.0,7.92,14.0,"{'original': 6.7, 'alternative': 6.5}",Washington Corozo,emelec,emelec,independiente,6,0.0,0.0,0.0,6.0,0.0,0.0,0.0,0.0,0.0,0.0,0.0,0.0,6.0,2.0,0.0,0.0,2.0,0.0,0.0,0.0,0.0,0.0,0.0,0.0,0.0,0.0,0.0,0.0,0.0,0.0,0.0,0.0,0.0,0.0,0.0,0.0,0.0,22.5,0.0,0.0
4.0,0.0,0.0,0.0,14.0,4.0,0.0,0.0,154.0,4.0,8.72,6.0,"{'original': 7.3, 'alternative': 7.2}",Facundo Castelli,emelec,emelec,independiente,6,0.0,0.0,0.0,0.0,0.0,2.0,0.0,0.0,0.0,0.0,0.0,0.0,0.0,2.0,0.0,0.0,0.0,0.0,0.0,0.0,0.0,0.0,0.0,0.0,0.0,0.0,0.0,0.0,0.0,0.0,0.0,0.0,0.0,0.0,0.0,0.0,0.0,0.0,0.0,0.0
0.0,2.0,0.0,0.0,0.0,0.0,0.0,0.0,10.0,6.0,6.59,0.0,"{'original': 6.4, 'alternative': 6.4}",Tommy Chamba,emelec,emelec,independiente,6,0.0,0.0,0.0,0.0,0.0,0.0,0.0,0.0,0.0,0.0,0.0,0.0,0.0,0.0,0.0,0.0,0.0,0.0,0.0,0.0,0.0,0.0,0.0,0.0,0.0,0.0,0.0,0.0,0.0,0.0,0.0,0.0,0.0,0.0,0.0,0.0,0.0,18.0,0.0,0.0
0.0,2.0,0.0,0.0,0.0,0.0,0.0,0.0,24.0,0.0,6.64,0.0,"{'original': 6.5, 'alternative': 6.4}",Alexander González,emelec,emelec,independiente,6,0.0,0.0,0.0,0.0,0.0,0.0,0.0,0.0,0.0,0.0,0.0,0.0,0.0,0.0,0.0,0.0,0.0,0.0,0.0,0.0,0.0,0.0,0.0,0.0,0.0,0.0,0.0,0.0,0.0,0.0,0.0,0.0,0.0,0.0,0.0,0.0,0.0,7.5,0.0,0.0
0.0,0.0,0.0,0.0,0.0,0.0,0.0,0.0,14.0,0.0,6.17,0.0,"{'original': 6.7, 'alternative': 6.7}",Jaime Ayoví,emelec,emelec,independiente,6,0.0,0.0,2.0,2.0,0.0,0.0,0.0,0.0,0.0,0.0,0.0,0.0,0.0,0.0,0.0,0.0,0.0,0.0,0.0,0.0,0.0,0.0,0.0,0.0,0.0,0.0,0.0,0.0,0.0,0.0,0.0,0.0,0.0,0.0,0.0,0.0,0.0,0.0,0.0,0.0
0.0,0.0,0.0,0.0,0.0,0.0,0.0,0.0,0.0,0.0,0.0,0.0,0,Gilmar Napa,emelec,emelec,independiente,6,0.0,0.0,0.0,0.0,0.0,0.0,0.0,0.0,0.0,0.0,0.0,0.0,0.0,0.0,0.0,0.0,0.0,0.0,0.0,0.0,0.0,0.0,0.0,0.0,0.0,0.0,0.0,0.0,0.0,0.0,0.0,0.0,0.0,0.0,0.0,0.0,0.0,0.0,0.0,0.0
0.0,0.0,0.0,0.0,0.0,0.0,0.0,0.0,0.0,0.0,0.0,0.0,0,Ronny Borja,emelec,emelec,independiente,6,0.0,0.0,0.0,0.0,0.0,0.0,0.0,0.0,0.0,0.0,0.0,0.0,0.0,0.0,0.0,0.0,0.0,0.0,0.0,0.0,0.0,0.0,0.0,0.0,0.0,0.0,0.0,0.0,0.0,0.0,0.0,0.0,0.0,0.0,0.0,0.0,0.0,0.0,0.0,0.0
0.0,0.0,0.0,0.0,0.0,0.0,0.0,0.0,0.0,0.0,0.0,0.0,0,Roberto Garcés,emelec,emelec,independiente,6,0.0,0.0,0.0,0.0,0.0,0.0,0.0,0.0,0.0,0.0,0.0,0.0,0.0,0.0,0.0,0.0,0.0,0.0,0.0,0.0,0.0,0.0,0.0,0.0,0.0,0.0,0.0,0.0,0.0,0.0,0.0,0.0,0.0,0.0,0.0,0.0,0.0,0.0,0.0,0.0
0.0,0.0,0.0,0.0,0.0,0.0,0.0,0.0,0.0,0.0,0.0,0.0,0,Cristhian Valencia,emelec,emelec,independiente,6,0.0,0.0,0.0,0.0,0.0,0.0,0.0,0.0,0.0,0.0,0.0,0.0,0.0,0.0,0.0,0.0,0.0,0.0,0.0,0.0,0.0,0.0,0.0,0.0,0.0,0.0,0.0,0.0,0.0,0.0,0.0,0.0,0.0,0.0,0.0,0.0,0.0,0.0,0.0,0.0
0.0,0.0,0.0,0.0,0.0,0.0,0.0,0.0,0.0,0.0,0.0,0.0,0,Andrés Ricaurte,emelec,emelec,independiente,6,0.0,0.0,0.0,0.0,0.0,0.0,0.0,0.0,0.0,0.0,0.0,0.0,0.0,0.0,0.0,0.0,0.0,0.0,0.0,0.0,0.0,0.0,0.0,0.0,0.0,0.0,0.0,0.0,0.0,0.0,0.0,0.0,0.0,0.0,0.0,0.0,0.0,0.0,0.0,0.0
10.0,6.0,4.0,4.0,0.0,0.0,0.0,0.0,144.0,10.0,7.49,8.0,"{'original': 7.1, 'alternative': 7.2}",Moisés Ramírez,independiente,emelec,independiente,6,0.0,0.0,0.0,0.0,0.0,0.0,0.0,0.0,0.0,0.0,0.0,0.0,0.0,0.0,0.0,0.0,0.0,0.0,0.0,0.0,0.0,0.0,0.0,0.0,0.0,0.0,0.0,0.0,0.0,0.0,0.0,0.0,0.0,0.0,0.0,0.0,0.0,3.75,0.0,0.0
28.0,52.0,10.0,2.0,8.0,2.0,0.0,0.0,148.0,12.0,6.65,10.0,"{'original': 7.1, 'alternative': 7}",Mateo Carabajal,independiente,emelec,independiente,6,0.0,0.0,0.0,4.0,0.0,0.0,0.0,0.0,0.0,0.0,2.0,0.0,2.0,0.0,0.0,0.0,0.0,0.0,0.0,0.0,0.0,0.0,0.0,0.0,0.0,0.0,0.0,0.0,0.0,0.0,0.0,0.0,0.0,0.0,0.0,0.0,0.0,31.621621621621625,0.0,0.0
98.0,10.0,16.0,8.0,4.0,0.0,0.0,0.0,78.0,48.0,6.71,8.0,"{'original': 7.4, 'alternative': 7.4}",Richard Schunke,independiente,emelec,independiente,6,0.0,0.0,2.0,2.0,0.0,0.0,0.0,4.0,0.0,2.0,0.0,0.0,0.0,0.0,0.0,0.0,0.0,0.0,0.0,0.0,0.0,0.0,0.0,0.0,0.0,0.0,0.0,0.0,0.0,0.0,0.0,0.0,0.0,0.0,0.0,0.0,0.0,11.538461538461537,0.0,0.0
26.0,64.0,0.0,0.0,8.0,0.0,0.0,0.0,128.0,28.0,8.6,16.0,"{'original': 7.5, 'alternative': 7.4}",Kendry Páez,independiente,emelec,independiente,6,2.0,0.0,0.0,0.0,2.0,4.0,0.0,0.0,0.0,0.0,0.0,0.0,0.0,0.0,0.0,2.0,0.0,0.0,0.0,0.0,0.0,0.0,0.0,0.0,0.0,0.0,0.0,0.0,0.0,0.0,0.0,0.0,0.0,0.0,0.0,0.0,0.0,45.0,0.0,0.0
34.0,58.0,0.0,2.0,10.0,0.0,0.0,0.0,136.0,74.0,6.37,14.0,"{'original': 7.3, 'alternative': 7.1}",Joao Ortíz,independiente,emelec,independiente,6,0.0,0.0,2.0,0.0,4.0,0.0,0.0,0.0,0.0,0.0,0.0,0.0,0.0,0.0,0.0,0.0,0.0,0.0,0.0,2.0,0.0,0.0,0.0,0.0,0.0,0.0,0.0,0.0,0.0,0.0,0.0,0.0,0.0,0.0,0.0,0.0,0.0,38.38235294117647,0.0,0.0
16.0,44.0,2.0,6.0,6.0,0.0,0.0,0.0,24.0,118.0,6.88,10.0,"{'original': 7.9, 'alternative': 7.6}",Cristian Zabala,independiente,emelec,independiente,6,2.0,0.0,0.0,0.0,0.0,0.0,2.0,0.0,0.0,0.0,0.0,0.0,0.0,0.0,0.0,0.0,0.0,0.0,0.0,0.0,0.0,0.0,0.0,0.0,0.0,0.0,0.0,0.0,0.0,0.0,0.0,0.0,0.0,0.0,0.0,0.0,2.0,165.0,7.5,0.0
18.0,0.0,0.0,0.0,0.0,0.0,0.0,0.0,36.0,20.0,7.6,2.0,"{'original': 6.9, 'alternative': 6.8}",Michael Hoyos,independiente,emelec,independiente,6,0.0,0.0,0.0,0.0,0.0,0.0,0.0,0.0,0.0,0.0,0.0,0.0,0.0,0.0,0.0,0.0,0.0,0.0,0.0,0.0,0.0,0.0,0.0,0.0,0.0,0.0,0.0,0.0,0.0,0.0,0.0,0.0,0.0,0.0,0.0,0.0,0.0,0.0,0.0,0.0
0.0,2.0,0.0,0.0,0.0,0.0,0.0,0.0,20.0,0.0,7.39,6.0,"{'original': 6.7, 'alternative': 6.6}",Renzo López,independiente,emelec,independiente,6,0.0,0.0,0.0,0.0,0.0,0.0,0.0,0.0,0.0,0.0,0.0,0.0,0.0,0.0,0.0,0.0,0.0,0.0,0.0,0.0,0.0,0.0,0.0,0.0,0.0,0.0,4.0,0.0,0.0,0.0,0.0,0.0,0.0,0.0,0.0,0.0,0.0,9.0,0.0,0.0
0.0,0.0,0.0,0.0,0.0,0.0,0.0,0.0,0.0,0.0,0.0,0.0,0,Guido Villar,independiente,emelec,independiente,6,0.0,0.0,0.0,0.0,0.0,0.0,0.0,0.0,0.0,0.0,0.0,0.0,0.0,0.0,0.0,0.0,0.0,0.0,0.0,0.0,0.0,0.0,0.0,0.0,0.0,0.0,0.0,0.0,0.0,0.0,0.0,0.0,0.0,0.0,0.0,0.0,0.0,0.0,0.0,0.0
0.0,0.0,0.0,0.0,0.0,0.0,0.0,0.0,0.0,0.0,0.0,0.0,0,Luis Felipe Zárate,independiente,emelec,independiente,6,0.0,0.0,0.0,0.0,0.0,0.0,0.0,0.0,0.0,0.0,0.0,0.0,0.0,0.0,0.0,0.0,0.0,0.0,0.0,0.0,0.0,0.0,0.0,0.0,0.0,0.0,0.0,0.0,0.0,0.0,0.0,0.0,0.0,0.0,0.0,0.0,0.0,0.0,0.0,0.0
0.0,0.0,0.0,0.0,0.0,0.0,0.0,0.0,0.0,0.0,0.0,0.0,0,Jhonatan De la Cruz,independiente,emelec,independiente,6,0.0,0.0,0.0,0.0,0.0,0.0,0.0,0.0,0.0,0.0,0.0,0.0,0.0,0.0,0.0,0.0,0.0,0.0,0.0,0.0,0.0,0.0,0.0,0.0,0.0,0.0,0.0,0.0,0.0,0.0,0.0,0.0,0.0,0.0,0.0,0.0,0.0,0.0,0.0,0.0
34.0,12.0,20.0,4.0,0.0,0.0,0.0,2.0,156.0,28.0,7.99,24.0,"{'original': 6.9, 'alternative': 7.1}",Eduardo Bores,libertad,libertad,tecnico,6,0.0,0.0,0.0,0.0,0.0,0.0,0.0,0.0,0.0,0.0,0.0,0.0,0.0,0.0,0.0,0.0,0.0,0.0,0.0,0.0,0.0,0.0,0.0,0.0,0.0,0.0,0.0,0.0,0.0,0.0,0.0,0.0,0.0,0.0,0.0,0.0,0.0,6.923076923076923,0.0,0.0
72.0,14.0,6.0,2.0,12.0,0.0,0.0,0.0,114.0,2.0,7.46,0.0,"{'original': 7.2, 'alternative': 7.2}",Bryan Caicedo,libertad,libertad,tecnico,6,0.0,0.0,2.0,0.0,0.0,0.0,0.0,2.0,0.0,0.0,2.0,0.0,0.0,4.0,0.0,0.0,0.0,0.0,0.0,0.0,0.0,0.0,0.0,0.0,0.0,0.0,0.0,0.0,0.0,0.0,0.0,0.0,0.0,0.0,0.0,0.0,0.0,11.052631578947368,0.0,0.0
32.0,10.0,0.0,0.0,6.0,0.0,0.0,0.0,46.0,60.0,5.47,0.0,"{'original': 6.7, 'alternative': 6.7}",Denilson Bolanos,libertad,libertad,tecnico,6,2.0,0.0,0.0,0.0,0.0,0.0,0.0,0.0,0.0,0.0,0.0,0.0,0.0,0.0,0.0,0.0,0.0,0.0,0.0,0.0,0.0,0.0,0.0,0.0,0.0,0.0,0.0,0.0,0.0,0.0,0.0,0.0,0.0,0.0,0.0,0.0,0.0,19.565217391304348,0.0,0.0
54.0,8.0,4.0,2.0,0.0,2.0,0.0,0.0,20.0,76.0,2.0,4.0,"{'original': 7, 'alternative': 6.8}",Andrés Felipe Ávila,libertad,libertad,tecnico,6,2.0,0.0,0.0,4.0,2.0,0.0,0.0,0.0,0.0,0.0,2.0,0.0,2.0,0.0,0.0,0.0,0.0,0.0,0.0,0.0,0.0,0.0,0.0,0.0,0.0,0.0,0.0,0.0,0.0,0.0,0.0,0.0,0.0,0.0,0.0,0.0,0.0,36.0,0.0,0.0
8.0,16.0,2.0,0.0,4.0,6.0,0.0,0.0,20.0,50.0,6.17,8.0,"{'original': 7.7, 'alternative': 7.6}",Ivan Zambrano,libertad,libertad,tecnico,6,0.0,0.0,0.0,0.0,6.0,6.0,0.0,0.0,0.0,0.0,4.0,0.0,0.0,2.0,0.0,0.0,0.0,0.0,0.0,0.0,0.0,0.0,0.0,0.0,0.0,0.0,0.0,0.0,0.0,0.0,0.0,0.0,0.0,0.0,0.0,0.0,0.0,72.0,0.0,0.0
14.0,2.0,0.0,0.0,2.0,0.0,0.0,0.0,110.0,4.0,6.41,10.0,"{'original': 6.8, 'alternative': 6.7}",Diego Ávila,libertad,libertad,tecnico,6,0.0,0.0,2.0,4.0,0.0,0.0,0.0,0.0,0.0,0.0,0.0,0.0,0.0,0.0,0.0,0.0,0.0,0.0,0.0,0.0,0.0,0.0,0.0,0.0,0.0,0.0,0.0,0.0,0.0,0.0,0.0,0.0,0.0,0.0,0.0,0.0,0.0,1.6363636363636362,0.0,0.0
10.0,0.0,0.0,0.0,0.0,0.0,0.0,0.0,42.0,12.0,5.96,2.0,"{'original': 6.7, 'alternative': 6.6}",Tobías Donsanti,libertad,libertad,tecnico,6,0.0,0.0,2.0,0.0,0.0,0.0,0.0,0.0,0.0,0.0,0.0,0.0,0.0,0.0,0.0,0.0,0.0,0.0,0.0,0.0,0.0,0.0,0.0,0.0,0.0,0.0,0.0,0.0,0.0,0.0,0.0,0.0,0.0,0.0,0.0,0.0,0.0,0.0,0.0,0.0
4.0,6.0,0.0,0.0,0.0,2.0,0.0,0.0,84.0,20.0,12.0,8.0,"{'original': 7, 'alternative': 7}",Jonny Uchuari,libertad,libertad,tecnico,6,0.0,0.0,0.0,8.0,4.0,0.0,0.0,0.0,0.0,0.0,0.0,0.0,0.0,0.0,0.0,2.0,0.0,0.0,0.0,0.0,0.0,0.0,0.0,0.0,0.0,0.0,0.0,0.0,0.0,0.0,0.0,0.0,0.0,0.0,0.0,0.0,0.0,6.428571428571428,0.0,0.0
2.0,0.0,0.0,0.0,0.0,0.0,0.0,0.0,22.0,8.0,6.18,2.0,"{'original': 6.7, 'alternative': 6.8}",Richard Farias,libertad,libertad,tecnico,6,0.0,0.0,0.0,0.0,0.0,0.0,0.0,0.0,0.0,0.0,0.0,0.0,0.0,0.0,0.0,0.0,0.0,0.0,0.0,0.0,0.0,0.0,0.0,0.0,0.0,0.0,0.0,0.0,0.0,0.0,0.0,0.0,0.0,0.0,0.0,0.0,0.0,0.0,0.0,0.0
4.0,4.0,0.0,0.0,0.0,0.0,0.0,0.0,4.0,8.0,5.74,0.0,"{'original': 6.7, 'alternative': 6.6}",Leandro Basan,libertad,libertad,tecnico,6,0.0,0.0,6.0,2.0,0.0,0.0,0.0,0.0,0.0,0.0,0.0,0.0,0.0,0.0,0.0,0.0,0.0,0.0,0.0,0.0,0.0,0.0,0.0,0.0,0.0,0.0,0.0,0.0,0.0,0.0,0.0,0.0,0.0,0.0,0.0,0.0,0.0,90.0,0.0,0.0
0.0,0.0,0.0,0.0,0.0,0.0,0.0,0.0,0.0,0.0,0.0,0.0,0,Jhon Huilca,libertad,libertad,tecnico,6,0.0,0.0,0.0,0.0,0.0,0.0,0.0,0.0,0.0,0.0,0.0,0.0,0.0,0.0,0.0,0.0,0.0,0.0,0.0,0.0,0.0,0.0,0.0,0.0,0.0,0.0,0.0,0.0,0.0,0.0,0.0,0.0,0.0,0.0,0.0,0.0,0.0,0.0,0.0,0.0
0.0,0.0,0.0,0.0,0.0,0.0,0.0,0.0,0.0,0.0,0.0,0.0,0,Richard Borja,libertad,libertad,tecnico,6,0.0,0.0,0.0,0.0,0.0,0.0,0.0,0.0,0.0,0.0,0.0,0.0,0.0,0.0,0.0,0.0,0.0,0.0,0.0,0.0,0.0,0.0,0.0,0.0,0.0,0.0,0.0,0.0,0.0,0.0,0.0,0.0,0.0,0.0,0.0,0.0,0.0,0.0,0.0,0.0
52.0,22.0,4.0,10.0,0.0,0.0,0.0,0.0,58.0,26.0,6.74,2.0,"{'original': 6.8, 'alternative': 6.8}",Walter Chavez,tecnico,libertad,tecnico,6,0.0,0.0,0.0,0.0,0.0,0.0,0.0,0.0,0.0,0.0,0.0,0.0,0.0,0.0,0.0,0.0,0.0,0.0,0.0,0.0,0.0,0.0,0.0,0.0,0.0,0.0,0.0,0.0,0.0,0.0,0.0,0.0,0.0,0.0,0.0,0.0,0.0,34.137931034482754,0.0,0.0
26.0,10.0,2.0,2.0,8.0,0.0,0.0,0.0,68.0,18.0,5.86,4.0,"{'original': 6.8, 'alternative': 6.6}",Elvis Patta,tecnico,libertad,tecnico,6,4.0,0.0,0.0,6.0,0.0,0.0,0.0,0.0,0.0,0.0,4.0,0.0,0.0,0.0,0.0,0.0,2.0,0.0,0.0,0.0,0.0,0.0,0.0,0.0,0.0,0.0,0.0,0.0,0.0,0.0,0.0,0.0,0.0,0.0,0.0,0.0,0.0,13.23529411764706,0.0,0.0
22.0,6.0,0.0,0.0,0.0,0.0,0.0,0.0,28.0,20.0,5.83,2.0,"{'original': 6.8, 'alternative': 6.7}",Alex Mendoza,tecnico,libertad,tecnico,6,0.0,0.0,0.0,8.0,0.0,0.0,0.0,0.0,0.0,0.0,0.0,0.0,0.0,0.0,0.0,0.0,0.0,0.0,0.0,0.0,0.0,0.0,0.0,0.0,0.0,0.0,0.0,0.0,0.0,0.0,0.0,0.0,0.0,0.0,0.0,0.0,0.0,19.285714285714285,0.0,0.0
6.0,6.0,0.0,0.0,8.0,0.0,0.0,0.0,82.0,2.0,5.63,18.0,"{'original': 6.5, 'alternative': 6.5}",Rodrigo Ruiz Díaz,tecnico,libertad,tecnico,6,0.0,0.0,4.0,6.0,0.0,0.0,0.0,0.0,0.0,0.0,0.0,0.0,0.0,0.0,0.0,0.0,0.0,0.0,0.0,0.0,0.0,0.0,0.0,0.0,0.0,0.0,0.0,0.0,0.0,0.0,0.0,0.0,0.0,0.0,0.0,0.0,0.0,6.585365853658536,0.0,0.0
32.0,0.0,2.0,0.0,0.0,0.0,0.0,0.0,96.0,0.0,5.58,22.0,"{'original': 6.8, 'alternative': 6.8}",Diego Armas,tecnico,libertad,tecnico,6,4.0,0.0,0.0,2.0,0.0,0.0,0.0,0.0,0.0,0.0,0.0,0.0,0.0,0.0,0.0,0.0,0.0,0.0,0.0,0.0,0.0,0.0,0.0,0.0,0.0,0.0,0.0,0.0,0.0,0.0,0.0,0.0,0.0,0.0,0.0,0.0,0.0,0.0,0.0,0.0
12.0,10.0,0.0,0.0,0.0,2.0,0.0,0.0,76.0,34.0,7.09,2.0,"{'original': 6.4, 'alternative': 6.3}",Anderson Naula,tecnico,libertad,tecnico,6,0.0,0.0,0.0,6.0,0.0,0.0,0.0,0.0,0.0,0.0,0.0,0.0,4.0,0.0,0.0,0.0,0.0,0.0,0.0,0.0,0.0,0.0,0.0,0.0,0.0,0.0,0.0,0.0,0.0,0.0,0.0,0.0,0.0,0.0,0.0,0.0,0.0,11.842105263157894,0.0,0.0
4.0,2.0,0.0,0.0,0.0,0.0,0.0,0.0,50.0,4.0,7.73,0.0,"{'original': 6.6, 'alternative': 6.6}",Gastón Poncet,tecnico,libertad,tecnico,6,0.0,0.0,2.0,0.0,0.0,0.0,0.0,0.0,0.0,0.0,0.0,0.0,0.0,0.0,0.0,0.0,0.0,0.0,0.0,0.0,0.0,0.0,0.0,0.0,0.0,0.0,0.0,0.0,0.0,0.0,0.0,0.0,0.0,0.0,0.0,0.0,0.0,3.6,0.0,0.0
14.0,22.0,0.0,0.0,2.0,0.0,0.0,0.0,38.0,16.0,6.03,2.0,"{'original': 6.7, 'alternative': 6.7}",Juan Jimenez,tecnico,libertad,tecnico,6,0.0,0.0,0.0,0.0,0.0,0.0,0.0,0.0,0.0,0.0,0.0,0.0,0.0,0.0,0.0,0.0,0.0,0.0,0.0,0.0,0.0,0.0,0.0,0.0,0.0,0.0,0.0,0.0,0.0,0.0,0.0,0.0,0.0,0.0,0.0,0.0,0.0,52.10526315789474,0.0,0.0
0.0,0.0,0.0,0.0,0.0,0.0,0.0,0.0,0.0,0.0,0.0,0.0,0,John Mero,tecnico,libertad,tecnico,6,0.0,0.0,0.0,0.0,0.0,0.0,0.0,0.0,0.0,0.0,0.0,0.0,0.0,0.0,0.0,0.0,0.0,0.0,0.0,0.0,0.0,0.0,0.0,0.0,0.0,0.0,0.0,0.0,0.0,0.0,0.0,0.0,0.0,0.0,0.0,0.0,0.0,0.0,0.0,0.0
0.0,0.0,0.0,0.0,0.0,0.0,0.0,0.0,0.0,0.0,0.0,0.0,0,Jose Cazares,tecnico,libertad,tecnico,6,0.0,0.0,0.0,0.0,0.0,0.0,0.0,0.0,0.0,0.0,0.0,0.0,0.0,0.0,0.0,0.0,0.0,0.0,0.0,0.0,0.0,0.0,0.0,0.0,0.0,0.0,0.0,0.0,0.0,0.0,0.0,0.0,0.0,0.0,0.0,0.0,0.0,0.0,0.0,0.0
0.0,0.0,0.0,0.0,0.0,0.0,0.0,0.0,0.0,0.0,0.0,0.0,0,Jason Folleco,tecnico,libertad,tecnico,6,0.0,0.0,0.0,0.0,0.0,0.0,0.0,0.0,0.0,0.0,0.0,0.0,0.0,0.0,0.0,0.0,0.0,0.0,0.0,0.0,0.0,0.0,0.0,0.0,0.0,0.0,0.0,0.0,0.0,0.0,0.0,0.0,0.0,0.0,0.0,0.0,0.0,0.0,0.0,0.0
24.0,16.0,8.0,2.0,0.0,0.0,0.0,2.0,8.0,10.0,6.23,6.0,"{'original': 7.3, 'alternative': 7.5}",Alexander Domínguez,liga,liga,imbabura,6,0.0,0.0,0.0,0.0,0.0,0.0,0.0,0.0,0.0,0.0,0.0,0.0,0.0,0.0,0.0,0.0,0.0,0.0,0.0,0.0,0.0,0.0,0.0,0.0,0.0,0.0,0.0,0.0,0.0,0.0,0.0,0.0,0.0,0.0,0.0,0.0,0.0,180.0,0.0,0.0
16.0,88.0,12.0,10.0,2.0,0.0,0.0,0.0,64.0,20.0,7.33,12.0,"{'original': 7.7, 'alternative': 7.6}",Leonel Quiñónez,liga,liga,imbabura,6,0.0,0.0,0.0,0.0,0.0,0.0,0.0,0.0,0.0,0.0,0.0,0.0,0.0,0.0,0.0,0.0,0.0,0.0,0.0,0.0,0.0,0.0,0.0,0.0,0.0,0.0,0.0,0.0,0.0,0.0,0.0,0.0,0.0,0.0,0.0,0.0,0.0,123.75,0.0,0.0
16.0,10.0,0.0,0.0,6.0,0.0,0.0,0.0,58.0,22.0,7.2,10.0,"{'original': 7.8, 'alternative': 7.5}",Luis Estupiñan,liga,liga,imbabura,6,0.0,0.0,0.0,12.0,0.0,0.0,0.0,0.0,0.0,0.0,2.0,0.0,2.0,0.0,0.0,0.0,2.0,0.0,0.0,0.0,2.0,0.0,0.0,0.0,0.0,0.0,0.0,0.0,0.0,0.0,0.0,0.0,0.0,0.0,0.0,0.0,0.0,15.517241379310345,0.0,0.0
12.0,60.0,0.0,0.0,0.0,0.0,0.0,0.0,64.0,22.0,6.12,2.0,"{'original': 7.4, 'alternative': 7.5}",Ezequiel Piovi,liga,liga,imbabura,6,2.0,0.0,0.0,0.0,0.0,0.0,0.0,0.0,0.0,0.0,0.0,2.0,0.0,0.0,0.0,0.0,0.0,0.0,0.0,0.0,0.0,0.0,0.0,0.0,0.0,0.0,0.0,0.0,0.0,0.0,0.0,0.0,0.0,0.0,0.0,0.0,0.0,84.375,0.0,0.0
82.0,20.0,4.0,2.0,2.0,0.0,0.0,0.0,114.0,54.0,7.12,2.0,"{'original': 7.2, 'alternative': 7.1}",Joseph Espinoza,liga,liga,imbabura,6,0.0,0.0,0.0,2.0,0.0,0.0,0.0,0.0,2.0,0.0,0.0,0.0,0.0,0.0,0.0,0.0,0.0,0.0,0.0,0.0,0.0,0.0,0.0,0.0,0.0,0.0,0.0,0.0,0.0,0.0,0.0,0.0,0.0,0.0,0.0,0.0,0.0,15.789473684210526,0.0,0.0
34.0,10.0,0.0,0.0,6.0,4.0,0.0,0.0,66.0,12.0,5.91,2.0,"{'original': 6.8, 'alternative': 6.5}",Alexander Alvarado,liga,liga,imbabura,6,0.0,0.0,0.0,6.0,0.0,0.0,0.0,0.0,0.0,0.0,0.0,0.0,0.0,0.0,0.0,0.0,2.0,0.0,0.0,0.0,0.0,0.0,0.0,0.0,0.0,0.0,0.0,0.0,0.0,0.0,0.0,0.0,0.0,0.0,0.0,0.0,0.0,13.636363636363637,0.0,0.0
30.0,8.0,0.0,0.0,0.0,0.0,0.0,0.0,148.0,52.0,10.0,2.0,"{'original': 9.5, 'alternative': 9.3}",Alex Arce,liga,liga,imbabura,6,0.0,0.0,0.0,4.0,2.0,0.0,0.0,0.0,0.0,0.0,0.0,0.0,0.0,0.0,0.0,0.0,0.0,2.0,2.0,0.0,0.0,0.0,0.0,0.0,0.0,0.0,0.0,0.0,0.0,0.0,0.0,0.0,0.0,0.0,0.0,0.0,2.0,4.864864864864865,1.2162162162162162,1.2162162162162162
4.0,18.0,2.0,0.0,0.0,0.0,0.0,0.0,62.0,14.0,5.53,18.0,"{'original': 6.8, 'alternative': 6.7}",Andrés Parrales,liga,liga,imbabura,6,0.0,0.0,0.0,0.0,0.0,0.0,0.0,0.0,0.0,0.0,0.0,0.0,0.0,0.0,0.0,0.0,0.0,0.0,0.0,0.0,0.0,0.0,0.0,0.0,0.0,0.0,0.0,0.0,0.0,0.0,0.0,0.0,0.0,0.0,0.0,0.0,0.0,26.12903225806452,0.0,0.0
10.0,10.0,0.0,0.0,2.0,0.0,0.0,0.0,18.0,18.0,5.6,0.0,"{'original': 6.7, 'alternative': 6.5}",Jhojan Julio,liga,liga,imbabura,6,0.0,0.0,0.0,2.0,0.0,0.0,0.0,0.0,0.0,0.0,0.0,0.0,0.0,0.0,0.0,0.0,0.0,0.0,0.0,0.0,0.0,0.0,0.0,0.0,0.0,0.0,0.0,0.0,0.0,0.0,0.0,0.0,0.0,0.0,0.0,0.0,0.0,50.0,0.0,0.0
10.0,4.0,0.0,0.0,0.0,0.0,0.0,0.0,14.0,4.0,7.53,0.0,"{'original': 7.4, 'alternative': 7.4}",Jairón Charcopa,liga,liga,imbabura,6,0.0,0.0,0.0,0.0,0.0,0.0,0.0,0.0,0.0,0.0,0.0,0.0,0.0,0.0,0.0,0.0,0.0,0.0,0.0,0.0,0.0,0.0,0.0,0.0,0.0,0.0,0.0,0.0,0.0,0.0,0.0,0.0,0.0,0.0,0.0,0.0,0.0,25.71428571428571,0.0,0.0
0.0,0.0,0.0,0.0,0.0,0.0,0.0,0.0,0.0,0.0,0.0,0.0,0,Richard Mina,liga,liga,imbabura,6,0.0,0.0,0.0,0.0,0.0,0.0,0.0,0.0,0.0,0.0,0.0,0.0,0.0,0.0,0.0,0.0,0.0,0.0,0.0,0.0,0.0,0.0,0.0,0.0,0.0,0.0,0.0,0.0,0.0,0.0,0.0,0.0,0.0,0.0,0.0,0.0,0.0,0.0,0.0,0.0
0.0,0.0,0.0,0.0,0.0,0.0,0.0,0.0,0.0,0.0,0.0,0.0,0,Andres Zanini,liga,liga,imbabura,6,0.0,0.0,0.0,0.0,0.0,0.0,0.0,0.0,0.0,0.0,0.0,0.0,0.0,0.0,0.0,0.0,0.0,0.0,0.0,0.0,0.0,0.0,0.0,0.0,0.0,0.0,0.0,0.0,0.0,0.0,0.0,0.0,0.0,0.0,0.0,0.0,0.0,0.0,0.0,0.0
44.0,30.0,2.0,0.0,4.0,0.0,0.0,0.0,118.0,34.0,7.07,0.0,"{'original': 6.1, 'alternative': 6.1}",Jonathan Benítez,imbabura,liga,imbabura,6,0.0,0.0,0.0,4.0,0.0,0.0,0.0,0.0,0.0,0.0,0.0,0.0,4.0,4.0,0.0,0.0,0.0,0.0,0.0,0.0,0.0,0.0,0.0,0.0,0.0,0.0,0.0,0.0,0.0,0.0,0.0,0.0,0.0,0.0,0.0,0.0,0.0,22.881355932203387,0.0,0.0
0.0,0.0,0.0,0.0,0.0,0.0,0.0,0.0,0.0,0.0,0.0,0.0,0,Óscar Pepinos,imbabura,liga,imbabura,6,0.0,0.0,0.0,0.0,0.0,0.0,0.0,0.0,0.0,0.0,0.0,0.0,0.0,0.0,0.0,0.0,0.0,0.0,0.0,0.0,0.0,0.0,0.0,0.0,0.0,0.0,0.0,0.0,0.0,0.0,0.0,0.0,0.0,0.0,0.0,0.0,0.0,0.0,0.0,0.0
10.0,2.0,0.0,0.0,2.0,0.0,0.0,0.0,168.0,46.0,6.23,6.0,"{'original': 6.4, 'alternative': 6.3}",Leonar Espinoza,imbabura,liga,imbabura,6,0.0,0.0,0.0,0.0,0.0,0.0,2.0,0.0,0.0,0.0,0.0,0.0,0.0,0.0,0.0,0.0,2.0,0.0,0.0,0.0,0.0,0.0,0.0,0.0,0.0,0.0,0.0,0.0,0.0,0.0,0.0,0.0,0.0,0.0,0.0,0.0,2.0,1.0714285714285714,1.0714285714285714,0.0
22.0,6.0,2.0,0.0,0.0,0.0,0.0,0.0,74.0,70.0,5.27,6.0,"{'original': 6.2, 'alternative': 6.1}",Wilson Alfredo Folleco Morales,imbabura,liga,imbabura,6,0.0,0.0,0.0,4.0,0.0,0.0,0.0,4.0,0.0,0.0,0.0,0.0,2.0,0.0,0.0,0.0,0.0,0.0,0.0,0.0,0.0,0.0,0.0,0.0,0.0,0.0,0.0,0.0,0.0,0.0,0.0,0.0,0.0,0.0,0.0,0.0,0.0,7.297297297297297,0.0,0.0
2.0,2.0,2.0,2.0,6.0,4.0,0.0,0.0,24.0,2.0,6.96,0.0,"{'original': 6.5, 'alternative': 6.5}",Jerson Guisamano,imbabura,liga,imbabura,6,0.0,0.0,0.0,0.0,0.0,0.0,0.0,0.0,0.0,0.0,0.0,0.0,0.0,0.0,0.0,0.0,0.0,0.0,0.0,0.0,0.0,0.0,0.0,0.0,0.0,0.0,0.0,0.0,0.0,0.0,0.0,0.0,0.0,0.0,0.0,0.0,0.0,7.5,0.0,0.0
0.0,0.0,0.0,0.0,0.0,0.0,0.0,0.0,4.0,4.0,7.24,0.0,"{'original': 6.3, 'alternative': 6.3}",Michael Chala,imbabura,liga,imbabura,6,0.0,0.0,0.0,0.0,0.0,0.0,0.0,0.0,0.0,0.0,0.0,0.0,0.0,0.0,0.0,0.0,0.0,0.0,0.0,0.0,0.0,0.0,0.0,0.0,0.0,0.0,0.0,0.0,0.0,0.0,0.0,0.0,0.0,0.0,0.0,0.0,0.0,0.0,0.0,0.0
4.0,2.0,0.0,0.0,0.0,0.0,0.0,0.0,14.0,4.0,6.27,2.0,"{'original': 6.6, 'alternative': 6.5}",Danny Burbano,imbabura,liga,imbabura,6,0.0,0.0,0.0,0.0,0.0,0.0,0.0,0.0,0.0,0.0,0.0,0.0,0.0,0.0,0.0,0.0,0.0,0.0,0.0,0.0,0.0,0.0,0.0,0.0,0.0,0.0,0.0,0.0,0.0,0.0,0.0,0.0,0.0,0.0,0.0,0.0,0.0,12.857142857142856,0.0,0.0
4.0,0.0,0.0,0.0,0.0,0.0,0.0,0.0,12.0,2.0,6.35,0.0,"{'original': 6.3, 'alternative': 6.3}",Juan Alcivar,imbabura,liga,imbabura,6,0.0,0.0,0.0,0.0,0.0,0.0,0.0,0.0,0.0,0.0,0.0,0.0,0.0,0.0,0.0,0.0,0.0,0.0,0.0,0.0,0.0,0.0,0.0,0.0,0.0,0.0,0.0,0.0,0.0,0.0,0.0,0.0,0.0,0.0,0.0,0.0,0.0,0.0,0.0,0.0
0.0,0.0,0.0,0.0,0.0,0.0,0.0,0.0,0.0,0.0,0.0,0.0,0,Patrik Minda,imbabura,liga,imbabura,6,0.0,0.0,0.0,0.0,0.0,0.0,0.0,0.0,0.0,0.0,0.0,0.0,0.0,0.0,0.0,0.0,0.0,0.0,0.0,0.0,0.0,0.0,0.0,0.0,0.0,0.0,0.0,0.0,0.0,0.0,0.0,0.0,0.0,0.0,0.0,0.0,0.0,0.0,0.0,0.0
0.0,0.0,0.0,0.0,0.0,0.0,0.0,0.0,0.0,0.0,0.0,0.0,0,Maicol Mina,imbabura,liga,imbabura,6,0.0,0.0,0.0,0.0,0.0,0.0,0.0,0.0,0.0,0.0,0.0,0.0,0.0,0.0,0.0,0.0,0.0,0.0,0.0,0.0,0.0,0.0,0.0,0.0,0.0,0.0,0.0,0.0,0.0,0.0,0.0,0.0,0.0,0.0,0.0,0.0,0.0,0.0,0.0,0.0
0.0,0.0,0.0,0.0,0.0,0.0,0.0,0.0,0.0,0.0,0.0,0.0,0,Cristopher Alejandro Romero Falconí,imbabura,liga,imbabura,6,0.0,0.0,0.0,0.0,0.0,0.0,0.0,0.0,0.0,0.0,0.0,0.0,0.0,0.0,0.0,0.0,0.0,0.0,0.0,0.0,0.0,0.0,0.0,0.0,0.0,0.0,0.0,0.0,0.0,0.0,0.0,0.0,0.0,0.0,0.0,0.0,0.0,0.0,0.0,0.0
0.0,0.0,0.0,0.0,0.0,0.0,0.0,0.0,0.0,0.0,0.0,0.0,0,Alexis Santacruz,imbabura,liga,imbabura,6,0.0,0.0,0.0,0.0,0.0,0.0,0.0,0.0,0.0,0.0,0.0,0.0,0.0,0.0,0.0,0.0,0.0,0.0,0.0,0.0,0.0,0.0,0.0,0.0,0.0,0.0,0.0,0.0,0.0,0.0,0.0,0.0,0.0,0.0,0.0,0.0,0.0,0.0,0.0,0.0
34.0,0.0,0.0,0.0,2.0,0.0,0.0,0.0,130.0,4.0,7.86,4.0,"{'original': 6.6, 'alternative': 6.6}",Gino Barbieri,macara,macara,barcelona,6,0.0,0.0,0.0,0.0,0.0,0.0,0.0,0.0,0.0,0.0,0.0,0.0,0.0,2.0,0.0,0.0,0.0,0.0,0.0,0.0,0.0,0.0,0.0,0.0,0.0,0.0,0.0,0.0,0.0,0.0,0.0,0.0,0.0,0.0,0.0,0.0,0.0,0.0,0.0,0.0
2.0,24.0,10.0,8.0,2.0,0.0,0.0,0.0,54.0,48.0,7.12,2.0,"{'original': 6.7, 'alternative': 6.7}",José Luis Marrufo,macara,macara,barcelona,6,0.0,0.0,0.0,2.0,0.0,0.0,0.0,0.0,0.0,0.0,0.0,0.0,0.0,2.0,0.0,0.0,0.0,0.0,0.0,0.0,0.0,0.0,0.0,0.0,0.0,0.0,0.0,0.0,0.0,0.0,0.0,0.0,0.0,0.0,0.0,0.0,0.0,40.0,0.0,0.0
20.0,8.0,0.0,0.0,6.0,0.0,0.0,0.0,62.0,30.0,7.78,20.0,"{'original': 6.7, 'alternative': 6.6}",Leonel Álvarez,macara,macara,barcelona,6,0.0,0.0,0.0,2.0,4.0,2.0,0.0,0.0,0.0,0.0,0.0,0.0,2.0,0.0,0.0,0.0,0.0,0.0,0.0,2.0,0.0,0.0,0.0,0.0,0.0,0.0,0.0,0.0,0.0,0.0,0.0,0.0,0.0,0.0,0.0,0.0,0.0,11.612903225806452,0.0,0.0
42.0,36.0,0.0,0.0,8.0,0.0,0.0,0.0,156.0,46.0,7.27,10.0,"{'original': 7.4, 'alternative': 7.3}",Jorge Valdez,macara,macara,barcelona,6,0.0,0.0,2.0,6.0,0.0,0.0,2.0,0.0,0.0,0.0,0.0,0.0,2.0,2.0,0.0,4.0,0.0,0.0,0.0,0.0,0.0,0.0,0.0,0.0,0.0,0.0,0.0,0.0,0.0,0.0,0.0,0.0,0.0,0.0,0.0,0.0,2.0,20.76923076923077,1.1538461538461537,0.0
4.0,0.0,0.0,0.0,0.0,0.0,0.0,0.0,0.0,8.0,6.12,0.0,"{'original': 6.6, 'alternative': 6.6}",Facundo Pons,macara,macara,barcelona,6,0.0,0.0,0.0,0.0,0.0,0.0,0.0,0.0,0.0,0.0,0.0,0.0,0.0,0.0,0.0,0.0,0.0,0.0,0.0,0.0,0.0,0.0,0.0,0.0,0.0,0.0,2.0,0.0,0.0,0.0,0.0,0.0,0.0,0.0,0.0,0.0,0.0,0.0,0.0,0.0
0.0,0.0,0.0,0.0,0.0,0.0,0.0,0.0,0.0,0.0,0.0,0.0,0,Mateo Viera,macara,macara,barcelona,6,0.0,0.0,0.0,0.0,0.0,0.0,0.0,0.0,0.0,0.0,0.0,0.0,0.0,0.0,0.0,0.0,0.0,0.0,0.0,0.0,0.0,0.0,0.0,0.0,0.0,0.0,0.0,0.0,0.0,0.0,0.0,0.0,0.0,0.0,0.0,0.0,0.0,0.0,0.0,0.0
0.0,0.0,0.0,0.0,0.0,0.0,0.0,0.0,0.0,0.0,0.0,0.0,0,Edwin Mesa,macara,macara,barcelona,6,0.0,0.0,0.0,0.0,0.0,0.0,0.0,0.0,0.0,0.0,0.0,0.0,0.0,0.0,0.0,0.0,0.0,0.0,0.0,0.0,0.0,0.0,0.0,0.0,0.0,0.0,0.0,0.0,0.0,0.0,0.0,0.0,0.0,0.0,0.0,0.0,0.0,0.0,0.0,0.0
0.0,0.0,0.0,0.0,0.0,0.0,0.0,0.0,0.0,0.0,0.0,0.0,0,Ronaldo Lora,macara,macara,barcelona,6,0.0,0.0,0.0,0.0,0.0,0.0,0.0,0.0,0.0,0.0,0.0,0.0,0.0,0.0,0.0,0.0,0.0,0.0,0.0,0.0,0.0,0.0,0.0,0.0,0.0,0.0,0.0,0.0,0.0,0.0,0.0,0.0,0.0,0.0,0.0,0.0,0.0,0.0,0.0,0.0
0.0,0.0,0.0,0.0,0.0,0.0,0.0,0.0,0.0,0.0,0.0,0.0,0,John Jiménez,macara,macara,barcelona,6,0.0,0.0,0.0,0.0,0.0,0.0,0.0,0.0,0.0,0.0,0.0,0.0,0.0,0.0,0.0,0.0,0.0,0.0,0.0,0.0,0.0,0.0,0.0,0.0,0.0,0.0,0.0,0.0,0.0,0.0,0.0,0.0,0.0,0.0,0.0,0.0,0.0,0.0,0.0,0.0
0.0,0.0,0.0,0.0,0.0,0.0,0.0,0.0,0.0,0.0,0.0,0.0,0,Emerson Delgado,macara,macara,barcelona,6,0.0,0.0,0.0,0.0,0.0,0.0,0.0,0.0,0.0,0.0,0.0,0.0,0.0,0.0,0.0,0.0,0.0,0.0,0.0,0.0,0.0,0.0,0.0,0.0,0.0,0.0,0.0,0.0,0.0,0.0,0.0,0.0,0.0,0.0,0.0,0.0,0.0,0.0,0.0,0.0
0.0,0.0,0.0,0.0,0.0,0.0,0.0,0.0,0.0,0.0,0.0,0.0,0,Patricio Ramos,macara,macara,barcelona,6,0.0,0.0,0.0,0.0,0.0,0.0,0.0,0.0,0.0,0.0,0.0,0.0,0.0,0.0,0.0,0.0,0.0,0.0,0.0,0.0,0.0,0.0,0.0,0.0,0.0,0.0,0.0,0.0,0.0,0.0,0.0,0.0,0.0,0.0,0.0,0.0,0.0,0.0,0.0,0.0
82.0,30.0,4.0,0.0,0.0,0.0,0.0,2.0,154.0,46.0,7.51,6.0,"{'original': 6.8, 'alternative': 6.7}",Javier Burrai,barcelona,macara,barcelona,6,0.0,0.0,0.0,0.0,0.0,0.0,0.0,0.0,0.0,0.0,0.0,0.0,0.0,0.0,0.0,0.0,0.0,0.0,0.0,0.0,0.0,0.0,2.0,0.0,0.0,0.0,0.0,0.0,0.0,0.0,0.0,0.0,0.0,0.0,0.0,0.0,0.0,17.532467532467532,0.0,0.0
48.0,30.0,0.0,0.0,0.0,2.0,0.0,0.0,72.0,60.0,8.32,22.0,"{'original': 7.2, 'alternative': 7.1}",Braian Oyola,barcelona,macara,barcelona,6,2.0,0.0,0.0,4.0,0.0,2.0,0.0,0.0,0.0,0.0,0.0,0.0,0.0,0.0,0.0,2.0,0.0,0.0,0.0,0.0,0.0,0.0,0.0,0.0,0.0,0.0,0.0,0.0,0.0,0.0,0.0,0.0,0.0,0.0,0.0,0.0,0.0,37.5,0.0,0.0
2.0,14.0,0.0,0.0,0.0,0.0,0.0,0.0,60.0,46.0,6.85,12.0,"{'original': 6.5, 'alternative': 6.5}",Damián Díaz,barcelona,macara,barcelona,6,4.0,0.0,0.0,0.0,0.0,0.0,0.0,0.0,0.0,0.0,0.0,0.0,0.0,0.0,0.0,0.0,0.0,0.0,0.0,0.0,0.0,0.0,0.0,0.0,0.0,0.0,0.0,0.0,0.0,0.0,0.0,0.0,0.0,0.0,0.0,0.0,0.0,21.0,0.0,0.0
6.0,0.0,0.0,0.0,2.0,0.0,0.0,0.0,28.0,12.0,6.33,2.0,"{'original': 7.4, 'alternative': 7.3}",Janner Corozo,barcelona,macara,barcelona,6,0.0,0.0,0.0,0.0,0.0,0.0,0.0,0.0,0.0,0.0,0.0,0.0,0.0,0.0,0.0,0.0,0.0,0.0,0.0,0.0,0.0,0.0,0.0,0.0,0.0,0.0,0.0,0.0,0.0,0.0,0.0,0.0,0.0,0.0,0.0,0.0,0.0,0.0,0.0,0.0
2.0,2.0,0.0,0.0,0.0,0.0,0.0,0.0,44.0,4.0,6.84,0.0,"{'original': 6.4, 'alternative': 6.4}",Francisco Fydriszewski,barcelona,macara,barcelona,6,0.0,0.0,0.0,4.0,0.0,0.0,0.0,0.0,0.0,0.0,0.0,0.0,0.0,0.0,0.0,0.0,0.0,0.0,0.0,0.0,0.0,0.0,0.0,0.0,0.0,0.0,0.0,0.0,0.0,0.0,0.0,0.0,0.0,0.0,0.0,0.0,0.0,4.090909090909091,0.0,0.0
0.0,0.0,0.0,0.0,0.0,0.0,0.0,0.0,12.0,4.0,6.79,0.0,"{'original': 6.7, 'alternative': 6.5}",Gabriel Cortez,barcelona,macara,barcelona,6,0.0,0.0,0.0,0.0,0.0,0.0,0.0,0.0,0.0,0.0,0.0,0.0,0.0,0.0,0.0,0.0,0.0,0.0,0.0,0.0,0.0,0.0,0.0,0.0,0.0,0.0,0.0,0.0,0.0,0.0,0.0,0.0,0.0,0.0,0.0,0.0,0.0,0.0,0.0,0.0
0.0,0.0,0.0,0.0,0.0,0.0,0.0,0.0,0.0,0.0,0.0,0.0,0,Pedro Perlaza,barcelona,macara,barcelona,6,0.0,0.0,0.0,0.0,0.0,0.0,0.0,0.0,0.0,0.0,0.0,0.0,0.0,0.0,0.0,0.0,0.0,0.0,0.0,0.0,0.0,0.0,0.0,0.0,0.0,0.0,0.0,0.0,0.0,0.0,0.0,0.0,0.0,0.0,0.0,0.0,0.0,0.0,0.0,0.0
0.0,0.0,0.0,0.0,0.0,0.0,0.0,0.0,0.0,0.0,0.0,0.0,0,Nicolás Ramírez,barcelona,macara,barcelona,6,0.0,0.0,0.0,0.0,0.0,0.0,0.0,0.0,0.0,0.0,0.0,0.0,0.0,0.0,0.0,0.0,0.0,0.0,0.0,0.0,0.0,0.0,0.0,0.0,0.0,0.0,0.0,0.0,0.0,0.0,0.0,0.0,0.0,0.0,0.0,0.0,0.0,0.0,0.0,0.0
0.0,0.0,0.0,0.0,0.0,0.0,0.0,0.0,0.0,0.0,0.0,0.0,0,Jandry Gomez,barcelona,macara,barcelona,6,0.0,0.0,0.0,0.0,0.0,0.0,0.0,0.0,0.0,0.0,0.0,0.0,0.0,0.0,0.0,0.0,0.0,0.0,0.0,0.0,0.0,0.0,0.0,0.0,0.0,0.0,0.0,0.0,0.0,0.0,0.0,0.0,0.0,0.0,0.0,0.0,0.0,0.0,0.0,0.0
0.0,0.0,0.0,0.0,0.0,0.0,0.0,0.0,0.0,0.0,0.0,0.0,0,Jefferson Arce,barcelona,macara,barcelona,6,0.0,0.0,0.0,0.0,0.0,0.0,0.0,0.0,0.0,0.0,0.0,0.0,0.0,0.0,0.0,0.0,0.0,0.0,0.0,0.0,0.0,0.0,0.0,0.0,0.0,0.0,0.0,0.0,0.0,0.0,0.0,0.0,0.0,0.0,0.0,0.0,0.0,0.0,0.0,0.0
0.0,0.0,0.0,0.0,0.0,0.0,0.0,0.0,0.0,0.0,0.0,0.0,0,Allen Obando,barcelona,macara,barcelona,6,0.0,0.0,0.0,0.0,0.0,0.0,0.0,0.0,0.0,0.0,0.0,0.0,0.0,0.0,0.0,0.0,0.0,0.0,0.0,0.0,0.0,0.0,0.0,0.0,0.0,0.0,0.0,0.0,0.0,0.0,0.0,0.0,0.0,0.0,0.0,0.0,0.0,0.0,0.0,0.0
2.0,20.0,12.0,2.0,0.0,0.0,0.0,0.0,164.0,20.0,7.93,0.0,"{'original': 6.7, 'alternative': 6.2}",Jorge Pinos,mushuc-runa,mushuc-runa,aucas,6,0.0,0.0,0.0,0.0,0.0,0.0,0.0,0.0,0.0,0.0,0.0,0.0,0.0,0.0,0.0,0.0,0.0,0.0,0.0,0.0,0.0,0.0,0.0,0.0,0.0,0.0,0.0,0.0,0.0,0.0,0.0,0.0,0.0,0.0,0.0,0.0,0.0,10.97560975609756,0.0,0.0
10.0,56.0,10.0,0.0,12.0,4.0,0.0,0.0,50.0,92.0,8.0,2.0,"{'original': 7, 'alternative': 7}",Marco Montaño,mushuc-runa,mushuc-runa,aucas,6,0.0,0.0,0.0,4.0,0.0,0.0,0.0,0.0,0.0,2.0,0.0,0.0,0.0,2.0,0.0,0.0,0.0,0.0,0.0,0.0,0.0,0.0,0.0,0.0,0.0,0.0,0.0,0.0,0.0,0.0,0.0,0.0,0.0,0.0,0.0,0.0,0.0,100.80000000000001,0.0,0.0
16.0,32.0,0.0,2.0,0.0,0.0,0.0,0.0,150.0,12.0,6.24,2.0,"{'original': 6.5, 'alternative': 6.6}",Dennis Quintero,mushuc-runa,mushuc-runa,aucas,6,0.0,0.0,0.0,0.0,0.0,0.0,0.0,0.0,0.0,0.0,0.0,0.0,0.0,0.0,0.0,0.0,0.0,0.0,0.0,0.0,0.0,0.0,0.0,0.0,0.0,0.0,0.0,0.0,0.0,0.0,0.0,0.0,0.0,0.0,0.0,0.0,0.0,19.200000000000003,0.0,0.0
32.0,12.0,0.0,0.0,2.0,0.0,0.0,0.0,44.0,66.0,6.0,10.0,"{'original': 7, 'alternative': 7}",Mauricio Alonso,mushuc-runa,mushuc-runa,aucas,6,0.0,0.0,0.0,4.0,4.0,0.0,0.0,0.0,0.0,0.0,0.0,0.0,0.0,0.0,0.0,6.0,2.0,0.0,0.0,0.0,0.0,0.0,0.0,0.0,0.0,0.0,0.0,0.0,0.0,0.0,0.0,0.0,0.0,0.0,0.0,0.0,0.0,24.545454545454543,0.0,0.0
0.0,10.0,2.0,0.0,0.0,0.0,0.0,0.0,128.0,48.0,5.66,8.0,"{'original': 6.7, 'alternative': 6.6}",Sergio Gonzalez,mushuc-runa,mushuc-runa,aucas,6,2.0,0.0,0.0,4.0,6.0,2.0,0.0,0.0,0.0,0.0,0.0,0.0,0.0,0.0,0.0,0.0,0.0,0.0,0.0,0.0,0.0,0.0,0.0,0.0,0.0,0.0,0.0,0.0,0.0,0.0,0.0,0.0,0.0,0.0,0.0,0.0,0.0,7.03125,0.0,0.0
58.0,30.0,0.0,2.0,2.0,0.0,0.0,0.0,118.0,50.0,6.34,30.0,"{'original': 7.2, 'alternative': 7.1}",Joaquín Vergés,mushuc-runa,mushuc-runa,aucas,6,8.0,0.0,0.0,0.0,0.0,0.0,0.0,0.0,0.0,0.0,0.0,0.0,0.0,0.0,0.0,0.0,0.0,0.0,0.0,0.0,0.0,0.0,0.0,0.0,0.0,0.0,0.0,0.0,0.0,0.0,0.0,0.0,0.0,0.0,0.0,0.0,0.0,22.881355932203387,0.0,0.0
12.0,10.0,0.0,0.0,0.0,0.0,0.0,0.0,12.0,6.0,6.81,6.0,"{'original': 6.9, 'alternative': 6.7}",Bagner Delgado,mushuc-runa,mushuc-runa,aucas,6,2.0,0.0,0.0,2.0,0.0,0.0,0.0,0.0,0.0,0.0,0.0,0.0,0.0,0.0,0.0,0.0,0.0,0.0,0.0,0.0,0.0,0.0,0.0,0.0,0.0,0.0,0.0,0.0,0.0,0.0,0.0,0.0,0.0,0.0,0.0,0.0,0.0,75.0,0.0,0.0
0.0,0.0,0.0,0.0,0.0,0.0,0.0,0.0,6.0,0.0,7.87,0.0,"{'original': 6.7, 'alternative': 6.6}",Jonathan Dos Santos,mushuc-runa,mushuc-runa,aucas,6,0.0,0.0,0.0,0.0,0.0,0.0,0.0,0.0,0.0,0.0,0.0,0.0,0.0,0.0,0.0,0.0,0.0,0.0,0.0,0.0,0.0,0.0,0.0,0.0,0.0,0.0,0.0,0.0,0.0,0.0,0.0,0.0,0.0,0.0,0.0,0.0,0.0,0.0,0.0,0.0
0.0,0.0,0.0,0.0,0.0,0.0,0.0,0.0,0.0,0.0,0.0,0.0,0,Juan Cruz Randazzo,mushuc-runa,mushuc-runa,aucas,6,0.0,0.0,0.0,0.0,0.0,0.0,0.0,0.0,0.0,0.0,0.0,0.0,0.0,0.0,0.0,0.0,0.0,0.0,0.0,0.0,0.0,0.0,0.0,0.0,0.0,0.0,0.0,0.0,0.0,0.0,0.0,0.0,0.0,0.0,0.0,0.0,0.0,0.0,0.0,0.0
0.0,0.0,0.0,0.0,0.0,0.0,0.0,0.0,0.0,0.0,0.0,0.0,0,Jeison Mina,mushuc-runa,mushuc-runa,aucas,6,0.0,0.0,0.0,0.0,0.0,0.0,0.0,0.0,0.0,0.0,0.0,0.0,0.0,0.0,0.0,0.0,0.0,0.0,0.0,0.0,0.0,0.0,0.0,0.0,0.0,0.0,0.0,0.0,0.0,0.0,0.0,0.0,0.0,0.0,0.0,0.0,0.0,0.0,0.0,0.0
0.0,0.0,0.0,0.0,0.0,0.0,0.0,0.0,0.0,0.0,0.0,0.0,0,Stick Castro,mushuc-runa,mushuc-runa,aucas,6,0.0,0.0,0.0,0.0,0.0,0.0,0.0,0.0,0.0,0.0,0.0,0.0,0.0,0.0,0.0,0.0,0.0,0.0,0.0,0.0,0.0,0.0,0.0,0.0,0.0,0.0,0.0,0.0,0.0,0.0,0.0,0.0,0.0,0.0,0.0,0.0,0.0,0.0,0.0,0.0
8.0,2.0,0.0,0.0,0.0,0.0,0.0,0.0,68.0,44.0,5.76,6.0,"{'original': 7.1, 'alternative': 7}",Juan Gonzalez,aucas,mushuc-runa,aucas,6,0.0,0.0,0.0,2.0,0.0,0.0,0.0,0.0,0.0,0.0,0.0,0.0,0.0,0.0,0.0,0.0,0.0,0.0,0.0,0.0,0.0,0.0,0.0,0.0,0.0,0.0,0.0,0.0,0.0,0.0,0.0,0.0,0.0,0.0,0.0,0.0,0.0,2.6470588235294117,0.0,0.0
62.0,44.0,0.0,4.0,6.0,0.0,0.0,0.0,176.0,24.0,9.01,2.0,"{'original': 7.9, 'alternative': 7.6}",Jhon Ontaneda,aucas,mushuc-runa,aucas,6,0.0,0.0,0.0,8.0,0.0,0.0,0.0,0.0,6.0,2.0,2.0,0.0,0.0,2.0,0.0,0.0,0.0,0.0,0.0,0.0,0.0,0.0,0.0,0.0,0.0,0.0,0.0,0.0,0.0,0.0,0.0,0.0,0.0,0.0,0.0,0.0,0.0,22.5,0.0,0.0
32.0,14.0,0.0,0.0,0.0,0.0,0.0,0.0,50.0,72.0,6.48,0.0,"{'original': 6.8, 'alternative': 6.8}",Carlos Rolón,aucas,mushuc-runa,aucas,6,0.0,0.0,0.0,2.0,0.0,0.0,0.0,0.0,0.0,0.0,0.0,0.0,0.0,0.0,0.0,0.0,0.0,0.0,0.0,0.0,0.0,0.0,0.0,0.0,0.0,0.0,0.0,0.0,0.0,0.0,0.0,0.0,0.0,0.0,0.0,0.0,0.0,25.200000000000003,0.0,0.0
64.0,42.0,0.0,4.0,0.0,0.0,0.0,0.0,60.0,22.0,6.43,2.0,"{'original': 7.1, 'alternative': 7.1}",Michael Carcelén,aucas,mushuc-runa,aucas,6,2.0,0.0,0.0,0.0,0.0,0.0,0.0,0.0,0.0,0.0,2.0,0.0,0.0,0.0,0.0,0.0,0.0,0.0,0.0,0.0,0.0,0.0,0.0,0.0,0.0,0.0,0.0,0.0,0.0,0.0,0.0,0.0,0.0,0.0,0.0,0.0,0.0,62.99999999999999,0.0,0.0
24.0,0.0,0.0,0.0,6.0,0.0,0.0,0.0,14.0,10.0,7.8,8.0,"{'original': 7.2, 'alternative': 6.9}",Ronald Briones,aucas,mushuc-runa,aucas,6,0.0,0.0,0.0,2.0,2.0,4.0,0.0,0.0,0.0,0.0,0.0,0.0,2.0,0.0,0.0,0.0,0.0,0.0,0.0,0.0,0.0,0.0,0.0,0.0,0.0,0.0,0.0,0.0,0.0,0.0,0.0,0.0,0.0,0.0,0.0,0.0,0.0,0.0,0.0,0.0
0.0,6.0,4.0,2.0,0.0,0.0,0.0,0.0,108.0,14.0,6.37,2.0,"{'original': 6.8, 'alternative': 6.7}",Jeison Medina,aucas,mushuc-runa,aucas,6,0.0,0.0,0.0,0.0,0.0,0.0,0.0,0.0,0.0,0.0,0.0,0.0,0.0,0.0,0.0,0.0,0.0,0.0,0.0,0.0,0.0,0.0,0.0,0.0,0.0,0.0,0.0,0.0,0.0,0.0,0.0,0.0,0.0,0.0,0.0,0.0,0.0,5.0,0.0,0.0
16.0,14.0,2.0,4.0,0.0,0.0,0.0,0.0,22.0,4.0,7.32,2.0,"{'original': 7.2, 'alternative': 7.2}",Ariel García,aucas,mushuc-runa,aucas,6,0.0,0.0,0.0,0.0,0.0,0.0,0.0,0.0,2.0,0.0,0.0,0.0,0.0,0.0,0.0,0.0,0.0,0.0,0.0,0.0,0.0,0.0,0.0,0.0,0.0,0.0,0.0,0.0,0.0,0.0,0.0,0.0,0.0,0.0,0.0,0.0,0.0,57.27272727272727,0.0,0.0
0.0,6.0,0.0,0.0,2.0,0.0,0.0,0.0,10.0,14.0,7.46,0.0,"{'original': 7.5, 'alternative': 7.3}",Angelo Mina,aucas,mushuc-runa,aucas,6,0.0,0.0,0.0,0.0,0.0,0.0,0.0,0.0,0.0,0.0,0.0,0.0,0.0,0.0,0.0,0.0,0.0,0.0,0.0,0.0,0.0,0.0,0.0,0.0,0.0,0.0,0.0,0.0,0.0,0.0,0.0,0.0,0.0,0.0,0.0,0.0,0.0,54.0,0.0,0.0
0.0,0.0,0.0,0.0,0.0,0.0,0.0,0.0,0.0,0.0,0.0,0.0,0,Federico Lanzillota,aucas,mushuc-runa,aucas,6,0.0,0.0,0.0,0.0,0.0,0.0,0.0,0.0,0.0,0.0,0.0,0.0,0.0,0.0,0.0,0.0,0.0,0.0,0.0,0.0,0.0,0.0,0.0,0.0,0.0,0.0,0.0,0.0,0.0,0.0,0.0,0.0,0.0,0.0,0.0,0.0,0.0,0.0,0.0,0.0
0.0,0.0,0.0,0.0,0.0,0.0,0.0,0.0,0.0,0.0,0.0,0.0,0,Byron Carabalí,aucas,mushuc-runa,aucas,6,0.0,0.0,0.0,0.0,0.0,0.0,0.0,0.0,0.0,0.0,0.0,0.0,0.0,0.0,0.0,0.0,0.0,0.0,0.0,0.0,0.0,0.0,0.0,0.0,0.0,0.0,0.0,0.0,0.0,0.0,0.0,0.0,0.0,0.0,0.0,0.0,0.0,0.0,0.0,0.0
0.0,0.0,0.0,0.0,0.0,0.0,0.0,0.0,0.0,0.0,0.0,0.0,0,Carlos Cuero,aucas,mushuc-runa,aucas,6,0.0,0.0,0.0,0.0,0.0,0.0,0.0,0.0,0.0,0.0,0.0,0.0,0.0,0.0,0.0,0.0,0.0,0.0,0.0,0.0,0.0,0.0,0.0,0.0,0.0,0.0,0.0,0.0,0.0,0.0,0.0,0.0,0.0,0.0,0.0,0.0,0.0,0.0,0.0,0.0
0.0,0.0,0.0,0.0,0.0,0.0,0.0,0.0,0.0,0.0,0.0,0.0,0,Mario Sanabria,aucas,mushuc-runa,aucas,6,0.0,0.0,0.0,0.0,0.0,0.0,0.0,0.0,0.0,0.0,0.0,0.0,0.0,0.0,0.0,0.0,0.0,0.0,0.0,0.0,0.0,0.0,0.0,0.0,0.0,0.0,0.0,0.0,0.0,0.0,0.0,0.0,0.0,0.0,0.0,0.0,0.0,0.0,0.0,0.0
12.0,12.0,4.0,2.0,0.0,0.0,0.0,0.0,116.0,60.0,6.02,6.0,"{'original': 7.1, 'alternative': 7.3}",Edson Resendez,aucas,aucas,cumbaya,7,0.0,0.0,0.0,0.0,0.0,0.0,0.0,0.0,0.0,0.0,0.0,0.0,0.0,0.0,0.0,0.0,0.0,0.0,0.0,0.0,0.0,0.0,0.0,0.0,0.0,0.0,0.0,0.0,0.0,0.0,0.0,0.0,0.0,0.0,0.0,0.0,0.0,9.310344827586206,0.0,0.0
94.0,78.0,10.0,2.0,2.0,0.0,0.0,0.0,0.0,32.0,6.68,10.0,"{'original': 7.2, 'alternative': 7.1}",Carlos Rolón,aucas,aucas,cumbaya,7,0.0,0.0,0.0,2.0,0.0,0.0,0.0,0.0,0.0,0.0,0.0,0.0,0.0,6.0,0.0,0.0,0.0,0.0,0.0,0.0,0.0,0.0,0.0,0.0,0.0,0.0,0.0,0.0,0.0,0.0,0.0,0.0,0.0,0.0,0.0,0.0,0.0,inf,0.0,0.0
4.0,10.0,0.0,2.0,0.0,0.0,0.0,0.0,6.0,38.0,7.14,16.0,"{'original': 7.7, 'alternative': 7.8}",Jonnathan Mina,aucas,aucas,cumbaya,7,0.0,4.0,0.0,0.0,0.0,0.0,0.0,2.0,0.0,0.0,0.0,0.0,0.0,0.0,0.0,2.0,0.0,0.0,0.0,0.0,0.0,0.0,0.0,0.0,0.0,0.0,0.0,0.0,0.0,0.0,0.0,0.0,0.0,0.0,0.0,0.0,0.0,150.0,0.0,0.0
16.0,10.0,2.0,0.0,0.0,2.0,0.0,0.0,166.0,88.0,2.0,0.0,"{'original': 7, 'alternative': 6.9}",Edison Vega,aucas,aucas,cumbaya,7,0.0,0.0,0.0,0.0,0.0,0.0,0.0,0.0,0.0,2.0,0.0,0.0,0.0,0.0,0.0,0.0,0.0,0.0,0.0,0.0,0.0,0.0,0.0,0.0,0.0,0.0,0.0,0.0,0.0,0.0,0.0,0.0,0.0,0.0,0.0,0.0,0.0,5.421686746987952,0.0,0.0
12.0,6.0,0.0,0.0,0.0,0.0,0.0,0.0,42.0,38.0,12.0,8.0,"{'original': 7, 'alternative': 7}",Luis Cano,aucas,aucas,cumbaya,7,2.0,2.0,0.0,0.0,0.0,0.0,0.0,0.0,0.0,0.0,0.0,0.0,0.0,0.0,0.0,0.0,2.0,0.0,0.0,0.0,0.0,0.0,0.0,0.0,0.0,0.0,0.0,0.0,0.0,0.0,0.0,0.0,0.0,0.0,0.0,0.0,0.0,12.857142857142856,0.0,0.0
8.0,46.0,4.0,0.0,4.0,0.0,0.0,0.0,102.0,128.0,7.93,4.0,"{'original': 7.2, 'alternative': 7.1}",Michael Carcelén,aucas,aucas,cumbaya,7,0.0,0.0,0.0,0.0,0.0,0.0,0.0,0.0,0.0,0.0,0.0,0.0,0.0,0.0,0.0,0.0,0.0,0.0,0.0,0.0,0.0,0.0,0.0,0.0,0.0,0.0,0.0,0.0,0.0,0.0,0.0,0.0,0.0,0.0,0.0,0.0,0.0,40.588235294117645,0.0,0.0
18.0,60.0,0.0,0.0,4.0,0.0,0.0,0.0,108.0,42.0,2.0,6.0,"{'original': 8, 'alternative': 7.7}",Renny Jaramillo,aucas,aucas,cumbaya,7,0.0,0.0,0.0,0.0,0.0,0.0,0.0,0.0,0.0,0.0,2.0,0.0,0.0,0.0,0.0,0.0,2.0,0.0,0.0,0.0,0.0,0.0,0.0,0.0,0.0,0.0,0.0,0.0,0.0,0.0,0.0,0.0,0.0,0.0,0.0,0.0,0.0,50.0,0.0,0.0
2.0,16.0,0.0,0.0,10.0,4.0,0.0,0.0,36.0,12.0,7.09,0.0,"{'original': 7.8, 'alternative': 7.6}",Jeison Medina,aucas,aucas,cumbaya,7,0.0,0.0,0.0,4.0,0.0,0.0,0.0,0.0,0.0,0.0,0.0,0.0,2.0,0.0,0.0,0.0,0.0,2.0,0.0,0.0,0.0,0.0,0.0,0.0,0.0,0.0,0.0,0.0,0.0,0.0,0.0,0.0,0.0,0.0,0.0,0.0,2.0,40.0,5.0,5.0
10.0,0.0,0.0,0.0,0.0,0.0,0.0,0.0,20.0,6.0,7.12,0.0,"{'original': 6.7, 'alternative': 6.7}",Angelo Mina,aucas,aucas,cumbaya,7,0.0,0.0,0.0,0.0,0.0,0.0,0.0,0.0,0.0,0.0,0.0,0.0,0.0,0.0,0.0,0.0,0.0,0.0,0.0,0.0,0.0,0.0,0.0,0.0,0.0,0.0,0.0,0.0,0.0,0.0,0.0,0.0,0.0,0.0,0.0,0.0,0.0,0.0,0.0,0.0
0.0,0.0,0.0,0.0,0.0,0.0,0.0,0.0,0.0,0.0,0.0,0.0,0,Diego Espinosa,aucas,aucas,cumbaya,7,0.0,0.0,0.0,0.0,0.0,0.0,0.0,0.0,0.0,0.0,0.0,0.0,0.0,0.0,0.0,0.0,0.0,0.0,0.0,0.0,0.0,0.0,0.0,0.0,0.0,0.0,0.0,0.0,0.0,0.0,0.0,0.0,0.0,0.0,0.0,0.0,0.0,0.0,0.0,0.0
0.0,0.0,0.0,0.0,0.0,0.0,0.0,0.0,0.0,0.0,0.0,0.0,0,Carlos Cuero,aucas,aucas,cumbaya,7,0.0,0.0,0.0,0.0,0.0,0.0,0.0,0.0,0.0,0.0,0.0,0.0,0.0,0.0,0.0,0.0,0.0,0.0,0.0,0.0,0.0,0.0,0.0,0.0,0.0,0.0,0.0,0.0,0.0,0.0,0.0,0.0,0.0,0.0,0.0,0.0,0.0,0.0,0.0,0.0
0.0,0.0,0.0,0.0,0.0,0.0,0.0,0.0,0.0,0.0,0.0,0.0,0,Adolfo Muñoz,aucas,aucas,cumbaya,7,0.0,0.0,0.0,0.0,0.0,0.0,0.0,0.0,0.0,0.0,0.0,0.0,0.0,0.0,0.0,0.0,0.0,0.0,0.0,0.0,0.0,0.0,0.0,0.0,0.0,0.0,0.0,0.0,0.0,0.0,0.0,0.0,0.0,0.0,0.0,0.0,0.0,0.0,0.0,0.0
2.0,0.0,2.0,0.0,0.0,0.0,0.0,4.0,22.0,60.0,7.29,2.0,"{'original': 6.3, 'alternative': 6}",Felipe San Juan,cumbaya,aucas,cumbaya,7,0.0,0.0,0.0,0.0,0.0,0.0,0.0,0.0,0.0,0.0,0.0,0.0,0.0,0.0,0.0,0.0,0.0,0.0,0.0,0.0,0.0,0.0,0.0,0.0,0.0,0.0,0.0,0.0,0.0,0.0,0.0,0.0,0.0,0.0,0.0,0.0,0.0,0.0,0.0,0.0
6.0,36.0,0.0,8.0,6.0,0.0,0.0,0.0,80.0,92.0,7.37,0.0,"{'original': 6.5, 'alternative': 6.5}",Luis Gustavino,cumbaya,aucas,cumbaya,7,0.0,0.0,2.0,0.0,0.0,0.0,0.0,6.0,0.0,0.0,0.0,0.0,0.0,2.0,0.0,0.0,0.0,0.0,0.0,0.0,0.0,0.0,0.0,0.0,0.0,0.0,0.0,0.0,0.0,0.0,0.0,0.0,0.0,0.0,0.0,0.0,0.0,40.5,0.0,0.0
68.0,36.0,2.0,0.0,6.0,0.0,0.0,0.0,20.0,92.0,6.99,4.0,"{'original': 6.8, 'alternative': 6.7}",Alejandro Altuna,cumbaya,aucas,cumbaya,7,0.0,0.0,0.0,2.0,0.0,0.0,0.0,0.0,0.0,0.0,2.0,0.0,0.0,0.0,0.0,0.0,0.0,0.0,0.0,0.0,0.0,0.0,0.0,0.0,0.0,0.0,0.0,0.0,0.0,0.0,0.0,0.0,0.0,0.0,0.0,0.0,0.0,162.0,0.0,0.0
0.0,16.0,0.0,0.0,2.0,0.0,0.0,0.0,80.0,22.0,6.8,2.0,"{'original': 6.7, 'alternative': 6.7}",Ariel Almagro,cumbaya,aucas,cumbaya,7,0.0,0.0,0.0,0.0,0.0,0.0,0.0,0.0,0.0,0.0,2.0,0.0,0.0,0.0,0.0,0.0,0.0,0.0,0.0,0.0,0.0,0.0,0.0,0.0,0.0,0.0,0.0,0.0,0.0,0.0,0.0,0.0,0.0,0.0,0.0,0.0,0.0,18.0,0.0,0.0
48.0,48.0,10.0,2.0,4.0,4.0,0.0,0.0,62.0,38.0,6.84,14.0,"{'original': 6.7, 'alternative': 6.6}",Maikel Valencia,cumbaya,aucas,cumbaya,7,0.0,0.0,0.0,0.0,0.0,0.0,0.0,0.0,0.0,0.0,0.0,0.0,0.0,0.0,0.0,0.0,0.0,0.0,0.0,0.0,0.0,0.0,0.0,0.0,0.0,0.0,0.0,0.0,0.0,0.0,0.0,0.0,0.0,0.0,0.0,0.0,0.0,69.6774193548387,0.0,0.0
0.0,0.0,0.0,0.0,0.0,0.0,0.0,0.0,0.0,0.0,0.0,0.0,0,Benjamin Cardenas,cumbaya,aucas,cumbaya,7,0.0,0.0,0.0,0.0,0.0,0.0,0.0,0.0,0.0,0.0,0.0,0.0,0.0,0.0,0.0,0.0,0.0,0.0,0.0,0.0,0.0,0.0,0.0,0.0,0.0,0.0,0.0,0.0,0.0,0.0,0.0,0.0,0.0,0.0,0.0,0.0,0.0,0.0,0.0,0.0
0.0,0.0,0.0,0.0,0.0,0.0,0.0,0.0,0.0,0.0,0.0,0.0,0,Bruno Quiñonez,cumbaya,aucas,cumbaya,7,0.0,0.0,0.0,0.0,0.0,0.0,0.0,0.0,0.0,0.0,0.0,0.0,0.0,0.0,0.0,0.0,0.0,0.0,0.0,0.0,0.0,0.0,0.0,0.0,0.0,0.0,0.0,0.0,0.0,0.0,0.0,0.0,0.0,0.0,0.0,0.0,0.0,0.0,0.0,0.0
0.0,0.0,0.0,0.0,0.0,0.0,0.0,0.0,0.0,0.0,0.0,0.0,0,Rommel Tapia,cumbaya,aucas,cumbaya,7,0.0,0.0,0.0,0.0,0.0,0.0,0.0,0.0,0.0,0.0,0.0,0.0,0.0,0.0,0.0,0.0,0.0,0.0,0.0,0.0,0.0,0.0,0.0,0.0,0.0,0.0,0.0,0.0,0.0,0.0,0.0,0.0,0.0,0.0,0.0,0.0,0.0,0.0,0.0,0.0
0.0,0.0,0.0,0.0,0.0,0.0,0.0,0.0,0.0,0.0,0.0,0.0,0,Luis Caicedo,cumbaya,aucas,cumbaya,7,0.0,0.0,0.0,0.0,0.0,0.0,0.0,0.0,0.0,0.0,0.0,0.0,0.0,0.0,0.0,0.0,0.0,0.0,0.0,0.0,0.0,0.0,0.0,0.0,0.0,0.0,0.0,0.0,0.0,0.0,0.0,0.0,0.0,0.0,0.0,0.0,0.0,0.0,0.0,0.0
0.0,0.0,0.0,0.0,0.0,0.0,0.0,0.0,0.0,0.0,0.0,0.0,0,Jaime Ortiz,cumbaya,aucas,cumbaya,7,0.0,0.0,0.0,0.0,0.0,0.0,0.0,0.0,0.0,0.0,0.0,0.0,0.0,0.0,0.0,0.0,0.0,0.0,0.0,0.0,0.0,0.0,0.0,0.0,0.0,0.0,0.0,0.0,0.0,0.0,0.0,0.0,0.0,0.0,0.0,0.0,0.0,0.0,0.0,0.0
22.0,8.0,0.0,0.0,2.0,2.0,0.0,0.0,150.0,56.0,8.58,2.0,"{'original': 7.2, 'alternative': 7.1}",Mathías Suárez,barcelona,barcelona,cuenca,7,0.0,0.0,0.0,2.0,0.0,0.0,0.0,4.0,0.0,0.0,2.0,0.0,2.0,0.0,0.0,0.0,0.0,0.0,0.0,0.0,0.0,0.0,0.0,0.0,0.0,0.0,0.0,0.0,0.0,0.0,0.0,0.0,0.0,0.0,0.0,0.0,0.0,4.800000000000001,0.0,0.0
24.0,4.0,2.0,2.0,0.0,0.0,0.0,0.0,82.0,24.0,10.0,4.0,"{'original': 8.7, 'alternative': 8.7}",Anibal Chalá,barcelona,barcelona,cuenca,7,2.0,0.0,0.0,0.0,0.0,0.0,0.0,0.0,0.0,0.0,0.0,0.0,0.0,0.0,0.0,0.0,0.0,0.0,0.0,0.0,0.0,0.0,0.0,0.0,0.0,0.0,0.0,0.0,0.0,0.0,0.0,0.0,0.0,0.0,0.0,0.0,0.0,4.390243902439025,0.0,0.0
6.0,4.0,0.0,4.0,0.0,0.0,0.0,0.0,98.0,26.0,6.52,12.0,"{'original': 7.3, 'alternative': 7.2}",Braian Oyola,barcelona,barcelona,cuenca,7,0.0,0.0,0.0,8.0,0.0,0.0,0.0,0.0,0.0,0.0,0.0,0.0,0.0,0.0,0.0,0.0,0.0,0.0,0.0,0.0,0.0,0.0,0.0,0.0,0.0,0.0,0.0,0.0,0.0,0.0,0.0,0.0,0.0,0.0,0.0,0.0,0.0,3.6734693877551017,0.0,0.0
48.0,46.0,6.0,2.0,8.0,0.0,0.0,0.0,2.0,40.0,8.88,10.0,"{'original': 7.9, 'alternative': 7.6}",Damián Díaz,barcelona,barcelona,cuenca,7,0.0,0.0,0.0,4.0,2.0,0.0,0.0,0.0,0.0,0.0,4.0,0.0,0.0,0.0,0.0,2.0,0.0,0.0,0.0,0.0,0.0,0.0,0.0,0.0,0.0,0.0,0.0,0.0,0.0,0.0,0.0,0.0,0.0,0.0,0.0,0.0,0.0,2070.0,0.0,0.0
102.0,80.0,20.0,14.0,0.0,2.0,0.0,0.0,18.0,36.0,5.9,4.0,"{'original': 7.3, 'alternative': 7.1}",Dixon Arroyo,barcelona,barcelona,cuenca,7,0.0,0.0,0.0,6.0,0.0,0.0,0.0,0.0,0.0,0.0,0.0,0.0,2.0,0.0,0.0,0.0,0.0,0.0,0.0,0.0,0.0,0.0,0.0,0.0,0.0,0.0,0.0,0.0,0.0,0.0,0.0,0.0,0.0,0.0,0.0,0.0,0.0,400.0,0.0,0.0
10.0,2.0,0.0,0.0,0.0,0.0,0.0,0.0,54.0,0.0,7.63,8.0,"{'original': 7.8, 'alternative': 7.6}",Francisco Fydriszewski,barcelona,barcelona,cuenca,7,0.0,0.0,2.0,0.0,0.0,0.0,0.0,0.0,0.0,0.0,2.0,0.0,0.0,0.0,0.0,0.0,2.0,2.0,0.0,0.0,0.0,0.0,0.0,0.0,0.0,0.0,0.0,0.0,0.0,0.0,0.0,0.0,0.0,0.0,0.0,0.0,2.0,3.333333333333333,3.333333333333333,3.333333333333333
4.0,10.0,0.0,0.0,0.0,0.0,0.0,0.0,20.0,10.0,5.99,2.0,"{'original': 6.6, 'alternative': 6.6}",Adonis Preciado,barcelona,barcelona,cuenca,7,2.0,0.0,0.0,2.0,0.0,0.0,0.0,0.0,0.0,0.0,0.0,0.0,0.0,0.0,0.0,0.0,0.0,0.0,0.0,0.0,0.0,0.0,0.0,0.0,0.0,0.0,0.0,0.0,0.0,0.0,0.0,0.0,0.0,0.0,0.0,0.0,0.0,45.0,0.0,0.0
6.0,4.0,0.0,0.0,0.0,0.0,0.0,0.0,40.0,0.0,5.86,4.0,"{'original': 6.5, 'alternative': 6.5}",Allen Obando,barcelona,barcelona,cuenca,7,0.0,0.0,0.0,0.0,0.0,0.0,0.0,0.0,0.0,0.0,0.0,0.0,0.0,0.0,0.0,0.0,0.0,0.0,0.0,0.0,0.0,0.0,0.0,0.0,0.0,0.0,0.0,0.0,0.0,0.0,0.0,0.0,0.0,0.0,0.0,0.0,0.0,9.0,0.0,0.0
16.0,16.0,0.0,0.0,0.0,0.0,0.0,0.0,16.0,6.0,5.44,0.0,"{'original': 6.8, 'alternative': 6.8}",Jhonnier Chala,barcelona,barcelona,cuenca,7,0.0,0.0,0.0,0.0,0.0,0.0,0.0,0.0,0.0,0.0,0.0,0.0,0.0,0.0,0.0,0.0,0.0,0.0,0.0,0.0,0.0,0.0,0.0,0.0,0.0,0.0,0.0,0.0,0.0,0.0,0.0,0.0,0.0,0.0,0.0,0.0,0.0,90.0,0.0,0.0
0.0,0.0,0.0,0.0,0.0,0.0,0.0,0.0,0.0,0.0,0.0,0.0,0,William Vargas,barcelona,barcelona,cuenca,7,0.0,0.0,0.0,0.0,0.0,0.0,0.0,0.0,0.0,0.0,0.0,0.0,0.0,0.0,0.0,0.0,0.0,0.0,0.0,0.0,0.0,0.0,0.0,0.0,0.0,0.0,0.0,0.0,0.0,0.0,0.0,0.0,0.0,0.0,0.0,0.0,0.0,0.0,0.0,0.0
0.0,0.0,0.0,0.0,0.0,0.0,0.0,0.0,0.0,0.0,0.0,0.0,0,Nicolás Ramírez,barcelona,barcelona,cuenca,7,0.0,0.0,0.0,0.0,0.0,0.0,0.0,0.0,0.0,0.0,0.0,0.0,0.0,0.0,0.0,0.0,0.0,0.0,0.0,0.0,0.0,0.0,0.0,0.0,0.0,0.0,0.0,0.0,0.0,0.0,0.0,0.0,0.0,0.0,0.0,0.0,0.0,0.0,0.0,0.0
0.0,0.0,0.0,0.0,0.0,0.0,0.0,0.0,0.0,0.0,0.0,0.0,0,Gabriel Cortez,barcelona,barcelona,cuenca,7,0.0,0.0,0.0,0.0,0.0,0.0,0.0,0.0,0.0,0.0,0.0,0.0,0.0,0.0,0.0,0.0,0.0,0.0,0.0,0.0,0.0,0.0,0.0,0.0,0.0,0.0,0.0,0.0,0.0,0.0,0.0,0.0,0.0,0.0,0.0,0.0,0.0,0.0,0.0,0.0
6.0,10.0,24.0,8.0,0.0,0.0,0.0,2.0,48.0,46.0,5.74,0.0,"{'original': 6.4, 'alternative': 6.1}",Hamilton Piedra,cuenca,barcelona,cuenca,7,0.0,0.0,0.0,0.0,0.0,0.0,0.0,0.0,0.0,0.0,0.0,0.0,0.0,0.0,0.0,0.0,0.0,0.0,0.0,0.0,0.0,0.0,0.0,0.0,0.0,0.0,0.0,0.0,0.0,0.0,0.0,0.0,0.0,0.0,0.0,0.0,0.0,18.75,0.0,0.0
0.0,22.0,4.0,0.0,6.0,0.0,0.0,0.0,166.0,10.0,10.0,4.0,"{'original': 6, 'alternative': 5.8}",Ronny Biojo,cuenca,barcelona,cuenca,7,0.0,0.0,0.0,2.0,0.0,0.0,0.0,0.0,0.0,0.0,2.0,0.0,0.0,0.0,0.0,0.0,0.0,0.0,0.0,0.0,0.0,0.0,0.0,0.0,0.0,0.0,0.0,0.0,0.0,0.0,0.0,0.0,0.0,0.0,0.0,0.0,0.0,11.927710843373495,0.0,0.0
36.0,30.0,2.0,0.0,2.0,0.0,0.0,0.0,164.0,66.0,7.39,12.0,"{'original': 6.4, 'alternative': 6.4}",Sixto Mina,cuenca,barcelona,cuenca,7,0.0,0.0,0.0,0.0,0.0,0.0,2.0,4.0,0.0,0.0,0.0,0.0,0.0,0.0,0.0,0.0,0.0,0.0,0.0,0.0,0.0,0.0,0.0,0.0,0.0,0.0,0.0,0.0,0.0,0.0,0.0,0.0,0.0,0.0,0.0,0.0,2.0,16.463414634146343,1.0975609756097562,0.0
28.0,10.0,0.0,0.0,2.0,0.0,0.0,0.0,132.0,10.0,6.5,24.0,"{'original': 7.3, 'alternative': 7.1}",Lucas Mancinelli,cuenca,barcelona,cuenca,7,6.0,0.0,0.0,0.0,0.0,0.0,0.0,0.0,0.0,0.0,0.0,0.0,0.0,0.0,0.0,0.0,0.0,0.0,0.0,0.0,0.0,0.0,0.0,0.0,0.0,0.0,0.0,0.0,0.0,0.0,0.0,0.0,0.0,0.0,0.0,0.0,0.0,6.818181818181818,0.0,0.0
54.0,46.0,0.0,8.0,2.0,0.0,0.0,0.0,98.0,92.0,7.72,24.0,"{'original': 6.6, 'alternative': 6.5}",Bryan Corozo,cuenca,barcelona,cuenca,7,0.0,0.0,0.0,2.0,6.0,2.0,0.0,0.0,0.0,0.0,0.0,0.0,2.0,0.0,0.0,0.0,0.0,0.0,0.0,0.0,0.0,0.0,0.0,0.0,0.0,0.0,0.0,0.0,0.0,0.0,0.0,0.0,0.0,0.0,0.0,0.0,0.0,42.244897959183675,0.0,0.0
46.0,26.0,0.0,0.0,2.0,0.0,0.0,0.0,118.0,62.0,6.62,2.0,"{'original': 6.4, 'alternative': 6.3}",Esteban Davila,cuenca,barcelona,cuenca,7,0.0,0.0,0.0,4.0,0.0,0.0,0.0,2.0,0.0,0.0,0.0,0.0,0.0,0.0,0.0,0.0,0.0,0.0,0.0,0.0,0.0,0.0,0.0,0.0,0.0,0.0,0.0,0.0,0.0,0.0,0.0,0.0,0.0,0.0,0.0,0.0,0.0,19.83050847457627,0.0,0.0
14.0,0.0,0.0,0.0,2.0,2.0,0.0,0.0,12.0,4.0,6.05,4.0,"{'original': 7.1, 'alternative': 6.9}",Luis Aldair Arroyo Cabeza,cuenca,barcelona,cuenca,7,0.0,0.0,0.0,4.0,0.0,0.0,0.0,0.0,0.0,0.0,0.0,0.0,0.0,0.0,0.0,0.0,0.0,0.0,0.0,0.0,0.0,0.0,0.0,0.0,0.0,0.0,0.0,0.0,0.0,0.0,0.0,0.0,0.0,0.0,0.0,0.0,0.0,0.0,0.0,0.0
18.0,12.0,0.0,0.0,10.0,6.0,0.0,0.0,78.0,42.0,7.9,6.0,"{'original': 7.4, 'alternative': 7}",Danny Luna,cuenca,barcelona,cuenca,7,0.0,0.0,0.0,0.0,0.0,0.0,0.0,0.0,0.0,0.0,6.0,0.0,0.0,0.0,0.0,0.0,0.0,0.0,0.0,0.0,0.0,0.0,0.0,0.0,0.0,0.0,0.0,0.0,0.0,0.0,0.0,0.0,0.0,0.0,0.0,0.0,0.0,13.846153846153847,0.0,0.0
10.0,0.0,0.0,0.0,0.0,0.0,0.0,0.0,8.0,10.0,5.66,2.0,"{'original': 6.8, 'alternative': 6.8}",Mateo Zambrano,cuenca,barcelona,cuenca,7,0.0,0.0,0.0,0.0,0.0,0.0,0.0,0.0,0.0,0.0,0.0,0.0,0.0,0.0,0.0,0.0,0.0,0.0,0.0,0.0,0.0,0.0,0.0,0.0,0.0,0.0,0.0,0.0,0.0,0.0,0.0,0.0,0.0,0.0,0.0,0.0,0.0,0.0,0.0,0.0
0.0,0.0,0.0,0.0,0.0,0.0,0.0,0.0,0.0,0.0,0.0,0.0,0,Marcos Andrés López,cuenca,barcelona,cuenca,7,0.0,0.0,0.0,0.0,0.0,0.0,0.0,0.0,0.0,0.0,0.0,0.0,0.0,0.0,0.0,0.0,0.0,0.0,0.0,0.0,0.0,0.0,0.0,0.0,0.0,0.0,0.0,0.0,0.0,0.0,0.0,0.0,0.0,0.0,0.0,0.0,0.0,0.0,0.0,0.0
0.0,0.0,0.0,0.0,0.0,0.0,0.0,0.0,0.0,0.0,0.0,0.0,0,Francisco Mera,cuenca,barcelona,cuenca,7,0.0,0.0,0.0,0.0,0.0,0.0,0.0,0.0,0.0,0.0,0.0,0.0,0.0,0.0,0.0,0.0,0.0,0.0,0.0,0.0,0.0,0.0,0.0,0.0,0.0,0.0,0.0,0.0,0.0,0.0,0.0,0.0,0.0,0.0,0.0,0.0,0.0,0.0,0.0,0.0
18.0,4.0,0.0,0.0,0.0,0.0,0.0,0.0,44.0,6.0,6.77,0.0,"{'original': 6.4, 'alternative': 6.5}",Adrian Cedeno,delfin,delfin,catolica,7,0.0,0.0,0.0,0.0,0.0,0.0,0.0,2.0,0.0,0.0,0.0,0.0,0.0,2.0,0.0,0.0,0.0,0.0,0.0,0.0,0.0,0.0,0.0,0.0,0.0,0.0,0.0,0.0,0.0,0.0,0.0,0.0,0.0,0.0,0.0,0.0,0.0,8.181818181818182,0.0,0.0
18.0,8.0,6.0,0.0,2.0,0.0,0.0,0.0,46.0,10.0,6.59,4.0,"{'original': 6.5, 'alternative': 6.5}",Luis Becerra,delfin,delfin,catolica,7,0.0,0.0,0.0,0.0,0.0,0.0,0.0,0.0,0.0,0.0,2.0,0.0,0.0,0.0,0.0,0.0,0.0,0.0,0.0,0.0,0.0,0.0,0.0,0.0,0.0,0.0,0.0,0.0,0.0,0.0,0.0,0.0,0.0,0.0,0.0,0.0,0.0,15.652173913043478,0.0,0.0
12.0,20.0,8.0,4.0,2.0,0.0,0.0,0.0,24.0,64.0,5.93,10.0,"{'original': 6.6, 'alternative': 6.5}",Nicolás Goitea,delfin,delfin,catolica,7,0.0,0.0,0.0,0.0,0.0,0.0,0.0,4.0,0.0,2.0,0.0,0.0,0.0,0.0,0.0,0.0,0.0,0.0,0.0,0.0,0.0,0.0,0.0,0.0,0.0,0.0,0.0,0.0,0.0,0.0,0.0,0.0,0.0,0.0,0.0,0.0,0.0,75.0,0.0,0.0
4.0,4.0,4.0,0.0,2.0,0.0,0.0,0.0,62.0,22.0,6.8,10.0,"{'original': 6.4, 'alternative': 6.4}",Erick Zuniga,delfin,delfin,catolica,7,8.0,0.0,0.0,2.0,0.0,0.0,0.0,0.0,0.0,0.0,0.0,0.0,0.0,0.0,0.0,0.0,0.0,0.0,0.0,0.0,0.0,0.0,0.0,0.0,0.0,0.0,0.0,0.0,0.0,0.0,0.0,0.0,0.0,0.0,0.0,0.0,0.0,5.806451612903226,0.0,0.0
16.0,12.0,0.0,0.0,4.0,0.0,0.0,0.0,84.0,40.0,7.72,16.0,"{'original': 7.1, 'alternative': 7.1}",Michael Mieles,delfin,delfin,catolica,7,10.0,2.0,0.0,4.0,0.0,0.0,0.0,0.0,0.0,0.0,2.0,0.0,0.0,0.0,0.0,4.0,0.0,0.0,0.0,0.0,0.0,0.0,0.0,0.0,0.0,0.0,0.0,0.0,0.0,0.0,0.0,0.0,0.0,0.0,0.0,0.0,0.0,12.857142857142856,0.0,0.0
4.0,2.0,0.0,0.0,0.0,0.0,0.0,0.0,6.0,12.0,7.05,0.0,"{'original': 6.5, 'alternative': 6.4}",Jostin Alman,delfin,delfin,catolica,7,0.0,0.0,0.0,4.0,0.0,0.0,0.0,0.0,0.0,0.0,0.0,0.0,0.0,0.0,0.0,0.0,0.0,0.0,0.0,0.0,0.0,0.0,0.0,0.0,0.0,0.0,0.0,0.0,0.0,0.0,0.0,0.0,0.0,0.0,0.0,0.0,0.0,30.0,0.0,0.0
34.0,2.0,0.0,0.0,0.0,0.0,0.0,0.0,8.0,58.0,8.01,18.0,"{'original': 6.7, 'alternative': 6.7}",Josué Cuero,delfin,delfin,catolica,7,0.0,0.0,0.0,0.0,0.0,0.0,0.0,4.0,0.0,0.0,0.0,0.0,0.0,0.0,0.0,0.0,0.0,0.0,0.0,0.0,0.0,0.0,0.0,0.0,0.0,0.0,0.0,0.0,0.0,0.0,0.0,0.0,0.0,0.0,0.0,0.0,0.0,22.5,0.0,0.0
6.0,12.0,0.0,0.0,0.0,0.0,0.0,0.0,72.0,24.0,7.63,6.0,"{'original': 6.7, 'alternative': 6.6}",Horacio Tijanovich,delfin,delfin,catolica,7,0.0,0.0,0.0,0.0,0.0,0.0,0.0,0.0,0.0,0.0,0.0,0.0,0.0,0.0,0.0,0.0,0.0,0.0,0.0,0.0,0.0,0.0,0.0,0.0,0.0,0.0,0.0,0.0,0.0,0.0,0.0,0.0,0.0,0.0,0.0,0.0,0.0,15.0,0.0,0.0
0.0,0.0,0.0,0.0,0.0,0.0,0.0,0.0,0.0,0.0,0.0,0.0,0,Pierre Bellolio,delfin,delfin,catolica,7,0.0,0.0,0.0,0.0,0.0,0.0,0.0,0.0,0.0,0.0,0.0,0.0,0.0,0.0,0.0,0.0,0.0,0.0,0.0,0.0,0.0,0.0,0.0,0.0,0.0,0.0,0.0,0.0,0.0,0.0,0.0,0.0,0.0,0.0,0.0,0.0,0.0,0.0,0.0,0.0
0.0,0.0,0.0,0.0,0.0,0.0,0.0,0.0,0.0,0.0,0.0,0.0,0,Luis Domínguez,delfin,delfin,catolica,7,0.0,0.0,0.0,0.0,0.0,0.0,0.0,0.0,0.0,0.0,0.0,0.0,0.0,0.0,0.0,0.0,0.0,0.0,0.0,0.0,0.0,0.0,0.0,0.0,0.0,0.0,0.0,0.0,0.0,0.0,0.0,0.0,0.0,0.0,0.0,0.0,0.0,0.0,0.0,0.0
0.0,0.0,0.0,0.0,0.0,0.0,0.0,0.0,0.0,0.0,0.0,0.0,0,Ober Medina,delfin,delfin,catolica,7,0.0,0.0,0.0,0.0,0.0,0.0,0.0,0.0,0.0,0.0,0.0,0.0,0.0,0.0,0.0,0.0,0.0,0.0,0.0,0.0,0.0,0.0,0.0,0.0,0.0,0.0,0.0,0.0,0.0,0.0,0.0,0.0,0.0,0.0,0.0,0.0,0.0,0.0,0.0,0.0
0.0,0.0,0.0,0.0,0.0,0.0,0.0,0.0,0.0,0.0,0.0,0.0,0,Hector Chávez,delfin,delfin,catolica,7,0.0,0.0,0.0,0.0,0.0,0.0,0.0,0.0,0.0,0.0,0.0,0.0,0.0,0.0,0.0,0.0,0.0,0.0,0.0,0.0,0.0,0.0,0.0,0.0,0.0,0.0,0.0,0.0,0.0,0.0,0.0,0.0,0.0,0.0,0.0,0.0,0.0,0.0,0.0,0.0
38.0,34.0,6.0,4.0,0.0,0.0,4.0,0.0,122.0,14.0,8.42,18.0,"{'original': 7.3, 'alternative': 7.5}",Rafael Romo,catolica,delfin,catolica,7,0.0,0.0,0.0,0.0,0.0,0.0,0.0,2.0,0.0,0.0,0.0,0.0,0.0,0.0,0.0,0.0,0.0,0.0,0.0,0.0,0.0,0.0,0.0,0.0,0.0,0.0,0.0,0.0,0.0,0.0,0.0,0.0,0.0,0.0,0.0,0.0,0.0,25.08196721311475,0.0,0.0
68.0,56.0,12.0,4.0,0.0,0.0,0.0,0.0,138.0,114.0,7.25,26.0,"{'original': 7.2, 'alternative': 7.2}",Gregori Anangonó,catolica,delfin,catolica,7,2.0,2.0,2.0,10.0,0.0,0.0,0.0,0.0,0.0,0.0,2.0,0.0,0.0,0.0,0.0,0.0,2.0,0.0,0.0,0.0,0.0,0.0,0.0,0.0,0.0,0.0,0.0,0.0,0.0,0.0,0.0,0.0,0.0,0.0,0.0,0.0,0.0,36.52173913043478,0.0,0.0
32.0,106.0,6.0,2.0,6.0,0.0,0.0,0.0,4.0,56.0,8.37,16.0,"{'original': 7.1, 'alternative': 7.2}",Fausto Grillo,catolica,delfin,catolica,7,0.0,0.0,0.0,4.0,0.0,0.0,0.0,0.0,0.0,0.0,0.0,0.0,2.0,2.0,0.0,0.0,0.0,0.0,0.0,0.0,0.0,0.0,0.0,0.0,0.0,0.0,0.0,0.0,0.0,0.0,0.0,0.0,0.0,0.0,0.0,0.0,0.0,2385.0,0.0,0.0
24.0,26.0,0.0,2.0,0.0,0.0,0.0,0.0,96.0,94.0,7.09,12.0,"{'original': 7.5, 'alternative': 7.5}",Layan Loor,catolica,delfin,catolica,7,6.0,6.0,0.0,0.0,2.0,0.0,0.0,2.0,0.0,2.0,0.0,0.0,0.0,0.0,0.0,2.0,0.0,0.0,0.0,0.0,0.0,0.0,0.0,0.0,0.0,0.0,0.0,0.0,0.0,0.0,0.0,0.0,0.0,0.0,0.0,0.0,0.0,24.375,0.0,0.0
46.0,100.0,2.0,2.0,0.0,0.0,0.0,0.0,104.0,38.0,6.87,0.0,"{'original': 7.1, 'alternative': 7}",Kevin Minda,catolica,delfin,catolica,7,0.0,0.0,0.0,2.0,0.0,0.0,0.0,2.0,0.0,0.0,0.0,0.0,0.0,0.0,0.0,0.0,0.0,0.0,0.0,0.0,0.0,0.0,0.0,0.0,0.0,0.0,0.0,0.0,0.0,0.0,0.0,0.0,0.0,0.0,0.0,0.0,0.0,86.53846153846155,0.0,0.0
10.0,54.0,2.0,2.0,0.0,4.0,0.0,0.0,64.0,68.0,10.0,8.0,"{'original': 7, 'alternative': 6.9}",Facundo Martinez,catolica,delfin,catolica,7,0.0,0.0,0.0,0.0,0.0,0.0,0.0,0.0,0.0,0.0,0.0,0.0,0.0,0.0,0.0,0.0,0.0,0.0,0.0,0.0,0.0,0.0,0.0,0.0,0.0,0.0,0.0,0.0,0.0,0.0,0.0,0.0,0.0,0.0,0.0,0.0,0.0,75.9375,0.0,0.0
34.0,46.0,0.0,0.0,2.0,0.0,0.0,0.0,104.0,36.0,8.77,6.0,"{'original': 8.3, 'alternative': 7.8}",Ismael Díaz,catolica,delfin,catolica,7,0.0,0.0,0.0,10.0,0.0,2.0,0.0,0.0,0.0,0.0,0.0,0.0,0.0,0.0,0.0,0.0,2.0,2.0,0.0,0.0,0.0,0.0,0.0,0.0,0.0,0.0,0.0,0.0,0.0,0.0,0.0,0.0,0.0,0.0,0.0,0.0,2.0,39.80769230769231,1.7307692307692308,1.7307692307692308
16.0,4.0,0.0,0.0,0.0,0.0,0.0,0.0,88.0,34.0,5.63,2.0,"{'original': 6.8, 'alternative': 6.7}",Jhon Cifuente,catolica,delfin,catolica,7,0.0,0.0,0.0,0.0,0.0,0.0,2.0,0.0,0.0,0.0,0.0,0.0,0.0,0.0,0.0,0.0,0.0,0.0,0.0,0.0,0.0,0.0,0.0,0.0,0.0,0.0,0.0,0.0,0.0,0.0,0.0,0.0,0.0,0.0,0.0,0.0,2.0,4.090909090909091,2.0454545454545454,0.0
10.0,0.0,0.0,0.0,0.0,0.0,0.0,0.0,54.0,24.0,6.56,4.0,"{'original': 7.5, 'alternative': 7.4}",José Fajardo,catolica,delfin,catolica,7,0.0,0.0,2.0,2.0,0.0,0.0,0.0,2.0,0.0,0.0,0.0,0.0,0.0,0.0,0.0,0.0,0.0,2.0,0.0,0.0,0.0,0.0,0.0,0.0,0.0,0.0,0.0,0.0,0.0,0.0,0.0,0.0,0.0,0.0,0.0,0.0,2.0,0.0,3.333333333333333,3.333333333333333
0.0,0.0,0.0,0.0,0.0,0.0,0.0,0.0,0.0,0.0,0.0,0.0,0,Joshue Quinonez,catolica,delfin,catolica,7,0.0,0.0,0.0,0.0,0.0,0.0,0.0,0.0,0.0,0.0,0.0,0.0,0.0,0.0,0.0,0.0,0.0,0.0,0.0,0.0,0.0,0.0,0.0,0.0,0.0,0.0,0.0,0.0,0.0,0.0,0.0,0.0,0.0,0.0,0.0,0.0,0.0,0.0,0.0,0.0
0.0,0.0,0.0,0.0,0.0,0.0,0.0,0.0,0.0,0.0,0.0,0.0,0,José Bedoya,catolica,delfin,catolica,7,0.0,0.0,0.0,0.0,0.0,0.0,0.0,0.0,0.0,0.0,0.0,0.0,0.0,0.0,0.0,0.0,0.0,0.0,0.0,0.0,0.0,0.0,0.0,0.0,0.0,0.0,0.0,0.0,0.0,0.0,0.0,0.0,0.0,0.0,0.0,0.0,0.0,0.0,0.0,0.0
4.0,36.0,24.0,4.0,0.0,0.0,2.0,0.0,98.0,76.0,8.02,6.0,"{'original': 6.7, 'alternative': 6.6}",Mario Valero Sanchez,imbabura,imbabura,macara,7,0.0,0.0,0.0,0.0,0.0,0.0,0.0,0.0,0.0,0.0,0.0,0.0,0.0,0.0,0.0,0.0,0.0,0.0,0.0,0.0,0.0,0.0,0.0,0.0,0.0,0.0,0.0,0.0,0.0,0.0,0.0,0.0,0.0,0.0,0.0,0.0,0.0,33.06122448979592,0.0,0.0
48.0,36.0,0.0,0.0,2.0,0.0,0.0,0.0,152.0,24.0,7.81,30.0,"{'original': 6.6, 'alternative': 6.6}",Edison Caicedo,imbabura,imbabura,macara,7,2.0,0.0,0.0,2.0,0.0,0.0,0.0,0.0,0.0,0.0,0.0,0.0,0.0,0.0,0.0,0.0,0.0,0.0,0.0,0.0,0.0,0.0,0.0,0.0,0.0,0.0,0.0,0.0,0.0,0.0,0.0,0.0,0.0,0.0,0.0,0.0,0.0,21.31578947368421,0.0,0.0
28.0,88.0,4.0,0.0,4.0,0.0,0.0,0.0,136.0,14.0,7.45,2.0,"{'original': 6.8, 'alternative': 6.7}",Guillermo Coronel,imbabura,imbabura,macara,7,0.0,0.0,0.0,2.0,0.0,0.0,0.0,0.0,0.0,0.0,0.0,0.0,0.0,0.0,0.0,0.0,0.0,0.0,0.0,0.0,0.0,0.0,0.0,0.0,0.0,0.0,0.0,0.0,0.0,0.0,0.0,0.0,0.0,0.0,0.0,0.0,0.0,58.235294117647065,0.0,0.0
88.0,24.0,2.0,0.0,4.0,0.0,0.0,0.0,128.0,72.0,8.47,14.0,"{'original': 7.1, 'alternative': 7.1}",Jonathan Benítez,imbabura,imbabura,macara,7,0.0,0.0,2.0,6.0,0.0,0.0,0.0,0.0,0.0,0.0,10.0,0.0,0.0,4.0,0.0,0.0,0.0,0.0,0.0,0.0,0.0,0.0,0.0,0.0,0.0,0.0,0.0,0.0,0.0,0.0,0.0,0.0,0.0,0.0,0.0,0.0,0.0,16.875,0.0,0.0
32.0,22.0,0.0,0.0,2.0,0.0,0.0,0.0,150.0,30.0,6.13,22.0,"{'original': 6.6, 'alternative': 6.4}",Leonar Espinoza,imbabura,imbabura,macara,7,4.0,0.0,0.0,8.0,0.0,0.0,0.0,0.0,0.0,0.0,2.0,0.0,4.0,0.0,0.0,0.0,2.0,0.0,0.0,0.0,0.0,0.0,0.0,0.0,0.0,0.0,0.0,0.0,0.0,0.0,0.0,0.0,0.0,0.0,0.0,0.0,0.0,13.2,0.0,0.0
30.0,32.0,2.0,2.0,2.0,0.0,0.0,0.0,112.0,34.0,6.86,0.0,"{'original': 6.5, 'alternative': 6.4}",Leandro Pantoja,imbabura,imbabura,macara,7,0.0,0.0,0.0,4.0,0.0,0.0,0.0,0.0,0.0,0.0,2.0,2.0,0.0,0.0,0.0,0.0,0.0,0.0,0.0,0.0,0.0,0.0,0.0,0.0,0.0,0.0,0.0,0.0,0.0,0.0,0.0,0.0,0.0,0.0,0.0,0.0,0.0,25.71428571428571,0.0,0.0
22.0,14.0,0.0,0.0,4.0,0.0,0.0,0.0,166.0,88.0,7.09,8.0,"{'original': 6.6, 'alternative': 6.2}",Federico Paz,imbabura,imbabura,macara,7,2.0,0.0,0.0,16.0,4.0,0.0,0.0,0.0,0.0,0.0,0.0,0.0,2.0,0.0,0.0,0.0,0.0,0.0,0.0,0.0,0.0,0.0,0.0,0.0,0.0,0.0,0.0,0.0,0.0,0.0,0.0,0.0,0.0,0.0,0.0,0.0,0.0,7.590361445783132,0.0,0.0
12.0,8.0,0.0,0.0,2.0,0.0,0.0,0.0,96.0,36.0,5.73,4.0,"{'original': 6.7, 'alternative': 6.6}",Jacson Pita Mina,imbabura,imbabura,macara,7,0.0,0.0,0.0,0.0,0.0,0.0,0.0,2.0,0.0,0.0,0.0,0.0,0.0,0.0,0.0,0.0,0.0,0.0,0.0,0.0,0.0,0.0,0.0,0.0,0.0,0.0,0.0,0.0,0.0,0.0,0.0,0.0,0.0,0.0,0.0,0.0,0.0,7.5,0.0,0.0
6.0,0.0,0.0,0.0,0.0,0.0,0.0,0.0,16.0,8.0,5.32,0.0,"{'original': 6.6, 'alternative': 6.5}",Fernando Presentado,imbabura,imbabura,macara,7,0.0,0.0,0.0,0.0,0.0,0.0,0.0,0.0,0.0,0.0,0.0,0.0,0.0,0.0,0.0,0.0,0.0,0.0,0.0,0.0,0.0,0.0,0.0,0.0,0.0,0.0,0.0,0.0,0.0,0.0,0.0,0.0,0.0,0.0,0.0,0.0,0.0,0.0,0.0,0.0
10.0,22.0,2.0,0.0,0.0,0.0,0.0,0.0,22.0,24.0,7.47,10.0,"{'original': 6.4, 'alternative': 6.4}",Jerson Guisamano,imbabura,imbabura,macara,7,0.0,0.0,0.0,4.0,4.0,0.0,0.0,0.0,0.0,0.0,0.0,0.0,0.0,0.0,0.0,0.0,0.0,0.0,0.0,0.0,0.0,0.0,0.0,0.0,0.0,0.0,0.0,0.0,0.0,0.0,0.0,0.0,0.0,0.0,0.0,0.0,0.0,90.0,0.0,0.0
0.0,0.0,0.0,0.0,0.0,0.0,0.0,0.0,0.0,0.0,0.0,0.0,0,Edilson Cabeza,imbabura,imbabura,macara,7,0.0,0.0,0.0,0.0,0.0,0.0,0.0,0.0,0.0,0.0,0.0,0.0,0.0,0.0,0.0,0.0,0.0,0.0,0.0,0.0,0.0,0.0,0.0,0.0,0.0,0.0,0.0,0.0,0.0,0.0,0.0,0.0,0.0,0.0,0.0,0.0,0.0,0.0,0.0,0.0
0.0,0.0,0.0,0.0,0.0,0.0,0.0,0.0,0.0,0.0,0.0,0.0,0,Juan Alcivar,imbabura,imbabura,macara,7,0.0,0.0,0.0,0.0,0.0,0.0,0.0,0.0,0.0,0.0,0.0,0.0,0.0,0.0,0.0,0.0,0.0,0.0,0.0,0.0,0.0,0.0,0.0,0.0,0.0,0.0,0.0,0.0,0.0,0.0,0.0,0.0,0.0,0.0,0.0,0.0,0.0,0.0,0.0,0.0
54.0,26.0,10.0,2.0,8.0,2.0,0.0,0.0,16.0,34.0,8.2,8.0,"{'original': 7.3, 'alternative': 7.2}",Cristopher Angulo,macara,imbabura,macara,7,0.0,0.0,0.0,2.0,4.0,0.0,0.0,0.0,0.0,2.0,0.0,0.0,0.0,0.0,0.0,0.0,0.0,0.0,0.0,0.0,0.0,0.0,0.0,0.0,0.0,0.0,0.0,0.0,0.0,0.0,0.0,0.0,0.0,0.0,0.0,0.0,0.0,146.25,0.0,0.0
4.0,12.0,6.0,2.0,2.0,0.0,0.0,0.0,60.0,66.0,7.6,0.0,"{'original': 7.4, 'alternative': 7.3}",Glendys Mina,macara,imbabura,macara,7,0.0,0.0,0.0,0.0,0.0,0.0,0.0,2.0,0.0,0.0,0.0,0.0,0.0,0.0,0.0,0.0,0.0,0.0,0.0,0.0,0.0,0.0,0.0,0.0,0.0,0.0,0.0,0.0,0.0,0.0,0.0,0.0,0.0,0.0,0.0,0.0,0.0,18.0,0.0,0.0
22.0,36.0,0.0,0.0,6.0,0.0,0.0,0.0,106.0,4.0,7.31,8.0,"{'original': 8.2, 'alternative': 8.2}",Jorge Valdez,macara,imbabura,macara,7,6.0,0.0,0.0,6.0,2.0,0.0,0.0,0.0,0.0,0.0,4.0,0.0,4.0,0.0,0.0,2.0,0.0,0.0,0.0,0.0,0.0,0.0,0.0,0.0,0.0,0.0,0.0,0.0,0.0,0.0,0.0,0.0,0.0,0.0,0.0,0.0,0.0,30.566037735849054,0.0,0.0
30.0,14.0,4.0,2.0,8.0,0.0,0.0,0.0,136.0,52.0,0.0,4.0,"{'original': 7, 'alternative': 7}",Emiliano Romero,macara,imbabura,macara,7,0.0,0.0,0.0,2.0,0.0,0.0,0.0,4.0,0.0,0.0,8.0,0.0,2.0,0.0,0.0,0.0,0.0,0.0,0.0,0.0,0.0,0.0,0.0,0.0,0.0,0.0,0.0,0.0,0.0,0.0,0.0,0.0,0.0,0.0,0.0,0.0,0.0,9.26470588235294,0.0,0.0
2.0,26.0,2.0,0.0,16.0,2.0,0.0,0.0,66.0,2.0,7.4,10.0,"{'original': 7.1, 'alternative': 7}",Janpol Morales,macara,imbabura,macara,7,0.0,0.0,6.0,4.0,4.0,2.0,2.0,0.0,0.0,0.0,2.0,0.0,0.0,2.0,0.0,0.0,0.0,0.0,0.0,0.0,0.0,0.0,0.0,0.0,0.0,0.0,0.0,0.0,0.0,0.0,0.0,0.0,0.0,0.0,0.0,0.0,2.0,35.45454545454545,2.7272727272727275,0.0
12.0,4.0,0.0,0.0,0.0,2.0,0.0,0.0,8.0,0.0,7.73,4.0,"{'original': 6.7, 'alternative': 6.6}",Joffré Escobar,macara,imbabura,macara,7,0.0,0.0,0.0,6.0,0.0,0.0,0.0,0.0,0.0,0.0,0.0,0.0,2.0,0.0,0.0,0.0,2.0,0.0,0.0,2.0,0.0,0.0,0.0,0.0,0.0,0.0,8.0,0.0,0.0,0.0,0.0,0.0,0.0,0.0,0.0,0.0,0.0,45.0,0.0,0.0
16.0,4.0,2.0,0.0,6.0,0.0,0.0,0.0,56.0,6.0,6.81,4.0,"{'original': 6.5, 'alternative': 6.5}",Miguel Perea,macara,imbabura,macara,7,0.0,0.0,0.0,0.0,10.0,2.0,0.0,0.0,0.0,0.0,0.0,0.0,0.0,0.0,0.0,0.0,0.0,0.0,0.0,0.0,0.0,0.0,0.0,0.0,0.0,0.0,0.0,0.0,0.0,0.0,0.0,0.0,0.0,0.0,0.0,0.0,0.0,6.428571428571428,0.0,0.0
0.0,0.0,0.0,0.0,0.0,0.0,0.0,0.0,26.0,6.0,6.26,2.0,"{'original': 6.2, 'alternative': 6.1}",Daniel Bravo,macara,imbabura,macara,7,0.0,0.0,2.0,0.0,0.0,0.0,0.0,0.0,0.0,0.0,0.0,0.0,0.0,0.0,0.0,0.0,0.0,0.0,0.0,0.0,0.0,0.0,0.0,0.0,0.0,0.0,0.0,0.0,0.0,0.0,0.0,0.0,0.0,0.0,0.0,0.0,0.0,0.0,0.0,0.0
0.0,0.0,0.0,0.0,0.0,0.0,0.0,0.0,0.0,0.0,0.0,0.0,0,Jonathan Gonzalo Villafuerte Farias,macara,imbabura,macara,7,0.0,0.0,0.0,0.0,0.0,0.0,0.0,0.0,0.0,0.0,0.0,0.0,0.0,0.0,0.0,0.0,0.0,0.0,0.0,0.0,0.0,0.0,0.0,0.0,0.0,0.0,0.0,0.0,0.0,0.0,0.0,0.0,0.0,0.0,0.0,0.0,0.0,0.0,0.0,0.0
0.0,0.0,0.0,0.0,0.0,0.0,0.0,0.0,0.0,0.0,0.0,0.0,0,Daniel Porozo,macara,imbabura,macara,7,0.0,0.0,0.0,0.0,0.0,0.0,0.0,0.0,0.0,0.0,0.0,0.0,0.0,0.0,0.0,0.0,0.0,0.0,0.0,0.0,0.0,0.0,0.0,0.0,0.0,0.0,0.0,0.0,0.0,0.0,0.0,0.0,0.0,0.0,0.0,0.0,0.0,0.0,0.0,0.0
48.0,14.0,2.0,12.0,0.0,0.0,0.0,0.0,154.0,118.0,4.0,10.0,"{'original': 7, 'alternative': 6.9}",Luis Felipe Zárate,independiente,independiente,libertad,7,0.0,0.0,0.0,2.0,0.0,0.0,0.0,0.0,0.0,0.0,0.0,0.0,0.0,0.0,0.0,0.0,0.0,0.0,0.0,0.0,0.0,0.0,0.0,0.0,0.0,0.0,0.0,0.0,0.0,0.0,0.0,0.0,0.0,0.0,0.0,0.0,0.0,8.181818181818182,0.0,0.0
78.0,68.0,18.0,0.0,4.0,0.0,0.0,0.0,110.0,14.0,6.27,14.0,"{'original': 7.5, 'alternative': 7.5}",Joaquin Pombo,independiente,independiente,libertad,7,0.0,0.0,0.0,0.0,0.0,0.0,0.0,4.0,2.0,0.0,2.0,0.0,2.0,0.0,0.0,0.0,0.0,0.0,0.0,0.0,0.0,0.0,0.0,0.0,0.0,0.0,0.0,0.0,0.0,0.0,0.0,0.0,0.0,0.0,0.0,0.0,0.0,55.63636363636363,0.0,0.0
8.0,30.0,4.0,4.0,2.0,0.0,0.0,0.0,4.0,34.0,5.41,6.0,"{'original': 6.7, 'alternative': 6.6}",Elkin Ruiz,independiente,independiente,libertad,7,0.0,0.0,0.0,4.0,0.0,0.0,0.0,2.0,0.0,0.0,0.0,0.0,0.0,0.0,0.0,0.0,0.0,0.0,0.0,0.0,0.0,0.0,0.0,0.0,0.0,0.0,0.0,0.0,0.0,0.0,0.0,0.0,0.0,0.0,0.0,0.0,0.0,675.0,0.0,0.0
32.0,40.0,8.0,0.0,0.0,0.0,0.0,0.0,112.0,40.0,7.98,2.0,"{'original': 6.8, 'alternative': 6.7}",Patrik Mercado,independiente,independiente,libertad,7,0.0,0.0,0.0,0.0,0.0,0.0,0.0,2.0,0.0,0.0,0.0,0.0,0.0,0.0,0.0,0.0,0.0,0.0,0.0,0.0,0.0,0.0,0.0,0.0,0.0,0.0,0.0,0.0,0.0,0.0,0.0,0.0,0.0,0.0,0.0,0.0,0.0,32.142857142857146,0.0,0.0
52.0,12.0,4.0,0.0,0.0,0.0,0.0,0.0,4.0,32.0,6.75,2.0,"{'original': 6.6, 'alternative': 6.4}",Yaimar Medina,independiente,independiente,libertad,7,0.0,0.0,0.0,6.0,6.0,0.0,0.0,0.0,0.0,0.0,0.0,0.0,2.0,0.0,0.0,0.0,0.0,0.0,0.0,0.0,0.0,0.0,0.0,0.0,0.0,0.0,0.0,0.0,0.0,0.0,0.0,0.0,0.0,0.0,0.0,0.0,0.0,270.0,0.0,0.0
8.0,0.0,0.0,0.0,0.0,0.0,0.0,0.0,46.0,34.0,5.91,12.0,"{'original': 6.7, 'alternative': 6.6}",Renzo López,independiente,independiente,libertad,7,0.0,0.0,2.0,2.0,0.0,0.0,0.0,0.0,0.0,0.0,0.0,0.0,2.0,0.0,0.0,0.0,0.0,0.0,0.0,0.0,0.0,0.0,0.0,0.0,0.0,0.0,0.0,0.0,0.0,0.0,0.0,0.0,0.0,0.0,0.0,0.0,0.0,0.0,0.0,0.0
6.0,8.0,2.0,0.0,0.0,2.0,0.0,0.0,24.0,16.0,8.41,6.0,"{'original': 7.1, 'alternative': 7}",Kendry Páez,independiente,independiente,libertad,7,0.0,0.0,0.0,0.0,0.0,0.0,0.0,0.0,0.0,0.0,0.0,0.0,0.0,0.0,0.0,2.0,0.0,0.0,0.0,0.0,0.0,0.0,0.0,0.0,0.0,0.0,0.0,0.0,0.0,0.0,0.0,0.0,0.0,0.0,0.0,0.0,0.0,30.0,0.0,0.0
0.0,8.0,2.0,0.0,0.0,0.0,0.0,0.0,2.0,12.0,5.33,2.0,"{'original': 6.5, 'alternative': 6.5}",Joao Ortíz,independiente,independiente,libertad,7,0.0,0.0,0.0,0.0,0.0,0.0,0.0,0.0,0.0,0.0,0.0,0.0,0.0,0.0,0.0,0.0,0.0,0.0,0.0,0.0,0.0,0.0,0.0,0.0,0.0,0.0,0.0,0.0,0.0,0.0,0.0,0.0,0.0,0.0,0.0,0.0,0.0,360.0,0.0,0.0
0.0,0.0,0.0,0.0,0.0,0.0,0.0,0.0,0.0,0.0,0.0,0.0,0,Cristian Zabala,independiente,independiente,libertad,7,0.0,0.0,0.0,0.0,0.0,0.0,0.0,0.0,0.0,0.0,0.0,0.0,0.0,0.0,0.0,0.0,0.0,0.0,0.0,0.0,0.0,0.0,0.0,0.0,0.0,0.0,0.0,0.0,0.0,0.0,0.0,0.0,0.0,0.0,0.0,0.0,0.0,0.0,0.0,0.0
0.0,0.0,0.0,0.0,0.0,0.0,0.0,0.0,0.0,0.0,0.0,0.0,0,Jorge Arcos,independiente,independiente,libertad,7,0.0,0.0,0.0,0.0,0.0,0.0,0.0,0.0,0.0,0.0,0.0,0.0,0.0,0.0,0.0,0.0,0.0,0.0,0.0,0.0,0.0,0.0,0.0,0.0,0.0,0.0,0.0,0.0,0.0,0.0,0.0,0.0,0.0,0.0,0.0,0.0,0.0,0.0,0.0,0.0
0.0,0.0,0.0,0.0,0.0,0.0,0.0,0.0,0.0,0.0,0.0,0.0,0,Orlando Herrera,independiente,independiente,libertad,7,0.0,0.0,0.0,0.0,0.0,0.0,0.0,0.0,0.0,0.0,0.0,0.0,0.0,0.0,0.0,0.0,0.0,0.0,0.0,0.0,0.0,0.0,0.0,0.0,0.0,0.0,0.0,0.0,0.0,0.0,0.0,0.0,0.0,0.0,0.0,0.0,0.0,0.0,0.0,0.0
0.0,0.0,0.0,0.0,0.0,0.0,0.0,0.0,0.0,0.0,0.0,0.0,0,Michael Hoyos,independiente,independiente,libertad,7,0.0,0.0,0.0,0.0,0.0,0.0,0.0,0.0,0.0,0.0,0.0,0.0,0.0,0.0,0.0,0.0,0.0,0.0,0.0,0.0,0.0,0.0,0.0,0.0,0.0,0.0,0.0,0.0,0.0,0.0,0.0,0.0,0.0,0.0,0.0,0.0,0.0,0.0,0.0,0.0
12.0,8.0,0.0,0.0,0.0,0.0,0.0,0.0,154.0,28.0,6.11,10.0,"{'original': 6.6, 'alternative': 6.5}",Richard Farias,libertad,independiente,libertad,7,2.0,0.0,0.0,0.0,0.0,0.0,0.0,0.0,0.0,0.0,2.0,0.0,0.0,0.0,0.0,0.0,0.0,0.0,0.0,0.0,0.0,0.0,0.0,0.0,0.0,0.0,0.0,0.0,0.0,0.0,0.0,0.0,0.0,0.0,0.0,0.0,0.0,4.675324675324676,0.0,0.0
24.0,0.0,6.0,0.0,4.0,0.0,0.0,0.0,48.0,34.0,7.86,10.0,"{'original': 6.7, 'alternative': 6.5}",Cristian Enciso,libertad,independiente,libertad,7,0.0,0.0,0.0,0.0,0.0,0.0,0.0,4.0,0.0,2.0,2.0,0.0,0.0,0.0,0.0,0.0,0.0,0.0,0.0,0.0,0.0,0.0,0.0,0.0,0.0,0.0,0.0,0.0,0.0,0.0,0.0,0.0,0.0,0.0,0.0,0.0,0.0,0.0,0.0,0.0
2.0,16.0,0.0,0.0,2.0,0.0,0.0,0.0,148.0,22.0,5.67,6.0,"{'original': 6.7, 'alternative': 6.6}",Cesar Obando,libertad,independiente,libertad,7,0.0,0.0,0.0,0.0,0.0,0.0,0.0,0.0,2.0,0.0,0.0,0.0,0.0,0.0,0.0,0.0,0.0,0.0,0.0,0.0,0.0,0.0,0.0,0.0,0.0,0.0,0.0,0.0,0.0,0.0,0.0,0.0,0.0,0.0,0.0,0.0,0.0,9.72972972972973,0.0,0.0
36.0,30.0,0.0,0.0,4.0,0.0,0.0,0.0,18.0,14.0,5.54,6.0,"{'original': 6.7, 'alternative': 6.5}",Andrés Felipe Ávila,libertad,independiente,libertad,7,0.0,0.0,0.0,4.0,0.0,0.0,0.0,0.0,0.0,0.0,0.0,0.0,0.0,0.0,0.0,0.0,2.0,0.0,0.0,0.0,0.0,0.0,0.0,0.0,0.0,0.0,0.0,0.0,0.0,0.0,0.0,0.0,0.0,0.0,0.0,0.0,0.0,150.0,0.0,0.0
46.0,60.0,12.0,2.0,0.0,0.0,0.0,0.0,86.0,14.0,6.0,10.0,"{'original': 7, 'alternative': 7}",Nixon Molina,libertad,independiente,libertad,7,0.0,0.0,0.0,4.0,0.0,0.0,0.0,0.0,0.0,0.0,0.0,0.0,2.0,0.0,0.0,4.0,0.0,0.0,0.0,0.0,0.0,0.0,0.0,0.0,0.0,0.0,0.0,0.0,0.0,0.0,0.0,0.0,0.0,0.0,0.0,0.0,0.0,62.79069767441861,0.0,0.0
4.0,22.0,0.0,2.0,4.0,4.0,0.0,0.0,150.0,16.0,6.6,0.0,"{'original': 6.8, 'alternative': 6.6}",Ivan Zambrano,libertad,independiente,libertad,7,0.0,0.0,0.0,0.0,0.0,0.0,0.0,0.0,0.0,0.0,0.0,0.0,2.0,0.0,0.0,0.0,0.0,0.0,0.0,0.0,0.0,0.0,0.0,0.0,0.0,0.0,0.0,0.0,0.0,0.0,0.0,0.0,0.0,0.0,0.0,0.0,0.0,13.2,0.0,0.0
14.0,2.0,0.0,0.0,0.0,0.0,0.0,0.0,12.0,2.0,7.81,0.0,"{'original': 6.7, 'alternative': 6.7}",Jonny Uchuari,libertad,independiente,libertad,7,0.0,0.0,0.0,0.0,0.0,0.0,0.0,0.0,0.0,0.0,0.0,0.0,0.0,0.0,0.0,0.0,0.0,0.0,0.0,0.0,0.0,0.0,0.0,0.0,0.0,0.0,0.0,0.0,0.0,0.0,0.0,0.0,0.0,0.0,0.0,0.0,0.0,15.0,0.0,0.0
0.0,0.0,0.0,0.0,0.0,0.0,0.0,0.0,16.0,4.0,7.53,0.0,"{'original': 6.6, 'alternative': 6.6}",Jose Caicedo,libertad,independiente,libertad,7,0.0,0.0,0.0,0.0,0.0,0.0,0.0,0.0,0.0,0.0,0.0,0.0,0.0,0.0,0.0,0.0,0.0,0.0,0.0,0.0,0.0,0.0,0.0,0.0,0.0,0.0,0.0,0.0,0.0,0.0,0.0,0.0,0.0,0.0,0.0,0.0,0.0,0.0,0.0,0.0
0.0,2.0,0.0,0.0,0.0,0.0,0.0,0.0,20.0,2.0,5.59,0.0,"{'original': 6.5, 'alternative': 6.5}",Pedro Larrea,libertad,independiente,libertad,7,0.0,0.0,0.0,0.0,0.0,0.0,0.0,0.0,0.0,0.0,0.0,0.0,0.0,0.0,0.0,0.0,0.0,0.0,0.0,0.0,0.0,0.0,0.0,0.0,0.0,0.0,0.0,0.0,0.0,0.0,0.0,0.0,0.0,0.0,0.0,0.0,0.0,9.0,0.0,0.0
0.0,0.0,0.0,0.0,0.0,0.0,0.0,0.0,0.0,0.0,0.0,0.0,0,Juan Bolado,libertad,independiente,libertad,7,0.0,0.0,0.0,0.0,0.0,0.0,0.0,0.0,0.0,0.0,0.0,0.0,0.0,0.0,0.0,0.0,0.0,0.0,0.0,0.0,0.0,0.0,0.0,0.0,0.0,0.0,0.0,0.0,0.0,0.0,0.0,0.0,0.0,0.0,0.0,0.0,0.0,0.0,0.0,0.0
18.0,10.0,8.0,2.0,0.0,0.0,0.0,0.0,118.0,10.0,4.97,20.0,"{'original': 5.8, 'alternative': 5.7}",Leodan Chalá,nacional,nacional,liga,7,0.0,0.0,0.0,0.0,0.0,0.0,0.0,0.0,0.0,0.0,0.0,0.0,0.0,0.0,0.0,0.0,0.0,0.0,0.0,0.0,0.0,0.0,0.0,0.0,0.0,0.0,0.0,0.0,0.0,0.0,0.0,0.0,0.0,0.0,0.0,0.0,0.0,7.627118644067796,0.0,0.0
8.0,8.0,0.0,0.0,0.0,0.0,0.0,0.0,98.0,4.0,6.32,2.0,"{'original': 6.6, 'alternative': 6.5}",Daniel Patino,nacional,nacional,liga,7,4.0,0.0,0.0,2.0,0.0,0.0,0.0,6.0,0.0,0.0,0.0,0.0,0.0,0.0,0.0,0.0,0.0,0.0,0.0,0.0,0.0,0.0,0.0,0.0,0.0,0.0,0.0,0.0,0.0,0.0,0.0,0.0,0.0,0.0,0.0,0.0,0.0,7.346938775510203,0.0,0.0
22.0,4.0,0.0,4.0,2.0,0.0,0.0,0.0,46.0,16.0,6.1,2.0,"{'original': 6.6, 'alternative': 6.5}",Rommel Cabezas,nacional,nacional,liga,7,0.0,0.0,0.0,0.0,0.0,0.0,0.0,0.0,0.0,0.0,0.0,0.0,0.0,0.0,0.0,0.0,0.0,0.0,0.0,0.0,0.0,0.0,0.0,0.0,0.0,0.0,0.0,0.0,0.0,0.0,0.0,0.0,0.0,0.0,0.0,0.0,0.0,7.826086956521739,0.0,0.0
20.0,28.0,4.0,4.0,8.0,0.0,0.0,0.0,88.0,52.0,7.52,6.0,"{'original': 7.1, 'alternative': 7.1}",Marcos Olmedo,nacional,nacional,liga,7,0.0,0.0,2.0,4.0,0.0,0.0,0.0,0.0,0.0,0.0,2.0,0.0,0.0,0.0,0.0,0.0,0.0,0.0,0.0,0.0,0.0,0.0,0.0,0.0,0.0,0.0,0.0,0.0,0.0,0.0,0.0,0.0,0.0,0.0,0.0,0.0,0.0,28.636363636363637,0.0,0.0
16.0,14.0,0.0,0.0,4.0,8.0,0.0,0.0,118.0,66.0,9.83,2.0,"{'original': 8.4, 'alternative': 8.2}",Byron Palacios,nacional,nacional,liga,7,0.0,0.0,0.0,6.0,2.0,0.0,0.0,0.0,0.0,0.0,0.0,0.0,0.0,0.0,0.0,6.0,0.0,0.0,0.0,0.0,0.0,0.0,0.0,0.0,0.0,0.0,0.0,0.0,0.0,0.0,0.0,0.0,0.0,0.0,0.0,0.0,0.0,10.677966101694915,0.0,0.0
12.0,24.0,0.0,0.0,6.0,0.0,0.0,0.0,98.0,20.0,6.0,0.0,"{'original': 7, 'alternative': 6.9}",Antony Chere,nacional,nacional,liga,7,0.0,0.0,6.0,2.0,0.0,0.0,0.0,0.0,0.0,0.0,0.0,0.0,0.0,0.0,0.0,0.0,0.0,0.0,0.0,0.0,0.0,0.0,0.0,0.0,0.0,0.0,0.0,0.0,0.0,0.0,0.0,0.0,0.0,0.0,0.0,0.0,0.0,22.04081632653061,0.0,0.0
8.0,4.0,0.0,0.0,0.0,0.0,0.0,0.0,14.0,14.0,6.32,0.0,"{'original': 6.6, 'alternative': 6.7}",Fidel Martínez,nacional,nacional,liga,7,0.0,0.0,0.0,0.0,0.0,0.0,0.0,0.0,0.0,0.0,0.0,0.0,0.0,0.0,0.0,0.0,0.0,0.0,0.0,0.0,0.0,0.0,0.0,0.0,0.0,0.0,0.0,0.0,0.0,0.0,0.0,0.0,0.0,0.0,0.0,0.0,0.0,25.71428571428571,0.0,0.0
4.0,4.0,0.0,0.0,0.0,0.0,0.0,0.0,0.0,0.0,7.15,0.0,"{'original': 6.7, 'alternative': 6.7}",Charles Vélez,nacional,nacional,liga,7,0.0,0.0,0.0,0.0,0.0,0.0,0.0,0.0,0.0,0.0,0.0,0.0,0.0,0.0,0.0,0.0,0.0,0.0,0.0,0.0,0.0,0.0,0.0,0.0,0.0,0.0,0.0,0.0,0.0,0.0,0.0,0.0,0.0,0.0,0.0,0.0,0.0,inf,0.0,0.0
0.0,0.0,0.0,0.0,0.0,0.0,0.0,0.0,0.0,0.0,0.0,0.0,0,José Flor,nacional,nacional,liga,7,0.0,0.0,0.0,0.0,0.0,0.0,0.0,0.0,0.0,0.0,0.0,0.0,0.0,0.0,0.0,0.0,0.0,0.0,0.0,0.0,0.0,0.0,0.0,0.0,0.0,0.0,0.0,0.0,0.0,0.0,0.0,0.0,0.0,0.0,0.0,0.0,0.0,0.0,0.0,0.0
0.0,0.0,0.0,0.0,0.0,0.0,0.0,0.0,0.0,0.0,0.0,0.0,0,Luis Gomez,nacional,nacional,liga,7,0.0,0.0,0.0,0.0,0.0,0.0,0.0,0.0,0.0,0.0,0.0,0.0,0.0,0.0,0.0,0.0,0.0,0.0,0.0,0.0,0.0,0.0,0.0,0.0,0.0,0.0,0.0,0.0,0.0,0.0,0.0,0.0,0.0,0.0,0.0,0.0,0.0,0.0,0.0,0.0
0.0,0.0,0.0,0.0,0.0,0.0,0.0,0.0,0.0,0.0,0.0,0.0,0,Jorge Ordóñez,nacional,nacional,liga,7,0.0,0.0,0.0,0.0,0.0,0.0,0.0,0.0,0.0,0.0,0.0,0.0,0.0,0.0,0.0,0.0,0.0,0.0,0.0,0.0,0.0,0.0,0.0,0.0,0.0,0.0,0.0,0.0,0.0,0.0,0.0,0.0,0.0,0.0,0.0,0.0,0.0,0.0,0.0,0.0
0.0,0.0,0.0,0.0,0.0,0.0,0.0,0.0,0.0,0.0,0.0,0.0,0,Luis Benalcazar,nacional,nacional,liga,7,0.0,0.0,0.0,0.0,0.0,0.0,0.0,0.0,0.0,0.0,0.0,0.0,0.0,0.0,0.0,0.0,0.0,0.0,0.0,0.0,0.0,0.0,0.0,0.0,0.0,0.0,0.0,0.0,0.0,0.0,0.0,0.0,0.0,0.0,0.0,0.0,0.0,0.0,0.0,0.0
30.0,8.0,16.0,2.0,4.0,0.0,0.0,0.0,96.0,68.0,7.41,6.0,"{'original': 6.5, 'alternative': 6.5}",Facundo Rodríguez,liga,nacional,liga,7,0.0,0.0,0.0,0.0,0.0,0.0,0.0,14.0,0.0,0.0,0.0,0.0,0.0,2.0,0.0,0.0,0.0,0.0,0.0,0.0,0.0,0.0,0.0,0.0,0.0,0.0,0.0,0.0,0.0,0.0,0.0,0.0,0.0,0.0,0.0,0.0,0.0,7.5,0.0,0.0
52.0,50.0,0.0,0.0,0.0,0.0,0.0,0.0,74.0,22.0,7.33,4.0,"{'original': 6.7, 'alternative': 6.6}",Gabriel Villamil,liga,nacional,liga,7,0.0,0.0,0.0,2.0,0.0,0.0,0.0,2.0,0.0,0.0,2.0,0.0,0.0,0.0,0.0,0.0,0.0,0.0,0.0,0.0,0.0,0.0,0.0,0.0,0.0,0.0,0.0,0.0,0.0,0.0,0.0,0.0,0.0,0.0,0.0,0.0,0.0,60.81081081081081,0.0,0.0
16.0,16.0,4.0,0.0,2.0,0.0,0.0,0.0,140.0,36.0,0.0,2.0,"{'original': 7, 'alternative': 6.9}",Lisandro Alzugaray,liga,nacional,liga,7,0.0,0.0,0.0,0.0,2.0,0.0,0.0,0.0,0.0,0.0,0.0,0.0,0.0,0.0,0.0,2.0,0.0,0.0,0.0,0.0,0.0,0.0,0.0,0.0,0.0,0.0,0.0,0.0,0.0,0.0,0.0,0.0,0.0,0.0,0.0,0.0,0.0,10.285714285714285,0.0,0.0
18.0,20.0,0.0,0.0,2.0,0.0,0.0,0.0,106.0,24.0,2.0,0.0,"{'original': 7, 'alternative': 6.7}",Luis Estupiñan,liga,nacional,liga,7,2.0,0.0,0.0,6.0,2.0,0.0,0.0,0.0,0.0,0.0,2.0,0.0,0.0,0.0,0.0,4.0,0.0,0.0,0.0,0.0,0.0,0.0,0.0,0.0,0.0,0.0,0.0,0.0,0.0,0.0,0.0,0.0,0.0,0.0,0.0,0.0,0.0,16.9811320754717,0.0,0.0
6.0,8.0,0.0,0.0,2.0,2.0,0.0,0.0,126.0,16.0,6.31,10.0,"{'original': 7.5, 'alternative': 7.4}",Alex Arce,liga,nacional,liga,7,0.0,0.0,0.0,0.0,0.0,0.0,0.0,0.0,0.0,0.0,0.0,0.0,0.0,4.0,0.0,0.0,0.0,0.0,0.0,0.0,0.0,0.0,0.0,0.0,0.0,0.0,0.0,0.0,0.0,0.0,0.0,0.0,0.0,0.0,0.0,0.0,0.0,5.7142857142857135,0.0,0.0
16.0,14.0,0.0,0.0,0.0,0.0,0.0,0.0,36.0,8.0,5.28,2.0,"{'original': 6.4, 'alternative': 6.3}",Jhojan Julio,liga,nacional,liga,7,0.0,0.0,0.0,6.0,0.0,0.0,0.0,0.0,0.0,0.0,0.0,0.0,4.0,0.0,0.0,0.0,0.0,0.0,0.0,0.0,0.0,0.0,0.0,0.0,0.0,0.0,0.0,0.0,0.0,0.0,0.0,0.0,0.0,0.0,0.0,0.0,0.0,35.0,0.0,0.0
0.0,0.0,0.0,0.0,0.0,0.0,0.0,0.0,0.0,0.0,0.0,0.0,0,Gonzalo Valle,liga,nacional,liga,7,0.0,0.0,0.0,0.0,0.0,0.0,0.0,0.0,0.0,0.0,0.0,0.0,0.0,0.0,0.0,0.0,0.0,0.0,0.0,0.0,0.0,0.0,0.0,0.0,0.0,0.0,0.0,0.0,0.0,0.0,0.0,0.0,0.0,0.0,0.0,0.0,0.0,0.0,0.0,0.0
0.0,0.0,0.0,0.0,0.0,0.0,0.0,0.0,0.0,0.0,0.0,0.0,0,Andres Zanini,liga,nacional,liga,7,0.0,0.0,0.0,0.0,0.0,0.0,0.0,0.0,0.0,0.0,0.0,0.0,0.0,0.0,0.0,0.0,0.0,0.0,0.0,0.0,0.0,0.0,0.0,0.0,0.0,0.0,0.0,0.0,0.0,0.0,0.0,0.0,0.0,0.0,0.0,0.0,0.0,0.0,0.0,0.0
0.0,0.0,0.0,0.0,0.0,0.0,0.0,0.0,0.0,0.0,0.0,0.0,0,Alexander Alvarado,liga,nacional,liga,7,0.0,0.0,0.0,0.0,0.0,0.0,0.0,0.0,0.0,0.0,0.0,0.0,0.0,0.0,0.0,0.0,0.0,0.0,0.0,0.0,0.0,0.0,0.0,0.0,0.0,0.0,0.0,0.0,0.0,0.0,0.0,0.0,0.0,0.0,0.0,0.0,0.0,0.0,0.0,0.0
0.0,0.0,0.0,0.0,0.0,0.0,0.0,0.0,0.0,0.0,0.0,0.0,0,Joseph Espinoza,liga,nacional,liga,7,0.0,0.0,0.0,0.0,0.0,0.0,0.0,0.0,0.0,0.0,0.0,0.0,0.0,0.0,0.0,0.0,0.0,0.0,0.0,0.0,0.0,0.0,0.0,0.0,0.0,0.0,0.0,0.0,0.0,0.0,0.0,0.0,0.0,0.0,0.0,0.0,0.0,0.0,0.0,0.0
0.0,0.0,0.0,0.0,0.0,0.0,0.0,0.0,0.0,0.0,0.0,0.0,0,Andrés Parrales,liga,nacional,liga,7,0.0,0.0,0.0,0.0,0.0,0.0,0.0,0.0,0.0,0.0,0.0,0.0,0.0,0.0,0.0,0.0,0.0,0.0,0.0,0.0,0.0,0.0,0.0,0.0,0.0,0.0,0.0,0.0,0.0,0.0,0.0,0.0,0.0,0.0,0.0,0.0,0.0,0.0,0.0,0.0
24.0,56.0,10.0,4.0,0.0,0.0,0.0,0.0,76.0,22.0,6.02,0.0,"{'original': 6.6, 'alternative': 6.2}",Rolando David Silva,orense,orense,mushuc-runa,7,0.0,0.0,0.0,0.0,0.0,0.0,0.0,0.0,0.0,0.0,0.0,0.0,0.0,0.0,0.0,0.0,0.0,0.0,0.0,0.0,0.0,0.0,0.0,0.0,0.0,0.0,0.0,0.0,0.0,0.0,0.0,0.0,0.0,0.0,0.0,0.0,0.0,66.3157894736842,0.0,0.0
60.0,48.0,0.0,4.0,6.0,0.0,0.0,0.0,48.0,106.0,7.23,22.0,"{'original': 7.4, 'alternative': 7.4}",Gabriel Achilier,orense,orense,mushuc-runa,7,0.0,0.0,0.0,0.0,0.0,0.0,0.0,6.0,0.0,0.0,0.0,0.0,0.0,2.0,0.0,0.0,0.0,0.0,0.0,0.0,0.0,0.0,0.0,0.0,0.0,0.0,0.0,0.0,0.0,0.0,0.0,0.0,0.0,0.0,0.0,0.0,0.0,90.0,0.0,0.0
82.0,16.0,0.0,8.0,4.0,0.0,0.0,0.0,4.0,62.0,8.68,8.0,"{'original': 7.3, 'alternative': 7.2}",Richard Calderón,orense,orense,mushuc-runa,7,0.0,0.0,2.0,0.0,0.0,0.0,0.0,0.0,0.0,0.0,0.0,2.0,0.0,2.0,0.0,0.0,0.0,0.0,0.0,0.0,0.0,0.0,0.0,0.0,0.0,0.0,0.0,0.0,0.0,0.0,0.0,0.0,0.0,0.0,0.0,0.0,0.0,360.0,0.0,0.0
14.0,34.0,2.0,2.0,14.0,2.0,0.0,0.0,4.0,48.0,7.18,0.0,"{'original': 7.8, 'alternative': 7.9}",Marcelo Eggel,orense,orense,mushuc-runa,7,18.0,0.0,0.0,6.0,4.0,0.0,0.0,0.0,0.0,0.0,0.0,0.0,0.0,6.0,0.0,0.0,0.0,4.0,0.0,0.0,0.0,0.0,0.0,0.0,0.0,0.0,0.0,0.0,0.0,0.0,0.0,0.0,0.0,0.0,0.0,0.0,4.0,765.0,90.0,90.0
36.0,36.0,2.0,0.0,0.0,0.0,0.0,0.0,44.0,12.0,6.03,12.0,"{'original': 7.2, 'alternative': 7.1}",Robert Burbano,orense,orense,mushuc-runa,7,2.0,2.0,0.0,10.0,4.0,0.0,0.0,0.0,0.0,0.0,0.0,0.0,0.0,0.0,0.0,0.0,2.0,0.0,0.0,0.0,0.0,0.0,0.0,0.0,0.0,0.0,0.0,0.0,0.0,0.0,0.0,0.0,0.0,0.0,0.0,0.0,0.0,73.63636363636364,0.0,0.0
10.0,14.0,0.0,0.0,4.0,2.0,0.0,0.0,72.0,46.0,8.2,20.0,"{'original': 7.2, 'alternative': 7}",Walter Agustin Herrera,orense,orense,mushuc-runa,7,4.0,0.0,0.0,0.0,14.0,0.0,0.0,0.0,0.0,0.0,2.0,0.0,0.0,0.0,0.0,0.0,0.0,0.0,0.0,2.0,0.0,0.0,0.0,0.0,0.0,0.0,0.0,0.0,0.0,0.0,0.0,0.0,0.0,0.0,0.0,0.0,0.0,17.5,0.0,0.0
4.0,8.0,0.0,0.0,0.0,0.0,0.0,0.0,36.0,16.0,7.28,0.0,"{'original': 6.5, 'alternative': 6.3}",José Andrade,orense,orense,mushuc-runa,7,0.0,0.0,2.0,2.0,0.0,0.0,0.0,0.0,0.0,0.0,0.0,0.0,0.0,0.0,0.0,0.0,0.0,0.0,0.0,0.0,0.0,0.0,0.0,0.0,0.0,0.0,0.0,0.0,0.0,0.0,0.0,0.0,0.0,0.0,0.0,0.0,0.0,20.0,0.0,0.0
0.0,0.0,0.0,0.0,0.0,0.0,0.0,0.0,0.0,0.0,0.0,0.0,0,José Cárdenas,orense,orense,mushuc-runa,7,0.0,0.0,0.0,0.0,0.0,0.0,0.0,0.0,0.0,0.0,0.0,0.0,0.0,0.0,0.0,0.0,0.0,0.0,0.0,0.0,0.0,0.0,0.0,0.0,0.0,0.0,0.0,0.0,0.0,0.0,0.0,0.0,0.0,0.0,0.0,0.0,0.0,0.0,0.0,0.0
0.0,0.0,0.0,0.0,0.0,0.0,0.0,0.0,0.0,0.0,0.0,0.0,0,Nicolas Del Grecco,orense,orense,mushuc-runa,7,0.0,0.0,0.0,0.0,0.0,0.0,0.0,0.0,0.0,0.0,0.0,0.0,0.0,0.0,0.0,0.0,0.0,0.0,0.0,0.0,0.0,0.0,0.0,0.0,0.0,0.0,0.0,0.0,0.0,0.0,0.0,0.0,0.0,0.0,0.0,0.0,0.0,0.0,0.0,0.0
0.0,0.0,0.0,0.0,0.0,0.0,0.0,0.0,0.0,0.0,0.0,0.0,0,Erick Zambrano,orense,orense,mushuc-runa,7,0.0,0.0,0.0,0.0,0.0,0.0,0.0,0.0,0.0,0.0,0.0,0.0,0.0,0.0,0.0,0.0,0.0,0.0,0.0,0.0,0.0,0.0,0.0,0.0,0.0,0.0,0.0,0.0,0.0,0.0,0.0,0.0,0.0,0.0,0.0,0.0,0.0,0.0,0.0,0.0
0.0,0.0,0.0,0.0,0.0,0.0,0.0,0.0,0.0,0.0,0.0,0.0,0,Marvin Ortiz,orense,orense,mushuc-runa,7,0.0,0.0,0.0,0.0,0.0,0.0,0.0,0.0,0.0,0.0,0.0,0.0,0.0,0.0,0.0,0.0,0.0,0.0,0.0,0.0,0.0,0.0,0.0,0.0,0.0,0.0,0.0,0.0,0.0,0.0,0.0,0.0,0.0,0.0,0.0,0.0,0.0,0.0,0.0,0.0
0.0,0.0,0.0,0.0,0.0,0.0,0.0,0.0,0.0,0.0,0.0,0.0,0,Emerson Mélendres,orense,orense,mushuc-runa,7,0.0,0.0,0.0,0.0,0.0,0.0,0.0,0.0,0.0,0.0,0.0,0.0,0.0,0.0,0.0,0.0,0.0,0.0,0.0,0.0,0.0,0.0,0.0,0.0,0.0,0.0,0.0,0.0,0.0,0.0,0.0,0.0,0.0,0.0,0.0,0.0,0.0,0.0,0.0,0.0
8.0,16.0,0.0,2.0,0.0,0.0,0.0,0.0,68.0,50.0,5.96,0.0,"{'original': 6.3, 'alternative': 6.2}",Dennis Quintero,mushuc-runa,orense,mushuc-runa,7,0.0,0.0,0.0,2.0,0.0,0.0,0.0,4.0,0.0,0.0,0.0,0.0,2.0,0.0,0.0,0.0,0.0,0.0,0.0,0.0,0.0,0.0,0.0,0.0,0.0,0.0,0.0,0.0,0.0,0.0,0.0,0.0,0.0,0.0,0.0,0.0,0.0,21.176470588235293,0.0,0.0
26.0,2.0,4.0,0.0,2.0,0.0,0.0,0.0,138.0,44.0,7.84,4.0,"{'original': 6.6, 'alternative': 6.7}",Luis Ayala,mushuc-runa,orense,mushuc-runa,7,2.0,0.0,0.0,0.0,0.0,0.0,0.0,4.0,0.0,0.0,2.0,0.0,0.0,0.0,0.0,2.0,0.0,0.0,0.0,0.0,0.0,0.0,0.0,0.0,0.0,0.0,0.0,0.0,0.0,0.0,0.0,0.0,0.0,0.0,0.0,0.0,0.0,1.3043478260869565,0.0,0.0
2.0,6.0,0.0,0.0,2.0,0.0,0.0,0.0,46.0,22.0,6.82,6.0,"{'original': 7.3, 'alternative': 7.3}",Mauricio Alonso,mushuc-runa,orense,mushuc-runa,7,0.0,0.0,0.0,0.0,2.0,0.0,0.0,0.0,0.0,0.0,0.0,0.0,0.0,0.0,0.0,0.0,0.0,0.0,0.0,0.0,0.0,0.0,0.0,0.0,0.0,0.0,0.0,0.0,0.0,0.0,0.0,0.0,0.0,0.0,0.0,0.0,0.0,11.739130434782608,0.0,0.0
40.0,14.0,0.0,0.0,0.0,0.0,0.0,0.0,32.0,56.0,2.0,12.0,"{'original': 7, 'alternative': 6.8}",Joaquín Vergés,mushuc-runa,orense,mushuc-runa,7,2.0,0.0,0.0,0.0,0.0,0.0,4.0,0.0,0.0,0.0,0.0,2.0,0.0,0.0,0.0,0.0,0.0,0.0,0.0,0.0,0.0,0.0,0.0,0.0,0.0,0.0,0.0,0.0,0.0,0.0,0.0,0.0,0.0,0.0,0.0,0.0,4.0,39.375,11.25,0.0
24.0,34.0,0.0,0.0,2.0,0.0,0.0,0.0,154.0,38.0,9.25,2.0,"{'original': 7.9, 'alternative': 7.8}",Jonathan Dos Santos,mushuc-runa,orense,mushuc-runa,7,0.0,0.0,4.0,8.0,0.0,0.0,0.0,0.0,0.0,0.0,0.0,0.0,0.0,2.0,0.0,0.0,0.0,0.0,0.0,0.0,0.0,0.0,0.0,0.0,0.0,0.0,0.0,0.0,0.0,0.0,0.0,0.0,0.0,0.0,0.0,0.0,0.0,19.87012987012987,0.0,0.0
8.0,10.0,0.0,0.0,0.0,0.0,0.0,0.0,24.0,22.0,7.05,10.0,"{'original': 6.6, 'alternative': 6.5}",Sergio Gonzalez,mushuc-runa,orense,mushuc-runa,7,2.0,0.0,0.0,6.0,0.0,0.0,0.0,0.0,0.0,0.0,0.0,0.0,0.0,0.0,0.0,0.0,0.0,0.0,0.0,0.0,0.0,0.0,0.0,0.0,0.0,0.0,0.0,0.0,0.0,0.0,0.0,0.0,0.0,0.0,0.0,0.0,0.0,37.5,0.0,0.0
0.0,0.0,0.0,0.0,0.0,0.0,0.0,0.0,8.0,0.0,7.7,0.0,"{'original': 6.7, 'alternative': 6.7}",Juan Cruz Randazzo,mushuc-runa,orense,mushuc-runa,7,0.0,0.0,0.0,0.0,0.0,0.0,0.0,0.0,0.0,0.0,0.0,0.0,0.0,0.0,0.0,0.0,0.0,0.0,0.0,0.0,0.0,0.0,0.0,0.0,0.0,0.0,0.0,0.0,0.0,0.0,0.0,0.0,0.0,0.0,0.0,0.0,0.0,0.0,0.0,0.0
2.0,2.0,0.0,0.0,0.0,0.0,0.0,0.0,2.0,8.0,6.59,0.0,"{'original': 6.8, 'alternative': 6.8}",Daniel Segura,mushuc-runa,orense,mushuc-runa,7,0.0,0.0,0.0,0.0,0.0,0.0,0.0,0.0,0.0,0.0,0.0,0.0,0.0,0.0,0.0,0.0,0.0,0.0,0.0,0.0,0.0,0.0,0.0,0.0,0.0,0.0,0.0,0.0,0.0,0.0,0.0,0.0,0.0,0.0,0.0,0.0,0.0,90.0,0.0,0.0
0.0,0.0,0.0,0.0,0.0,0.0,0.0,0.0,0.0,0.0,0.0,0.0,0,Jeison Mina,mushuc-runa,orense,mushuc-runa,7,0.0,0.0,0.0,0.0,0.0,0.0,0.0,0.0,0.0,0.0,0.0,0.0,0.0,0.0,0.0,0.0,0.0,0.0,0.0,0.0,0.0,0.0,0.0,0.0,0.0,0.0,0.0,0.0,0.0,0.0,0.0,0.0,0.0,0.0,0.0,0.0,0.0,0.0,0.0,0.0
0.0,0.0,0.0,0.0,0.0,0.0,0.0,0.0,0.0,0.0,0.0,0.0,0,Arnaldo Zambrano,mushuc-runa,orense,mushuc-runa,7,0.0,0.0,0.0,0.0,0.0,0.0,0.0,0.0,0.0,0.0,0.0,0.0,0.0,0.0,0.0,0.0,0.0,0.0,0.0,0.0,0.0,0.0,0.0,0.0,0.0,0.0,0.0,0.0,0.0,0.0,0.0,0.0,0.0,0.0,0.0,0.0,0.0,0.0,0.0,0.0
0.0,0.0,0.0,0.0,0.0,0.0,0.0,0.0,0.0,0.0,0.0,0.0,0,Stick Castro,mushuc-runa,orense,mushuc-runa,7,0.0,0.0,0.0,0.0,0.0,0.0,0.0,0.0,0.0,0.0,0.0,0.0,0.0,0.0,0.0,0.0,0.0,0.0,0.0,0.0,0.0,0.0,0.0,0.0,0.0,0.0,0.0,0.0,0.0,0.0,0.0,0.0,0.0,0.0,0.0,0.0,0.0,0.0,0.0,0.0
26.0,20.0,6.0,0.0,0.0,0.0,0.0,0.0,128.0,80.0,7.35,18.0,"{'original': 6.7, 'alternative': 6.7}",Carlos Pérez,tecnico,tecnico,emelec,7,0.0,0.0,0.0,0.0,0.0,0.0,0.0,0.0,0.0,0.0,0.0,0.0,0.0,0.0,0.0,0.0,0.0,0.0,0.0,0.0,0.0,0.0,0.0,0.0,0.0,0.0,0.0,0.0,0.0,0.0,0.0,0.0,0.0,0.0,0.0,0.0,0.0,14.0625,0.0,0.0
22.0,54.0,2.0,2.0,4.0,0.0,0.0,0.0,92.0,94.0,6.78,20.0,"{'original': 6.6, 'alternative': 6.6}",Roberto Luzárraga,tecnico,tecnico,emelec,7,0.0,0.0,0.0,0.0,0.0,0.0,0.0,4.0,0.0,0.0,0.0,0.0,2.0,0.0,0.0,0.0,0.0,0.0,0.0,0.0,0.0,0.0,0.0,0.0,0.0,0.0,0.0,0.0,0.0,0.0,0.0,0.0,0.0,0.0,0.0,0.0,0.0,52.82608695652174,0.0,0.0
22.0,16.0,4.0,0.0,0.0,0.0,0.0,0.0,12.0,36.0,6.77,6.0,"{'original': 6.5, 'alternative': 6.4}",Marlon Medranda,tecnico,tecnico,emelec,7,0.0,0.0,0.0,0.0,0.0,0.0,0.0,0.0,0.0,0.0,0.0,0.0,2.0,0.0,0.0,0.0,0.0,0.0,0.0,0.0,0.0,0.0,0.0,0.0,0.0,0.0,0.0,0.0,0.0,0.0,0.0,0.0,0.0,0.0,0.0,0.0,0.0,120.0,0.0,0.0
14.0,18.0,0.0,0.0,2.0,0.0,0.0,0.0,62.0,44.0,8.23,10.0,"{'original': 7.1, 'alternative': 7.1}",Carlos Arboleda,tecnico,tecnico,emelec,7,0.0,0.0,0.0,4.0,0.0,0.0,0.0,0.0,0.0,0.0,0.0,0.0,2.0,0.0,0.0,0.0,0.0,2.0,0.0,0.0,0.0,0.0,0.0,0.0,0.0,0.0,0.0,0.0,0.0,0.0,0.0,0.0,0.0,0.0,0.0,0.0,2.0,26.12903225806452,2.903225806451613,2.903225806451613
18.0,18.0,0.0,0.0,4.0,2.0,0.0,0.0,60.0,36.0,6.8,2.0,"{'original': 7.2, 'alternative': 7.1}",Gastón Poncet,tecnico,tecnico,emelec,7,0.0,0.0,0.0,0.0,0.0,0.0,2.0,0.0,0.0,0.0,0.0,0.0,0.0,0.0,0.0,0.0,0.0,0.0,0.0,0.0,0.0,0.0,0.0,0.0,0.0,0.0,0.0,0.0,0.0,0.0,0.0,0.0,0.0,0.0,0.0,0.0,2.0,27.0,3.0,0.0
12.0,12.0,0.0,0.0,6.0,2.0,0.0,0.0,34.0,36.0,6.71,16.0,"{'original': 6.6, 'alternative': 6.4}",Rodrigo Ruiz Díaz,tecnico,tecnico,emelec,7,0.0,0.0,0.0,2.0,0.0,0.0,0.0,0.0,0.0,0.0,0.0,0.0,0.0,0.0,0.0,0.0,0.0,0.0,0.0,0.0,0.0,0.0,0.0,0.0,0.0,0.0,0.0,0.0,0.0,0.0,0.0,0.0,0.0,0.0,0.0,0.0,0.0,31.764705882352942,0.0,0.0
0.0,6.0,0.0,0.0,0.0,0.0,0.0,0.0,20.0,6.0,4.58,0.0,"{'original': 5.2, 'alternative': 5.4}",Bryan Nazareno,tecnico,tecnico,emelec,7,0.0,0.0,0.0,0.0,0.0,0.0,0.0,0.0,0.0,0.0,0.0,0.0,0.0,0.0,0.0,0.0,0.0,0.0,0.0,0.0,0.0,0.0,0.0,0.0,0.0,0.0,0.0,0.0,0.0,0.0,0.0,0.0,0.0,0.0,0.0,0.0,0.0,27.0,0.0,0.0
2.0,4.0,0.0,0.0,0.0,0.0,0.0,0.0,28.0,2.0,7.77,4.0,"{'original': 6.5, 'alternative': 6.4}",Juan Jimenez,tecnico,tecnico,emelec,7,0.0,0.0,0.0,4.0,0.0,0.0,0.0,0.0,0.0,0.0,0.0,0.0,0.0,0.0,0.0,0.0,0.0,0.0,0.0,0.0,0.0,0.0,0.0,0.0,0.0,0.0,0.0,0.0,0.0,0.0,0.0,0.0,0.0,0.0,0.0,0.0,0.0,12.857142857142856,0.0,0.0
0.0,0.0,0.0,0.0,0.0,0.0,0.0,0.0,0.0,0.0,0.0,0.0,0,Darwin Cuero,tecnico,tecnico,emelec,7,0.0,0.0,0.0,0.0,0.0,0.0,0.0,0.0,0.0,0.0,0.0,0.0,0.0,0.0,0.0,0.0,0.0,0.0,0.0,0.0,0.0,0.0,0.0,0.0,0.0,0.0,0.0,0.0,0.0,0.0,0.0,0.0,0.0,0.0,0.0,0.0,0.0,0.0,0.0,0.0
0.0,0.0,0.0,0.0,0.0,0.0,0.0,0.0,0.0,0.0,0.0,0.0,0,Willian Cevallos,tecnico,tecnico,emelec,7,0.0,0.0,0.0,0.0,0.0,0.0,0.0,0.0,0.0,0.0,0.0,0.0,0.0,0.0,0.0,0.0,0.0,0.0,0.0,0.0,0.0,0.0,0.0,0.0,0.0,0.0,0.0,0.0,0.0,0.0,0.0,0.0,0.0,0.0,0.0,0.0,0.0,0.0,0.0,0.0
0.0,0.0,0.0,0.0,0.0,0.0,0.0,0.0,0.0,0.0,0.0,0.0,0,Edison Caicedo,tecnico,tecnico,emelec,7,0.0,0.0,0.0,0.0,0.0,0.0,0.0,0.0,0.0,0.0,0.0,0.0,0.0,0.0,0.0,0.0,0.0,0.0,0.0,0.0,0.0,0.0,0.0,0.0,0.0,0.0,0.0,0.0,0.0,0.0,0.0,0.0,0.0,0.0,0.0,0.0,0.0,0.0,0.0,0.0
0.0,0.0,0.0,0.0,0.0,0.0,0.0,0.0,0.0,0.0,0.0,0.0,0,Jefferson Caicedo,tecnico,tecnico,emelec,7,0.0,0.0,0.0,0.0,0.0,0.0,0.0,0.0,0.0,0.0,0.0,0.0,0.0,0.0,0.0,0.0,0.0,0.0,0.0,0.0,0.0,0.0,0.0,0.0,0.0,0.0,0.0,0.0,0.0,0.0,0.0,0.0,0.0,0.0,0.0,0.0,0.0,0.0,0.0,0.0
66.0,66.0,4.0,2.0,2.0,8.0,0.0,0.0,42.0,4.0,6.42,2.0,"{'original': 6.9, 'alternative': 6.6}",Romario Caicedo,emelec,tecnico,emelec,7,4.0,0.0,0.0,4.0,0.0,0.0,0.0,0.0,0.0,0.0,0.0,0.0,0.0,0.0,0.0,0.0,0.0,0.0,0.0,0.0,0.0,0.0,0.0,0.0,0.0,0.0,0.0,0.0,0.0,0.0,0.0,0.0,0.0,0.0,0.0,0.0,0.0,141.42857142857142,0.0,0.0
76.0,112.0,0.0,6.0,0.0,0.0,0.0,0.0,88.0,140.0,8.15,12.0,"{'original': 6.9, 'alternative': 6.8}",Aníbal Leguizamón,emelec,tecnico,emelec,7,0.0,0.0,0.0,4.0,0.0,0.0,0.0,0.0,0.0,0.0,0.0,0.0,0.0,0.0,0.0,0.0,0.0,0.0,0.0,0.0,0.0,0.0,0.0,0.0,0.0,0.0,0.0,0.0,0.0,0.0,0.0,0.0,0.0,0.0,0.0,0.0,0.0,114.54545454545455,0.0,0.0
16.0,32.0,0.0,0.0,2.0,0.0,0.0,0.0,48.0,40.0,4.0,2.0,"{'original': 7, 'alternative': 6.9}",Rodrigo Rivero,emelec,tecnico,emelec,7,0.0,0.0,0.0,2.0,2.0,0.0,0.0,0.0,0.0,0.0,0.0,0.0,0.0,0.0,0.0,0.0,0.0,0.0,0.0,0.0,0.0,0.0,0.0,0.0,0.0,0.0,0.0,0.0,0.0,0.0,0.0,0.0,0.0,0.0,0.0,0.0,0.0,60.0,0.0,0.0
4.0,4.0,0.0,0.0,2.0,2.0,0.0,0.0,60.0,4.0,6.98,6.0,"{'original': 6.8, 'alternative': 6.7}",Marcelo Meli,emelec,tecnico,emelec,7,0.0,0.0,0.0,0.0,0.0,0.0,0.0,0.0,0.0,0.0,2.0,0.0,0.0,0.0,0.0,0.0,0.0,0.0,0.0,0.0,0.0,0.0,0.0,0.0,0.0,0.0,0.0,0.0,0.0,0.0,0.0,0.0,0.0,0.0,0.0,0.0,0.0,6.0,0.0,0.0
0.0,0.0,0.0,0.0,0.0,0.0,0.0,0.0,0.0,4.0,0.0,0.0,0,Juan Ruiz Gómez,emelec,tecnico,emelec,7,0.0,0.0,0.0,0.0,0.0,0.0,0.0,0.0,0.0,0.0,0.0,0.0,0.0,0.0,0.0,0.0,0.0,0.0,0.0,0.0,0.0,0.0,0.0,0.0,0.0,0.0,0.0,0.0,0.0,0.0,0.0,0.0,0.0,0.0,0.0,0.0,0.0,0.0,0.0,0.0
46.0,32.0,0.0,0.0,0.0,0.0,0.0,0.0,4.0,60.0,7.29,10.0,"{'original': 6.9, 'alternative': 6.8}",Maicon Solís,emelec,tecnico,emelec,7,0.0,0.0,0.0,0.0,0.0,0.0,0.0,0.0,0.0,0.0,0.0,0.0,0.0,0.0,0.0,0.0,2.0,0.0,0.0,0.0,0.0,0.0,0.0,0.0,0.0,0.0,0.0,0.0,0.0,0.0,0.0,0.0,0.0,0.0,0.0,0.0,0.0,720.0,0.0,0.0
6.0,4.0,0.0,0.0,0.0,0.0,0.0,0.0,10.0,24.0,6.66,0.0,"{'original': 6.7, 'alternative': 6.7}",Cristhian Valencia,emelec,tecnico,emelec,7,0.0,0.0,0.0,0.0,0.0,0.0,0.0,0.0,0.0,0.0,0.0,0.0,0.0,0.0,0.0,0.0,0.0,0.0,0.0,0.0,0.0,0.0,0.0,0.0,0.0,0.0,0.0,0.0,0.0,0.0,0.0,0.0,0.0,0.0,0.0,0.0,0.0,36.0,0.0,0.0
0.0,0.0,0.0,0.0,0.0,0.0,0.0,0.0,0.0,0.0,0.0,0.0,0,Joao Quinones,emelec,tecnico,emelec,7,0.0,0.0,0.0,0.0,0.0,0.0,0.0,0.0,0.0,0.0,0.0,0.0,0.0,0.0,0.0,0.0,0.0,0.0,0.0,0.0,0.0,0.0,0.0,0.0,0.0,0.0,0.0,0.0,0.0,0.0,0.0,0.0,0.0,0.0,0.0,0.0,0.0,0.0,0.0,0.0
0.0,0.0,0.0,0.0,0.0,0.0,0.0,0.0,0.0,0.0,0.0,0.0,0,Alexander González,emelec,tecnico,emelec,7,0.0,0.0,0.0,0.0,0.0,0.0,0.0,0.0,0.0,0.0,0.0,0.0,0.0,0.0,0.0,0.0,0.0,0.0,0.0,0.0,0.0,0.0,0.0,0.0,0.0,0.0,0.0,0.0,0.0,0.0,0.0,0.0,0.0,0.0,0.0,0.0,0.0,0.0,0.0,0.0
0.0,0.0,0.0,0.0,0.0,0.0,0.0,0.0,0.0,0.0,0.0,0.0,0,Bryan Carabalí,emelec,tecnico,emelec,7,0.0,0.0,0.0,0.0,0.0,0.0,0.0,0.0,0.0,0.0,0.0,0.0,0.0,0.0,0.0,0.0,0.0,0.0,0.0,0.0,0.0,0.0,0.0,0.0,0.0,0.0,0.0,0.0,0.0,0.0,0.0,0.0,0.0,0.0,0.0,0.0,0.0,0.0,0.0,0.0
0.0,0.0,0.0,0.0,0.0,0.0,0.0,0.0,0.0,0.0,0.0,0.0,0,Tommy Chamba,emelec,tecnico,emelec,7,0.0,0.0,0.0,0.0,0.0,0.0,0.0,0.0,0.0,0.0,0.0,0.0,0.0,0.0,0.0,0.0,0.0,0.0,0.0,0.0,0.0,0.0,0.0,0.0,0.0,0.0,0.0,0.0,0.0,0.0,0.0,0.0,0.0,0.0,0.0,0.0,0.0,0.0,0.0,0.0
0.0,0.0,0.0,0.0,0.0,0.0,0.0,0.0,0.0,0.0,0.0,0.0,0,Roberto Garcés,emelec,tecnico,emelec,7,0.0,0.0,0.0,0.0,0.0,0.0,0.0,0.0,0.0,0.0,0.0,0.0,0.0,0.0,0.0,0.0,0.0,0.0,0.0,0.0,0.0,0.0,0.0,0.0,0.0,0.0,0.0,0.0,0.0,0.0,0.0,0.0,0.0,0.0,0.0,0.0,0.0,0.0,0.0,0.0
14.0,16.0,8.0,6.0,0.0,0.0,0.0,2.0,100.0,36.0,5.81,2.0,"{'original': 6.4, 'alternative': 5.9}",Hamilton Piedra,cuenca,cuenca,aucas,8,0.0,0.0,0.0,0.0,0.0,0.0,0.0,0.0,0.0,0.0,0.0,0.0,0.0,0.0,0.0,0.0,0.0,0.0,0.0,0.0,0.0,0.0,0.0,0.0,0.0,0.0,0.0,0.0,0.0,0.0,0.0,0.0,0.0,0.0,0.0,0.0,0.0,14.4,0.0,0.0
12.0,0.0,8.0,0.0,0.0,0.0,0.0,0.0,32.0,48.0,5.9,12.0,"{'original': 6.8, 'alternative': 6.6}",Nazareno Romero,cuenca,cuenca,aucas,8,0.0,0.0,0.0,0.0,0.0,0.0,0.0,4.0,0.0,0.0,0.0,0.0,0.0,0.0,0.0,0.0,0.0,0.0,0.0,0.0,0.0,0.0,0.0,0.0,0.0,0.0,0.0,0.0,0.0,0.0,0.0,0.0,0.0,0.0,0.0,0.0,0.0,0.0,0.0,0.0
4.0,42.0,4.0,4.0,0.0,0.0,0.0,0.0,98.0,10.0,5.45,12.0,"{'original': 6.8, 'alternative': 6.6}",Rodrigo Melo,cuenca,cuenca,aucas,8,2.0,0.0,2.0,2.0,0.0,0.0,0.0,0.0,0.0,6.0,0.0,0.0,0.0,2.0,0.0,0.0,0.0,0.0,0.0,0.0,0.0,0.0,0.0,0.0,0.0,0.0,0.0,0.0,0.0,0.0,0.0,0.0,0.0,0.0,0.0,0.0,0.0,38.57142857142857,0.0,0.0
60.0,26.0,4.0,0.0,2.0,2.0,0.0,0.0,162.0,100.0,7.02,16.0,"{'original': 7.9, 'alternative': 7.7}",Lucas Mancinelli,cuenca,cuenca,aucas,8,4.0,0.0,0.0,4.0,0.0,0.0,0.0,0.0,0.0,0.0,0.0,0.0,0.0,0.0,0.0,2.0,0.0,0.0,0.0,0.0,0.0,0.0,0.0,0.0,0.0,0.0,0.0,0.0,0.0,0.0,0.0,0.0,0.0,0.0,0.0,0.0,0.0,14.444444444444443,0.0,0.0
26.0,12.0,0.0,2.0,0.0,0.0,0.0,0.0,92.0,28.0,7.18,0.0,"{'original': 6.5, 'alternative': 6.3}",Danny Luna,cuenca,cuenca,aucas,8,0.0,0.0,0.0,0.0,0.0,0.0,2.0,0.0,0.0,0.0,0.0,0.0,0.0,0.0,0.0,0.0,0.0,0.0,0.0,0.0,0.0,0.0,0.0,0.0,0.0,0.0,0.0,0.0,0.0,0.0,0.0,0.0,0.0,0.0,0.0,0.0,2.0,11.739130434782608,1.9565217391304348,0.0
4.0,2.0,0.0,0.0,2.0,0.0,0.0,0.0,42.0,10.0,5.34,2.0,"{'original': 6.6, 'alternative': 6.6}",Raúl Becerra,cuenca,cuenca,aucas,8,0.0,0.0,0.0,0.0,0.0,0.0,0.0,0.0,0.0,0.0,0.0,0.0,0.0,0.0,0.0,0.0,0.0,0.0,0.0,0.0,0.0,0.0,0.0,0.0,0.0,0.0,0.0,0.0,0.0,0.0,0.0,0.0,0.0,0.0,0.0,0.0,0.0,4.285714285714286,0.0,0.0
14.0,2.0,2.0,2.0,0.0,0.0,0.0,0.0,2.0,12.0,6.44,2.0,"{'original': 7.1, 'alternative': 6.9}",Esteban Davila,cuenca,cuenca,aucas,8,0.0,0.0,2.0,0.0,0.0,0.0,0.0,0.0,0.0,0.0,0.0,0.0,0.0,0.0,0.0,0.0,0.0,0.0,0.0,0.0,0.0,0.0,0.0,0.0,0.0,0.0,0.0,0.0,0.0,0.0,0.0,0.0,0.0,0.0,0.0,0.0,0.0,90.0,0.0,0.0
0.0,0.0,0.0,0.0,0.0,0.0,0.0,0.0,0.0,0.0,0.0,0.0,0,Eduardo Jiménez,cuenca,cuenca,aucas,8,0.0,0.0,0.0,0.0,0.0,0.0,0.0,0.0,0.0,0.0,0.0,0.0,0.0,0.0,0.0,0.0,0.0,0.0,0.0,0.0,0.0,0.0,0.0,0.0,0.0,0.0,0.0,0.0,0.0,0.0,0.0,0.0,0.0,0.0,0.0,0.0,0.0,0.0,0.0,0.0
0.0,0.0,0.0,0.0,0.0,0.0,0.0,0.0,0.0,0.0,0.0,0.0,0,Ronny Biojo,cuenca,cuenca,aucas,8,0.0,0.0,0.0,0.0,0.0,0.0,0.0,0.0,0.0,0.0,0.0,0.0,0.0,0.0,0.0,0.0,0.0,0.0,0.0,0.0,0.0,0.0,0.0,0.0,0.0,0.0,0.0,0.0,0.0,0.0,0.0,0.0,0.0,0.0,0.0,0.0,0.0,0.0,0.0,0.0
0.0,0.0,0.0,0.0,0.0,0.0,0.0,0.0,0.0,0.0,0.0,0.0,0,Francisco Mera,cuenca,cuenca,aucas,8,0.0,0.0,0.0,0.0,0.0,0.0,0.0,0.0,0.0,0.0,0.0,0.0,0.0,0.0,0.0,0.0,0.0,0.0,0.0,0.0,0.0,0.0,0.0,0.0,0.0,0.0,0.0,0.0,0.0,0.0,0.0,0.0,0.0,0.0,0.0,0.0,0.0,0.0,0.0,0.0
0.0,0.0,0.0,0.0,0.0,0.0,0.0,0.0,0.0,0.0,0.0,0.0,0,Mayer Mendez,cuenca,cuenca,aucas,8,0.0,0.0,0.0,0.0,0.0,0.0,0.0,0.0,0.0,0.0,0.0,0.0,0.0,0.0,0.0,0.0,0.0,0.0,0.0,0.0,0.0,0.0,0.0,0.0,0.0,0.0,0.0,0.0,0.0,0.0,0.0,0.0,0.0,0.0,0.0,0.0,0.0,0.0,0.0,0.0
0.0,0.0,0.0,0.0,0.0,0.0,0.0,0.0,0.0,0.0,0.0,0.0,0,Paulo Uruchima,cuenca,cuenca,aucas,8,0.0,0.0,0.0,0.0,0.0,0.0,0.0,0.0,0.0,0.0,0.0,0.0,0.0,0.0,0.0,0.0,0.0,0.0,0.0,0.0,0.0,0.0,0.0,0.0,0.0,0.0,0.0,0.0,0.0,0.0,0.0,0.0,0.0,0.0,0.0,0.0,0.0,0.0,0.0,0.0
0.0,32.0,36.0,8.0,2.0,0.0,0.0,2.0,120.0,58.0,5.78,10.0,"{'original': 6.3, 'alternative': 6}",Edson Resendez,aucas,cuenca,aucas,8,0.0,0.0,0.0,0.0,0.0,0.0,0.0,0.0,0.0,0.0,0.0,0.0,0.0,2.0,0.0,0.0,0.0,0.0,0.0,0.0,0.0,0.0,0.0,0.0,0.0,0.0,0.0,0.0,0.0,0.0,0.0,0.0,0.0,0.0,0.0,0.0,0.0,24.0,0.0,0.0
12.0,16.0,0.0,0.0,4.0,0.0,0.0,0.0,174.0,92.0,5.14,12.0,"{'original': 6.4, 'alternative': 6.4}",Jhon Ontaneda,aucas,cuenca,aucas,8,0.0,0.0,0.0,2.0,0.0,0.0,0.0,8.0,0.0,0.0,0.0,0.0,0.0,0.0,0.0,0.0,0.0,0.0,0.0,0.0,0.0,0.0,0.0,0.0,0.0,0.0,0.0,0.0,0.0,0.0,0.0,0.0,0.0,0.0,0.0,0.0,0.0,8.275862068965518,0.0,0.0
44.0,30.0,8.0,0.0,4.0,0.0,0.0,0.0,142.0,4.0,6.0,14.0,"{'original': 6.4, 'alternative': 6.4}",Edison Vega,aucas,cuenca,aucas,8,0.0,0.0,0.0,2.0,0.0,0.0,0.0,0.0,0.0,0.0,0.0,0.0,0.0,0.0,0.0,0.0,0.0,0.0,0.0,0.0,0.0,0.0,0.0,0.0,0.0,0.0,0.0,0.0,0.0,0.0,0.0,0.0,0.0,0.0,0.0,0.0,0.0,19.014084507042252,0.0,0.0
8.0,2.0,0.0,0.0,2.0,0.0,0.0,0.0,110.0,40.0,8.54,4.0,"{'original': 8.8, 'alternative': 8.7}",Jeison Medina,aucas,cuenca,aucas,8,0.0,0.0,2.0,8.0,0.0,0.0,0.0,0.0,0.0,0.0,0.0,0.0,2.0,0.0,0.0,0.0,0.0,2.0,2.0,0.0,0.0,0.0,0.0,0.0,0.0,0.0,0.0,0.0,0.0,0.0,0.0,0.0,0.0,0.0,0.0,0.0,2.0,1.6363636363636362,1.6363636363636362,1.6363636363636362
0.0,0.0,0.0,0.0,0.0,0.0,0.0,0.0,0.0,0.0,0.0,0.0,0,Ariel García,aucas,cuenca,aucas,8,0.0,0.0,0.0,0.0,0.0,0.0,0.0,0.0,0.0,0.0,0.0,0.0,0.0,0.0,0.0,0.0,0.0,0.0,0.0,0.0,0.0,0.0,0.0,0.0,0.0,0.0,0.0,0.0,0.0,0.0,0.0,0.0,0.0,0.0,0.0,0.0,0.0,0.0,0.0,0.0
0.0,0.0,0.0,0.0,0.0,0.0,0.0,0.0,0.0,0.0,0.0,0.0,0,Jean Carlos Blanco,aucas,cuenca,aucas,8,0.0,0.0,0.0,0.0,0.0,0.0,0.0,0.0,0.0,0.0,0.0,0.0,0.0,0.0,0.0,0.0,0.0,0.0,0.0,0.0,0.0,0.0,0.0,0.0,0.0,0.0,0.0,0.0,0.0,0.0,0.0,0.0,0.0,0.0,0.0,0.0,0.0,0.0,0.0,0.0
0.0,0.0,0.0,0.0,0.0,0.0,0.0,0.0,0.0,0.0,0.0,0.0,0,Diego Espinosa,aucas,cuenca,aucas,8,0.0,0.0,0.0,0.0,0.0,0.0,0.0,0.0,0.0,0.0,0.0,0.0,0.0,0.0,0.0,0.0,0.0,0.0,0.0,0.0,0.0,0.0,0.0,0.0,0.0,0.0,0.0,0.0,0.0,0.0,0.0,0.0,0.0,0.0,0.0,0.0,0.0,0.0,0.0,0.0
0.0,0.0,0.0,0.0,0.0,0.0,0.0,0.0,0.0,0.0,0.0,0.0,0,Federico Lanzillota,aucas,cuenca,aucas,8,0.0,0.0,0.0,0.0,0.0,0.0,0.0,0.0,0.0,0.0,0.0,0.0,0.0,0.0,0.0,0.0,0.0,0.0,0.0,0.0,0.0,0.0,0.0,0.0,0.0,0.0,0.0,0.0,0.0,0.0,0.0,0.0,0.0,0.0,0.0,0.0,0.0,0.0,0.0,0.0
0.0,0.0,0.0,0.0,0.0,0.0,0.0,0.0,0.0,0.0,0.0,0.0,0,Luis Cangá,aucas,cuenca,aucas,8,0.0,0.0,0.0,0.0,0.0,0.0,0.0,0.0,0.0,0.0,0.0,0.0,0.0,0.0,0.0,0.0,0.0,0.0,0.0,0.0,0.0,0.0,0.0,0.0,0.0,0.0,0.0,0.0,0.0,0.0,0.0,0.0,0.0,0.0,0.0,0.0,0.0,0.0,0.0,0.0
0.0,0.0,0.0,0.0,0.0,0.0,0.0,0.0,0.0,0.0,0.0,0.0,0,Byron Carabalí,aucas,cuenca,aucas,8,0.0,0.0,0.0,0.0,0.0,0.0,0.0,0.0,0.0,0.0,0.0,0.0,0.0,0.0,0.0,0.0,0.0,0.0,0.0,0.0,0.0,0.0,0.0,0.0,0.0,0.0,0.0,0.0,0.0,0.0,0.0,0.0,0.0,0.0,0.0,0.0,0.0,0.0,0.0,0.0
0.0,0.0,0.0,0.0,0.0,0.0,0.0,0.0,0.0,0.0,0.0,0.0,0,Mario Sanabria,aucas,cuenca,aucas,8,0.0,0.0,0.0,0.0,0.0,0.0,0.0,0.0,0.0,0.0,0.0,0.0,0.0,0.0,0.0,0.0,0.0,0.0,0.0,0.0,0.0,0.0,0.0,0.0,0.0,0.0,0.0,0.0,0.0,0.0,0.0,0.0,0.0,0.0,0.0,0.0,0.0,0.0,0.0,0.0
0.0,0.0,0.0,0.0,0.0,0.0,0.0,0.0,0.0,0.0,0.0,0.0,0,Adolfo Muñoz,aucas,cuenca,aucas,8,0.0,0.0,0.0,0.0,0.0,0.0,0.0,0.0,0.0,0.0,0.0,0.0,0.0,0.0,0.0,0.0,0.0,0.0,0.0,0.0,0.0,0.0,0.0,0.0,0.0,0.0,0.0,0.0,0.0,0.0,0.0,0.0,0.0,0.0,0.0,0.0,0.0,0.0,0.0,0.0
