home,away,team,matchweek,player,shot_type,situation,player_coordinates_x,player_coordinates_y,player_coordinates_z,body_part,goal_mouth_location,goal_mouth_coordinates_x,goal_mouth_coordinates_y,goal_mouth_coordinates_z,id,time,added_time,time_seconds,draw_start_x,draw_start_y,draw_end_x,draw_end_y,draw_goal_x,draw_goal_y,reversed_period_time,reversed_period_time_seconds,incident_type,block_coordinates_x,block_coordinates_y,block_coordinates_z,draw_block_x,draw_block_y,goal_type
aucas,orense,aucas,1,Jonnathan Mina,miss,set-piece,13.824686014062639,39.64030793855042,0,left-foot,left,0,100.0,26.4,2539469,81,4.0,5594,65.78494373334829,34.883300845467076,36.882110623306055,0,36.78563275942218,100.0,1,706,shot,0.0,0.0,0.0,0.0,0.0,0
aucas,orense,aucas,1,Richard Calderón,miss,free-kick,24.04489992188386,19.734142582268795,0,right-foot,close-left,0,59.0,26.4,2539468,99,2.0,5511,65.60219906973026,56.40745088015017,41.0,0,41.0,32.53604161745987,1,789,shot,0.0,0.0,0.0,0.0,0.0,0
aucas,orense,orense,1,Agustin Maziero,save,assisted,12.807772663791457,38.884884084719054,0,right-foot,low-left,0,73.05198757397032,4.4,2539442,80,0.0,5020,27.378040273694417,29.843021853213738,40.55872739743789,0,49.660740662813325,100.0,7,380,shot,0.5945505567628135,37.66715877158736,0.0,68.78751522294917,0.8003907051582781,0
aucas,orense,orense,1,Luis Cano,save,fast-break,12.753744883842957,86.1774479492436,0,right-foot,low-centre,0,70.65083508052024,19.0,2539477,76,0.0,4977,45.76239325049506,6.615226137851886,96.39630414284761,0,57.980939548286365,81.0,8,423,shot,13.04645741591158,100.0,0.0,85.10075799956473,6.663295373377949,0
aucas,orense,orense,1,Agustin Maziero,block,assisted,12.0,22.258051013030375,0,right-foot,low-left,0,47.82197571881192,19.0,2539473,80,0.0,4965,22.5454772956003,12.0,87.12481380994842,0,30.817336933910248,81.0,8,435,shot,8.286258635117917,77.75617499670557,0.0,79.10293119919484,10.027040041011379,0
aucas,orense,aucas,1,Pedro Velasco,block,corner,21.1131337117223,82.60718844533125,0,right-foot,low-right,0,67.01737120445243,11.1,2539467,74,0.0,4864,18.578137981929558,14.048321399981653,45.40361028317713,0,0.973851931942022,100.0,9,536,shot,2.418735231901109,67.41948685710938,0.0,11.548095583744043,0.8951099645147043,0
aucas,orense,orense,1,Ariel Suarez,block,assisted,36.76325606450639,8.626768925589278,0,right-foot,low-centre,0,79.49775967940451,19.0,2539466,80,0.0,4807,52.05822188427946,12.16382701385822,16.901193954080583,0,99.759244653428,81.0,10,593,shot,15.0,12.032069274160612,0.0,38.035055864254296,15.0,0
aucas,orense,aucas,1,Richard Calderón,miss,assisted,44.9850988684115,65.54362202565213,0,right-foot,left,0,96.107085621709,38.9,2539413,64,0.0,4101,26.59455231595375,14.225840586647152,38.76579168277762,0,18.846881926811683,60.16105675299362,22,1299,shot,2.8319839295602987,29.193034107432716,0.0,60.68853427864784,1.1768224668009108,0
aucas,orense,aucas,1,Agustin Maziero,block,assisted,10.0,50.0,0,left-foot,low-left,0,47.257728101599156,19.0,2539400,63,0.0,3379,50.0,10.0,21.773795280585958,0,52.72351324091083,81.0,34,2021,shot,6.0,34.70079488611118,0.0,13.668069432572388,6.0,0
aucas,orense,orense,1,Jeison Medina,miss,assisted,10.235982779107054,57.0,0,right-foot,high,0,56.02123564737958,61.1,2539381,45,0.0,3059,57.0,9.721978180273666,100.0,0,77.29498942140881,31.146683281088976,40,2341,shot,1.2290592429621254,76.11603978223168,0.0,83.31241718700325,6.315397161394276,0
aucas,orense,aucas,1,Jeison Medina,goal,assisted,15.990222020529163,37.55696605032618,0,right-foot,low-right,0,32.91981951691565,17.1,2539358,54,0.0,2914,7.6841973750516885,7.684574592488282,78.6056901805905,0,100.0,76.17317122000514,42,2486,shot,0.0,0.0,0.0,0.0,0.0,regular
aucas,orense,aucas,1,Marcelo Eggel,miss,assisted,58.73921686737396,62.86980234525423,0,left-foot,left,0,74.289532237415,29.2,2539305,47,3.0,2833,41.86909386327376,31.863404226001357,47.322043376634284,0,4.532991083986481,100.0,1,2567,shot,0.0,0.0,0.0,0.0,0.0,0
aucas,orense,aucas,1,Cristian Barros,block,free-kick,26.373975860887235,91.30396199273619,0,right-foot,low-centre,0,2.424373732920543,19.0,2539222,49,0.0,2499,82.25371216970092,34.77475760965232,76.08065599153767,0,55.091991849945074,81.0,4,201,shot,18.31717120088516,99.39426165890289,0.0,45.396382628634385,25.203698876637095,0
aucas,orense,aucas,1,Robert Burbano,miss,regular,15.101073770827394,100.0,0,right-foot,close-high,0,39.524868283862006,56.9,2539214,39,0.0,2308,9.905391459803575,12.619197297694857,17.666766114166265,0,53.895068263487374,24.218038710684844,7,392,shot,0.0,0.0,0.0,0.0,0.0,0
aucas,orense,aucas,1,Renny Jaramillo,block,assisted,16.086530778217377,28.157250582333134,0,left-foot,low-centre,0,79.47270512678938,19.0,2539213,36,0.0,2251,20.521682256643956,14.159459330594391,26.82437977604642,0,69.16445867325379,81.0,8,449,shot,34.35186665784714,11.316641144287722,0.0,52.54849858969468,7.842723830583356,0
aucas,orense,orense,1,Walter Agustin Herrera,save,assisted,0.1293199156768705,33.18953760669474,0,right-foot,low-right,0,86.01084637469297,3.2,2539206,40,0.0,2121,9.77089377895291,1.9305691057508148,100.0,0,100.0,94.5562041412527,10,579,shot,0.2209001130122243,10.016997551301237,0.0,82.9215089569584,0.3439666255612404,0
aucas,orense,aucas,1,Jose Luis Monaga Quinonez,miss,corner,12.247962075958135,40.06182104730878,0,left-foot,right,0,46.46970744999214,20.8,2539181,23,0.0,1860,48.929739751386165,35.64771557580068,94.36666302705315,0,100.0,60.719646069915584,14,840,shot,0.0,0.0,0.0,0.0,0.0,0
aucas,orense,aucas,1,Angelo Mina,goal,assisted,12.7655453867879,18.03688437151392,0,left-foot,high-left,0,6.134793894164858,20.9,2539160,33,0.0,1477,10.804896642998187,11.300032886386793,63.50468786874448,0,69.01446626136675,9.951794349225565,21,1223,shot,0.0,0.0,0.0,0.0,0.0,regular
aucas,orense,orense,1,Jeison Medina,miss,regular,3.5656353302841968,75.0,0,right-foot,close-right,0,44.142533504231466,37.5,2539132,15,0.0,1066,75.0,3.440853745384885,89.8754476691081,0,100.0,100.0,28,1634,shot,0.0,0.0,0.0,0.0,0.0,0
aucas,orense,aucas,1,Marcelo Eggel,save,assisted,21.744346915603437,100.0,0,left-foot,low-centre,0,60.61439362898814,16.5,2539114,25,0.0,928,35.54942690668631,30.57698368865386,58.33982548692721,0,14.29184105783358,100.0,30,1772,shot,2.71955454018653,47.850808847787896,0.0,4.033317268499559,2.474476918768683,0
aucas,orense,aucas,1,Juan Gonzalez,miss,regular,50.295403636853074,13.73217780947546,0,right-foot,left,0,1.9117217626600151,15.3,2539095,10,0.0,582,12.281410541856872,42.83870170806298,26.60641853362921,0,58.973666135334256,100.0,36,2118,shot,0.0,0.0,0.0,0.0,0.0,0
aucas,orense,orense,1,Edison Vega,miss,corner,9.621780289372317,36.151829684513224,0,left-foot,high-right,0,39.0,43.1,2539106,12,0.0,523,55.50537751312178,22.247326883615422,61.0,0,61.0,32.5098971188362,37,2177,shot,0.0,0.0,0.0,0.0,0.0,0
aucas,orense,aucas,1,Jeison Medina,post,assisted,11.894547459963533,72.04117482273597,0,head,left,0,30.66019131069696,20.9,2539111,7,0.0,337,40.575303090763136,0.5395479631220308,8.388670727846048,0,9.13504496631873,76.29673641983388,40,2363,shot,0.0,0.0,0.0,0.0,0.0,0
barcelona,imbabura,imbabura,1,Erick Mendoza,block,assisted,31.76706422504337,79.79371894351635,0,right-foot,low-centre,0,73.13805380767505,19.0,2546115,84,1.0,5458,53.64504529099812,21.06431788008605,78.4385640384194,0,57.65796493737866,81.0,1,842,shot,7.328014182616354,15.264796378405983,0.0,75.75697708771489,20.028306122665622,0
barcelona,imbabura,barcelona,1,Leandro Pantoja,save,free-kick,7.767981595844944,30.54643587189681,0,right-foot,low-right,0,77.34343320157316,13.3,2546112,99,1.0,5435,47.027442276794424,45.04990186853016,100.0,0,32.16731219826462,100.0,1,865,shot,1.0,1.7510362730370588,0.0,48.421252121188544,1.0,0
barcelona,imbabura,imbabura,1,Gabriel Cortez,miss,free-kick,14.809581579815372,2.753704570349001,0,right-foot,high,0,20.484400616178277,91.7,2546028,81,0.0,5265,85.00545961668358,33.65400636737206,29.194780275596614,0,7.499035260482614,9.207357761374567,3,135,shot,0.0,0.0,0.0,0.0,0.0,0
barcelona,imbabura,imbabura,1,Federico Paz,save,assisted,2.6781388472439893,46.96272222158454,0,right-foot,low-centre,0,70.15066143985564,8.9,2545981,78,0.0,4864,1.8108637549995592,5.117859853109476,86.4317415954587,0,69.12183131933574,60.2400727881753,9,536,shot,3.5437720471061853,25.97214454297908,0.0,37.3921999049097,0.14550581486973257,0
barcelona,imbabura,barcelona,1,Erick Mendoza,block,assisted,16.934321985688502,100.0,0,right-foot,low-centre,0,63.13832277280834,19.0,2545975,83,0.0,4522,100.0,22.39881948726671,48.95767757280602,0,27.353826777110513,81.0,15,878,shot,9.61043936774971,17.431407877461368,0.0,98.13439547873135,6.731991489681715,0
barcelona,imbabura,barcelona,1,Francisco Fydriszewski,goal,assisted,5.090591902969441,96.98136226976811,0,left-foot,low-left,0,46.64644822231768,3.2,2545946,64,0.0,3854,62.87676371366143,5.339992489249191,54.184130555292946,0,38.62414369643303,93.94082785983339,26,1546,shot,0.0,0.0,0.0,0.0,0.0,regular
barcelona,imbabura,imbabura,1,Federico Paz,miss,assisted,36.177133063883446,12.01468901811294,0,right-foot,close-left,0,59.0,9.7,2545937,60,0.0,3664,1.4680364643885682,10.686977215918262,41.0,0,41.0,100.0,29,1736,shot,0.0,0.0,0.0,0.0,0.0,0
barcelona,imbabura,imbabura,1,Leonai Souza de Almeida,block,corner,29.65313359214971,30.12128155578685,0,right-foot,low-centre,0,89.23424945393288,19.0,2545936,53,0.0,3626,100.0,0.43977668738275,12.69508361767862,0,49.53801871957457,81.0,30,1774,shot,17.0,30.313607054824317,0.0,72.30561976203957,17.0,0
barcelona,imbabura,imbabura,1,Damián Díaz,save,assisted,7.273005777387564,78.96013217539061,0,right-foot,low-centre,0,36.9490039818506,13.9,2545928,61,0.0,3376,81.0965120570726,1.9975738494816326,91.81262228162672,0,64.05856037636391,19.092977044954594,34,2024,shot,0.9360769720132724,28.204920342122406,0.0,83.48029897054643,2.4910086396533817,0
barcelona,imbabura,barcelona,1,Leonai Souza de Almeida,miss,corner,20.022989457142526,72.36502368447616,0,right-foot,high,0,83.8249486116919,79.2,2545925,60,0.0,3285,96.28573691804316,22.85141974891722,40.79639388891355,0,37.40521768781257,11.334547354079678,36,2115,shot,0.0,0.0,0.0,0.0,0.0,0
barcelona,imbabura,imbabura,1,Leonai Souza de Almeida,block,throw-in-set-piece,13.0,19.690398879748553,0,left-foot,high-left,0,84.98854126822863,26.4,2545924,44,0.0,3233,5.522967873339223,13.0,8.515073167419906,0,71.1593660118481,58.9066501399175,37,2167,shot,21.436661890722412,6.106960468705054,0.0,16.013373104318042,4.439419129972693,0
barcelona,imbabura,barcelona,1,Francisco Fydriszewski,block,corner,0.46525989175896676,60.7026231123973,0,head,low-centre,0,57.05381086756248,19.0,2545935,58,0.0,2997,86.16724993267303,7.277777567766869,50.10499074890709,0,31.981921771656168,81.0,41,2403,shot,8.751814125764724,50.0,0.0,50.0,3.0689412313017774,0
barcelona,imbabura,barcelona,1,Leandro Pantoja,block,assisted,55.67479661227282,96.1117704782963,0,right-foot,low-centre,0,22.223732537215575,19.0,2545921,50,0.0,2907,2.353258514345576,16.94694236006336,56.18957113960483,0,52.07694157123883,81.0,42,2493,shot,24.833666459309576,40.65390804452503,0.0,66.76911909746869,44.017745842410356,0
barcelona,imbabura,barcelona,1,Cristhian Solano,save,assisted,5.22295868752791,29.852372917035943,0,left-foot,low-centre,0,79.13681729262278,0.6,2545872,44,2.0,2803,25.443601779967757,7.0584654866492365,53.98501316798421,0,8.8074655604278,23.895860165370493,1,2597,shot,1.3678911859609886,28.957866475593512,0.0,92.52328029086593,0.601167478863669,0
barcelona,imbabura,imbabura,1,Damián Díaz,miss,set-piece,15.04666213111048,64.63670836170444,0,right-foot,close-high,0,15.53723534560256,59.7,2545870,39,0.0,2672,15.038231643939184,2.9342071974259447,80.07575882927898,0,97.97576672719921,12.920268865194586,1,28,shot,0.0,0.0,0.0,0.0,0.0,0
barcelona,imbabura,barcelona,1,Damián Díaz,block,free-kick,6.298214582073712,17.412503461694897,0,right-foot,low-left,0,1.1930836666690396,19.4,2545869,50,0.0,2667,97.09314159197918,30.01953191770162,68.08281361492519,0,41.294780526590635,100.0,1,33,shot,29.199089788545617,36.78127921500732,0.0,61.44685850336718,21.69843257234138,0
barcelona,imbabura,imbabura,1,Erick Mendoza,save,corner,13.590058778062101,55.549822938951216,0,right-foot,low-centre,0,24.801226744451938,10.8,2545862,48,0.0,2308,21.25424635504765,4.668699094360424,18.990352247982813,0,74.17294145904681,83.71553051332789,7,392,shot,0.18296460748781573,48.0,0.0,48.0,2.024785041967207,0
barcelona,imbabura,imbabura,1,Erick Mendoza,save,regular,7.3867902632901945,100.0,0,right-foot,low-left,0,83.42632182056343,10.8,2545853,39,0.0,2043,100.0,45.92499148348427,2.519334627922447,0,84.21195307841319,100.0,11,657,shot,2.0,40.68159444080074,0.0,10.78349143088191,2.0,0
barcelona,imbabura,imbabura,1,Leandro Pantoja,block,free-kick,24.0,26.071192258406008,0,right-foot,low-centre,0,16.961591687727534,19.0,2545850,25,0.0,1934,55.37394620978532,24.0,21.075946979015512,0,89.94873626396047,81.0,13,766,shot,11.815896461432441,51.91823395728493,0.0,71.92260898728148,2.305403299955021,0
barcelona,imbabura,barcelona,1,Janner Corozo,goal,assisted,24.331034865762245,45.635191538389314,0,left-foot,low-centre,0,96.71044123766266,8.9,2545816,23,0.0,1417,48.55928487960491,22.405002280887867,78.54180978088728,0,9.651055838543705,16.41966379338949,22,1283,shot,0.0,0.0,0.0,0.0,0.0,regular
barcelona,imbabura,imbabura,1,Francisco Fydriszewski,save,regular,3.1986253544518064,61.86979121276144,0,right-foot,low-centre,0,2.5457708647370936,1.9,2545846,27,0.0,1295,82.9154384003554,13.822270287172865,21.430592947784618,0,71.46316565291869,100.0,24,1405,shot,0.8580863249228734,50.0,0.0,50.0,1.941073815673276,0
barcelona,imbabura,barcelona,1,Leonai Souza de Almeida,miss,regular,28.361927092120144,37.6910448563566,0,right-foot,high,0,53.74376904132415,86.1,2545845,25,0.0,1150,28.53661121434196,12.531963864452209,15.774928245178664,0,20.09849493233815,5.323953516551667,26,1550,shot,0.0,0.0,0.0,0.0,0.0,0
barcelona,imbabura,barcelona,1,Francisco Fydriszewski,save,assisted,5.864432431245089,10.570091996250511,0,right-foot,low-centre,0,64.71057028847702,10.8,2545811,20,0.0,1116,54.510463833914,9.600973625424512,25.116118157604504,0,28.095163367549176,98.15309658406129,27,1584,shot,8.54971290021574,58.04028166712067,0.0,34.019801044665,4.211194701730523,0
barcelona,imbabura,barcelona,1,Leonai Souza de Almeida,block,corner,31.943739305332727,91.45263732466248,0,right-foot,low-centre,0,13.747257363162852,19.0,2545805,20,0.0,1076,69.19465304439984,27.375430260907343,10.374488889088916,0,70.74430527490034,81.0,28,1624,shot,15.0,97.71057193125051,0.0,55.87060585261845,15.0,0
barcelona,imbabura,barcelona,1,Edison Caicedo,block,corner,1.768208912347375,12.297893250715958,0,head,low-centre,0,50.0,19.0,2545804,17,0.0,960,62.832727906705856,4.188569554178163,50.0,0,50.0,81.0,29,1740,shot,9.734257996928127,26.830135566446863,0.0,55.47327393886628,7.948639176601736,0
barcelona,imbabura,imbabura,1,Xavier Pineda,block,assisted,44.591854029481254,100.0,0,right-foot,low-centre,0,25.02037678440462,19.0,2545801,25,0.0,911,20.824964017461483,46.22954638849306,2.214201906985288,0,2.499414996529005,81.0,30,1789,shot,33.80331238623395,63.0,0.0,63.0,1.3745722112126657,0
barcelona,imbabura,imbabura,1,Francisco Fydriszewski,save,assisted,38.57235367669195,37.86263523179184,0,right-foot,high-centre,0,42.16444830811512,22.8,2545798,10,0.0,775,4.078939283511275,41.39365400698759,21.86097016070608,0,69.67138584437183,16.663431825477304,33,1925,shot,4.38333450390873,71.05743739686093,0.0,71.47959963082207,4.20632379792345,0
barcelona,imbabura,barcelona,1,Damián Díaz,miss,free-kick,6.292497608123281,37.29168222871223,0,right-foot,close-right,0,43.0,8.3,2545796,5,0.0,741,5.398601799975765,9.47187120638926,57.0,0,57.0,74.3231138340778,33,1959,shot,0.0,0.0,0.0,0.0,0.0,0
barcelona,imbabura,barcelona,1,Francisco Fydriszewski,block,throw-in-set-piece,4.009703599103932,0.2671797193651031,0,right-foot,low-centre,0,81.76000376141111,19.0,2545795,10,0.0,639,55.64022278125517,5.510946141221594,39.16113137618987,0,68.50302376394137,81.0,35,2061,shot,6.0,14.575310649352183,0.0,69.11519561432343,6.0,0
barcelona,imbabura,barcelona,1,Federico Paz,save,assisted,44.43171162561694,91.83508097153174,0,left-foot,low-centre,0,30.748583968040343,11.4,2545790,3,0.0,551,38.54509875123798,10.777960803792407,43.1495289324016,0,71.09717073377075,100.0,36,2149,shot,1.5285708112654972,47.348467803937126,0.0,9.791564618519047,0.2741593625506573,0
barcelona,imbabura,barcelona,1,Francisco Fydriszewski,miss,assisted,6.85067609006445,100.0,0,head,high,0,18.255438302325643,68.1,2545789,12,0.0,515,54.89871943442576,5.412830684450643,90.19400881261424,0,43.95702273136931,32.71639235912652,37,2185,shot,0.0,0.0,0.0,0.0,0.0,0
barcelona,imbabura,imbabura,1,Cristhian Solano,miss,assisted,9.863283950733589,38.0,0,head,close-left,0,20.17478169065747,8.3,2545788,-7,0.0,128,38.0,20.426482936447496,15.122767657451675,0,57.45868663911584,65.30638046023354,43,2572,shot,0.0,0.0,0.0,0.0,0.0,0
catolica,nacional,nacional,1,Jordy Burbano,miss,regular,44.5875434109551,22.13710879185234,0,right-foot,close-high,0,70.1858979413537,58.3,2545161,83,0.0,5329,100.0,24.777811702127643,22.736873124040045,0,82.43885991217583,75.33356654853131,2,71,shot,0.0,0.0,0.0,0.0,0.0,0
catolica,nacional,catolica,1,Luis Benalcazar,miss,assisted,34.0,100.0,0,left-foot,high,0,25.855018332004654,73.6,2545134,77,0.0,5072,92.63019217136502,34.0,0.04081258805026522,0,92.05917427768514,17.66360846828639,6,328,shot,0.0,0.0,0.0,0.0,0.0,0
catolica,nacional,nacional,1,Arón Rodríguez,block,assisted,1.0431363068358142,64.58939174637811,0,left-foot,low-centre,0,80.93559857152798,19.0,2545155,87,0.0,4777,13.342974862497307,15.408775090252684,58.647272065471036,0,88.04048254306463,81.0,11,623,shot,8.009948346223059,49.86045675555967,0.0,50.847214710800884,0.926760860578348,0
catolica,nacional,catolica,1,Luis Benalcazar,miss,regular,53.682597182610365,13.343236924420644,0,left-foot,high,0,10.644751612824358,62.5,2545194,81,0.0,4715,32.08984558939871,66.38885422083762,14.586062962061874,0,98.65170244298322,54.76710422347952,12,685,shot,0.0,0.0,0.0,0.0,0.0,0
catolica,nacional,nacional,1,Arón Rodríguez,block,assisted,8.956735985276216,100.0,0,right-foot,low-centre,0,50.597439340842016,19.0,2545144,67,0.0,4201,31.655099130104247,20.005097205684457,1.5985681990070049,0,43.91989998268008,81.0,20,1199,shot,13.171676976898633,39.73871099585188,0.0,75.21347509070159,0.7576250157180322,0
catolica,nacional,nacional,1,José Fajardo,goal,assisted,4.679704996931891,96.11378841549003,0,right-foot,low-left,0,74.76354239731107,1.9,2545029,66,0.0,4035,100.0,16.097471046898328,63.84550640802763,0,44.19984396608953,69.32130010359563,23,1365,shot,0.0,0.0,0.0,0.0,0.0,regular
catolica,nacional,nacional,1,Jordy Burbano,miss,set-piece,3.9804793741935214,3.215621465877433,0,right-foot,right,0,43.01817679711991,19.4,2545137,67,0.0,3753,8.402314610834672,54.914934005736136,7.920600564985818,0,100.0,77.77359372303735,28,1647,shot,0.0,0.0,0.0,0.0,0.0,0
catolica,nacional,nacional,1,Kevin Minda,goal,corner,4.947710594562543,48.0,0,right-foot,low-left,0,31.638294187875324,10.1,2544919,55,0.0,3473,48.0,7.370743275208787,18.939016975303495,0,18.74420281149211,53.6877570382475,33,1927,shot,0.0,0.0,0.0,0.0,0.0,regular
catolica,nacional,catolica,1,Jhon Cifuente,block,corner,15.704137311624558,54.847210286141994,0,right-foot,low-centre,0,30.984888918132285,19.0,2544942,62,0.0,3472,99.98794807275902,2.597169531281704,14.37807583617733,0,10.315807526938165,81.0,33,1928,shot,0.47819614046692394,6.371812123215825,0.0,83.15761156230795,5.9126859021051485,0
catolica,nacional,catolica,1,Jhon Cifuente,block,assisted,9.68042073399883,92.0278991676174,0,right-foot,low-centre,0,51.0,19.0,2544910,66,0.0,3433,86.7992468202596,13.702204049733751,49.0,0,49.0,81.0,33,1967,shot,12.822542649369476,5.01535860753409,0.0,52.779041528900166,1.4147132320285678,0
catolica,nacional,nacional,1,Ismael Díaz,miss,assisted,27.087785836722574,40.0,0,right-foot,close-high-right,0,77.93931302853612,50.0,2544909,51,0.0,3384,40.0,15.262340227043547,81.70342680539873,0,54.16940095205338,50.0,34,2016,shot,0.0,0.0,0.0,0.0,0.0,0
catolica,nacional,nacional,1,Ismael Díaz,block,assisted,15.0,72.0,0,right-foot,low-centre,0,87.1806180384702,19.0,2544889,41,0.0,3001,72.0,15.0,46.45615385160609,0,11.369521961013696,81.0,40,2399,shot,16.047618350673645,44.18278433751421,0.0,14.900771339468776,0.4929337554207578,0
catolica,nacional,nacional,1,Jhon Caicedo,miss,assisted,8.848760828299984,65.10428089494184,0,left-foot,high,0,4.1335823301582835,69.4,2544730,42,0.0,2563,93.32296504911832,11.502630091817618,53.177146668441075,0,54.64576552340001,45.41347609200796,3,137,shot,0.0,0.0,0.0,0.0,0.0,0
catolica,nacional,nacional,1,Ismael Díaz,save,assisted,6.514521173454508,38.0,0,head,low-left,0,16.09595012926735,13.9,2544771,46,0.0,2295,38.0,4.67897823674018,31.768273478557816,0,68.82700362516594,38.62258797546073,7,405,shot,1.7054491268299679,43.863898708780845,0.0,56.68244090688268,0.5008246810674841,0
catolica,nacional,catolica,1,Kevin Minda,miss,corner,5.0,39.13233068334209,0,head,close-high,0,60.32921134299405,56.9,2544762,29,0.0,2051,94.77481333456511,5.0,0.61645508840585,0,73.32091615707574,6.474249437928414,11,649,shot,0.0,0.0,0.0,0.0,0.0,0
catolica,nacional,nacional,1,Kevin Quevedo,save,assisted,36.3979522731486,69.17307763064369,0,right-foot,low-centre,0,68.41106445246808,19.0,2544616,39,0.0,2016,63.94130341005625,34.037719868305146,41.27833694867556,0,93.64947680447703,81.0,12,684,shot,7.749637591816921,94.69912827099881,0.0,42.04110174038552,2.5689787851827663,0
catolica,nacional,nacional,1,Fausto Grillo,miss,corner,6.0,100.0,0,head,close-left,0,7.074986750085614,29.2,2544615,27,0.0,1976,71.5870814769256,6.0,70.20276722209378,0,53.45980468882101,43.72548661538646,13,724,shot,0.0,0.0,0.0,0.0,0.0,0
catolica,nacional,catolica,1,Jhon Cifuente,save,corner,15.481854799713986,30.858232516326048,0,head,high-centre,0,95.19298608076657,30.4,2544673,37,0.0,1956,26.15670385700175,1.1372824580867213,82.0523338385248,0,37.415252055122465,23.365525099056185,13,744,shot,3.1141484029877042,64.93234441358015,0.0,72.23899829806507,3.2883144784749434,0
catolica,nacional,nacional,1,Kevin Quevedo,save,assisted,8.0,100.0,0,right-foot,high-centre,0,29.565692302266115,25.9,2544652,30,0.0,1924,96.02329040088146,8.0,80.97749014788837,0,57.41515338319702,100.0,13,776,shot,4.134397375886361,32.01835581065897,0.0,65.85290265460861,4.496186738631475,0
catolica,nacional,nacional,1,Jordy Burbano,save,set-piece,5.166740811589015,19.41843019297353,0,right-foot,low-left,0,52.0,1.9,2544614,38,0.0,1756,49.28101659670257,8.174564820598263,48.0,0,48.0,100.0,16,944,shot,2.198577746201282,24.945794304282167,0.0,28.45934539770507,1.387456340454826,0
catolica,nacional,catolica,1,Jonathan Zambrano,miss,assisted,29.0,18.28375668150798,0,right-foot,close-right,0,4.577967988963216,34.7,2544578,32,0.0,1385,89.25814090058688,29.0,92.86283979732495,0,7.020118496881068,48.54135779290348,22,1315,shot,0.0,0.0,0.0,0.0,0.0,0
catolica,nacional,catolica,1,Luciano Nieto,miss,assisted,4.812829150728788,56.0,0,left-foot,right,0,78.77553225194397,12.5,2544564,11,0.0,1117,56.0,59.5582425828493,20.372112253121514,0,100.0,91.61748732720162,27,1583,shot,0.0,0.0,0.0,0.0,0.0,0
catolica,nacional,nacional,1,Jhon Cifuente,goal,fast-break,2.6159129906747274,2.3243786378088416,0,left-foot,high-left,0,86.61217476991253,30.4,2544552,24,0.0,975,72.5007986678252,3.61816693153745,85.65816781614531,0,32.46296426115596,100.0,29,1725,shot,0.0,0.0,0.0,0.0,0.0,regular
catolica,nacional,nacional,1,Teddye Lara,block,free-kick,50.49175732096273,44.24514852572241,0,right-foot,low-centre,0,38.77169776502307,19.0,2544546,19,0.0,961,23.789321455209205,12.639229089908245,28.0830650829539,0,74.34833057620202,81.0,29,1739,shot,22.0,75.26197000497916,0.0,20.158646511697654,22.0,0
catolica,nacional,catolica,1,Exon Gustavo Vallecilla,miss,assisted,3.3531981586617157,63.10587731214704,0,left-foot,close-right,0,50.52964504237747,23.6,2544531,20,0.0,862,19.64948179997949,52.74134538108062,72.19597084414666,0,77.1021143919766,67.1828939433585,31,1838,shot,0.0,0.0,0.0,0.0,0.0,0
catolica,nacional,catolica,1,Kevin Peralta,miss,set-piece,3.7621926833651145,65.15529883022404,0,head,high,0,16.385486060316687,66.7,2544530,0,0.0,589,34.459750794659335,18.889347253313893,94.23607700035484,0,94.75688586906247,27.153634545995786,36,2111,shot,0.0,0.0,0.0,0.0,0.0,0
catolica,nacional,nacional,1,Kevin Minda,miss,regular,0.5734601021405048,78.5924726710239,0,right-foot,close-high,0,22.145114896593775,54.2,2544466,-7,0.0,74,100.0,4.421110260711728,32.60021100224959,0,45.28026652933179,60.36873699036869,44,2626,shot,0.0,0.0,0.0,0.0,0.0,0
cuenca,emelec,emelec,1,Gustavo Cortez,miss,assisted,27.750791051919094,48.73786995979407,0,left-foot,left,0,62.0,11.1,2539950,93,10.0,5979,50.70718928040395,21.36782204286294,38.0,0,38.0,100.0,1,321,shot,0.0,0.0,0.0,0.0,0.0,0
cuenca,emelec,emelec,1,Esteban Davila,goal,assisted,8.0,35.48718562935881,0,head,low-left,0,55.26978341579753,13.9,2539897,80,4.0,5624,80.46384901392332,8.0,40.455266865253485,0,58.53703690856171,100.0,1,676,shot,0.0,0.0,0.0,0.0,0.0,regular
cuenca,emelec,emelec,1,Lucas Mancinelli,miss,free-kick,16.11203483316084,38.00751934889405,0,right-foot,left,0,86.60519453570794,15.3,2539891,82,1.0,5428,4.871394176052412,23.79192079346877,63.543418374568745,0,62.42675147019196,100.0,1,872,shot,0.0,0.0,0.0,0.0,0.0,0
cuenca,emelec,emelec,1,Luis Aldair Arroyo Cabeza,block,assisted,11.505174415092505,1.8360466302082585,0,right-foot,low-right,0,9.327963211171323,19.0,2539887,79,0.0,5114,6.0075537927833835,7.288154747957428,5.447245253838403,0,44.55757173693972,81.0,5,286,shot,13.783616472178503,57.81794101200982,0.0,53.974192078590455,20.796394375275923,0
cuenca,emelec,emelec,1,Tommy Chamba,miss,assisted,48.197987321139344,59.028877003211996,0,right-foot,right,0,19.166832417630573,4.2,2539878,87,0.0,5030,36.081335028335126,12.129986452737214,100.0,0,100.0,100.0,7,370,shot,0.5492459791822766,70.99351733198885,0.0,98.63084137115317,1.741511967559774,0
cuenca,emelec,cuenca,1,Pablo Daniel Magnin,miss,corner,1.9579820337069158,19.57620506190395,0,head,close-left,0,92.65272491494515,11.1,2539821,82,0.0,4784,48.91093715878024,3.7944933426649214,47.89816014106911,0,25.499147397383936,99.1638211024877,11,616,shot,0.0,0.0,0.0,0.0,0.0,0
cuenca,emelec,cuenca,1,Pablo Daniel Magnin,miss,assisted,16.759484868133054,42.60592136948595,0,head,left,0,100.0,5.6,2539949,80,0.0,4565,7.936269637402056,18.69443612375875,15.711980112151956,0,64.05836237081282,80.86168172612415,14,835,shot,0.0,0.0,0.0,0.0,0.0,0
cuenca,emelec,cuenca,1,Marcelo Meli,goal,assisted,2.4185533869377416,55.37635273952205,0,right-foot,low-left,0,43.69009761285771,12.0,2539804,75,0.0,4315,83.93691871586296,5.1789538665611445,91.38189903353906,0,21.0062769023546,88.0,19,1085,shot,0.0,0.0,0.0,0.0,0.0,regular
cuenca,emelec,cuenca,1,Facundo Castelli,goal,assisted,10.497723696202046,1.7840928888162182,0,other,high-left,0,30.88689678134152,22.2,2539782,60,0.0,3599,0.4324370703019511,1.4200480250702654,79.72789776160046,0,85.05251876605526,100.0,31,1801,shot,0.0,0.0,0.0,0.0,0.0,regular
cuenca,emelec,emelec,1,Romario Caicedo,miss,assisted,4.69889996356447,98.48311023192478,0,right-foot,left,0,52.19162873894578,5.6,2539791,50,0.0,3598,28.962024224548173,21.64558495640479,24.95094195847819,0,27.52585472316062,6.680134139863398,31,1802,shot,13.747657603525512,40.37815298713118,0.0,72.36424897651233,8.404424621165825,0
cuenca,emelec,cuenca,1,Vilinton Branda,block,set-piece,35.75357577474408,45.997526970528185,0,left-foot,low-left,0,15.151582133732326,19.0,2539704,39,0.0,2132,11.08393969130898,9.288064635731942,84.19819734317309,0,65.66254358634143,81.0,10,568,shot,33.55821069350529,19.681528291850764,0.0,23.165884627097906,20.2352929198284,0
cuenca,emelec,emelec,1,Gustavo Cortez,miss,assisted,27.62049610955666,0.6648158005389249,0,right-foot,left,0,100.0,6.9,2539685,42,0.0,1948,28.736834956603445,36.0264699132668,13.520220134859507,0,21.799921541369145,100.0,13,752,shot,0.0,0.0,0.0,0.0,0.0,0
cuenca,emelec,emelec,1,Francisco Mera,miss,assisted,30.37585748885416,36.992348627072246,0,right-foot,high,0,59.47320526512348,68.1,2539680,26,0.0,1882,81.55670158718043,45.687985762139284,2.282820888293635,0,92.16702548489378,18.888985944374113,14,818,shot,0.0,0.0,0.0,0.0,0.0,0
cuenca,emelec,emelec,1,Guillermo Fratta,miss,regular,43.58619116287735,31.176366867418572,0,right-foot,left,0,100.0,13.9,2539737,32,0.0,1660,28.913963232059665,55.34971021105819,26.487717162656224,0,33.330425464825474,100.0,18,1040,shot,1.9749532635829077,57.213718327629635,0.0,7.106088693458098,33.58743208569719,0
cuenca,emelec,cuenca,1,Facundo Castelli,block,fast-break,19.0,23.479064596023925,0,right-foot,low-right,0,16.68398771985059,19.0,2539725,31,0.0,1577,39.195221908161,19.0,96.94511537172616,0,27.79174889230461,81.0,19,1123,shot,26.92290857282656,28.777288970929348,0.0,71.69847593612721,17.96729760470534,0
cuenca,emelec,cuenca,1,Nazareno Romero,miss,assisted,13.037406585858074,3.203903920083526,0,left-foot,close-right,0,48.181221139115905,4.2,2539661,20,0.0,1382,16.913793802349076,24.952434616133957,100.0,0,23.56006782774081,11.680816282561551,22,1318,shot,0.0,0.0,0.0,0.0,0.0,0
cuenca,emelec,cuenca,1,Esteban Davila,miss,corner,31.68720102368559,79.44478446422636,0,left-foot,high,0,43.54233851623312,87.5,2539617,26,0.0,1123,77.49568238635848,19.296575813317496,47.04339287725097,0,67.0014408858751,18.248412709799254,27,1577,shot,0.0,0.0,0.0,0.0,0.0,0
cuenca,emelec,cuenca,1,Joao Quinones,miss,corner,6.612367860799246,21.97877469486933,0,head,left,0,100.0,13.9,2539662,21,0.0,803,59.08445207503654,10.285314740084893,54.367272787575914,0,53.52450617310426,55.9271554364519,32,1897,shot,2.9380580819129567,3.330159336112736,0.0,25.36466950239842,2.0202035095213207,0
cuenca,emelec,cuenca,1,Juan Ruiz Gómez,save,assisted,7.312625896913383,70.8144060378731,0,head,low-right,0,11.263989196080018,13.3,2539606,9,0.0,592,19.382724342565538,15.838662957897187,91.02941735367268,0,6.647290981372095,86.68953956497442,36,2108,shot,1.6920921288342452,74.11178876018431,0.0,4.361559313844765,1.7573278330730582,0
cuenca,emelec,cuenca,1,Francisco Mera,miss,assisted,28.0,57.0,0,right-foot,left,0,62.0,11.1,2539581,9,0.0,364,57.0,28.0,38.0,0,38.0,75.50295813447954,39,2336,shot,0.0,0.0,0.0,0.0,0.0,0
delfin,independiente,independiente,1,Jordy Alcivar,block,assisted,14.564758614046074,31.0,0,right-foot,low-right,0,49.02886156146742,19.0,2533685,78,0.0,4305,31.0,16.368136770493283,66.76490556204388,0,38.05577077806309,81.0,19,1095,shot,19.77342236014524,19.647990804675317,0.0,42.29654195676348,5.296578093372581,0
delfin,independiente,delfin,1,Michael Hoyos,goal,assisted,10.172739572817976,100.0,0,head,high-right,0,32.191383498036394,31.0,2533673,58,0.0,4004,58.628101921909234,13.014566961250088,100.0,0,31.484633558671554,69.0,24,1396,shot,0.0,0.0,0.0,0.0,0.0,regular
delfin,independiente,independiente,1,Nicolás Messiniti,miss,assisted,10.669286171216879,86.9602163782175,0,right-foot,close-right,0,53.66773032842922,20.8,2533628,46,0.0,2782,42.12504917589927,10.204420951189928,42.32723710550511,0,12.203786198405545,94.96542105794005,44,2618,shot,0.0,0.0,0.0,0.0,0.0,0
delfin,independiente,independiente,1,Luis Castro,block,regular,43.587967223235125,73.70138161170028,0,left-foot,low-centre,0,14.12792015516932,19.0,2533595,32,0.0,2466,78.41313831880258,45.748203534412184,26.903115768568753,0,23.514150005044925,81.0,4,234,shot,25.1268143727967,74.84689411916077,0.0,86.38905862246152,38.34652651991194,0
delfin,independiente,delfin,1,Cristian Zabala,miss,assisted,15.74955778496987,7.031921983634433,0,right-foot,high,0,83.56942983354008,83.3,2533572,30,0.0,1650,96.91666027402249,12.796943882411608,12.930713790111206,0,64.43942684443095,31.52660988314877,18,1050,shot,0.0,0.0,0.0,0.0,0.0,0
delfin,independiente,delfin,1,Jostin Alman,save,assisted,6.650358107987948,83.38899978737373,0,right-foot,low-centre,0,50.01676017317392,7.6,2533565,25,0.0,1167,87.4792573881181,11.376705667616928,91.79039832537957,0,1.6341634831144916,100.0,26,1533,shot,7.66077908660347,70.38083712600988,0.0,18.203540516067918,9.724075149232046,0
delfin,independiente,independiente,1,Cristian Zabala,block,assisted,24.191004242469965,10.182986603387434,0,right-foot,low-centre,0,37.055417714212005,19.0,2533561,12,0.0,884,45.70067393979082,63.57980693432158,33.691001190161224,0,64.84987609167487,81.0,31,1816,shot,2.4110687555238464,32.80801832333062,0.0,61.83991505246052,12.789721627362923,0
delfin,independiente,independiente,1,Nicolás Goitea,miss,corner,8.539565581967139,0.27154470176921564,0,head,close-left,0,59.0,31.9,2533558,21,0.0,833,3.3419065031002546,6.563510128172678,41.0,0,41.0,16.658036756718303,32,1867,shot,0.0,0.0,0.0,0.0,0.0,0
delfin,independiente,independiente,1,Kendry Páez,block,assisted,1.8800558523222684,29.23524487964867,0,left-foot,low-right,0,52.42398820953625,19.4,2533557,7,0.0,703,100.0,21.42702208822455,27.222827029327135,0,4.736350645042727,100.0,34,1997,shot,18.0710938943517,59.0,0.0,59.0,19.568097022328427,0
delfin,independiente,independiente,1,Luis Castro,save,regular,22.948250003586086,27.41780013389818,0,left-foot,low-left,0,1.5809460346146338,15.8,2533553,17,0.0,570,20.604213257950175,48.81115801850419,60.06923059498161,0,46.15212542273981,33.12699738317524,36,2130,shot,0.9037605348982836,66.728983486539,0.0,29.489967577227368,0.245644939622081,0
delfin,independiente,independiente,1,Renzo López,miss,assisted,11.102536110640685,24.496776266990935,0,right-foot,close-left,0,4.047901417982985,4.2,2533551,7,0.0,452,77.89275424572251,26.9772012010539,23.164490613884254,0,63.03444355915059,100.0,38,2248,shot,0.0,0.0,0.0,0.0,0.0,0
delfin,independiente,delfin,1,Luis Felipe Zárate,save,set-piece,3.30941617091314,47.272616075014895,0,head,low-centre,0,49.01406871367353,1.9,2533556,-1,0.0,252,57.19658738927049,4.7397907732442786,81.8084187334928,0,49.21523972353348,10.1619283202957,41,2448,shot,3.263880472702957,95.38198717665392,0.0,67.5901621691568,2.515885667639984,0
delfin,independiente,independiente,1,Yaimar Medina,save,assisted,6.857507029572959,12.525537926351092,0,left-foot,low-centre,0,80.00916380993006,13.9,2533547,11,0.0,92,30.871578227048545,0.3624433997357768,54.49498264209463,0,34.710611017954506,4.685844191551183,44,2608,shot,0.5596706416540863,95.72729349049945,0.0,28.727480670219215,0.70858069027798,0
liga,macara,macara,1,Óscar Zambrano,miss,assisted,31.0,16.0400315718803,0,right-foot,high,0,19.457706856955056,62.5,2550156,80,5.0,5678,7.548708367376829,31.0,11.254202389944112,0,32.624976236036545,13.310011460741379,1,622,shot,0.0,0.0,0.0,0.0,0.0,0
liga,macara,liga,1,Joffré Escobar,save,set-piece,3.0,41.931834963432536,0,head,low-centre,0,100.0,3.8,2550157,86,3.0,5553,95.48821239360063,3.0,14.438077839908793,0,36.44842283790549,100.0,1,747,shot,1.5598218267285695,21.179836816045302,0.0,70.74889959167345,0.38019410271300424,0
liga,macara,macara,1,Facundo Pons,miss,assisted,15.799049512727422,59.96443292411199,0,right-foot,high-right,0,42.65961065274192,68.1,2550125,85,0.0,5249,15.463471450553282,25.188789110998272,68.12308692240983,0,62.66075191162507,2.0674684519260325,3,151,shot,0.0,0.0,0.0,0.0,0.0,0
liga,macara,macara,1,Jorge Valdez,block,regular,11.0,51.283433199392135,0,right-foot,low-centre,0,11.175433463470029,19.0,2550122,89,0.0,4837,100.0,11.0,8.816633895245019,0,6.62435046952433,81.0,10,563,shot,16.93728471297282,84.99503901959949,0.0,100.0,6.323691317593367,0
liga,macara,macara,1,Lisandro Alzugaray,miss,assisted,7.637226170170146,14.727879258959362,0,left-foot,close-right,0,32.001125926936055,4.2,2550119,79,0.0,4626,90.17655876654669,3.7269646326664363,97.98650036327251,0,95.28632890700106,100.0,13,774,shot,0.0,0.0,0.0,0.0,0.0,0
liga,macara,macara,1,Óscar Zambrano,miss,assisted,40.83648156105579,9.610601764039686,0,right-foot,high,0,3.3965638720470395,68.1,2550091,60,0.0,4001,5.988148923833279,1.5879849390291518,58.309617046046505,0,20.95145502470948,57.87425717671132,24,1399,shot,0.0,0.0,0.0,0.0,0.0,0
liga,macara,macara,1,Alex Arce,miss,fast-break,42.0,81.8050308503711,0,right-foot,left,0,60.0,8.3,2550048,63,0.0,3755,39.8469207007481,42.0,40.0,0,40.0,52.474289529158355,28,1645,shot,2.3163086721796935,70.89949507852299,0.0,27.488733135517542,4.185519283584432,0
liga,macara,liga,1,Leonel Álvarez,miss,regular,3.8471329014907525,61.093653599794244,0,right-foot,high-left,0,43.41485671911053,51.4,2550045,53,0.0,3617,62.4030714135444,9.264023228937418,5.817299340613154,0,52.3650083496891,91.92924209044483,30,1783,shot,0.0,0.0,0.0,0.0,0.0,0
liga,macara,liga,1,Facundo Pons,miss,regular,15.48212694195184,6.172248290571908,0,right-foot,left,0,10.798292490247363,19.4,2550026,51,0.0,3461,34.76932258486082,21.378864568261875,71.1985783584535,0,5.061910833094849,100.0,33,1939,shot,0.0,0.0,0.0,0.0,0.0,0
liga,macara,liga,1,Leonel Álvarez,block,set-piece,22.41128304510256,52.47919284966507,0,right-foot,low-left,0,45.90233274022161,19.0,2550025,53,0.0,3417,49.05808942104825,5.163980916084558,78.58383581447951,0,47.569302529117394,81.0,34,1983,shot,36.82537075287057,20.186738560340444,0.0,50.59824251493539,29.721396399465966,0
liga,macara,liga,1,Miguel Perea,block,free-kick,31.365646032579555,100.0,0,left-foot,low-centre,0,54.05125486155084,19.0,2550024,52,0.0,3413,4.764781156311116,28.64673612971371,28.05840876380352,0,39.880244186686575,81.0,34,1987,shot,36.031282555330726,18.305208970557928,0.0,89.2918977705243,1.8197324201695082,0
liga,macara,macara,1,Jorge Valdez,miss,assisted,29.652572022074782,100.0,0,right-foot,high-right,0,34.81387562522639,68.1,2550022,54,0.0,3225,5.440037534179751,15.677751274691364,100.0,0,100.0,19.11939626481142,37,2175,shot,0.0,0.0,0.0,0.0,0.0,0
liga,macara,macara,1,Jorge Valdez,save,free-kick,39.85400847446755,23.10309529292497,0,right-foot,low-left,0,7.489755834151133,5.1,2549980,39,0.0,2911,4.748917040625308,40.31402001632608,37.549612161553924,0,76.94112902068646,100.0,42,2489,shot,1.0,93.69924638204458,0.0,74.58412998907976,1.0,0
liga,macara,macara,1,Óscar Zambrano,miss,assisted,7.649111646078657,4.831209228467074,0,left-foot,close-left,0,70.24317318686148,8.3,2549979,44,0.0,2811,2.7323678435189933,4.050797551822873,50.89157809208089,0,29.692047517403765,39.39274702555629,44,2589,shot,0.0,0.0,0.0,0.0,0.0,0
liga,macara,liga,1,Leonel Álvarez,save,regular,15.939753582983798,71.258129043019,0,right-foot,high-centre,0,13.840126110538598,21.5,2549948,52,3.0,2874,27.286404335673453,7.80709913143469,70.14537382613292,0,56.051000952234524,100.0,1,2526,shot,7.572830751475754,8.180932683373456,0.0,62.17824711610773,2.491582582803547,0
liga,macara,liga,1,Alexander Alvarado,block,set-piece,14.664142361912532,39.269995960126664,0,right-foot,low-right,0,30.786192189587894,19.0,2549928,41,0.0,2519,83.05092202038392,17.264543592213254,60.143977045557875,0,91.8976732443897,81.0,4,181,shot,9.10717699018732,73.99337361797905,0.0,6.533109158338888,12.755513718363211,0
liga,macara,liga,1,Lisandro Alzugaray,block,free-kick,10.77833892230658,90.22209298314802,0,left-foot,low-centre,0,88.98833515186577,19.0,2549927,44,0.0,2516,11.034578343902723,0.9988304714998169,29.92909138880917,0,95.35472816097233,81.0,4,184,shot,8.169451544191958,100.0,0.0,43.797101801816254,3.8662163705099557,0
liga,macara,liga,1,Facundo Pons,save,regular,8.988761604331476,30.936673677587066,0,right-foot,low-centre,0,87.75945718549954,6.3,2549924,32,0.0,2209,58.65384740423984,4.072691990976174,36.727010555794074,0,79.98404564783678,68.07301425130136,9,491,shot,1.0258612185164462,4.270107997389836,0.0,4.267680757859445,1.2376504863476323,0
liga,macara,macara,1,Facundo Pons,save,assisted,10.202554617496343,87.69234464912876,0,right-foot,low-centre,0,51.0,10.8,2549923,42,0.0,2208,50.756403270458414,8.261137285431538,49.0,0,49.0,100.0,9,492,shot,2.385774346565871,60.827337685461686,0.0,15.019195709362336,0.07682358374800313,0
liga,macara,macara,1,Alex Arce,goal,assisted,13.682281162413409,33.74584997767199,0,head,low-left,0,75.44527229391863,18.4,2549914,22,0.0,1770,36.06717498751053,12.98733542792076,48.17977806532054,0,76.87419448562503,100.0,16,930,shot,0.0,0.0,0.0,0.0,0.0,regular
liga,macara,macara,1,Óscar Zambrano,block,assisted,23.291328700754146,27.413701200246024,0,right-foot,low-centre,0,42.88168963111515,19.0,2549926,33,0.0,1718,93.78179450618796,39.60196889077608,44.52726071211113,0,51.54289846554691,81.0,17,982,shot,22.0,11.955915822592765,0.0,10.45745573420973,22.0,0
liga,macara,macara,1,Leonel Álvarez,miss,assisted,11.203114002708023,32.16225111624856,0,right-foot,left,0,52.46598702131875,6.9,2549910,23,0.0,1514,15.99249224262882,3.9046502005771195,37.3786315777091,0,47.08032861964254,61.89894980876116,20,1186,shot,0.0,0.0,0.0,0.0,0.0,0
liga,macara,liga,1,Alex Arce,save,corner,8.193594413356529,34.948285444225974,0,head,high-centre,0,83.34904719981955,21.5,2549919,31,0.0,1371,34.87359554885313,6.5336028308641465,95.10714765985512,0,39.439724240819324,71.49368369325009,23,1329,shot,1.0697375026191795,90.27670801689433,0.0,71.52509921766878,0.16473597328342993,0
liga,macara,liga,1,Lisandro Alzugaray,block,throw-in-set-piece,20.409871445026816,4.585765630199802,0,left-foot,low-centre,0,80.67406015510574,19.0,2549909,19,0.0,1097,49.03760979669929,10.096203509886418,30.73699527007191,0,88.4255705116172,81.0,27,1603,shot,8.19699315499272,43.40339919441841,0.0,88.4735128997752,2.222278071384981,0
liga,macara,macara,1,Lisandro Alzugaray,block,throw-in-set-piece,20.0,53.0,0,left-foot,low-centre,0,90.97390632499197,19.0,2549906,28,0.0,1095,53.0,20.0,5.3792199839975225,0,79.69029033721817,81.0,27,1605,shot,15.291659522798643,72.34559829331164,0.0,63.50466488912371,10.023753573586461,0
liga,macara,liga,1,Michael Estrada,miss,assisted,3.0,72.75228332212015,0,right-foot,close-high,0,65.54725229126456,56.9,2549902,9,0.0,969,48.47018946835097,3.0,1.3736415368940484,0,17.974641718796775,36.107468385522104,29,1731,shot,0.0,0.0,0.0,0.0,0.0,0
liga,macara,liga,1,Facundo Pons,miss,assisted,20.745208165123977,95.38978870890443,0,right-foot,left,0,100.0,4.2,2549901,24,0.0,890,15.918236292526899,50.87433216718039,64.53869039994267,0,33.651753018986085,100.0,31,1810,shot,0.0,0.0,0.0,0.0,0.0,0
liga,macara,liga,1,Michael Estrada,miss,fast-break,9.210825874252127,69.28531376275632,0,right-foot,close-high-left,0,13.440864855106,41.7,2549833,9,0.0,654,53.797971015218174,17.825661792443288,57.861536293845305,0,61.85249556352851,56.21896195822285,35,2046,shot,0.0,0.0,0.0,0.0,0.0,0
liga,macara,macara,1,Michael Estrada,save,regular,3.8538515087961196,53.41580758050224,0,head,low-centre,0,7.749314945476868,18.4,2549900,18,0.0,605,100.0,7.581455604699722,88.87985441580837,0,98.36188917383329,71.93724526281815,35,2095,shot,0.764480781714009,79.3745931455186,0.0,57.342285722398245,0.5521934205258182,0
liga,macara,macara,1,Óscar Zambrano,post,assisted,9.856092870808471,6.787701998268517,0,right-foot,high,0,15.635937808902554,41.8,2549832,14,0.0,602,78.67381953210003,5.9053969053825845,16.83433208878796,0,26.26109564234733,91.76820016077612,35,2098,shot,0.0,0.0,0.0,0.0,0.0,0
liga,macara,macara,1,Facundo Pons,goal,penalty,18.732662015379223,50.0,0,right-foot,low-left,0,53.0,7.0,2549831,16,0.0,457,50.0,10.783845527575277,47.0,0,47.0,93.0,38,2243,shot,0.0,0.0,0.0,0.0,0.0,penalty
liga,macara,liga,1,Lisandro Alzugaray,goal,assisted,32.097854658835345,62.0,0,left-foot,low-left,0,71.70128078936003,19.6,2549827,0,0.0,252,62.0,9.689124384945764,45.78553453029145,0,19.776865134840456,64.42876140695256,41,2448,shot,0.0,0.0,0.0,0.0,0.0,regular
liga,macara,macara,1,Gino Barbieri,block,set-piece,2.3795143375448955,27.711681436352528,0,right-foot,low-centre,0,64.55582964378834,19.0,2549830,-2,0.0,102,49.81045397352532,5.445608353073501,20.455865702434764,0,95.49780045046396,81.0,44,2598,shot,7.075662820972411,48.4144231643901,0.0,91.82963540560228,8.656583558889336,0
liga,macara,macara,1,Gino Barbieri,block,set-piece,12.603957992780382,79.48684523168416,0,right-foot,low-centre,0,64.6148386231212,19.0,2549949,9,0.0,101,60.618956975461565,10.434337469737438,44.05456387348515,0,100.0,81.0,44,2599,shot,2.7012021318776984,53.445962902364045,0.0,88.76808613008998,5.052203854994583,0
liga,macara,liga,1,Leonel Álvarez,save,free-kick,6.270222796443278,12.90500064838102,0,right-foot,high-centre,0,17.914909906866782,27.2,2549807,6,0.0,98,38.693231259592935,30.55128383436334,55.956625929342266,0,84.74173354492677,35.315714632826044,44,2602,shot,1.5117364577769645,3.971149999821165,0.0,55.60251660555799,2.8259452760950117,0
mushuc-runa,libertad,libertad,1,Joaquín Vergés,goal,free-kick,29.267134110435293,59.192838259777645,0,right-foot,high-right,0,46.0,29.7,2538962,98,10.0,5968,41.208416213767165,0.011670535663057535,54.0,0,54.0,99.23181334662398,1,332,shot,0.0,0.0,0.0,0.0,0.0,regular
mushuc-runa,libertad,mushuc-runa,1,Daniel Segura,goal,assisted,5.344237072934889,58.72201087389794,0,head,high-left,0,52.0,25.3,2538955,99,6.0,5744,47.35274965623441,13.126173813518069,48.0,0,48.0,60.83399577648713,1,556,shot,0.0,0.0,0.0,0.0,0.0,regular
mushuc-runa,libertad,libertad,1,Daniel Segura,miss,regular,4.344914311191653,27.80055209035075,0,left-foot,right,0,21.0,9.7,2538974,98,5.0,5685,6.250919012710561,11.870653295158464,79.0,0,79.0,100.0,1,615,shot,2.3965159533310203,11.45679500299213,0.0,75.54467327885442,4.65818070171439,0
mushuc-runa,libertad,libertad,1,Daniel Segura,miss,assisted,19.891991632912532,39.0,0,right-foot,close-right,0,65.15342812154763,38.9,2538945,93,4.0,5598,39.0,43.766281443715826,21.20596060887631,0,91.52402139846377,51.62606726498773,1,702,shot,0.0,0.0,0.0,0.0,0.0,0
mushuc-runa,libertad,libertad,1,Daniel Segura,miss,assisted,12.943961975644191,34.09247143581696,0,head,left,0,80.00612135423482,16.7,2538944,96,2.0,5502,36.00901174186511,17.775468379257198,2.7358240172079746,0,8.570015176232005,81.51199907326902,1,798,shot,0.0,0.0,0.0,0.0,0.0,0
mushuc-runa,libertad,libertad,1,Jonathan Dos Santos,miss,regular,4.915608076567125,58.95889028922597,0,right-foot,high-left,0,31.676877454951608,75.0,2538935,83,0.0,5327,17.049333922072414,30.289055416444114,5.861571719473652,0,6.611801811148339,25.0,2,73,shot,0.0,0.0,0.0,0.0,0.0,0
mushuc-runa,libertad,mushuc-runa,1,Jonathan Dos Santos,save,assisted,11.053030444016578,65.39531475622431,0,head,low-right,0,19.786285308638256,4.4,2538936,94,0.0,5305,34.627584176152475,14.463510672340501,100.0,0,89.22898181532683,98.59085553754778,2,95,shot,2.0,99.0075500088854,0.0,29.646825741828472,2.0,0
mushuc-runa,libertad,libertad,1,Daniel Segura,miss,set-piece,35.0,37.0,0,right-foot,high-left,0,12.239023364281202,75.0,2538932,86,0.0,5258,37.0,35.0,52.29373689775975,0,55.278432536347914,25.0,3,142,shot,0.0,0.0,0.0,0.0,0.0,0
mushuc-runa,libertad,libertad,1,Nixon Molina,save,free-kick,9.885128964834529,48.68390375952544,0,right-foot,low-centre,0,51.0,12.7,2538910,80,0.0,4931,3.0209493301833135,23.348295571010972,49.0,0,49.0,46.53291942874789,8,469,shot,0.8990059407820976,76.67459921483206,0.0,67.50056733059469,1.2386340926762849,0
mushuc-runa,libertad,libertad,1,Jerry Parrales,save,assisted,49.96613469766087,43.0,0,right-foot,low-centre,0,11.647060900868219,7.0,2538889,81,0.0,4572,43.0,60.21396579510796,21.018502545619043,0,39.29922344784559,93.0,14,828,shot,1.8851842110292187,39.38183254342158,0.0,22.453012269025578,0.09831111014511329,0
mushuc-runa,libertad,libertad,1,Jhon Huilca,block,regular,1.4600155709561893,27.885315719446176,0,right-foot,low-centre,0,49.0,19.0,2538875,82,0.0,4432,83.09208958826707,4.062704433737686,51.0,0,51.0,81.0,17,968,shot,11.546268831302763,49.47341364880805,0.0,39.99048308542339,6.933011894886674,0
mushuc-runa,libertad,mushuc-runa,1,Tobías Donsanti,save,assisted,6.0,17.65947811042873,0,left-foot,low-left,0,85.43621485378787,6.3,2538874,69,0.0,4430,47.83482923095706,6.0,65.77550210920393,0,25.835365027524055,100.0,17,970,shot,2.299873000238721,83.89468358728627,0.0,82.67503223115119,2.7222472650027263,0
mushuc-runa,libertad,libertad,1,Daniel Segura,block,assisted,21.59533676560842,24.75795872341619,0,right-foot,low-centre,0,30.74608483643435,19.0,2538970,78,0.0,4209,49.61239648502584,24.2258838507615,7.62799988954324,0,61.86352431864739,81.0,20,1191,shot,4.127550842519927,27.329537610672183,0.0,0.316258619253567,31.578158700641414,0
mushuc-runa,libertad,mushuc-runa,1,Charles Vélez,miss,assisted,11.224330221398741,60.69280207014601,0,right-foot,close-high-right,0,9.960938434712418,55.6,2538814,60,0.0,4151,54.111596503774855,6.646867628832961,79.65989896710651,0,55.10005208254428,36.45045442938417,21,1249,shot,0.0,0.0,0.0,0.0,0.0,0
mushuc-runa,libertad,mushuc-runa,1,Joaquín Vergés,miss,throw-in-set-piece,21.94855462308495,100.0,0,left-foot,high,0,40.04236302120246,81.9,2538752,66,0.0,3577,5.107741156700811,28.640840371706258,64.35410065830132,0,54.827751604404384,5.700912383329253,31,1823,shot,0.0,0.0,0.0,0.0,0.0,0
mushuc-runa,libertad,mushuc-runa,1,Joaquín Vergés,block,regular,39.8208159959049,2.524905462738829,0,right-foot,low-right,0,86.57959603663599,19.0,2539042,53,0.0,3425,81.70157867048626,23.383197974484155,35.44904881463594,0,21.95724004412572,81.0,33,1975,shot,14.578058634035408,33.19337524851029,0.0,61.76759840002883,15.213398729495616,0
mushuc-runa,libertad,libertad,1,Joaquín Vergés,save,assisted,12.209340790421653,33.0,0,right-foot,low-centre,0,51.0,3.2,2539077,55,0.0,3261,33.0,6.272532486308741,49.0,0,49.0,100.0,36,2139,shot,9.3792191075187,32.877530709694355,0.0,65.87953014410118,1.326525895631483,0
mushuc-runa,libertad,mushuc-runa,1,Tobías Donsanti,save,assisted,1.591449203814296,51.63445902260571,0,right-foot,low-centre,0,50.0,7.0,2538720,55,0.0,2944,63.865876164854086,7.550277887307235,50.0,0,50.0,93.0,41,2456,shot,4.654193503723399,51.108518637365115,0.0,2.9757070440818367,5.595643011479326,0
mushuc-runa,libertad,libertad,1,Steven Tapiero,miss,corner,15.72495873405865,95.08139755068927,0,head,right,0,41.15697842495527,5.6,2538666,39,0.0,2773,2.093469326036427,10.018165040386993,79.35544145213096,0,48.657100820910486,98.45182220407997,44,2627,shot,0.0,0.0,0.0,0.0,0.0,0
mushuc-runa,libertad,libertad,1,Bagner Delgado,miss,assisted,12.402743611892381,42.32887444314224,0,right-foot,high,0,56.405817668918836,87.5,2538520,40,10.0,3256,62.29207124676431,1.4188480307976352,83.8939184490676,0,78.35177114346925,20.72466919662569,1,2144,shot,0.0,0.0,0.0,0.0,0.0,0
mushuc-runa,libertad,libertad,1,Andrés Felipe Ávila,miss,free-kick,8.122522524377064,64.37839907210679,0,right-foot,right,0,19.534829074423016,18.1,2538519,51,9.0,3215,23.19143348733192,41.53435789744961,100.0,0,100.0,89.73014130689302,1,2185,shot,0.0,0.0,0.0,0.0,0.0,0
mushuc-runa,libertad,mushuc-runa,1,Ivan Zambrano,block,assisted,16.09703855495983,16.292914268413362,0,head,low-centre,0,67.91756744410807,19.0,2538518,49,7.0,3080,33.74853140184286,0.2621087350607567,32.527623867615176,0,63.6507455465066,81.0,1,2320,shot,2.83208841523851,55.11503493424418,0.0,32.066303525122535,10.175921256333169,0
mushuc-runa,libertad,libertad,1,Andrés Felipe Ávila,goal,assisted,7.0,31.84627709777434,0,right-foot,low-left,0,81.07053601100561,17.1,2538442,36,0.0,2532,27.858813597282712,7.0,39.28932660655694,0,94.2867846308679,100.0,3,168,shot,0.0,0.0,0.0,0.0,0.0,regular
mushuc-runa,libertad,mushuc-runa,1,Joaquín Vergés,save,free-kick,22.0,26.84744870230659,0,right-foot,low-right,0,27.99663321789727,5.1,2538423,46,0.0,2386,13.725705642787563,22.0,25.26548469350746,0,24.464600768871165,100.0,6,314,shot,4.573559740877345,70.45416685785324,0.0,10.604875630380427,0.8092687444742084,0
mushuc-runa,libertad,mushuc-runa,1,Steven Tapiero,save,set-piece,9.081126414234832,64.87503384840765,0,head,low-centre,0,74.24470653654079,2.5,2538538,44,0.0,2109,80.98382219193788,6.346619201605501,55.79188011705291,0,54.637961979279325,33.67277274590049,10,591,shot,0.7349125028871182,58.101863410425686,0.0,17.0628446838705,1.276571555726055,0
mushuc-runa,libertad,libertad,1,Mauricio Alonso,block,assisted,25.123341580728344,52.54936284906225,0,right-foot,low-centre,0,64.3962382746146,19.0,2538530,38,0.0,2023,37.899370435815015,41.907200865040956,89.22671123043756,0,41.79299265200647,81.0,12,677,shot,11.643477091013864,100.0,0.0,62.82243987844909,19.566216590796873,0
mushuc-runa,libertad,libertad,1,Tobías Donsanti,miss,assisted,3.119361299281662,11.147702360758984,0,head,high,0,53.69615401539692,68.1,2538362,29,0.0,1815,9.101990147818682,14.317916529824073,14.534203693836027,0,95.76168647871859,39.03037764184243,15,885,shot,0.0,0.0,0.0,0.0,0.0,0
mushuc-runa,libertad,mushuc-runa,1,Lautaro Disanto,miss,assisted,10.05630072016806,78.07269443035341,0,left-foot,high,0,44.00830881296924,68.1,2538344,19,0.0,1679,1.6403312188293881,42.97266801391171,20.91235918305292,0,29.0020559798781,61.47306805483522,18,1021,shot,0.0,0.0,0.0,0.0,0.0,0
mushuc-runa,libertad,mushuc-runa,1,Tobías Donsanti,miss,assisted,3.6019241055580515,13.812088442873218,0,right-foot,high,0,81.60727339504446,69.4,2538337,28,0.0,1642,36.38501461532756,24.435502587704843,55.87033474070114,0,37.38868317091726,57.31589277722673,18,1058,shot,0.0,0.0,0.0,0.0,0.0,0
mushuc-runa,libertad,libertad,1,Diego Ledesma,post,assisted,1.5774092144249927,55.0,0,head,right,0,65.62684777808172,2.5,2538550,27,0.0,1513,55.0,0.15018681305319248,57.70282544348753,0,100.0,62.33517617316548,20,1187,shot,0.0,0.0,0.0,0.0,0.0,0
mushuc-runa,libertad,libertad,1,Bagner Delgado,save,assisted,16.12056031575737,5.435011893774231,0,right-foot,low-centre,0,66.13471151804231,4.4,2538241,20,0.0,834,6.832916401324152,6.571776120016626,43.37781279967866,0,68.07939426071297,100.0,32,1866,shot,0.22511682624279994,82.23600947458455,0.0,31.863660408790864,0.10309497057573802,0
mushuc-runa,libertad,libertad,1,Diego Ledesma,save,penalty,22.930064450887294,50.0,0,right-foot,low-left,0,66.81088892488465,5.7,2538230,20,0.0,738,50.0,5.897523796756197,13.195672323714447,0,70.8794438807466,9.94130069430959,33,1962,shot,2.913220309173589,93.19468237842793,0.0,52.839862494005956,1.5406017278881814,0
mushuc-runa,libertad,libertad,1,Diego Ledesma,save,assisted,11.269445506168976,19.142603465272515,0,head,low-centre,0,96.459860239287,3.8,2538198,-2,0.0,413,26.93429419979161,5.776094515478503,13.326715096588266,0,48.14306661039212,27.295582920567128,39,2287,shot,2.581412826256176,21.265554334429332,0.0,61.354964317668596,2.042537052304601,0
mushuc-runa,libertad,libertad,1,Jerry Parrales,save,corner,8.0,43.0,0,head,low-centre,0,51.0,0.6,2538165,10,0.0,48,43.0,8.0,49.0,0,49.0,2.421874548237767,45,2652,shot,2.0,77.53699166663044,0.0,13.346932006221962,2.0,0
tecnico,cumbaya,tecnico,1,Gastón Poncet,miss,regular,0.43203040509646407,92.75272186661887,0,right-foot,close-right,0,15.266370260569204,26.4,2545736,88,6.0,5726,50.47860210185469,28.50859583023837,63.78106485232033,0,47.44302242863549,65.833602117335,1,574,shot,0.0,0.0,0.0,0.0,0.0,0
tecnico,cumbaya,cumbaya,1,Carlos Arboleda,post,assisted,6.30330323916661,38.354358715013326,0,left-foot,high,0,62.522530250649794,38.6,2545717,85,0.0,4653,22.160309282841673,0.8463929073607375,63.049785814388514,0,66.57740246110673,100.0,13,747,shot,0.0,0.0,0.0,0.0,0.0,0
tecnico,cumbaya,cumbaya,1,Emmanuel Torres,block,throw-in-set-piece,19.11575491580718,94.75376157825688,0,right-foot,low-centre,0,46.20183546637237,19.0,2545716,68,0.0,4643,35.156474562965656,23.87242627961406,98.78082318905784,0,31.51206647103662,81.0,13,757,shot,14.26228852661296,58.18745603014213,0.0,88.24903492553472,1.7046557322427915,0
tecnico,cumbaya,tecnico,1,Carlos Pérez,miss,corner,4.931889996955494,66.60042310197791,0,head,high-left,0,6.579842428950641,55.6,2545710,85,0.0,4508,37.13416299910443,9.682905229413644,38.203179634233706,0,74.38256999696931,60.37651232798962,15,892,shot,0.0,0.0,0.0,0.0,0.0,0
tecnico,cumbaya,tecnico,1,Melvin Diaz,save,free-kick,19.657571108965765,100.0,0,left-foot,high-centre,0,3.318904897411578,31.6,2545683,61,0.0,4134,100.0,18.981101857823102,15.696625085842498,0,28.63996698165076,100.0,22,1266,shot,0.7533406851317453,14.381695203506297,0.0,61.045975065381626,0.3344275367936107,0
tecnico,cumbaya,cumbaya,1,Elian Carabali,miss,assisted,24.0,66.3673653951948,0,left-foot,close-high-left,0,18.1165898014723,59.7,2545677,71,0.0,3797,53.34254010544326,24.0,38.85429417030947,0,56.980166651906146,13.327750708960885,27,1603,shot,0.0,0.0,0.0,0.0,0.0,0
tecnico,cumbaya,tecnico,1,Elian Carabali,miss,set-piece,12.0,66.42614762767721,0,head,left,0,60.0,30.6,2545646,70,0.0,3645,27.24850544956106,12.0,40.0,0,40.0,87.25619492985035,30,1755,shot,0.0,0.0,0.0,0.0,0.0,0
tecnico,cumbaya,cumbaya,1,Gastón Poncet,save,regular,14.26412890080412,76.0,0,right-foot,low-centre,0,62.74977548961296,6.3,2545640,61,0.0,3556,76.0,15.461408967696332,36.06244656869576,0,23.405635483053985,100.0,31,1844,shot,0.6392960060052255,45.40886644010916,0.0,48.89927059256427,2.2215560476381877,0
tecnico,cumbaya,cumbaya,1,Carlos Arboleda,miss,set-piece,0.09535822309934439,33.80032422173052,0,left-foot,close-right,0,75.068736223863,18.1,2545622,58,0.0,3242,51.936530112071495,21.371521058691705,41.487092779649,0,70.72845519511407,27.741986079018545,36,2158,shot,0.0,0.0,0.0,0.0,0.0,0
tecnico,cumbaya,tecnico,1,Carlos Arboleda,block,free-kick,10.0,100.0,0,left-foot,low-left,0,52.0,19.0,2545630,55,0.0,3239,30.27365768870854,10.0,48.0,0,48.0,81.0,37,2161,shot,3.784084314115905,85.67543254427481,0.0,71.78406041266832,0.3304814841054844,0
tecnico,cumbaya,tecnico,1,Diego Armas,save,assisted,41.06541123773175,89.36380774222756,0,right-foot,low-centre,0,50.0,19.0,2545611,42,0.0,3041,60.12131579720939,39.19257298417362,50.0,0,50.0,81.0,40,2359,shot,3.7439969544331824,68.98280523862613,0.0,7.406090985068694,3.3531998460929158,0
tecnico,cumbaya,tecnico,1,Gorman Estacio,miss,assisted,39.3311643015846,69.92107761690116,0,right-foot,close-left,0,62.35807909493347,15.3,2545522,47,1.0,2758,48.35201634094371,26.496796406091633,26.233269050255103,0,7.616931078860603,42.4229726554025,1,2642,shot,0.0,0.0,0.0,0.0,0.0,0
tecnico,cumbaya,cumbaya,1,Diego Armas,goal,assisted,6.904540786982466,56.99321346716407,0,right-foot,low-left,0,100.0,6.3,2545509,49,0.0,2492,96.04872823857876,3.8078165015068883,10.468262268687461,0,5.7598964314301995,40.77938765319094,4,208,shot,0.0,0.0,0.0,0.0,0.0,regular
tecnico,cumbaya,tecnico,1,Juan Jimenez,save,assisted,1.6938664766328753,54.51005686731416,0,head,low-centre,0,61.045673456531304,12.0,2545502,49,0.0,2412,67.2524874735004,1.3715579671104194,7.170173877504588,0,17.443326173519594,88.0,5,288,shot,2.0,7.9866638078566865,0.0,16.708604800462552,2.0,0
tecnico,cumbaya,tecnico,1,Milton Maciel,save,assisted,34.935788461771054,32.77919558875519,0,left-foot,low-centre,0,64.92855236378426,7.6,2545501,43,0.0,2405,18.503727105972487,18.60850134317423,47.574500114309835,0,43.87252808518509,68.30020668336513,5,295,shot,0.34859536539069436,29.74333567808553,0.0,56.14703118870277,0.07008048835254099,0
tecnico,cumbaya,cumbaya,1,Edison Carcelen,miss,corner,7.0,55.24822218048305,0,head,left,0,18.19397141367918,13.9,2545492,33,0.0,2317,14.324781885784738,7.0,8.718529405364002,0,41.04167457329858,100.0,7,383,shot,0.0,0.0,0.0,0.0,0.0,0
tecnico,cumbaya,cumbaya,1,Milton Maciel,miss,fast-break,15.641377617823363,3.0537405382388414,0,right-foot,high,0,46.73737057474536,63.9,2545486,36,0.0,2128,28.40386418040464,0.5617209059713737,2.5875405835923573,0,47.132025222306915,58.50672199495403,10,572,shot,0.0,0.0,0.0,0.0,0.0,0
tecnico,cumbaya,tecnico,1,Melvin Diaz,save,fast-break,29.424198669557263,100.0,0,left-foot,low-left,0,100.0,5.7,2545485,40,0.0,1930,100.0,26.560912547406183,10.553301675870514,0,49.0197444223464,100.0,13,770,shot,0.3065982692482958,51.48728795870791,0.0,1.6440376812632636,1.783425119028633,0
tecnico,cumbaya,cumbaya,1,Milton Maciel,save,assisted,32.0,22.621667917698353,0,left-foot,low-right,0,14.706884446677996,10.8,2545473,30,0.0,1870,32.38988068132029,32.0,17.711147525869443,0,94.14675852090446,66.89737077680239,14,830,shot,2.9999636315855556,53.89009233458694,0.0,44.06442913625517,2.546472715562639,0
tecnico,cumbaya,cumbaya,1,Melvin Diaz,save,assisted,20.831775556591122,100.0,0,left-foot,low-centre,0,69.73827921908622,6.3,2545468,30,0.0,1728,100.0,17.15455985061098,61.30188604797106,0,18.833967446325765,9.816114617920277,17,972,shot,1.0,38.683873168086926,0.0,57.151689484096714,1.0,0
tecnico,cumbaya,tecnico,1,Diego Armas,block,assisted,5.287205617532443,74.27405622685387,0,left-foot,low-centre,0,96.3602896497932,19.0,2545467,37,0.0,1695,31.7101355569568,22.246759503500073,67.87261039270268,0,88.45578496311452,81.0,17,1005,shot,20.51834575530037,34.67559148269335,0.0,43.07522035953669,14.876632719375312,0
tecnico,cumbaya,tecnico,1,Augusto Magoia,save,fast-break,48.40560865824568,31.229057136822455,0,right-foot,low-right,0,3.323699683205895,18.4,2545466,29,0.0,1467,3.311825486593847,16.389679144518094,34.24616492084764,0,44.76519153453504,62.90435408304572,21,1233,shot,0.986293881107763,45.363983305903545,0.0,6.658898247803691,0.11550070450655625,0
tecnico,cumbaya,tecnico,1,Eddie Guevara,block,corner,10.926883445701376,70.15756268137118,0,head,low-left,0,36.377174427739206,19.0,2545461,33,0.0,1427,53.19260204626808,8.770075454100722,28.891644235527465,0,37.40763948244201,81.0,22,1273,shot,1.0140269320856823,89.06932606692911,0.0,20.56671784753508,0.3186600661536063,0
tecnico,cumbaya,cumbaya,1,Milton Maciel,miss,assisted,35.0,5.798429126094888,0,left-foot,close-high-left,0,34.825291123520415,41.7,2545446,29,0.0,1234,15.099717786283406,35.0,45.598206034260286,0,53.40453500394345,96.599297173771,25,1466,shot,0.0,0.0,0.0,0.0,0.0,0
tecnico,cumbaya,tecnico,1,Carlos Arboleda,miss,assisted,23.520450887226705,24.283605828227426,0,left-foot,close-left,0,13.258313732066497,36.1,2545428,18,0.0,1075,35.31274744836065,25.14783075835101,23.836703642042437,0,61.88242024486836,8.484827038074592,28,1625,shot,0.0,0.0,0.0,0.0,0.0,0
tecnico,cumbaya,tecnico,1,Diego Armas,save,free-kick,24.0,32.36924490716545,0,right-foot,low-left,0,70.82719018855545,2.5,2545421,22,0.0,928,9.286924190430703,24.0,38.650053913052716,0,79.0983147554528,65.15913826383473,30,1772,shot,1.2085034988208614,59.413835293576895,0.0,95.16910414797395,0.38924679429352227,0
tecnico,cumbaya,tecnico,1,Rodrigo Ruiz Díaz,save,assisted,2.2470636121433554,17.725480605417857,0,head,low-centre,0,50.0,13.9,2545395,11,0.0,602,74.85150937528215,10.657711428155432,50.0,0,50.0,100.0,35,2098,shot,2.5708248373857123,2.1592887992917085,0.0,30.121003204992036,2.4829779476894536,0
tecnico,cumbaya,cumbaya,1,Luis Gustavino,miss,corner,3.72665840227784,26.57233747071143,0,head,high,0,46.31383942174749,73.6,2545394,7,0.0,548,41.702251801038216,3.0638979789542535,8.830743518765274,0,82.89680110919015,23.560709789808264,36,2152,shot,0.0,0.0,0.0,0.0,0.0,0
tecnico,cumbaya,tecnico,1,Luis Gustavino,block,assisted,15.0,70.0,0,right-foot,low-left,0,58.00847265860812,19.0,2545379,0,0.0,352,70.0,15.0,25.214720041653415,0,88.5292767616979,81.0,40,2348,shot,22.1602855990223,100.0,0.0,39.93107370522196,7.382961949158457,0
tecnico,cumbaya,tecnico,1,Ariel Almagro,miss,corner,10.770577187347616,0.9448085974454656,0,right-foot,close-right,0,59.49342275314438,13.9,2545368,3,0.0,220,7.03306383349765,15.656276274651933,62.063789106223275,0,72.31095455575459,40.18794006261072,42,2480,shot,0.0,0.0,0.0,0.0,0.0,0
aucas,tecnico,tecnico,2,Ronald Briones,goal,fast-break,7.121417759143278,37.420498622937444,0,right-foot,low-left,0,94.72402618930442,7.0,2575637,88,4.0,5608,94.48619214123873,1.174432538330131,88.74776464812606,0,51.73601632692911,93.0,1,692,shot,0.0,0.0,0.0,0.0,0.0,regular
aucas,tecnico,tecnico,2,Jefferson Caicedo,block,throw-in-set-piece,14.443270410725653,71.2232975860646,0,left-foot,low-left,0,36.86104645443013,19.0,2575579,77,0.0,4916,2.0603984730738816,21.15103579567748,72.95450587141201,0,63.02475369077268,81.0,9,484,shot,19.364678898304273,47.02289075350544,0.0,33.50933425900261,16.808011868529302,0
aucas,tecnico,tecnico,2,Cristian Tobar,miss,assisted,68.43787189181683,19.287533682894832,0,right-foot,high,0,55.02984767039992,61.1,2575555,68,0.0,4609,3.8578374256626518,24.180543256059885,100.0,0,37.28296678443654,25.01696129489296,14,791,shot,0.0,0.0,0.0,0.0,0.0,0
aucas,tecnico,aucas,2,Milton Maciel,save,assisted,35.62385907956254,58.15051008683358,0,left-foot,low-right,0,68.64884296472104,3.2,2575460,73,0.0,4043,20.434398301742306,50.94853827528573,41.9109098933667,0,69.55113356118272,66.54016815808204,23,1357,shot,1.7927752973603401,47.71346224373495,0.0,55.55057230120673,0.27460190310857646,0
aucas,tecnico,aucas,2,Juan Gonzalez,block,assisted,3.66629630857409,95.57733724164376,0,left-foot,low-centre,0,70.8508209519736,19.0,2575454,62,0.0,3861,84.27901090567181,26.442680369499065,87.1596952617012,0,50.39077880163771,81.0,26,1539,shot,10.273882343755176,25.046639763424835,0.0,63.24188465454928,14.755570196756437,0
aucas,tecnico,aucas,2,Milton Maciel,miss,assisted,52.67094372435557,26.12967324363033,0,left-foot,close-right,0,25.42982474264987,18.1,2575433,70,0.0,3787,32.855596315106744,52.1426814630708,86.97607280668576,0,52.00141052610928,49.03014890539757,27,1613,shot,0.0,0.0,0.0,0.0,0.0,0
aucas,tecnico,tecnico,2,Rodrigo Ruiz Díaz,miss,assisted,5.776428042155432,31.26196056086684,0,head,close-left,0,68.69547618947543,23.6,2575394,49,0.0,3418,63.92704697869179,11.234996451227579,13.453047231822111,0,25.59430875982666,95.93563477792074,34,1982,shot,0.0,0.0,0.0,0.0,0.0,0
aucas,tecnico,tecnico,2,Juan Gonzalez,miss,assisted,20.15654123854879,65.05743883955313,0,right-foot,high,0,74.00021168892705,61.1,2575368,60,0.0,3269,54.980745538231695,69.94483017561507,6.662307521967961,0,13.172289298752062,28.475430534544024,36,2131,shot,0.0,0.0,0.0,0.0,0.0,0
aucas,tecnico,aucas,2,Diego Armas,miss,free-kick,8.721182306405058,76.90170475298142,0,right-foot,close-high-left,0,77.74810401036349,43.1,2575361,62,0.0,3169,18.4743238633216,14.367178892418753,40.12212826740391,0,26.594364271911147,36.08969480437401,38,2231,shot,0.0,0.0,0.0,0.0,0.0,0
aucas,tecnico,tecnico,2,Renny Jaramillo,miss,assisted,3.9014907841308286,30.55392046094086,0,left-foot,left,0,100.0,33.3,2575367,55,0.0,2989,96.09099875544614,40.49853206610386,53.05007534664719,0,62.95054246449425,80.20163777082807,41,2411,shot,0.0,0.0,0.0,0.0,0.0,0
aucas,tecnico,tecnico,2,Ronald Briones,miss,regular,2.812568972870535,81.46805151215742,0,right-foot,high,0,28.258225499834595,62.5,2575227,54,2.0,2804,67.94984275798134,18.668352611231867,62.82216175211411,0,52.97295377623374,54.74726684546167,1,2596,shot,0.0,0.0,0.0,0.0,0.0,0
aucas,tecnico,tecnico,2,Jeison Medina,goal,regular,1.608483418556172,70.1613251874791,0,right-foot,low-right,0,73.8036282196289,3.2,2575213,45,0.0,2539,25.58073629981339,0.11748514856410663,61.41275272980734,0,87.00241188116466,48.33007727067822,3,161,shot,0.0,0.0,0.0,0.0,0.0,regular
aucas,tecnico,tecnico,2,Jeison Medina,post,regular,8.212307165512499,7.131702525148711,0,right-foot,right,0,6.901266209343341,4.4,2575220,44,0.0,2537,26.781402064771136,6.404626118761368,87.25827987946711,0,57.23252698414136,89.1002427824188,3,163,shot,0.0,0.0,0.0,0.0,0.0,0
aucas,tecnico,tecnico,2,Jeison Medina,save,assisted,4.521157246085936,68.22682398241189,0,head,low-centre,0,34.08216253446572,5.7,2575219,46,0.0,2535,3.259250772857854,0.8260558901653106,74.03564944744781,0,78.2084343362745,10.70393140881879,3,165,shot,1.8846996203803101,90.02320804561992,0.0,88.56294736914822,2.8246378188550114,0
aucas,tecnico,tecnico,2,Emmanuel Torres,miss,corner,9.44424547714649,6.153834485229986,0,head,right,0,23.16560264324447,27.8,2575206,48,0.0,2491,68.05865371392127,3.7165496139979037,100.0,0,86.19434110309483,90.26648404091377,4,209,shot,0.0,0.0,0.0,0.0,0.0,0
aucas,tecnico,tecnico,2,Jeison Medina,goal,assisted,18.059522361745103,36.55715796520095,0,right-foot,high-right,0,27.911709552821684,26.6,2575178,42,0.0,2016,52.91434314011,1.018133480669901,75.10380383246519,0,57.093562901110154,56.516431053314676,12,684,shot,0.0,0.0,0.0,0.0,0.0,regular
aucas,tecnico,aucas,2,Angelo Mina,post,assisted,4.495883145537585,94.30063907702116,0,head,high,0,67.69811003495889,39.2,2575193,36,0.0,1949,6.57872833475777,0.8231105760226818,65.02338532559895,0,14.821866969196883,23.763111505078186,13,751,shot,0.0,0.0,0.0,0.0,0.0,0
aucas,tecnico,aucas,2,Renny Jaramillo,save,set-piece,53.72493651406001,70.1919981955491,0,left-foot,high-centre,0,14.71571262106302,28.5,2575168,31,0.0,1834,54.51855007891435,22.882544985839303,25.71617945818295,0,9.19004463079434,9.402636835275487,15,866,shot,2.0,79.46751462729999,0.0,15.013075747479121,2.0,0
aucas,tecnico,aucas,2,Elvis Patta,goal,assisted,2.3900808017064357,100.0,0,head,high-centre,0,29.21913284520118,22.2,2575124,14,0.0,1268,100.0,12.982782109225578,7.177167195809957,0,8.773291630065842,100.0,24,1432,shot,0.0,0.0,0.0,0.0,0.0,regular
aucas,tecnico,tecnico,2,Elvis Patta,miss,assisted,11.702704403609228,100.0,0,right-foot,left,0,64.0,11.1,2575123,20,0.0,1161,99.65303682108691,24.544477923214796,36.0,0,36.0,54.587718235326065,26,1539,shot,4.2352601231572535,20.435279364679253,0.0,75.97964668931115,7.648752419323751,0
aucas,tecnico,tecnico,2,Renny Jaramillo,save,assisted,5.01057958521352,75.99225241506122,0,head,low-centre,0,50.0,15.2,2575117,10,0.0,1121,57.14609697283907,9.500337764070327,50.0,0,50.0,7.383749672703118,27,1579,shot,1.271869139545609,12.870677297252449,0.0,88.95938884059981,2.0100762264092276,0
aucas,tecnico,tecnico,2,Jeison Medina,miss,assisted,4.0,2.3751058084497885,0,right-foot,close-right,0,22.820544184199008,2.8,2575152,18,0.0,1115,17.63420952929571,4.0,100.0,0,35.94142604128959,29.279696760503157,27,1585,shot,0.8256854094467977,100.0,0.0,3.938573461896361,1.04411521953971,0
aucas,tecnico,aucas,2,Ronald Briones,block,assisted,3.8259209328216475,4.923741684923407,0,right-foot,low-centre,0,1.9319179043321384,19.0,2575144,19,0.0,933,2.722833418662212,4.857892892916736,6.115815291335835,0,75.29882221014472,81.0,30,1767,shot,3.1872526962072447,49.620565606722806,0.0,29.899280679873257,4.1628696654568005,0
aucas,tecnico,aucas,2,Renny Jaramillo,block,regular,9.436976024797506,38.09542889732349,0,right-foot,low-centre,0,48.50032771213709,19.0,2575032,2,0.0,34,2.1029455470097673,16.91471021775463,56.38659462084037,0,52.14760733447686,81.0,45,2666,shot,10.036225279372795,15.992785350589905,0.0,19.152949161015137,8.985945730515391,0
cumbaya,liga,cumbaya,2,Luis Estupiñan,save,assisted,26.5444498248256,50.72390634168297,0,right-foot,low-centre,0,60.99084928022771,10.8,2576772,83,2.0,5511,42.49834640282176,14.474610441184566,1.3008953321530328,0,43.87938028255469,100.0,1,789,shot,0.5321169348372532,94.23778598328757,0.0,11.877648780162652,0.882699891131983,0
cumbaya,liga,liga,2,Luis Caicedo,block,regular,27.0,18.939903842126988,0,right-foot,low-centre,0,77.16372983626191,11.1,2576769,89,0.0,5160,3.059039635594221,27.0,9.887415837142655,0,63.30347000297101,100.0,4,240,shot,18.41364992396975,24.2004048346395,0.0,22.115086308918016,5.874171175017338,0
cumbaya,liga,liga,2,Luis Gustavino,miss,free-kick,18.102738418404094,30.677433087538166,0,right-foot,left,0,33.9445303993008,31.9,2576761,80,0.0,5076,35.90294725005579,21.102009138479517,16.38562210022303,0,77.76919210348049,84.22523629639281,6,324,shot,0.0,0.0,0.0,0.0,0.0,0
cumbaya,liga,liga,2,Elian Carabali,miss,assisted,11.161863074807872,38.74951049078632,0,head,right,0,7.857775792137808,12.5,2576753,79,0.0,4771,56.63111099711243,16.84766710539325,55.47344192111949,0,100.0,68.83530093842626,11,629,shot,0.7348935000677423,73.10465081382627,0.0,100.0,2.9471264738819984,0
cumbaya,liga,cumbaya,2,Bruno Vides,goal,assisted,8.0,37.19522217121604,0,right-foot,low-left,0,40.60596449468277,10.8,2576746,70,0.0,4358,10.492287114974225,8.0,14.841570676464286,0,6.728439759542155,100.0,18,1042,shot,0.0,0.0,0.0,0.0,0.0,regular
cumbaya,liga,cumbaya,2,Michael Estrada,save,assisted,10.765435048727387,66.28551835138087,0,head,low-centre,0,57.63477027876542,5.1,2576745,62,0.0,4267,54.25156585303996,1.6977985052200593,35.62186725478241,0,60.66799678475626,20.02335920016577,19,1133,shot,0.19276733955205172,30.581595978257802,0.0,20.297112243844843,1.111685177004018,0
cumbaya,liga,liga,2,Michael Estrada,miss,corner,4.600975946349958,27.2916692777602,0,head,close-right,0,54.36565996780975,16.7,2576744,67,0.0,4232,93.20396480741573,6.400287880441082,83.75433922455629,0,94.60753573948993,80.31058621746904,20,1168,shot,0.18534055886714196,26.781770999398972,0.0,12.015560334982851,2.8373444665873526,0
cumbaya,liga,cumbaya,2,Alex Arce,goal,regular,4.0,13.685845044027474,0,right-foot,low-centre,0,4.388347053175977,7.6,2576708,55,0.0,3772,52.887542003147566,4.0,27.749661185583157,0,48.67392112112612,100.0,28,1628,shot,0.0,0.0,0.0,0.0,0.0,regular
cumbaya,liga,liga,2,Alex Arce,save,assisted,8.0,12.083079192276635,0,left-foot,low-centre,0,5.216291933820997,7.0,2576707,67,0.0,3771,4.643843806726814,8.0,29.728461846059517,0,91.09143313577262,93.0,28,1629,shot,5.699595752807353,90.04406795812842,0.0,20.029516634434486,3.8794078862071313,0
cumbaya,liga,liga,2,Maikel Valencia,miss,assisted,50.4265709138487,66.0,0,right-foot,high,0,84.18475958028233,69.4,2576703,65,0.0,3538,66.0,22.25420679659988,95.98588631218067,0,36.51961848052513,35.929703426502265,32,1862,shot,0.0,0.0,0.0,0.0,0.0,0
cumbaya,liga,liga,2,Alex Arce,goal,assisted,0.06853969464760379,18.360536446334756,0,head,low-left,0,54.18558874707035,5.7,2576696,44,0.0,3152,50.90936121370148,2.1136822363730596,83.87061028963004,0,11.921012002248212,100.0,38,2248,shot,0.0,0.0,0.0,0.0,0.0,regular
cumbaya,liga,cumbaya,2,Elian Carabali,miss,assisted,1.5694147661641384,63.68901968658606,0,right-foot,close-left,0,53.915983344590714,6.9,2576701,58,0.0,3106,31.09335969036713,0.17251533917270834,37.308922167033614,0,71.87708752891878,18.988634739846773,39,2294,shot,0.0,0.0,0.0,0.0,0.0,0
cumbaya,liga,liga,2,Luis Gustavino,miss,assisted,16.97500757668973,37.121681433476056,0,right-foot,left,0,60.0,16.7,2576695,49,0.0,3105,57.80792711426204,3.5305753643908915,40.0,0,40.0,100.0,39,2295,shot,13.078365891064715,78.3243927983099,0.0,25.210258378022978,11.758847661518407,0
cumbaya,liga,liga,2,Alex Arce,block,assisted,1.6221344096091261,46.0,0,right-foot,low-centre,0,67.32894843437985,19.0,2576693,42,0.0,2938,46.0,21.809312717122587,14.846480604404931,0,54.061979478575935,81.0,42,2462,shot,13.460913096481477,11.11700400695846,0.0,5.043729140863675,14.030690050978478,0
cumbaya,liga,cumbaya,2,Ariel Almagro,save,assisted,16.177053396419605,83.53669433739913,0,right-foot,low-centre,0,47.29457320982641,14.6,2576692,52,0.0,2904,90.72342271964413,22.894387481540566,66.26445863121613,0,60.86140826132113,100.0,42,2496,shot,2.841585060970199,50.0,0.0,50.0,5.54768924500526,0
cumbaya,liga,liga,2,Alexander Alvarado,miss,corner,28.974391040282935,55.0,0,right-foot,close-left,0,58.093037463627226,37.5,2576627,49,4.0,2906,55.0,29.992233443475467,55.19342680189861,0,10.082185523673644,36.45559232626539,1,2494,shot,0.0,0.0,0.0,0.0,0.0,0
cumbaya,liga,liga,2,Michael Estrada,post,penalty,14.467573561921633,50.0,0,right-foot,left,0,93.73041243183366,7.6,2576626,41,3.0,2839,50.0,12.97553808943439,45.2371951844984,0,66.57366078913378,100.0,1,2561,shot,0.0,0.0,0.0,0.0,0.0,0
cumbaya,liga,cumbaya,2,Elian Carabali,miss,assisted,15.728579511338669,55.0,0,left-foot,close-left,0,58.0,34.7,2576598,35,0.0,2459,55.0,8.284818276177365,42.0,0,42.0,79.32365209379388,5,241,shot,0.0,0.0,0.0,0.0,0.0,0
cumbaya,liga,cumbaya,2,Luis Gustavino,miss,assisted,47.961301541913706,100.0,0,right-foot,close-high-left,0,69.12311795270062,50.0,2576597,39,0.0,2349,100.0,2.8898635521403833,72.32663854687729,0,35.93878869427326,50.0,6,351,shot,0.0,0.0,0.0,0.0,0.0,0
cumbaya,liga,cumbaya,2,Ariel Almagro,miss,assisted,14.809452899103983,80.02501433073148,0,head,right,0,48.80114293199892,19.4,2576580,34,0.0,2039,100.0,7.446003191601447,52.072717652339435,0,100.0,100.0,12,661,shot,0.0,0.0,0.0,0.0,0.0,0
cumbaya,liga,cumbaya,2,Alejandro Altuna,miss,regular,44.27323122005704,69.67208782374368,0,right-foot,left,0,60.0,34.7,2576572,26,0.0,1593,16.780210781164158,27.25480634714513,40.0,0,40.0,16.745371147032273,19,1107,shot,0.0,0.0,0.0,0.0,0.0,0
cumbaya,liga,liga,2,Maikel Valencia,save,set-piece,24.647752896389072,29.401054988799945,0,right-foot,low-centre,0,14.361172162011812,10.8,2576571,28,0.0,1506,8.884742342547874,10.094843371764286,56.10150605070214,0,11.687388077846371,100.0,20,1194,shot,0.4420433074658221,25.779997157030877,0.0,22.37753832933865,1.4920915381234896,0
cumbaya,liga,cumbaya,2,Alejandro Altuna,block,regular,27.530342009090326,90.36591133382824,0,right-foot,low-centre,0,27.992006909503964,19.0,2576569,22,0.0,1419,9.123634153248872,18.182946532903763,50.39173558693894,0,64.87968154031543,81.0,22,1281,shot,15.0,10.973825995147621,0.0,27.308859763566247,15.0,0
cumbaya,liga,cumbaya,2,Alex Arce,miss,assisted,9.0,87.67259619231437,0,head,close-high-right,0,13.318297057297109,59.7,2576540,16,0.0,1178,62.24651778575891,9.0,35.830608992122954,0,100.0,60.57800545504743,26,1522,shot,0.0,0.0,0.0,0.0,0.0,0
cumbaya,liga,liga,2,Lisandro Alzugaray,goal,assisted,5.840331959604438,96.22864143987104,0,left-foot,low-right,0,56.556921825337845,17.1,2576502,13,0.0,611,82.69265721451922,16.697699063651513,64.44982245655675,0,41.30304891402823,54.8089133209927,35,2089,shot,0.0,0.0,0.0,0.0,0.0,regular
cumbaya,liga,liga,2,Óscar Zambrano,block,regular,45.03395605253979,75.84266854838523,0,right-foot,low-centre,0,71.78790324177785,19.0,2576497,6,0.0,225,84.19920666905344,37.55530623516661,71.2764717246928,0,37.345464616978674,81.0,42,2475,shot,31.134766688316855,28.72710193158487,0.0,51.513140848045225,16.03333442894311,0
emelec,mushuc-runa,mushuc-runa,2,Rodrigo Rivero,block,corner,12.0,16.253700964175408,0,left-foot,low-right,0,34.1621008594486,19.0,2564104,80,9.0,5906,19.716335591435218,12.0,14.136199198326665,0,59.49714722340755,81.0,1,394,shot,6.129694186223107,8.903189423365198,0.0,53.14763678698608,11.230498527430157,0
emelec,mushuc-runa,mushuc-runa,2,Joaquín Vergés,miss,regular,43.60175984388151,11.798803342974743,0,right-foot,right,0,46.06063133470335,8.3,2564082,81,0.0,5004,4.1717105546889925,7.36368752969803,68.05072298245477,0,100.0,49.90173924445064,7,396,shot,22.704463252541334,22.07983225664786,0.0,50.78632231702353,8.000569475008025,0
emelec,mushuc-runa,mushuc-runa,2,Washington Corozo,save,assisted,26.406806628923718,25.54435273903924,0,right-foot,high-left,0,79.30440634765334,22.8,2564079,83,0.0,4780,100.0,12.40733864337436,7.249944322207199,0,0.5839705106912092,42.877761208874816,11,620,shot,1.5074836024686875,41.63579932400636,0.0,91.79511069546925,1.5356774072344996,0
emelec,mushuc-runa,mushuc-runa,2,Marco Montaño,miss,set-piece,2.359807438238086,6.4839292941674245,0,right-foot,high,0,83.67877043499044,68.1,2564064,81,0.0,4752,25.477337431535084,47.44085584166915,76.93114493373335,0,66.83741240613455,1.5855667075993551,11,648,shot,0.0,0.0,0.0,0.0,0.0,0
emelec,mushuc-runa,emelec,2,Mauricio Alonso,miss,assisted,39.21718435235512,42.44034341408165,0,right-foot,close-high,0,91.74396317125112,56.9,2564047,70,0.0,4379,73.80066700448462,15.327638014652855,39.27177389701692,0,40.14107705164155,31.757811310959802,18,1021,shot,0.0,0.0,0.0,0.0,0.0,0
emelec,mushuc-runa,emelec,2,Jonathan Dos Santos,block,assisted,16.33420383297017,37.27866943265369,0,left-foot,low-left,0,77.0320078758793,19.0,2564042,76,0.0,4162,52.59575528270991,5.113544447669076,42.24944645720123,0,66.71890681259217,81.0,21,1238,shot,13.620113972627323,40.556338028674766,0.0,38.785148756101485,2.8980206590925546,0
emelec,mushuc-runa,emelec,2,Jaime Ayoví,save,set-piece,13.951227979751332,10.339915437380547,0,head,low-left,0,51.61114678591686,8.2,2564038,63,0.0,3899,12.1293223296233,12.265120976862898,88.64422756530409,0,46.613348744477506,100.0,26,1501,shot,1.7204485327970187,77.77469402066185,0.0,21.92292940765754,1.1996488325884287,0
emelec,mushuc-runa,emelec,2,Steven Tapiero,save,corner,4.884911051102058,2.93720883869932,0,head,low-left,0,43.47114295967033,12.0,2564026,52,0.0,3032,10.617536055374472,2.0067618216604846,15.616640745907063,0,34.42992105496394,88.0,40,2368,shot,0.06763383458655992,87.94567273292557,0.0,58.56167365478615,0.3665276934241603,0
emelec,mushuc-runa,mushuc-runa,2,Jonathan Dos Santos,block,corner,6.28301428572286,9.587472493714095,0,head,low-centre,0,15.405719370324626,19.0,2564022,56,0.0,3029,15.987881757534296,11.2170099986886,4.284391934748321,0,80.07365077544887,81.0,40,2371,shot,6.644686725764802,55.16167437926112,0.0,13.26011943688843,1.3165325169765092,0
emelec,mushuc-runa,emelec,2,Romario Caicedo,miss,corner,10.762685411146814,28.06527360173112,0,head,left,0,83.0,16.7,2564020,37,0.0,2805,83.90062302071793,8.511723146002739,17.0,0,17.0,100.0,44,2595,shot,1.8355448161520234,48.426543586489935,0.0,70.66614120625312,1.206104176369828,0
emelec,mushuc-runa,mushuc-runa,2,Aníbal Leguizamón,miss,assisted,11.072848019637492,10.187341129947178,0,right-foot,close-left,0,89.95631143540207,12.5,2564000,46,2.0,2817,50.11686150358894,10.087738278921202,22.73950844228655,0,38.015682942223606,100.0,1,2583,shot,0.0,0.0,0.0,0.0,0.0,0
emelec,mushuc-runa,emelec,2,Jean Carlos Estacio,miss,free-kick,37.437474435136096,14.912787704272894,0,right-foot,high,0,85.89948549287053,61.1,2563994,40,0.0,2695,60.4788025928921,0.12009049906149372,55.21168562924901,0,61.33534070185167,67.30725526644233,1,5,shot,0.0,0.0,0.0,0.0,0.0,0
emelec,mushuc-runa,emelec,2,Romario Caicedo,miss,set-piece,7.269880787539828,75.9913395303233,0,head,close-left,0,6.7614479306026425,11.1,2563993,52,0.0,2575,50.99568929256103,3.8994927247746656,12.903881641565647,0,72.41006510796831,100.0,3,125,shot,0.0,0.0,0.0,0.0,0.0,0
emelec,mushuc-runa,mushuc-runa,2,Marco Montaño,miss,set-piece,2.9066842004432623,21.0926949597025,0,left-foot,high,0,98.80181632908003,61.1,2563986,37,0.0,2190,100.0,13.488631856011747,3.2095311902606127,0,14.390242477736486,74.24575960773481,9,510,shot,0.0,0.0,0.0,0.0,0.0,0
emelec,mushuc-runa,emelec,2,Joaquín Vergés,block,free-kick,33.61994389767897,9.8952405421879,0,right-foot,low-centre,0,76.41211129463807,19.0,2563985,28,0.0,2187,58.229219224827496,36.23100694094726,32.11324176123153,0,50.41784627922495,81.0,9,513,shot,21.433075909464844,34.26648927936414,0.0,31.318456131046517,9.614572162572028,0
emelec,mushuc-runa,mushuc-runa,2,Facundo Castelli,block,regular,7.0,86.39523844755233,0,right-foot,low-right,0,48.0,19.0,2563991,30,0.0,1892,25.603693997831883,7.0,52.0,0,52.0,81.0,14,808,shot,5.982054223326854,13.540241721376418,0.0,72.95560660560427,8.28771168813311,0
emelec,mushuc-runa,emelec,2,Facundo Castelli,block,assisted,2.8261910370583987,62.083936737731264,0,left-foot,low-left,0,72.76380735446774,19.0,2563984,21,0.0,1741,30.286783769326235,3.5029827791954435,33.20867544452909,0,4.427700935721646,81.0,16,959,shot,5.44037426702561,1.1765053837243542,0.0,17.466930618267874,5.261877194571443,0
emelec,mushuc-runa,mushuc-runa,2,Facundo Castelli,save,assisted,8.186384273859385,20.0213577128822,0,left-foot,low-centre,0,71.71101695123161,2.5,2563977,19,0.0,1367,68.55341440106028,10.371949804137856,13.775281946401073,0,85.71066861981447,100.0,23,1333,shot,1.0,32.57337100988885,0.0,74.04641843684846,1.0,0
emelec,mushuc-runa,mushuc-runa,2,Romario Caicedo,save,assisted,24.0,100.0,0,left-foot,low-centre,0,94.85435395184763,7.0,2563973,14,0.0,1330,100.0,24.0,10.000994430851357,0,55.806534237111,93.0,23,1370,shot,2.7587025198177217,48.48357955611744,0.0,87.3560371627172,1.6612879149372457,0
emelec,mushuc-runa,mushuc-runa,2,Gustavo Cortez,save,regular,30.779631723203686,1.1476694361535777,0,left-foot,low-centre,0,93.57940517964155,9.5,2563969,12,0.0,1228,44.91936513682225,29.780181294775176,1.986237003258445,0,16.41684784382138,100.0,25,1472,shot,0.12221513141754148,70.7147394468243,0.0,63.227338563876586,0.526437863713868,0
emelec,mushuc-runa,emelec,2,Juan Ruiz Gómez,block,free-kick,13.83863126619657,4.117398812698436,0,right-foot,low-centre,0,56.5805393793393,19.0,2563951,27,0.0,1190,23.566243037491578,12.312008436601678,11.089657348876706,0,40.34091610803067,81.0,26,1510,shot,8.097559651479443,39.97131125925248,0.0,5.69415376323456,1.957983336402913,0
emelec,mushuc-runa,mushuc-runa,2,Juan Ruiz Gómez,save,assisted,8.0,76.96053096535289,0,head,low-left,0,20.983709486788392,5.1,2563944,11,0.0,964,3.641705654739752,8.0,36.422358403452684,0,85.67507151023176,76.36402204984446,29,1736,shot,1.0,82.72578150521075,0.0,83.51616919101396,1.0,0
emelec,mushuc-runa,emelec,2,Facundo Castelli,block,assisted,4.785840948856196,73.20338062229992,0,left-foot,low-left,0,43.31071367284751,19.0,2564147,4,0.0,814,55.84580754162049,9.275260008114849,89.32070490231193,0,61.385743468996864,81.0,32,1886,shot,5.0,22.76777220199513,0.0,75.92092512199373,5.0,0
emelec,mushuc-runa,mushuc-runa,2,Jonathan Dos Santos,miss,set-piece,11.35043143283959,86.54829351584267,0,head,close-left,0,100.0,18.1,2563943,2,0.0,540,83.3802342072046,10.013095426741275,2.495885397434442,0,73.32563094122763,100.0,36,2160,shot,0.0,0.0,0.0,0.0,0.0,0
imbabura,delfin,delfin,2,Nicolás Goitea,miss,corner,7.9,38.5,0,right-foot,high-left,0,61.7,43.1,2569870,90,0.0,5381,38.5,7.9,38.3,0,38.3,56.9,1,19,shot,0.0,0.0,0.0,0.0,0.0,0
imbabura,delfin,delfin,2,Jose Enrique Angulo,miss,corner,8.3,40.0,0,head,right,0,39.5,11.1,2569864,89,0.0,5284,40.0,8.3,60.5,0,60.5,88.9,2,116,shot,0.0,0.0,0.0,0.0,0.0,0
imbabura,delfin,delfin,2,Ignacio Gariglio,save,assisted,11.4,70.3,0,right-foot,low-centre,0,50.0,13.3,2569937,87,0.0,5166,70.3,11.4,50.0,0,50.0,86.7,4,234,shot,1.1,51.1,0.0,51.1,1.1,0
imbabura,delfin,imbabura,2,Leonar Espinoza,miss,assisted,10.7,72.2,0,right-foot,high-right,0,40.3,54.2,2569850,86,0.0,5103,72.2,10.7,59.7,0,59.7,45.8,5,297,shot,0.0,0.0,0.0,0.0,0.0,0
imbabura,delfin,imbabura,2,Erick Mendoza,miss,assisted,26.4,63.1,0,left-foot,close-high-left,0,56.8,56.9,2569834,81,0.0,4827,63.1,26.4,43.2,0,43.2,43.1,10,573,shot,0.0,0.0,0.0,0.0,0.0,0
imbabura,delfin,delfin,2,Juan Manuel Elordi,miss,assisted,25.2,32.2,0,right-foot,close-right,0,41.7,16.7,2569823,80,0.0,4755,32.2,25.2,58.3,0,58.3,83.3,11,645,shot,0.0,0.0,0.0,0.0,0.0,0
imbabura,delfin,delfin,2,Mejia Marcos,save,regular,26.7,58.8,0,right-foot,high-centre,0,50.5,22.8,2569880,79,0.0,4704,58.8,26.7,49.5,0,49.5,77.2,12,696,shot,0.90000000000001,50.7,0.0,50.7,0.90000000000001,0
imbabura,delfin,delfin,2,Mejia Marcos,save,corner,11.2,34.3,0,head,high-centre,0,50.6,24.7,2569849,75,0.0,4495,34.3,11.2,49.4,0,49.4,75.3,16,905,shot,1.2,48.9,0.0,48.9,1.2,0
imbabura,delfin,delfin,2,Juan Manuel Elordi,block,corner,8.8,45.2,0,head,low-centre,0,50.6,19.0,2569811,72,0.0,4288,45.2,8.8,49.4,0,49.4,81.0,19,1112,shot,6.7,46.2,0.0,46.2,6.7,0
imbabura,delfin,imbabura,2,Leonar Espinoza,miss,regular,22.6,62.6,0,left-foot,high-right,0,42.2,66.7,2569799,71,0.0,4206,62.6,22.6,57.8,0,57.8,33.3,20,1194,shot,0.0,0.0,0.0,0.0,0.0,0
imbabura,delfin,delfin,2,Jose Enrique Angulo,post,assisted,10.0,39.7,0,right-foot,high,0,51.0,39.9,2569822,69,0.0,4109,39.7,10.0,49.0,0,49.0,60.1,22,1291,shot,0.0,0.0,0.0,0.0,0.0,0
imbabura,delfin,delfin,2,Erick Zuniga,block,assisted,21.8,66.2,0,left-foot,low-left,0,53.2,19.0,2569794,63,0.0,3756,66.2,21.8,46.8,0,46.8,81.0,28,1644,shot,19.4,64.1,0.0,64.1,19.4,0
imbabura,delfin,delfin,2,Mariano Miño,save,assisted,15.8,31.2,0,right-foot,high-centre,0,50.0,21.5,2569788,62,0.0,3668,31.2,15.8,50.0,0,50.0,78.5,29,1732,shot,0.90000000000001,46.8,0.0,46.8,0.90000000000001,0
imbabura,delfin,imbabura,2,Óscar Pepinos,save,assisted,27.9,61.2,0,left-foot,low-centre,0,50.1,7.6,2569785,54,0.0,3229,61.2,27.9,49.9,0,49.9,92.4,37,2171,shot,2.2,52.0,0.0,52.0,2.2,0
imbabura,delfin,imbabura,2,Erick Mendoza,save,assisted,25.2,63.7,0,left-foot,low-centre,0,50.0,7.6,2569781,54,0.0,3189,63.7,25.2,50.0,0,50.0,92.4,37,2211,shot,1.0,51.3,0.0,51.3,1.0,0
imbabura,delfin,delfin,2,Nicolás Messiniti,miss,fast-break,12.5,29.4,0,right-foot,close-left,0,56.8,5.6,2569780,53,0.0,3122,29.4,12.5,43.2,0,43.2,94.4,38,2278,shot,0.0,0.0,0.0,0.0,0.0,0
imbabura,delfin,imbabura,2,Erick Mendoza,block,assisted,23.6,59.4,0,right-foot,low-centre,0,49.2,19.0,2569765,51,0.0,3047,59.4,23.6,50.8,0,50.8,81.0,40,2353,shot,18.1,57.4,0.0,57.4,18.1,0
imbabura,delfin,imbabura,2,Leonar Espinoza,post,assisted,10.9,70.8,0,right-foot,left,0,55.2,8.9,2569763,49,0.0,2936,70.8,10.9,44.8,0,44.8,91.1,42,2464,shot,0.0,0.0,0.0,0.0,0.0,0
imbabura,delfin,imbabura,2,Erick Mendoza,goal,assisted,27.9,35.2,0,right-foot,low-right,0,45.5,8.2,2569643,45,6.0,3052,35.2,27.9,54.5,0,54.5,91.8,1,2348,shot,0.0,0.0,0.0,0.0,0.0,regular
imbabura,delfin,delfin,2,Kevin Sambonino,miss,assisted,32.2,40.5,0,right-foot,left,0,61.2,12.5,2569623,45,4.0,2912,40.5,32.2,38.8,0,38.8,87.5,1,2488,shot,0.0,0.0,0.0,0.0,0.0,0
imbabura,delfin,imbabura,2,Leandro Pantoja,goal,penalty,11.5,50.0,0,right-foot,low-left,0,54.4,4.4,2569615,45,2.0,2762,50.0,11.5,45.6,0,45.6,95.6,1,2638,shot,0.0,0.0,0.0,0.0,0.0,penalty
imbabura,delfin,imbabura,2,Leandro Pantoja,save,free-kick,29.9,25.6,0,right-foot,high-centre,0,50.7,31.6,2569632,42,0.0,2490,25.6,29.9,49.3,0,49.3,68.4,4,210,shot,1.4,49.8,0.0,49.8,1.4,0
imbabura,delfin,imbabura,2,Óscar Pepinos,miss,assisted,26.1,33.4,0,right-foot,left,0,59.5,8.3,2569588,36,0.0,2152,33.4,26.1,40.5,0,40.5,91.7,10,548,shot,0.0,0.0,0.0,0.0,0.0,0
imbabura,delfin,imbabura,2,Erick Mendoza,miss,set-piece,8.8,42.3,0,left-foot,close-right,0,41.3,8.3,2569587,34,0.0,2034,42.3,8.8,58.7,0,58.7,91.7,12,666,shot,3.7,51.3,0.0,51.3,3.7,0
imbabura,delfin,imbabura,2,Óscar Pepinos,post,free-kick,22.1,64.2,0,left-foot,left,0,55.2,29.1,2569559,34,0.0,2029,64.2,22.1,44.8,0,44.8,70.9,12,671,shot,0.0,0.0,0.0,0.0,0.0,0
imbabura,delfin,imbabura,2,Leonar Espinoza,miss,assisted,26.9,67.9,0,left-foot,high-right,0,39.8,44.4,2569533,30,0.0,1783,67.9,26.9,60.2,0,60.2,55.6,16,917,shot,0.0,0.0,0.0,0.0,0.0,0
imbabura,delfin,delfin,2,Juan Manuel Elordi,save,set-piece,6.8,44.5,0,head,low-centre,0,50.3,7.0,2569521,29,0.0,1682,44.5,6.8,49.7,0,49.7,93.0,17,1018,shot,1.1,47.7,0.0,47.7,1.1,0
imbabura,delfin,imbabura,2,Leandro Pantoja,goal,penalty,11.5,50.0,0,right-foot,low-left,0,54.4,5.7,2569510,26,0.0,1533,50.0,11.5,45.6,0,45.6,94.3,20,1167,shot,0.0,0.0,0.0,0.0,0.0,penalty
imbabura,delfin,imbabura,2,Jacson Pita Mina,miss,assisted,7.7,41.2,0,left-foot,close-left,0,58.3,9.7,2569498,23,0.0,1325,41.2,7.7,41.7,0,41.7,90.3,23,1375,shot,0.0,0.0,0.0,0.0,0.0,0
imbabura,delfin,imbabura,2,Jacson Pita Mina,miss,corner,12.6,52.6,0,head,right,0,39.2,5.6,2569586,21,0.0,1201,52.6,12.6,60.8,0,60.8,94.4,25,1499,shot,0.90000000000001,59.4,0.0,59.4,0.90000000000001,0
imbabura,delfin,imbabura,2,Leandro Pantoja,save,assisted,5.6,35.9,0,right-foot,low-centre,0,51.6,4.4,2569492,20,0.0,1165,35.9,5.6,48.4,0,48.4,95.6,26,1535,shot,0.2,47.3,0.0,47.3,0.2,0
imbabura,delfin,imbabura,2,Rony Caicedo,block,assisted,23.3,50.0,0,right-foot,low-right,0,46.9,19.0,2569549,19,0.0,1121,50.0,23.3,53.1,0,53.1,81.0,27,1579,shot,15.3,51.1,0.0,51.1,15.3,0
imbabura,delfin,imbabura,2,Rony Caicedo,block,set-piece,29.3,41.9,0,right-foot,low-centre,0,51.2,19.0,2569532,19,0.0,1083,41.9,29.3,48.8,0,48.8,81.0,27,1617,shot,18.6,44.4,0.0,44.4,18.6,0
imbabura,delfin,imbabura,2,Leandro Pantoja,miss,free-kick,28.7,72.9,0,right-foot,right,0,39.3,26.4,2569439,11,0.0,655,72.9,28.7,60.7,0,60.7,73.6,35,2045,shot,0.0,0.0,0.0,0.0,0.0,0
imbabura,delfin,imbabura,2,Rony Caicedo,block,assisted,28.0,28.7,0,right-foot,low-centre,0,50.3,19.0,2569485,10,0.0,554,28.7,28.0,49.7,0,49.7,81.0,36,2146,shot,23.4,32.1,0.0,32.1,23.4,0
imbabura,delfin,imbabura,2,Leandro Pantoja,miss,assisted,11.7,29.3,0,right-foot,right,0,40.0,8.3,2569429,8,0.0,452,29.3,11.7,60.0,0,60.0,91.7,38,2248,shot,0.0,0.0,0.0,0.0,0.0,0
imbabura,delfin,imbabura,2,Leandro Pantoja,save,regular,28.0,55.3,0,right-foot,low-left,0,52.4,10.8,2569423,6,0.0,343,55.3,28.0,47.6,0,47.6,89.2,40,2357,shot,1.8,51.4,0.0,51.4,1.8,0
imbabura,delfin,delfin,2,Juan Manuel Elordi,miss,assisted,17.9,45.7,0,left-foot,close-left,0,57.5,13.9,2569425,5,0.0,296,45.7,17.9,42.5,0,42.5,86.1,41,2404,shot,0.0,0.0,0.0,0.0,0.0,0
independiente,barcelona,independiente,2,Michael Hoyos,miss,set-piece,8.24482426911082,23.806103767604625,0,right-foot,close-right,0,4.046564418364611,8.3,2570261,86,3.0,5530,99.35880916106237,5.53408111384706,52.64314720025047,0,100.0,100.0,1,770,shot,0.0,0.0,0.0,0.0,0.0,0
independiente,barcelona,barcelona,2,Yaimar Medina,miss,fast-break,14.674159258731986,10.40778061054155,0,left-foot,right,0,40.0,13.9,2570242,79,0.0,5316,48.44595832164458,25.487860206824553,60.0,0,60.0,100.0,2,84,shot,0.0,0.0,0.0,0.0,0.0,0
independiente,barcelona,barcelona,2,Braian Oyola,save,free-kick,37.569965794708565,20.290714130662593,0,left-foot,low-left,0,49.361333106181704,12.0,2570241,79,0.0,5294,2.997547121297572,40.326580168404185,26.0808587703347,0,36.54126578256971,88.0,2,106,shot,2.807037478636358,30.485321922088808,0.0,87.91914813758632,2.904958566237782,0
independiente,barcelona,independiente,2,Cristian Zabala,miss,assisted,43.130896497804365,2.2265920795253678,0,right-foot,high,0,83.18739463960303,69.4,2570230,78,0.0,5137,61.342335634007966,31.347343731968273,90.0336109187078,0,100.0,0.4959980947865752,5,263,shot,0.0,0.0,0.0,0.0,0.0,0
independiente,barcelona,independiente,2,Allen Obando,save,assisted,11.0,67.3385452367605,0,head,high-centre,0,49.0,27.2,2570225,81,0.0,5016,7.3064864884897744,11.0,51.0,0,51.0,100.0,7,384,shot,2.101911613470901,2.230893778283125,0.0,31.60822532835651,1.010553556172491,0
independiente,barcelona,independiente,2,Renzo López,miss,assisted,19.531076687224534,9.010806483821284,0,right-foot,close-right,0,42.0,16.7,2570183,72,0.0,4460,84.41765717801349,22.412170513684472,58.0,0,58.0,100.0,16,940,shot,0.0,0.0,0.0,0.0,0.0,0
independiente,barcelona,barcelona,2,Junior Sornoza,miss,assisted,39.30129936628924,79.53884838722269,0,right-foot,high,0,76.15615058487356,69.4,2570180,69,0.0,4425,88.23829079991947,31.1733231862192,46.03571491854098,0,89.50010686114965,35.07975593384332,17,975,shot,0.0,0.0,0.0,0.0,0.0,0
independiente,barcelona,independiente,2,Renzo López,miss,corner,1.4095500230503415,74.53756000267246,0,head,close-high,0,28.13870921761066,58.3,2570295,62,0.0,4203,63.87218822637091,6.3072097249220755,27.301118386597786,0,86.34698953551862,44.8649061560544,20,1197,shot,0.0,0.0,0.0,0.0,0.0,0
independiente,barcelona,barcelona,2,Adonis Preciado,miss,regular,8.752218645273995,22.011718890307584,0,right-foot,left,0,100.0,33.3,2570173,62,0.0,4073,5.194500988500451,5.011714768065097,30.520571506268254,0,42.617529686803664,73.44735510835265,23,1327,shot,0.0,0.0,0.0,0.0,0.0,0
independiente,barcelona,independiente,2,Cristian Zabala,miss,regular,42.83312212330489,0.3955154346438192,0,right-foot,close-high-right,0,32.40573634672967,51.4,2570292,67,0.0,4046,67.63997326343907,27.230984964362037,100.0,0,17.738432645594898,46.4185870173222,23,1354,shot,0.0,0.0,0.0,0.0,0.0,0
independiente,barcelona,barcelona,2,Joao Ortíz,block,regular,2.960855269464467,31.033893448818866,0,right-foot,low-centre,0,89.24717844393703,19.0,2570291,70,0.0,4036,19.076322478996595,8.061980751509893,79.86693252770513,0,38.11510061591773,81.0,23,1364,shot,9.467337908971341,92.83193866995272,0.0,1.2652750249286129,9.442150026633595,0
independiente,barcelona,barcelona,2,Renzo López,miss,assisted,11.655097534044499,16.81353061878022,0,right-foot,high,0,96.19693134448448,63.9,2570143,59,0.0,3171,100.0,16.150873152105667,46.60994834375163,0,81.17187766060746,43.75097152397529,38,2229,shot,0.0,0.0,0.0,0.0,0.0,0
independiente,barcelona,independiente,2,Alexander Bolaños,goal,fast-break,6.116428166413371,87.32560577087777,0,right-foot,low-right,0,46.0,3.8,2570075,44,4.0,2930,66.67856567134328,11.494594621995002,54.0,0,54.0,100.0,1,2470,shot,0.0,0.0,0.0,0.0,0.0,regular
independiente,barcelona,independiente,2,Renzo López,goal,assisted,12.091264615641743,54.88979648992203,0,right-foot,low-right,0,33.361732340092665,4.4,2570073,42,2.0,2787,20.41491087313461,2.238245506644727,2.1040520455088583,0,100.0,7.114347041362095,1,2613,shot,0.0,0.0,0.0,0.0,0.0,regular
independiente,barcelona,independiente,2,Cristhian Solano,miss,assisted,3.2523986298198775,56.0,0,head,high-left,0,100.0,63.9,2570068,47,0.0,2617,56.0,19.895222562133725,65.3262214382304,0,71.38084482595644,17.687347909787157,2,83,shot,0.0,0.0,0.0,0.0,0.0,0
independiente,barcelona,independiente,2,Cristhian Solano,save,assisted,7.244260768530401,69.38681577451948,0,left-foot,low-left,0,31.463915165339863,4.4,2570058,31,0.0,2381,35.157790767682556,19.39282388681363,28.654018176932418,0,27.14243879712597,51.32744678789962,6,319,shot,5.117217666648304,13.472874282312006,0.0,58.037498248262224,5.891085203940119,0
independiente,barcelona,independiente,2,Janner Corozo,save,regular,16.76216380697023,100.0,0,left-foot,low-centre,0,54.494960290139325,4.4,2570053,38,0.0,2241,45.98664932335003,20.60182997402525,88.76053423909491,0,18.119999147947333,60.73748936693153,8,459,shot,1.2136596728566782,77.57893311283256,0.0,50.07225384206613,1.6919376412976863,0
independiente,barcelona,barcelona,2,Francisco Fydriszewski,goal,assisted,4.725953004089048,50.0,0,right-foot,low-centre,0,99.2722149161746,7.0,2570042,40,0.0,1966,50.0,4.404106819623198,69.04847317831614,0,76.89379444899868,93.0,13,734,shot,0.0,0.0,0.0,0.0,0.0,regular
independiente,barcelona,independiente,2,Junior Sornoza,miss,assisted,10.920751972059444,16.915774680778505,0,right-foot,high,0,14.654890710209031,73.6,2570038,35,0.0,1817,38.89820725398714,9.160744872178293,44.288963716523696,0,50.982462477606376,15.914293013103311,15,883,shot,0.0,0.0,0.0,0.0,0.0,0
independiente,barcelona,independiente,2,Francisco Fydriszewski,block,assisted,3.8182917072084432,100.0,0,head,low-centre,0,94.46325819612333,19.0,2570037,30,0.0,1782,7.516814652215068,10.293867587648181,96.52570259809933,0,78.18216137358267,81.0,16,918,shot,18.262731382885555,77.5840271871315,0.0,100.0,1.9877558181274662,0
independiente,barcelona,independiente,2,Damián Díaz,save,assisted,14.0,5.199955686923076,0,right-foot,low-centre,0,19.813559003860725,7.0,2570013,19,0.0,1025,16.21418982072585,14.0,21.649150839475602,0,82.18322721940706,93.0,28,1675,shot,2.0,62.980317067351294,0.0,12.750681134144173,2.0,0
independiente,barcelona,independiente,2,Luis Felipe Zárate,goal,corner,10.912156125848387,93.70597391081147,0,head,low-centre,0,68.24964949121357,2.5,2570006,3,0.0,554,21.262195809002947,13.757197234736854,91.14226375399781,0,94.35715623475306,97.86514644062157,36,2146,shot,0.0,0.0,0.0,0.0,0.0,regular
independiente,barcelona,barcelona,2,Cristhian Solano,miss,regular,39.86903052258385,73.70900817814945,0,right-foot,high-right,0,19.169867831570123,81.9,2570005,-2,0.0,443,53.38978864555584,43.81586527557324,43.045268377689325,0,61.456608678899855,30.39656692763581,38,2257,shot,0.0,0.0,0.0,0.0,0.0,0
independiente,barcelona,barcelona,2,Janner Corozo,block,corner,8.149696342198041,54.23812254848586,0,head,low-centre,0,12.559707993717709,19.0,2570002,13,0.0,323,35.158558992503515,6.399546252455374,44.520263359999305,0,76.3878600680159,81.0,40,2377,shot,5.483400476152711,62.629703739619245,0.0,41.24822526823516,4.951992038545424,0
independiente,barcelona,independiente,2,Cristhian Solano,save,assisted,46.30197549855042,24.399640251602456,0,right-foot,low-centre,0,51.0,2.5,2570000,-3,0.0,200,39.45205593699607,34.0756834520716,49.0,0,49.0,84.07606990297447,42,2500,shot,2.0,31.7601463543108,0.0,93.4794903196995,2.0,0
libertad,catolica,libertad,2,Daniel Clavijo,block,set-piece,0.49601521008701255,34.678751899772,0,right-foot,low-centre,0,51.54896306494155,19.0,2581351,91,0.0,5020,19.890811476415173,16.8702040737872,90.51636806244704,0,82.63259462314073,81.0,7,380,shot,4.977129072916227,61.75640736818114,0.0,54.6960594938928,3.6414166618717267,0
libertad,catolica,catolica,2,Cristian Enciso,block,free-kick,29.708952923515373,62.446886990690594,0,right-foot,low-centre,0,20.54293810482806,19.0,2581354,69,0.0,4421,58.02616089434698,35.56885986456814,56.81809791328089,0,52.788774563772684,81.0,17,979,shot,4.325764842046993,24.93686473857081,0.0,20.399585087084183,22.325351084209085,0
libertad,catolica,libertad,2,Facundo Martinez,block,throw-in-set-piece,19.0,46.93506571564062,0,left-foot,low-centre,0,5.838609190533333,19.0,2581324,59,0.0,3978,65.95377174305503,19.0,0.009811292611203726,0,86.18547719106574,81.0,24,1422,shot,16.469115671638576,80.96277083468121,0.0,56.51594069330782,22.33555365102827,0
libertad,catolica,libertad,2,Jhon Cifuente,block,throw-in-set-piece,11.964531625523962,10.033367674110004,0,left-foot,low-right,0,16.49766819202484,19.0,2581323,57,0.0,3975,100.0,0.884812388213815,6.290968072480055,0,90.04593118480925,81.0,24,1425,shot,10.549613340130847,15.559557224656906,0.0,49.26581243716296,2.2755534754417654,0
libertad,catolica,libertad,2,Facundo Martinez,miss,assisted,4.226270325107155,53.73039935002698,0,right-foot,high-right,0,22.965861251955378,50.0,2581238,53,0.0,3746,9.735993779806641,9.625021375074144,24.857736887743556,0,29.023095864077234,50.0,28,1654,shot,0.0,0.0,0.0,0.0,0.0,0
libertad,catolica,libertad,2,Jhon Cifuente,save,corner,4.826257822685966,46.56482148604154,0,head,low-centre,0,71.52397300815575,10.1,2581237,56,0.0,3697,82.62100510106266,12.100641746972475,27.45197470313896,0,27.748349538646067,52.90937688116924,29,1703,shot,0.0,30.102216573292715,0.0,100.0,0.0,0
libertad,catolica,libertad,2,Layan Loor,block,assisted,2.5993606836670216,28.903185575651307,0,left-foot,low-centre,0,51.960899531649794,19.0,2581236,65,0.0,3590,21.35118361322685,2.2349770021495843,38.600610702572205,0,43.59206455232343,81.0,31,1810,shot,0.4569196248978929,71.82030799350407,0.0,0.2119027825515971,0.15724264598368848,0
libertad,catolica,libertad,2,Facundo Martinez,save,assisted,4.399828179836664,28.172655562994144,0,right-foot,low-left,0,0.8203862711159786,2.5,2581234,57,0.0,3475,17.209739470482212,33.262271331293995,44.43903055354436,0,36.38371959833339,72.31404793811652,33,1925,shot,3.9400511072445354,49.92562018707015,0.0,43.61731373335532,5.263426521541297,0
libertad,catolica,libertad,2,Jhon Cifuente,miss,corner,14.077170106926824,18.73841033040957,0,right-foot,left,0,99.94620603250745,19.4,2581232,59,0.0,3310,19.12926543218402,9.65927508850661,42.972192218857586,0,78.44437230634553,39.20218851068678,35,2090,shot,0.0,0.0,0.0,0.0,0.0,0
libertad,catolica,catolica,2,Layan Loor,miss,corner,54.141545550946006,11.091401856111418,0,left-foot,close-right,0,52.74187167206935,5.6,2581231,51,0.0,3174,64.31937264880084,45.253224296782506,28.00073440890978,0,16.375080172971522,100.0,38,2226,shot,0.0,0.0,0.0,0.0,0.0,0
libertad,catolica,catolica,2,Nixon Molina,miss,assisted,1.5822577151751425,11.003572165273908,0,left-foot,high,0,94.11976085523978,61.1,2581225,48,0.0,2805,35.59520751535284,25.40265215657568,18.068541331604784,0,15.749535566114716,75.23217426774846,44,2595,shot,0.0,0.0,0.0,0.0,0.0,0
libertad,catolica,catolica,2,Kevin Quevedo,save,assisted,8.49729821000528,72.1745232008698,0,right-foot,low-left,0,63.33057294613774,19.0,2581181,34,0.0,2542,36.13045895432148,28.371104391636482,66.57796699172886,0,34.145666130641324,81.0,3,158,shot,4.012961505044592,92.58167248427719,0.0,100.0,6.471667135714928,0
libertad,catolica,catolica,2,Richard Farias,miss,assisted,33.582986220170156,38.21963895055727,0,right-foot,high-left,0,56.0,65.3,2581177,43,0.0,2320,76.40775526060156,15.77185989853216,44.0,0,44.0,40.08008348185727,7,380,shot,0.0,0.0,0.0,0.0,0.0,0
libertad,catolica,libertad,2,Kevin Quevedo,save,assisted,3.739689703572598,64.0,0,right-foot,low-centre,0,12.307302218984752,3.8,2581176,27,0.0,2085,64.0,4.7317251191862795,50.026855393553845,0,27.862387047116883,65.73495136197026,11,615,shot,0.9555730804728317,71.69259289253353,0.0,97.87033244840126,0.30519197000048637,0
libertad,catolica,catolica,2,Layan Loor,block,assisted,15.431215720120335,72.14529921846362,0,left-foot,low-left,0,61.808109540832,19.0,2581154,32,0.0,1652,39.171822525474624,2.7714008570453856,40.92240413518562,0,79.1476583549601,81.0,18,1048,shot,12.611255957788778,38.90528971895903,0.0,38.87712734899815,28.446736639252205,0
libertad,catolica,libertad,2,Juan Alvacete,save,corner,1.9235317235699467,68.59336123829365,0,left-foot,low-left,0,81.95301028742064,5.7,2581156,32,0.0,1451,1.127654520610875,0.2755087231924458,9.661035846468643,0,39.691759169081095,100.0,21,1249,shot,0.2673752796364711,48.063629521639946,0.0,86.85950785960796,1.743164311150692,0
libertad,catolica,catolica,2,Leandro Basan,miss,corner,5.680690686068967,73.65023169550904,0,head,left,0,63.81091688618042,16.7,2581153,28,0.0,1448,73.04511714787708,5.907911271349853,41.233925806132774,0,60.49258931090499,100.0,21,1252,shot,2.559719839949896,33.562344539689136,0.0,13.308783858632061,2.6562106343266207,0
libertad,catolica,catolica,2,Ismael Díaz,save,regular,13.361649326486319,2.96418077752498,0,right-foot,low-left,0,68.14253756514316,1.9,2581151,26,0.0,1301,1.8976132413051587,18.533971652797124,17.72211363028287,0,55.96113482661307,73.67574177472895,24,1399,shot,3.901581248632699,33.27268223471477,0.0,14.829468546941008,4.353506162665104,0
libertad,catolica,libertad,2,Jhon Cifuente,block,assisted,24.778030515302355,100.0,0,right-foot,low-centre,0,17.537765890156102,19.0,2581150,18,0.0,1298,100.0,35.9196065782929,77.17391093499074,0,95.78860101255074,81.0,24,1402,shot,4.717919726857817,49.49472625791176,0.0,76.84811138672353,15.12774389284858,0
libertad,catolica,catolica,2,Luciano Nieto,goal,assisted,38.97331459195455,79.30316135712832,0,left-foot,high-right,0,18.877374984417003,27.8,2581144,9,0.0,1025,64.14030662926017,38.35384230277552,29.486151506509003,0,72.66599114111312,41.29986442436068,28,1675,shot,0.0,0.0,0.0,0.0,0.0,regular
libertad,catolica,catolica,2,Ismael Díaz,miss,assisted,25.91079472739604,28.8635828640721,0,right-foot,right,0,20.87617470456035,8.3,2581149,12,0.0,928,43.70505555233642,1.2013798055376537,99.55996776018864,0,93.39675181886702,100.0,30,1772,shot,0.0,0.0,0.0,0.0,0.0,0
libertad,catolica,catolica,2,Facundo Martinez,block,regular,43.889200305750244,72.77993878080923,0,right-foot,low-centre,0,48.51621634166362,19.0,2581122,9,0.0,458,10.558768940406452,15.527535487366869,49.05328211051115,0,52.791455335699325,81.0,38,2242,shot,25.036104972268795,12.748808261709513,0.0,91.43007410021978,29.44901725312939,0
libertad,catolica,libertad,2,Leandro Basan,save,assisted,32.907476240626494,27.786368962619242,0,right-foot,low-centre,0,59.87580942100866,2.5,2581121,10,0.0,363,58.71340099288229,0.5401733269575821,76.23419713940558,0,65.393797058263,77.11703317629997,39,2337,shot,26.27793695189017,47.02649255782105,0.0,45.01475000546943,22.694424641685963,0
libertad,catolica,libertad,2,Nixon Molina,miss,regular,31.606408674206236,22.32029665874304,0,right-foot,close-high-right,0,0.24854600713199915,51.4,2581120,-3,0.0,335,93.27533192679104,29.722854412818705,48.80827849358671,0,36.45926275166268,75.93995063222644,40,2365,shot,0.0,0.0,0.0,0.0,0.0,0
libertad,catolica,libertad,2,Leandro Basan,block,assisted,9.0,100.0,0,right-foot,low-centre,0,65.39749473800973,19.0,2581100,10,0.0,51,48.83296459048676,9.0,49.651231266951804,0,26.369472285090914,81.0,45,2649,shot,6.995238943278016,40.595117423031965,0.0,37.01331694350715,10.452056115109341,0
macara,nacional,nacional,2,Facundo Pons,goal,penalty,0.15740175449826133,50.0,0,right-foot,low-centre,0,76.88681591851906,17.7,2569159,95,0.0,5159,50.0,6.940230085873242,50.76844340737553,0,90.41546696599748,100.0,5,241,shot,0.0,0.0,0.0,0.0,0.0,penalty
macara,nacional,nacional,2,Miguel Perea,miss,assisted,25.563564691149523,28.33052804145872,0,left-foot,close-high,0,93.52133444378151,50.0,2569133,74,0.0,4954,40.88255523985299,11.872791849240457,0.8511867591245519,0,4.564624494694492,50.0,8,446,shot,0.0,0.0,0.0,0.0,0.0,0
macara,nacional,macara,2,Jordy Burbano,save,free-kick,5.977152552710258,27.44752922725653,0,right-foot,high-centre,0,82.40867562268183,34.8,2569132,78,0.0,4899,63.856254203216665,25.111207217757865,44.93777605759419,0,2.434968924450672,96.42372388367961,9,501,shot,1.6608139732779876,90.11883707503549,0.0,87.95016362238908,1.1314514566543639,0
macara,nacional,macara,2,Joffré Escobar,miss,corner,8.113049509991049,59.90323939535942,0,head,left,0,36.92534137181616,16.7,2569088,82,0.0,4470,100.0,9.687475070581138,81.28728075495783,0,3.285358813369264,90.87143208212963,16,930,shot,0.0,0.0,0.0,0.0,0.0,0
macara,nacional,macara,2,Gustavo Asprilla,miss,corner,0.9648776459580191,49.44012606152428,0,head,high-left,0,5.323993281030603,69.4,2569070,67,0.0,4398,50.48853367893605,0.6822144696235419,47.55814345599761,0,64.95022945872086,56.33235958617765,17,1002,shot,0.0,0.0,0.0,0.0,0.0,0
macara,nacional,macara,2,Jordy Burbano,save,assisted,36.61896995652452,8.712911068483374,0,left-foot,high-centre,0,54.71603400698347,31.0,2569151,75,0.0,4360,11.150058549673597,69.01423509713686,76.60885187031457,0,61.48448702382664,69.0,18,1040,shot,2.0,84.77644738561352,0.0,21.82887333874536,2.0,0
macara,nacional,macara,2,Jorge Valdez,block,assisted,18.88855323011328,59.083684794414935,0,right-foot,low-centre,0,49.0,19.0,2569064,81,0.0,4335,24.734798348566898,13.254188571184189,51.0,0,51.0,81.0,18,1065,shot,0.7385736462187502,54.06782496426218,0.0,54.43479477957886,12.297749039282488,0
macara,nacional,macara,2,Wilder Estupiñan,miss,corner,5.237349810576005,100.0,0,head,left,0,72.34780528225951,13.9,2569131,77,0.0,4320,16.409248907340988,4.590622472762403,20.664601800880746,0,61.198406918204554,58.60518291839142,18,1080,shot,3.1587490128748117,19.49182020089623,0.0,71.63621272915198,3.708843221784357,0
macara,nacional,nacional,2,Jonathan Zambrano,block,assisted,43.13468190351239,2.8982475404660804,0,left-foot,low-left,0,85.08729469668909,19.0,2569053,68,0.0,4274,8.634070443416366,6.104848674726771,89.43015295470626,0,55.83388479997025,81.0,19,1126,shot,13.046518702467235,22.97563310718619,0.0,55.03165347368978,6.1109197878911985,0
macara,nacional,macara,2,Joffré Escobar,miss,corner,14.098147876793213,40.01030213500512,0,head,high,0,67.87734853435288,61.1,2569052,77,0.0,4201,71.19144507442567,14.43418635787178,89.66715230319627,0,49.00334283309103,72.2251844136814,20,1199,shot,0.0,0.0,0.0,0.0,0.0,0
macara,nacional,nacional,2,Joffré Escobar,save,assisted,11.005007861916093,74.59866294730178,0,right-foot,low-centre,0,37.66146769741022,1.3,2569051,64,0.0,4184,75.45431575876052,10.608319275238523,86.41816404489477,0,100.0,44.064316471754566,21,1216,shot,1.0,44.03666342608023,0.0,100.0,1.0,0
macara,nacional,macara,2,Jordy Burbano,miss,regular,66.0,87.15760441014005,0,right-foot,high-left,0,100.0,45.8,2569209,65,0.0,4152,1.6910395265689715,66.0,16.262292416811476,0,23.85212567212433,58.10621154443173,21,1248,shot,0.0,0.0,0.0,0.0,0.0,0
macara,nacional,nacional,2,Joffré Escobar,block,throw-in-set-piece,4.0548713542111425,44.39689041262277,0,right-foot,low-centre,0,44.751875963748404,19.0,2569037,71,0.0,4113,46.05813202285135,7.147174128991354,67.95904342767062,0,62.940604067493084,81.0,22,1287,shot,7.2083413675219346,22.190426586770933,0.0,74.14905524272032,3.430605476759701,0
macara,nacional,nacional,2,Facundo Pons,save,corner,12.00054346477679,35.32919729739621,0,head,low-centre,0,87.57627080260004,19.0,2569009,68,0.0,3780,59.070615567327,16.312602980029695,99.59468834542311,0,48.414279351429045,81.0,27,1620,shot,0.7745377865730856,8.043582787032385,0.0,82.12038663271505,0.17597593403968137,0
macara,nacional,nacional,2,J Zambrano,block,corner,12.28882770261792,74.3688444574222,0,right-foot,low-centre,0,93.8870384727756,19.0,2569208,52,0.0,3513,70.38751421260457,21.123345878085203,32.98539003265403,0,11.559815214986337,81.0,32,1887,shot,14.38734913400195,46.844205442405375,0.0,33.695987420758065,10.117869455838635,0
macara,nacional,macara,2,Leonel Álvarez,miss,corner,35.511275820918144,94.72238468022029,0,right-foot,close-high-left,0,58.0,56.9,2568969,62,0.0,3454,100.0,34.90083135029357,42.0,0,42.0,23.59961481232518,33,1946,shot,0.0,0.0,0.0,0.0,0.0,0
macara,nacional,macara,2,Facundo Pons,save,fast-break,19.38233524437761,71.7412004519461,0,right-foot,high-centre,0,48.88526057997751,22.8,2568968,51,0.0,3426,5.1253472374433215,8.875300410373736,15.039269422042864,0,90.74682603500615,100.0,33,1974,shot,0.7404835765593352,27.211198372501215,0.0,38.68423154617008,0.32749015237681656,0
macara,nacional,macara,2,Jordy Burbano,save,assisted,28.727338711166766,71.73761107066758,0,right-foot,low-centre,0,74.92048676073131,10.8,2568911,42,0.0,2983,93.09183016460402,44.6995806584021,63.54658989372215,0,72.297707968911,100.0,41,2417,shot,2.1395364462795916,11.692501516361851,0.0,44.19619529167419,2.264747602416138,0
macara,nacional,nacional,2,Ronaldo Lora,miss,corner,14.294802510088624,100.0,0,head,high,0,16.003298011870434,61.1,2568910,48,0.0,2940,90.92879618748412,10.453272388234806,7.705858849749468,0,54.14229163026592,65.41316027541421,41,2460,shot,0.0,0.0,0.0,0.0,0.0,0
macara,nacional,macara,2,Daniel Porozo,miss,regular,16.212246000891636,77.93357183943246,0,right-foot,close-left,0,100.0,15.3,2568894,39,0.0,2776,6.593004255581832,34.24134828698256,51.19829430771797,0,10.642939499041681,28.942745397351516,44,2624,shot,0.0,0.0,0.0,0.0,0.0,0
macara,nacional,nacional,2,Byron Torrez,miss,regular,0.5095563303528721,64.06349206771861,0,left-foot,high-left,0,73.53864203560337,66.7,2568798,50,4.0,2929,57.113560416972966,31.554930784050477,60.75793754680592,0,42.79784574563783,19.8509063612089,1,2471,shot,0.0,0.0,0.0,0.0,0.0,0
macara,nacional,nacional,2,Daniel Porozo,block,assisted,4.792908986927452,6.380499894147,0,right-foot,low-centre,0,51.0,19.0,2568791,44,2.0,2778,91.96727461634396,18.33659823492842,49.0,0,49.0,81.0,1,2622,shot,0.9137766938206209,60.93942673992716,0.0,94.65731754887274,9.036132816126237,0
macara,nacional,nacional,2,Facundo Pons,save,assisted,2.441207264465538,0.5467745815759457,0,left-foot,low-centre,0,51.0,3.2,2568751,37,0.0,2522,3.526818131765843,2.1013567622285887,49.0,0,49.0,100.0,3,178,shot,0.8119477813739746,60.30545946398517,0.0,1.7064238317912555,0.9298538547172253,0
macara,nacional,macara,2,Byron Torrez,block,assisted,18.57084361624879,4.151706093789883,0,right-foot,low-centre,0,63.45446106435484,19.0,2568743,48,0.0,2418,44.654217298628275,2.3808260988411725,41.56872305623144,0,57.00461365581565,81.0,5,282,shot,30.98070988015968,58.569463612493614,0.0,41.999203562640126,36.201052272873994,0
macara,nacional,macara,2,Ronaldo Lora,post,corner,41.22011969469323,7.814105338794683,0,right-foot,high,0,31.4402703450612,41.1,2568742,28,0.0,2244,57.39753244703987,4.860776987056596,100.0,0,83.33574828585992,3.5601021392100805,8,456,shot,0.0,0.0,0.0,0.0,0.0,0
macara,nacional,macara,2,Cristopher Angulo,save,free-kick,33.961980438657825,84.4169227147249,0,right-foot,high-centre,0,33.441234059325666,23.4,2568741,41,0.0,2238,35.993870441791465,29.70705703243985,55.24442905740287,0,96.460055762918,100.0,8,462,shot,1.6733709749766537,13.007831149154477,0.0,32.338846237437615,2.1190017850722676,0
macara,nacional,macara,2,Ronaldo Lora,miss,assisted,14.0,1.7265729843563662,0,right-foot,left,0,100.0,15.3,2568660,30,0.0,1589,100.0,14.0,22.84317268867017,0,2.8278107547846894,100.0,19,1111,shot,3.2883125753172457,79.26224278876221,0.0,14.00313426944858,1.213661637130004,0
macara,nacional,nacional,2,Leonel Álvarez,block,assisted,3.395398821563141,94.13230057570169,0,right-foot,low-centre,0,20.26892818732891,19.0,2568675,24,0.0,1556,89.50299169443849,7.704438741662443,72.69064265099921,0,2.4119342886825876,81.0,20,1144,shot,22.54468270406855,56.49962527191091,0.0,0.7018566471532068,24.98976095201612,0
macara,nacional,nacional,2,Jorge Valdez,block,free-kick,1.4844381784607918,100.0,0,right-foot,low-left,0,24.458832780801572,19.0,2568790,32,0.0,1537,60.02994912648602,15.095103762606705,15.009925819909256,0,19.09523933957429,81.0,20,1163,shot,15.616117367856038,100.0,0.0,62.33473865055602,2.197235570929255,0
macara,nacional,nacional,2,Daniel Porozo,save,fast-break,20.735920595258754,6.6804206926669565,0,right-foot,low-centre,0,17.220241664555715,13.9,2568635,30,0.0,1355,29.998862928846677,10.371567140041728,12.85519955083739,0,23.4512417108332,84.09261147597451,23,1345,shot,1.0,0.5795739968562614,0.0,62.55617497724218,1.0,0
macara,nacional,nacional,2,Andres Mena,miss,set-piece,2.256271506013416,36.0,0,left-foot,right,0,62.37985403164968,19.0,2568634,19,0.0,1251,36.0,2.183740367797885,27.18531289094158,0,100.0,81.0,25,1449,shot,3.6557097065348345,70.5647329530051,0.0,94.81946844460494,1.9055041504691217,0
macara,nacional,nacional,2,Byron Torrez,miss,throw-in-set-piece,0.9276077075659259,92.09736276905483,0,right-foot,left,0,24.851219040814513,1.4,2568659,24,0.0,932,51.85382939042508,47.14235434161736,12.340807615200262,0,7.610992843794506,100.0,30,1768,shot,22.0,87.94726242493448,0.0,54.9738910985013,22.0,0
macara,nacional,macara,2,Jorge Valdez,block,assisted,14.715048612895398,82.45289696094981,0,left-foot,low-left,0,52.0,19.0,2568600,10,0.0,387,69.67329141598927,21.189128327867255,48.0,0,48.0,81.0,39,2313,shot,26.655892775154655,85.49858707262365,0.0,66.38963401126088,15.064109699829563,0
macara,nacional,nacional,2,Cristopher Angulo,miss,set-piece,20.0,16.319704098602855,0,right-foot,right,0,40.0,5.6,2568509,-3,0.0,255,100.0,20.0,60.0,0,60.0,7.52028390966052,41,2445,shot,0.0,0.0,0.0,0.0,0.0,0
macara,nacional,nacional,2,José Luis Marrufo,block,set-piece,15.645126223203103,53.52088642561896,0,head,low-centre,0,2.192188653067163,19.0,2568523,13,0.0,249,100.0,2.255720828698653,52.68359546910303,0,95.33775783283747,81.0,41,2451,shot,11.067696217762355,66.19966249773321,0.0,65.45685407991431,16.757374807978593,0
macara,nacional,nacional,2,Jorge Valdez,save,free-kick,27.904339953616294,69.09123938945227,0,right-foot,high-right,0,89.4900784090716,33.5,2568514,2,0.0,243,58.174117043974476,7.0066619481079755,100.0,0,64.05898537085326,100.0,41,2457,shot,0.4468312689656947,22.050261679103286,0.0,63.05002538633208,0.358868154426892,0
orense,cuenca,cuenca,2,José Andrade,save,assisted,13.243485499292097,22.982935489877015,0,head,high-centre,0,86.83802285381101,20.3,2576354,96,5.0,5661,2.9537753937448556,0.6873252021776821,68.1008709717212,0,47.71559962663939,24.024029274965542,1,639,shot,2.3317575377968973,0.5886504265251347,0.0,26.128319613930117,0.4131335132927856,0
orense,cuenca,cuenca,2,Agustin Maziero,block,regular,14.776817518013335,17.91641631446325,0,left-foot,low-left,0,53.0,19.0,2576359,96,1.0,5413,85.37145755821237,17.561247205936553,47.0,0,47.0,81.0,1,887,shot,3.6347860225116353,6.792086989342025,0.0,36.95109690817161,6.623572456050704,0
orense,cuenca,cuenca,2,Cristian Barros,block,set-piece,28.65273420261214,100.0,0,right-foot,low-centre,0,49.0,19.0,2576317,84,0.0,5363,97.58116044543593,26.72666549759298,51.0,0,51.0,81.0,1,37,shot,10.840001283346647,58.389220985057655,0.0,100.0,17.275598858940178,0
orense,cuenca,orense,2,Ivan Piedra,block,corner,21.684919265438566,42.74132726474401,0,head,low-right,0,48.42073666594176,19.0,2576316,88,0.0,5251,31.46088190431599,14.070406739959886,53.227925257913725,0,4.952293149277757,81.0,3,149,shot,14.334686936189849,41.37636085830965,0.0,35.438775411966134,3.9951405297944564,0
orense,cuenca,orense,2,Nicolas Del Grecco,miss,corner,10.0,81.2805535193616,0,head,left,0,100.0,27.8,2576356,94,0.0,5100,18.824302318142834,10.0,24.3953014382988,0,44.38046581451981,100.0,5,300,shot,0.0,0.0,0.0,0.0,0.0,0
orense,cuenca,cuenca,2,Pablo Daniel Magnin,save,corner,0.6613141273899892,23.621596509486885,0,left-foot,low-centre,0,53.16461019594442,10.1,2576348,89,0.0,5003,40.226641232997856,16.72040909338856,75.21173266410865,0,42.39288600092222,100.0,7,397,shot,0.8744087283838062,89.18969886521191,0.0,22.203770695982733,0.339763665123334,0
orense,cuenca,orense,2,Erick Zambrano,miss,assisted,8.998114903708153,100.0,0,left-foot,high-left,0,61.97607922983748,52.8,2576315,79,0.0,4914,87.69074204330983,17.5113575590115,42.480177177829475,0,48.467001519621476,9.349895220691579,9,486,shot,0.0,0.0,0.0,0.0,0.0,0
orense,cuenca,cuenca,2,Luis Aldair Arroyo Cabeza,save,assisted,53.949721819984376,25.49266619173377,0,right-foot,low-left,0,75.31725285784393,3.8,2576295,75,0.0,4790,15.680548160836054,50.08036640409129,1.130838492382189,0,17.192314891905355,100.0,11,610,shot,0.283026479479924,77.01325657304676,0.0,8.215462543178006,0.4629687588249112,0
orense,cuenca,orense,2,Cristian Barros,save,assisted,29.03647653064011,26.824634691491056,0,right-foot,high-centre,0,96.8822759765163,22.8,2576309,86,0.0,4670,98.46365483397612,47.4585517446038,10.765517994622954,0,77.18537889355696,9.678997054626294,13,730,shot,1.3810095649200447,1.903123177953141,0.0,99.2940433604376,2.6053152538463538,0
orense,cuenca,orense,2,Pablo Daniel Magnin,miss,assisted,3.102823633364723,36.0,0,left-foot,left,0,61.0,18.1,2576293,70,0.0,4527,36.0,15.39589176498736,39.0,0,39.0,100.0,15,873,shot,0.0,0.0,0.0,0.0,0.0,0
orense,cuenca,orense,2,Marcelo Eggel,miss,assisted,34.74001613229016,52.0,0,left-foot,high-left,0,58.434109387633654,75.0,2576289,57,0.0,4005,52.0,29.204084538824063,59.209055295396595,0,79.14090510870653,25.0,24,1395,shot,0.0,0.0,0.0,0.0,0.0,0
orense,cuenca,orense,2,Robert Burbano,block,regular,12.579317333331838,11.361798850168242,0,right-foot,low-centre,0,93.99474950173781,19.0,2576212,60,0.0,3506,100.0,3.6033229301410135,29.782878809034614,0,87.3502332480761,81.0,32,1894,shot,2.3215600164908023,8.118633144169706,0.0,13.134029534577252,8.733106563643348,0
orense,cuenca,cuenca,2,Walter Agustin Herrera,goal,assisted,1.6279342011878728,27.916119408118483,0,head,low-right,0,30.301037270110065,17.7,2576178,57,0.0,2924,10.362414926868745,1.9861668021972494,84.00613291367631,0,81.97573241747344,71.83753892703682,42,2476,shot,0.0,0.0,0.0,0.0,0.0,regular
orense,cuenca,cuenca,2,Nicolas Del Grecco,miss,set-piece,18.86940956086525,54.471706895675574,0,head,left,0,38.98938501750858,33.3,2576167,50,0.0,2808,6.921122854061188,2.9622213327118576,70.10521645775206,0,57.388178298831335,2.3703545928859597,44,2592,shot,0.0,0.0,0.0,0.0,0.0,0
orense,cuenca,cuenca,2,Bryan Corozo,miss,corner,8.181811178454865,67.15834406755275,0,head,left,0,91.32539680445807,12.5,2576114,41,4.0,2922,28.781720281805676,6.84395428679157,22.269949123300194,0,32.32156307036671,16.36382126778662,1,2478,shot,0.0,0.0,0.0,0.0,0.0,0
orense,cuenca,orense,2,Richard Calderón,miss,assisted,17.369437343976514,39.1438029049083,0,right-foot,right,0,18.29561156170108,38.9,2576133,48,0.0,2661,54.330086699007765,2.1304367757974276,26.083993768141454,0,100.0,56.697450887726326,1,39,shot,0.0,0.0,0.0,0.0,0.0,0
orense,cuenca,orense,2,Raúl Becerra,goal,corner,4.0,54.0,0,right-foot,high-centre,0,49.0,22.2,2576086,31,0.0,2284,54.0,4.0,51.0,0,51.0,100.0,7,416,shot,0.0,0.0,0.0,0.0,0.0,regular
orense,cuenca,orense,2,Walter Chalá,miss,corner,14.0,12.0313112891834,0,head,close-right,0,60.52680427426343,9.7,2576088,46,0.0,2283,39.03669001936821,14.0,100.0,0,55.019692886379076,9.233319325424489,7,417,shot,6.098052727773958,24.886732931237525,0.0,100.0,5.482030713336183,0
orense,cuenca,cuenca,2,Richard Calderón,miss,set-piece,15.0,100.0,0,right-foot,high-right,0,64.54167397760203,59.7,2576083,46,0.0,2188,7.05508905153436,15.0,64.2256522572239,0,14.17971207935743,67.91637733214904,9,512,shot,0.0,0.0,0.0,0.0,0.0,0
orense,cuenca,orense,2,Esteban Davila,miss,assisted,8.0,74.42835244996898,0,head,left,0,35.30725022441625,27.8,2576043,27,0.0,1373,26.415765649077784,8.0,65.15442452340903,0,11.305178340318257,34.690240117399014,23,1327,shot,3.742581425058562,46.0,0.0,46.0,5.806886680958248,0
orense,cuenca,cuenca,2,Walter Chalá,save,corner,4.915532950886593,100.0,0,head,low-centre,0,8.577499216389036,15.8,2575940,3,0.0,145,27.84320528054026,44.16230746321231,6.439715234913436,0,15.034711717638302,100.0,43,2555,shot,1.9632842402545594,50.0,0.0,50.0,1.6421211744732809,0
orense,cuenca,orense,2,Rodrigo Melo,save,corner,7.143965646483478,91.67777933289968,0,left-foot,low-left,0,27.46826244929772,9.5,2575931,-8,0.0,93,43.46760342867306,0.3222032846936411,83.13427078935021,0,23.72507088069576,100.0,44,2607,shot,1.0,9.572436544626939,0.0,76.1142727957014,1.0,0
barcelona,orense,orense,3,Dany Coronel,miss,assisted,8.7,54.3,0,head,left,0,66.6,2.8,2602639,90,7.0,5776,54.3,8.7,33.4,0,33.4,97.2,1,524,shot,0.0,0.0,0.0,0.0,0.0,0
barcelona,orense,orense,3,Cristian Barros,miss,assisted,6.0,38.3,0,head,close-left,0,58.8,37.5,2602635,90,5.0,5671,38.3,6.0,41.2,0,41.2,62.5,1,629,shot,0.0,0.0,0.0,0.0,0.0,0
barcelona,orense,barcelona,3,Francisco Fydriszewski,block,regular,19.6,36.4,0,right-foot,low-centre,0,51.5,19.0,2602721,80,0.0,4790,36.4,19.6,48.5,0,48.5,81.0,11,610,shot,14.0,39.9,0.0,39.9,14.0,0
barcelona,orense,barcelona,3,Braian Oyola,save,assisted,9.4,45.4,0,left-foot,high-left,0,53.2,20.3,2602709,78,0.0,4660,45.4,9.4,46.8,0,46.8,79.7,13,740,shot,2.0,47.8,0.0,47.8,2.0,0
barcelona,orense,orense,3,Robert Burbano,save,assisted,12.6,49.6,0,head,low-centre,0,50.5,13.3,2602537,76,0.0,4559,49.6,12.6,49.5,0,49.5,86.7,15,841,shot,2.0,49.5,0.0,49.5,2.0,0
barcelona,orense,barcelona,3,Joao Rojas,block,assisted,9.2,42.1,0,left-foot,low-left,0,52.1,19.0,2602698,75,0.0,4469,42.1,9.2,47.9,0,47.9,81.0,16,931,shot,6.7,43.7,0.0,43.7,6.7,0
barcelona,orense,barcelona,3,Joao Rojas,block,assisted,25.9,44.7,0,left-foot,low-centre,0,51.5,19.0,2602513,65,0.0,3899,44.7,25.9,48.5,0,48.5,81.0,26,1501,shot,18.1,45.8,0.0,45.8,18.1,0
barcelona,orense,orense,3,Dany Coronel,miss,regular,9.6,57.5,0,right-foot,right,0,39.3,33.3,2602488,62,0.0,3703,57.5,9.6,60.7,0,60.7,66.7,29,1697,shot,0.0,0.0,0.0,0.0,0.0,0
barcelona,orense,barcelona,3,Adonis Preciado,miss,set-piece,5.9,42.5,0,right-foot,high,0,52.4,72.2,2602473,56,0.0,3348,42.5,5.9,47.6,0,47.6,27.8,35,2052,shot,0.0,0.0,0.0,0.0,0.0,0
barcelona,orense,orense,3,Walter Agustin Herrera,miss,assisted,11.1,54.4,0,head,close-high-left,0,57.6,55.6,2602430,46,0.0,2737,54.4,11.1,42.4,0,42.4,44.4,45,2663,shot,0.0,0.0,0.0,0.0,0.0,0
barcelona,orense,orense,3,Marcelo Eggel,save,assisted,28.9,50.3,0,left-foot,low-centre,0,50.6,12.7,2602329,42,0.0,2470,50.3,28.9,49.4,0,49.4,87.3,4,230,shot,1.0,50.4,0.0,50.4,1.0,0
barcelona,orense,orense,3,Marcelo Eggel,miss,assisted,31.5,62.4,0,left-foot,high-left,0,61.7,55.6,2602313,36,0.0,2145,62.4,31.5,38.3,0,38.3,44.4,10,555,shot,0.0,0.0,0.0,0.0,0.0,0
barcelona,orense,orense,3,Walter Agustin Herrera,miss,assisted,16.4,35.1,0,right-foot,high-right,0,44.0,66.7,2602312,34,0.0,2009,35.1,16.4,56.0,0,56.0,33.3,12,691,shot,0.0,0.0,0.0,0.0,0.0,0
barcelona,orense,orense,3,Agustin Maziero,miss,assisted,14.5,36.3,0,right-foot,high-right,0,40.5,47.2,2602305,31,0.0,1811,36.3,14.5,59.5,0,59.5,52.8,15,889,shot,0.0,0.0,0.0,0.0,0.0,0
barcelona,orense,barcelona,3,Adonis Preciado,miss,assisted,9.1,30.1,0,right-foot,left,0,64.9,31.9,2602302,29,0.0,1719,30.1,9.1,35.1,0,35.1,68.1,17,981,shot,0.0,0.0,0.0,0.0,0.0,0
barcelona,orense,orense,3,Bryan Quinonez,miss,set-piece,11.8,57.8,0,head,left,0,60.0,25.0,2602292,27,0.0,1560,57.8,11.8,40.0,0,40.0,75.0,19,1140,shot,0.0,0.0,0.0,0.0,0.0,0
barcelona,orense,barcelona,3,Jesús Trindade,miss,regular,24.6,59.1,0,left-foot,high,0,51.3,94.4,2602274,14,0.0,783,59.1,24.6,48.7,0,48.7,5.6,32,1917,shot,0.0,0.0,0.0,0.0,0.0,0
barcelona,orense,orense,3,Walter Agustin Herrera,miss,assisted,17.3,42.4,0,right-foot,right,0,38.8,12.5,2602268,9,0.0,510,42.4,17.3,61.2,0,61.2,87.5,37,2190,shot,0.0,0.0,0.0,0.0,0.0,0
barcelona,orense,barcelona,3,Janner Corozo,miss,assisted,32.2,41.3,0,left-foot,right,0,30.8,15.3,2602264,6,0.0,304,41.3,32.2,69.2,0,69.2,84.7,40,2396,shot,0.0,0.0,0.0,0.0,0.0,0
catolica,cuenca,catolica,3,Ismael Díaz,save,assisted,5.8,44.2,0,head,low-left,0,54.4,3.8,2608281,90,7.0,5784,44.2,5.8,45.6,0,45.6,96.2,1,516,shot,1.4,49.5,0.0,49.5,1.4,0
catolica,cuenca,catolica,3,Jhon Cifuente,miss,assisted,8.5,64.5,0,right-foot,close-right,0,43.0,16.7,2608179,82,0.0,4866,64.5,8.5,57.0,0,57.0,83.3,9,534,shot,0.0,0.0,0.0,0.0,0.0,0
catolica,cuenca,catolica,3,José Fajardo,miss,assisted,5.9,60.3,0,left-foot,close-right,0,42.7,2.8,2608178,81,0.0,4811,60.3,5.9,57.3,0,57.3,97.2,10,589,shot,0.0,0.0,0.0,0.0,0.0,0
catolica,cuenca,catolica,3,José Fajardo,miss,assisted,12.2,54.1,0,right-foot,close-right,0,41.2,13.9,2608373,78,0.0,4640,54.1,12.2,58.8,0,58.8,86.1,13,760,shot,0.0,0.0,0.0,0.0,0.0,0
catolica,cuenca,catolica,3,Luciano Nieto,miss,free-kick,30.9,63.0,0,left-foot,high-right,0,41.7,65.3,2608157,76,0.0,4515,63.0,30.9,58.3,0,58.3,34.7,15,885,shot,0.0,0.0,0.0,0.0,0.0,0
catolica,cuenca,catolica,3,Kevin Quevedo,goal,assisted,8.7,59.9,0,right-foot,low-centre,0,50.6,17.1,2608052,68,0.0,4047,59.9,8.7,49.4,0,49.4,82.9,23,1353,shot,0.0,0.0,0.0,0.0,0.0,regular
catolica,cuenca,catolica,3,José Fajardo,goal,set-piece,8.6,50.6,0,head,high-centre,0,50.3,26.6,2608047,67,0.0,3962,50.6,8.6,49.7,0,49.7,73.4,24,1438,shot,0.0,0.0,0.0,0.0,0.0,regular
catolica,cuenca,catolica,3,Ismael Díaz,miss,assisted,30.9,50.6,0,right-foot,high,0,46.7,75.0,2608046,63,0.0,3754,50.6,30.9,53.3,0,53.3,25.0,28,1646,shot,0.0,0.0,0.0,0.0,0.0,0
catolica,cuenca,catolica,3,Jhon Cifuente,goal,assisted,18.7,59.7,0,right-foot,high-left,0,53.9,26.6,2607982,59,0.0,3500,59.7,18.7,46.1,0,46.1,73.4,32,1900,shot,0.0,0.0,0.0,0.0,0.0,regular
catolica,cuenca,catolica,3,José Fajardo,miss,corner,3.5,57.0,0,head,close-right,0,42.5,8.3,2607969,55,0.0,3242,57.0,3.5,57.5,0,57.5,91.7,36,2158,shot,0.0,0.0,0.0,0.0,0.0,0
catolica,cuenca,catolica,3,Kevin Quevedo,block,assisted,6.7,63.4,0,right-foot,low-centre,0,48.8,19.0,2607991,54,0.0,3201,63.4,6.7,51.2,0,51.2,81.0,37,2199,shot,1.6,54.2,0.0,54.2,1.6,0
catolica,cuenca,catolica,3,Luciano Nieto,miss,free-kick,29.3,62.7,0,left-foot,close-right,0,41.7,34.7,2607950,51,0.0,3046,62.7,29.3,58.3,0,58.3,65.3,40,2354,shot,0.0,0.0,0.0,0.0,0.0,0
catolica,cuenca,catolica,3,José Fajardo,save,assisted,12.2,47.8,0,right-foot,low-centre,0,50.6,3.2,2607916,48,0.0,2856,47.8,12.2,49.4,0,49.4,96.8,43,2544,shot,2.0,49.3,0.0,49.3,2.0,0
catolica,cuenca,cuenca,3,Danny Luna,goal,assisted,9.9,32.2,0,right-foot,low-right,0,46.2,4.4,2607907,46,0.0,2756,32.2,9.9,53.8,0,53.8,95.6,45,2644,shot,0.0,0.0,0.0,0.0,0.0,regular
catolica,cuenca,catolica,3,Luciano Nieto,save,assisted,20.7,58.2,0,left-foot,low-right,0,46.9,3.8,2607817,45,9.0,3194,58.2,20.7,53.1,0,53.1,96.2,1,2206,shot,0.3,52.9,0.0,52.9,0.3,0
catolica,cuenca,catolica,3,Jhon Cifuente,block,assisted,7.5,56.4,0,right-foot,low-centre,0,49.7,19.0,2607821,45,7.0,3076,56.4,7.5,50.3,0,50.3,81.0,1,2324,shot,4.8,54.2,0.0,54.2,4.8,0
catolica,cuenca,cuenca,3,Raúl Becerra,goal,penalty,11.5,50.0,0,right-foot,low-centre,0,48.5,7.6,2607798,45,5.0,2988,50.0,11.5,51.5,0,51.5,92.4,1,2412,shot,0.0,0.0,0.0,0.0,0.0,penalty
catolica,cuenca,catolica,3,Kevin Quevedo,save,assisted,3.1,58.4,0,right-foot,low-right,0,46.3,5.1,2607686,41,0.0,2425,58.4,3.1,53.7,0,53.7,94.9,5,275,shot,0.0,53.1,0.0,53.1,0.0,0
catolica,cuenca,catolica,3,Luciano Nieto,save,assisted,30.0,50.0,0,left-foot,low-centre,0,50.2,10.8,2607617,37,0.0,2189,50.0,30.0,49.8,0,49.8,89.2,9,511,shot,2.0,50.4,0.0,50.4,2.0,0
catolica,cuenca,cuenca,3,Raúl Becerra,save,assisted,10.9,39.7,0,right-foot,low-centre,0,51.8,4.4,2607616,36,0.0,2144,39.7,10.9,48.2,0,48.2,95.6,10,556,shot,1.4,48.0,0.0,48.0,1.4,0
catolica,cuenca,cuenca,3,Raúl Becerra,save,assisted,7.2,36.1,0,left-foot,low-centre,0,49.7,14.6,2607615,36,0.0,2136,36.1,7.2,50.3,0,50.3,85.4,10,564,shot,1.4,45.1,0.0,45.1,1.4,0
catolica,cuenca,catolica,3,Ismael Díaz,block,assisted,14.2,47.9,0,head,low-centre,0,51.0,19.0,2607623,34,0.0,2025,47.9,14.2,49.0,0,49.0,81.0,12,675,shot,12.7,48.0,0.0,48.0,12.7,0
catolica,cuenca,catolica,3,Jhon Cifuente,block,regular,28.8,46.6,0,right-foot,low-centre,0,50.3,19.0,2607622,34,0.0,2013,46.6,28.8,49.7,0,49.7,81.0,12,687,shot,24.1,47.1,0.0,47.1,24.1,0
catolica,cuenca,catolica,3,Layan Loor,miss,assisted,26.3,21.5,0,left-foot,high,0,50.1,86.1,2607599,33,0.0,1969,21.5,26.3,49.9,0,49.9,13.9,13,731,shot,0.0,0.0,0.0,0.0,0.0,0
catolica,cuenca,cuenca,3,Danny Luna,block,assisted,7.6,32.9,0,left-foot,low-left,0,52.2,19.0,2608337,32,0.0,1898,32.9,7.6,47.8,0,47.8,81.0,14,802,shot,5.8,36.5,0.0,36.5,5.8,0
catolica,cuenca,cuenca,3,Nazareno Romero,goal,assisted,6.2,36.4,0,left-foot,high-right,0,47.4,31.0,2607584,26,0.0,1559,36.4,6.2,52.6,0,52.6,69.0,20,1141,shot,0.0,0.0,0.0,0.0,0.0,regular
catolica,cuenca,catolica,3,Kevin Minda,miss,assisted,4.1,48.6,0,head,close-right,0,42.0,5.6,2607576,24,0.0,1433,48.6,4.1,58.0,0,58.0,94.4,22,1267,shot,0.0,0.0,0.0,0.0,0.0,0
catolica,cuenca,catolica,3,Exon Gustavo Vallecilla,miss,regular,25.9,60.9,0,left-foot,close-high-left,0,57.6,54.2,2607572,22,0.0,1319,60.9,25.9,42.4,0,42.4,45.8,24,1381,shot,0.0,0.0,0.0,0.0,0.0,0
catolica,cuenca,catolica,3,Kevin Minda,save,regular,11.4,63.4,0,right-foot,low-left,0,51.9,10.8,2607554,17,0.0,996,63.4,11.4,48.1,0,48.1,89.2,29,1704,shot,1.2,52.2,0.0,52.2,1.2,0
catolica,cuenca,catolica,3,Exon Gustavo Vallecilla,save,corner,12.1,40.3,0,head,low-centre,0,48.7,3.2,2607553,15,0.0,864,40.3,12.1,51.3,0,51.3,96.8,31,1836,shot,0.90000000000001,49.6,0.0,49.6,0.90000000000001,0
catolica,cuenca,catolica,3,Luciano Nieto,block,corner,32.0,42.2,0,left-foot,low-centre,0,49.5,19.0,2607515,8,0.0,448,42.2,32.0,50.5,0,50.5,81.0,38,2252,shot,12.4,47.3,0.0,47.3,12.4,0
catolica,cuenca,catolica,3,Jhon Cifuente,block,regular,23.1,33.5,0,left-foot,low-centre,0,51.5,19.0,2607462,7,0.0,406,33.5,23.1,48.5,0,48.5,81.0,39,2294,shot,15.8,38.3,0.0,38.3,15.8,0
delfin,tecnico,delfin,3,Erick Zuniga,miss,assisted,20.6,64.8,0,left-foot,close-right,0,40.8,8.3,2608745,85,0.0,5092,64.8,20.6,59.2,0,59.2,91.7,6,308,shot,0.5,56.7,0.0,56.7,0.5,0
delfin,tecnico,tecnico,3,Milton Maciel,save,regular,24.3,36.1,0,left-foot,high-centre,0,49.1,25.3,2608702,69,0.0,4091,36.1,24.3,50.9,0,50.9,74.7,22,1309,shot,1.4,48.6,0.0,48.6,1.4,0
delfin,tecnico,tecnico,3,Roberto Luzárraga,miss,set-piece,11.1,48.7,0,head,left,0,70.4,20.8,2608765,66,0.0,3922,48.7,11.1,29.6,0,29.6,79.2,25,1478,shot,0.0,0.0,0.0,0.0,0.0,0
delfin,tecnico,delfin,3,Enzo Gaggi,miss,free-kick,24.9,33.2,0,right-foot,left,0,60.5,27.8,2608696,63,0.0,3722,33.2,24.9,39.5,0,39.5,72.2,28,1678,shot,0.0,0.0,0.0,0.0,0.0,0
delfin,tecnico,delfin,3,Mariano Miño,goal,penalty,11.5,50.0,0,right-foot,low-right,0,48.0,15.8,2608691,59,0.0,3539,50.0,11.5,52.0,0,52.0,84.2,32,1861,shot,0.0,0.0,0.0,0.0,0.0,penalty
delfin,tecnico,delfin,3,Mariano Miño,miss,free-kick,26.0,29.8,0,right-foot,high,0,49.9,81.9,2608591,43,0.0,2572,29.8,26.0,50.1,0,50.1,18.1,3,128,shot,0.0,0.0,0.0,0.0,0.0,0
delfin,tecnico,tecnico,3,Emmanuel Torres,miss,assisted,34.6,78.3,0,right-foot,high-right,0,40.2,52.8,2608590,41,0.0,2425,78.3,34.6,59.8,0,59.8,47.2,5,275,shot,0.0,0.0,0.0,0.0,0.0,0
delfin,tecnico,tecnico,3,Rodrigo Ruiz Díaz,miss,corner,8.8,48.3,0,right-foot,close-right,0,41.8,22.2,2608551,36,0.0,2150,48.3,8.8,58.2,0,58.2,77.8,10,550,shot,0.0,0.0,0.0,0.0,0.0,0
delfin,tecnico,delfin,3,Juan Manuel Elordi,goal,set-piece,10.1,45.4,0,head,high-left,0,52.7,20.9,2608543,31,0.0,1816,45.4,10.1,47.3,0,47.3,79.1,15,884,shot,0.0,0.0,0.0,0.0,0.0,regular
delfin,tecnico,tecnico,3,Edison Caicedo,save,assisted,23.1,69.0,0,right-foot,low-centre,0,50.3,8.9,2608500,26,0.0,1525,69.0,23.1,49.7,0,49.7,91.1,20,1175,shot,1.5,51.8,0.0,51.8,1.5,0
delfin,tecnico,delfin,3,Enzo Gaggi,miss,assisted,18.5,55.8,0,right-foot,left,0,65.9,5.6,2608484,19,0.0,1122,55.8,18.5,34.1,0,34.1,94.4,27,1578,shot,0.0,0.0,0.0,0.0,0.0,0
delfin,tecnico,tecnico,3,Edison Caicedo,miss,regular,31.5,42.7,0,right-foot,high-right,0,39.5,55.6,2608445,18,0.0,1027,42.7,31.5,60.5,0,60.5,44.4,28,1673,shot,0.0,0.0,0.0,0.0,0.0,0
delfin,tecnico,delfin,3,Jose Enrique Angulo,save,penalty,11.5,50.0,0,right-foot,low-left,0,51.9,8.2,2608436,12,0.0,714,50.0,11.5,48.1,0,48.1,91.8,34,1986,shot,1.2,49.6,0.0,49.6,1.2,0
delfin,tecnico,delfin,3,Jostin Alman,save,fast-break,8.9,43.1,0,left-foot,low-centre,0,50.2,7.0,2608399,7,0.0,384,43.1,8.9,49.8,0,49.8,93.0,39,2316,shot,6.8,44.4,0.0,44.4,6.8,0
delfin,tecnico,delfin,3,Mariano Miño,save,assisted,24.3,40.3,0,right-foot,low-left,0,53.9,4.4,2608435,4,0.0,214,40.3,24.3,46.1,0,46.1,95.6,42,2486,shot,1.0,46.8,0.0,46.8,1.0,0
delfin,tecnico,delfin,3,Juan Manuel Elordi,miss,regular,21.4,37.0,0,left-foot,high-left,0,56.3,81.9,2608430,2,0.0,60,37.0,21.4,43.7,0,43.7,18.1,44,2640,shot,0.0,0.0,0.0,0.0,0.0,0
delfin,tecnico,delfin,3,Mariano Miño,block,regular,12.2,34.2,0,left-foot,low-centre,0,51.0,19.0,2608429,1,0.0,57,34.2,12.2,49.0,0,49.0,81.0,45,2643,shot,7.3,40.1,0.0,40.1,7.3,0
delfin,tecnico,delfin,3,Luis Castro,block,regular,13.2,42.8,0,left-foot,low-centre,0,50.4,19.0,2608390,1,0.0,56,42.8,13.2,49.6,0,49.6,81.0,45,2644,shot,10.1,44.4,0.0,44.4,10.1,0
independiente,cumbaya,independiente,3,Keny Arroyo,block,assisted,21.2,65.6,0,left-foot,low-centre,0,51.5,19.0,2595608,90,5.0,5654,65.6,21.2,48.5,0,48.5,81.0,1,646,shot,14.6,60.3,0.0,60.3,14.6,0
independiente,cumbaya,cumbaya,3,Melvin Diaz,miss,assisted,33.9,37.0,0,left-foot,right,0,39.5,22.2,2595601,90,1.0,5452,37.0,33.9,60.5,0,60.5,77.8,1,848,shot,0.0,0.0,0.0,0.0,0.0,0
independiente,cumbaya,independiente,3,Alexander Bolaños,goal,assisted,3.8,38.5,0,left-foot,low-right,0,45.8,8.9,2595592,88,0.0,5224,38.5,3.8,54.2,0,54.2,91.1,3,176,shot,0.0,0.0,0.0,0.0,0.0,regular
independiente,cumbaya,independiente,3,Michael Hoyos,miss,corner,7.7,54.4,0,head,left,0,62.5,18.1,2595600,86,0.0,5104,54.4,7.7,37.5,0,37.5,81.9,5,296,shot,0.0,0.0,0.0,0.0,0.0,0
independiente,cumbaya,cumbaya,3,Maikel Valencia,block,assisted,22.0,36.6,0,right-foot,low-left,0,51.8,19.0,2595580,80,0.0,4753,36.6,22.0,48.2,0,48.2,81.0,11,647,shot,17.0,32.3,0.0,32.3,17.0,0
independiente,cumbaya,independiente,3,Alexander Bolaños,miss,assisted,14.2,27.1,0,right-foot,high,0,45.4,72.2,2595579,78,0.0,4624,27.1,14.2,54.6,0,54.6,27.8,13,776,shot,0.0,0.0,0.0,0.0,0.0,0
independiente,cumbaya,independiente,3,Keny Arroyo,save,free-kick,22.6,34.6,0,left-foot,low-centre,0,50.5,10.8,2595577,72,0.0,4278,34.6,22.6,49.5,0,49.5,89.2,19,1122,shot,1.5,47.1,0.0,47.1,1.5,0
independiente,cumbaya,independiente,3,Michael Hoyos,goal,corner,4.5,45.8,0,right-foot,high-centre,0,48.7,28.5,2595556,60,0.0,3551,45.8,4.5,51.3,0,51.3,71.5,31,1849,shot,0.0,0.0,0.0,0.0,0.0,regular
independiente,cumbaya,independiente,3,Anthony Landázuri,miss,corner,9.2,42.6,0,right-foot,left,0,62.2,5.6,2595563,60,0.0,3550,42.6,9.2,37.8,0,37.8,94.4,31,1850,shot,3.8,41.0,0.0,41.0,3.8,0
independiente,cumbaya,independiente,3,Renato Ibarra,block,free-kick,27.9,39.7,0,right-foot,low-left,0,52.5,19.0,2595565,59,0.0,3515,39.7,27.9,47.5,0,47.5,81.0,32,1885,shot,17.5,42.6,0.0,42.6,17.5,0
independiente,cumbaya,independiente,3,Junior Sornoza,miss,assisted,21.9,54.3,0,right-foot,close-left,0,59.2,11.1,2595551,57,0.0,3375,54.3,21.9,40.8,0,40.8,88.9,34,2025,shot,0.0,0.0,0.0,0.0,0.0,0
independiente,cumbaya,independiente,3,Kendry Páez,goal,assisted,9.5,69.6,0,left-foot,high-left,0,53.7,29.7,2595543,51,0.0,3051,69.6,9.5,46.3,0,46.3,70.3,40,2349,shot,0.0,0.0,0.0,0.0,0.0,regular
independiente,cumbaya,independiente,3,Michael Hoyos,block,assisted,10.0,53.9,0,right-foot,low-centre,0,49.6,19.0,2595549,50,0.0,2940,53.9,10.0,50.4,0,50.4,81.0,41,2460,shot,8.6,53.4,0.0,53.4,8.6,0
independiente,cumbaya,independiente,3,Anthony Landázuri,save,regular,11.4,66.5,0,left-foot,low-centre,0,50.0,5.7,2595501,45,3.0,2872,66.5,11.4,50.0,0,50.0,94.3,1,2528,shot,1.2,52.7,0.0,52.7,1.2,0
independiente,cumbaya,independiente,3,Junior Sornoza,block,assisted,10.6,61.0,0,right-foot,low-right,0,48.0,19.0,2595504,45,3.0,2870,61.0,10.6,52.0,0,52.0,81.0,1,2530,shot,5.5,56.7,0.0,56.7,5.5,0
independiente,cumbaya,independiente,3,Renato Ibarra,miss,throw-in-set-piece,11.1,63.2,0,head,close-high-right,0,41.5,47.2,2595516,38,0.0,2241,63.2,11.1,58.5,0,58.5,52.8,8,459,shot,0.0,0.0,0.0,0.0,0.0,0
independiente,cumbaya,independiente,3,Richard Schunke,miss,corner,8.0,54.0,0,head,high,0,50.4,62.5,2595460,35,0.0,2090,54.0,8.0,49.6,0,49.6,37.5,11,610,shot,0.0,0.0,0.0,0.0,0.0,0
independiente,cumbaya,independiente,3,Joao Ortíz,block,corner,12.3,62.8,0,right-foot,low-centre,0,49.7,19.0,2595459,35,0.0,2067,62.8,12.3,50.3,0,50.3,81.0,11,633,shot,6.4,56.1,0.0,56.1,6.4,0
independiente,cumbaya,independiente,3,Renzo López,miss,corner,3.3,44.6,0,head,close-left,0,58.7,15.3,2595456,32,0.0,1902,44.6,3.3,41.3,0,41.3,84.7,14,798,shot,0.0,0.0,0.0,0.0,0.0,0
independiente,cumbaya,independiente,3,Richard Schunke,miss,corner,2.6,42.1,0,head,right,0,39.7,11.1,2595430,18,0.0,1036,42.1,2.6,60.3,0,60.3,88.9,28,1664,shot,0.0,0.0,0.0,0.0,0.0,0
independiente,cumbaya,independiente,3,Junior Sornoza,block,regular,15.6,40.1,0,right-foot,low-centre,0,51.0,19.0,2595429,16,0.0,951,40.1,15.6,49.0,0,49.0,81.0,30,1749,shot,9.3,43.7,0.0,43.7,9.3,0
independiente,cumbaya,independiente,3,Junior Sornoza,miss,assisted,22.7,40.7,0,right-foot,high-right,0,42.7,63.9,2595421,13,0.0,774,40.7,22.7,57.3,0,57.3,36.1,33,1926,shot,0.0,0.0,0.0,0.0,0.0,0
independiente,cumbaya,independiente,3,Yaimar Medina,save,assisted,5.1,31.9,0,left-foot,low-left,0,51.9,3.8,2595414,7,0.0,399,31.9,5.1,48.1,0,48.1,96.2,39,2301,shot,1.1,45.3,0.0,45.3,1.1,0
liga,aucas,liga,3,Alex Arce,save,assisted,19.2,36.6,0,right-foot,high-centre,0,50.1,24.1,2602179,90,6.0,5745,36.6,19.2,49.9,0,49.9,75.9,1,555,shot,2.0,50.9,0.0,50.9,2.0,0
liga,aucas,liga,3,Leonel Quiñónez,save,assisted,10.8,50.4,0,head,high-centre,0,49.0,30.4,2602188,90,3.0,5562,50.4,10.8,51.0,0,51.0,69.6,1,738,shot,1.5,52.3,0.0,52.3,1.5,0
liga,aucas,liga,3,Joseph Espinoza,block,throw-in-set-piece,21.9,28.5,0,right-foot,high-right,0,47.7,22.2,2602173,90,1.0,5400,28.5,21.9,52.3,0,52.3,77.8,1,0,shot,17.9,33.2,0.0,33.2,17.9,0
liga,aucas,liga,3,Leonel Quiñónez,post,assisted,19.1,33.3,0,left-foot,right,0,44.5,7.6,2602172,90,0.0,5389,33.3,19.1,55.5,0,55.5,92.4,1,11,shot,0.0,0.0,0.0,0.0,0.0,0
liga,aucas,aucas,3,Cristian Tobar,block,free-kick,26.3,39.2,0,right-foot,low-left,0,51.9,19.0,2602123,84,0.0,4997,39.2,26.3,48.1,0,48.1,81.0,7,403,shot,13.6,43.5,0.0,43.5,13.6,0
liga,aucas,liga,3,Michael Estrada,miss,assisted,10.5,50.7,0,head,high-left,0,57.5,68.1,2602116,79,0.0,4725,50.7,10.5,42.5,0,42.5,31.9,12,675,shot,0.0,0.0,0.0,0.0,0.0,0
liga,aucas,liga,3,José Quintero,block,assisted,4.5,65.5,0,right-foot,low-right,0,47.8,19.0,2602115,77,0.0,4581,65.5,4.5,52.2,0,52.2,81.0,14,819,shot,2.7,60.1,0.0,60.1,2.7,0
liga,aucas,liga,3,Sebastián González,miss,assisted,21.5,73.8,0,left-foot,high,0,49.6,69.4,2602104,74,0.0,4433,73.8,21.5,50.4,0,50.4,30.6,17,967,shot,0.0,0.0,0.0,0.0,0.0,0
liga,aucas,liga,3,Ricardo Adé,save,corner,7.7,36.4,0,head,high-centre,0,50.0,30.4,2602100,72,0.0,4288,36.4,7.7,50.0,0,50.0,69.6,19,1112,shot,1.9,48.6,0.0,48.6,1.9,0
liga,aucas,aucas,3,Carlos Rolón,miss,corner,10.4,57.5,0,head,left,0,59.3,27.8,2602098,70,0.0,4162,57.5,10.4,40.7,0,40.7,72.2,21,1238,shot,0.0,0.0,0.0,0.0,0.0,0
liga,aucas,aucas,3,Michael Carcelén,save,regular,34.0,28.4,0,right-foot,high-left,0,53.8,29.7,2602191,69,0.0,4108,28.4,34.0,46.2,0,46.2,70.3,22,1292,shot,1.5,46.9,0.0,46.9,1.5,0
liga,aucas,liga,3,José Quintero,miss,assisted,15.8,70.9,0,left-foot,high,0,44.7,86.1,2602092,68,0.0,4062,70.9,15.8,55.3,0,55.3,13.9,23,1338,shot,0.0,0.0,0.0,0.0,0.0,0
liga,aucas,liga,3,José Quintero,miss,set-piece,29.1,76.0,0,right-foot,left,0,60.0,20.8,2602041,59,0.0,3510,76.0,29.1,40.0,0,40.0,79.2,32,1890,shot,0.0,0.0,0.0,0.0,0.0,0
liga,aucas,aucas,3,Jeison Medina,save,fast-break,4.1,61.1,0,right-foot,low-right,0,47.3,9.5,2602028,57,0.0,3419,61.1,4.1,52.7,0,52.7,90.5,34,1981,shot,0.7,54.3,0.0,54.3,0.7,0
liga,aucas,aucas,3,Jeison Medina,miss,corner,7.5,40.4,0,head,close-high,0,50.4,59.7,2601955,48,0.0,2844,40.4,7.5,49.6,0,49.6,40.3,43,2556,shot,0.0,0.0,0.0,0.0,0.0,0
liga,aucas,liga,3,Leonel Quiñónez,miss,regular,32.3,57.2,0,left-foot,right,0,20.7,15.3,2601820,45,6.0,3031,57.2,32.3,79.3,0,79.3,84.7,1,2369,shot,0.0,0.0,0.0,0.0,0.0,0
liga,aucas,aucas,3,Jeison Medina,goal,assisted,6.5,50.0,0,left-foot,low-right,0,46.0,14.6,2601805,45,3.0,2820,50.0,6.5,54.0,0,54.0,85.4,1,2580,shot,0.0,0.0,0.0,0.0,0.0,regular
liga,aucas,aucas,3,Michael Carcelén,goal,set-piece,7.1,50.1,0,head,low-right,0,45.9,15.8,2601777,43,0.0,2577,50.1,7.1,54.1,0,54.1,84.2,3,123,shot,0.0,0.0,0.0,0.0,0.0,regular
liga,aucas,liga,3,Alex Arce,miss,assisted,17.0,64.3,0,right-foot,close-high,0,45.9,56.9,2601768,42,0.0,2504,64.3,17.0,54.1,0,54.1,43.1,4,196,shot,0.0,0.0,0.0,0.0,0.0,0
liga,aucas,aucas,3,Carlos Rolón,miss,set-piece,5.5,48.8,0,head,high,0,48.2,61.1,2601722,38,0.0,2279,48.8,5.5,51.8,0,51.8,38.9,8,421,shot,0.0,0.0,0.0,0.0,0.0,0
liga,aucas,aucas,3,Luis Cangá,block,free-kick,25.6,44.9,0,right-foot,low-centre,0,51.2,19.0,2601707,35,0.0,2088,44.9,25.6,48.8,0,48.8,81.0,11,612,shot,14.6,46.6,0.0,46.6,14.6,0
liga,aucas,aucas,3,Ronald Briones,block,free-kick,20.2,69.5,0,left-foot,low-right,0,48.2,19.0,2601700,32,0.0,1888,69.5,20.2,51.8,0,51.8,81.0,14,812,shot,13.2,63.4,0.0,63.4,13.2,0
liga,aucas,liga,3,Leonel Quiñónez,miss,free-kick,18.8,49.6,0,left-foot,high-left,0,58.5,70.8,2601657,30,0.0,1740,49.6,18.8,41.5,0,41.5,29.2,16,960,shot,0.0,0.0,0.0,0.0,0.0,0
liga,aucas,liga,3,Michael Estrada,miss,regular,10.9,40.4,0,left-foot,high,0,47.2,75.0,2601615,19,0.0,1125,40.4,10.9,52.8,0,52.8,25.0,27,1575,shot,0.0,0.0,0.0,0.0,0.0,0
liga,aucas,liga,3,Alex Arce,save,assisted,12.5,47.3,0,right-foot,low-centre,0,51.4,12.0,2601604,19,0.0,1122,47.3,12.5,48.6,0,48.6,88.0,27,1578,shot,1.1,49.3,0.0,49.3,1.1,0
liga,aucas,aucas,3,Jeison Medina,miss,assisted,9.2,48.4,0,head,close-right,0,41.8,22.2,2601558,14,0.0,812,48.4,9.2,58.2,0,58.2,77.8,32,1888,shot,0.0,0.0,0.0,0.0,0.0,0
liga,aucas,liga,3,Alex Arce,goal,corner,9.8,58.1,0,head,high-right,0,47.1,25.3,2601488,4,0.0,199,58.1,9.8,52.9,0,52.9,74.7,42,2501,shot,0.0,0.0,0.0,0.0,0.0,regular
macara,libertad,macara,3,Martin Tello,miss,assisted,15.9,35.8,0,left-foot,high,0,49.4,77.8,2595365,87,0.0,5186,35.8,15.9,50.6,0,50.6,22.2,4,214,shot,0.0,0.0,0.0,0.0,0.0,0
macara,libertad,macara,3,Miguel Perea,save,assisted,21.3,78.5,0,left-foot,low-centre,0,50.3,7.0,2595361,86,0.0,5104,78.5,21.3,49.7,0,49.7,93.0,5,296,shot,1.9,53.2,0.0,53.2,1.9,0
macara,libertad,libertad,3,Leandro Basan,save,assisted,11.2,67.8,0,right-foot,low-centre,0,48.4,6.3,2595359,85,0.0,5040,67.8,11.2,51.6,0,51.6,93.7,6,360,shot,1.2,51.4,0.0,51.4,1.2,0
macara,libertad,libertad,3,Diego Ávila,miss,assisted,18.3,41.8,0,head,close-right,0,42.5,13.9,2595334,81,0.0,4830,41.8,18.3,57.5,0,57.5,86.1,10,570,shot,0.0,0.0,0.0,0.0,0.0,0
macara,libertad,macara,3,Janpol Morales,goal,assisted,19.7,37.2,0,right-foot,low-right,0,45.9,7.0,2595330,79,0.0,4724,37.2,19.7,54.1,0,54.1,93.0,12,676,shot,0.0,0.0,0.0,0.0,0.0,regular
macara,libertad,libertad,3,Juan Alvacete,miss,set-piece,12.5,49.6,0,head,high-left,0,56.0,69.4,2595329,73,0.0,4322,49.6,12.5,44.0,0,44.0,30.6,18,1078,shot,0.0,0.0,0.0,0.0,0.0,0
macara,libertad,libertad,3,Leandro Basan,save,assisted,11.2,50.4,0,right-foot,low-centre,0,50.0,17.1,2595323,66,0.0,3941,50.4,11.2,50.0,0,50.0,82.9,25,1459,shot,1.4,50.2,0.0,50.2,1.4,0
macara,libertad,macara,3,Daniel Porozo,save,throw-in-set-piece,14.8,62.2,0,left-foot,low-centre,0,48.4,1.9,2595322,66,0.0,3914,62.2,14.8,51.6,0,51.6,98.1,25,1486,shot,2.0,52.2,0.0,52.2,2.0,0
macara,libertad,libertad,3,Libinton Angulo,miss,assisted,23.3,69.0,0,left-foot,close-left,0,58.0,16.7,2595321,65,0.0,3854,69.0,23.3,42.0,0,42.0,83.3,26,1546,shot,0.0,0.0,0.0,0.0,0.0,0
macara,libertad,macara,3,Facundo Pons,miss,fast-break,24.4,45.2,0,right-foot,high,0,51.6,80.6,2595320,63,0.0,3751,45.2,24.4,48.4,0,48.4,19.4,28,1649,shot,0.0,0.0,0.0,0.0,0.0,0
macara,libertad,libertad,3,Nixon Molina,post,free-kick,20.7,45.4,0,right-foot,high,0,47.2,40.5,2595324,58,0.0,3475,45.4,20.7,52.8,0,52.8,59.5,33,1925,shot,0.0,0.0,0.0,0.0,0.0,0
macara,libertad,macara,3,Facundo Pons,miss,assisted,7.7,44.8,0,head,left,0,61.3,37.5,2595258,48,0.0,2844,44.8,7.7,38.7,0,38.7,62.5,43,2556,shot,0.0,0.0,0.0,0.0,0.0,0
macara,libertad,macara,3,Daniel Porozo,block,assisted,19.4,24.8,0,right-foot,low-centre,0,49.2,19.0,2595257,47,0.0,2796,24.8,19.4,50.8,0,50.8,81.0,44,2604,shot,7.1,41.3,0.0,41.3,7.1,0
macara,libertad,libertad,3,Jair Martínez,block,assisted,19.3,60.6,0,left-foot,low-centre,0,50.5,19.0,2595256,47,0.0,2781,60.6,19.3,49.5,0,49.5,81.0,44,2619,shot,11.9,56.3,0.0,56.3,11.9,0
macara,libertad,macara,3,Daniel Porozo,miss,fast-break,8.3,68.5,0,right-foot,left,0,64.9,8.3,2595220,42,0.0,2476,68.5,8.3,35.1,0,35.1,91.7,4,224,shot,0.0,0.0,0.0,0.0,0.0,0
macara,libertad,macara,3,Freddy Mina,goal,regular,23.8,67.6,0,left-foot,high-centre,0,51.3,26.6,2595214,39,0.0,2299,67.6,23.8,48.7,0,48.7,73.4,7,401,shot,0.0,0.0,0.0,0.0,0.0,regular
macara,libertad,macara,3,Cristopher Angulo,miss,assisted,4.5,61.1,0,right-foot,right,0,37.6,26.4,2595209,35,0.0,2077,61.1,4.5,62.4,0,62.4,73.6,11,623,shot,0.0,0.0,0.0,0.0,0.0,0
macara,libertad,macara,3,Leonel Álvarez,block,assisted,25.4,54.5,0,right-foot,low-centre,0,50.1,19.0,2595208,31,0.0,1817,54.5,25.4,49.9,0,49.9,81.0,15,883,shot,19.5,53.4,0.0,53.4,19.5,0
macara,libertad,macara,3,Facundo Pons,goal,fast-break,18.9,30.7,0,right-foot,high-right,0,46.2,25.9,2595200,25,0.0,1483,30.7,18.9,53.8,0,53.8,74.1,21,1217,shot,0.0,0.0,0.0,0.0,0.0,regular
macara,libertad,macara,3,Jorge Valdez,block,regular,20.3,60.0,0,right-foot,low-centre,0,50.0,19.0,2595199,23,0.0,1365,60.0,20.3,50.0,0,50.0,81.0,23,1335,shot,17.2,58.5,0.0,58.5,17.2,0
macara,libertad,macara,3,Freddy Mina,miss,regular,7.7,43.7,0,left-foot,left,0,60.0,9.7,2595191,20,0.0,1148,43.7,7.7,40.0,0,40.0,90.3,26,1552,shot,0.0,0.0,0.0,0.0,0.0,0
macara,libertad,macara,3,Facundo Pons,miss,assisted,10.2,47.0,0,head,high,0,50.3,83.3,2595177,15,0.0,844,47.0,10.2,49.7,0,49.7,16.7,31,1856,shot,0.0,0.0,0.0,0.0,0.0,0
macara,libertad,macara,3,Freddy Mina,block,assisted,28.9,60.5,0,left-foot,low-left,0,52.5,19.0,2595176,12,0.0,667,60.5,28.9,47.5,0,47.5,81.0,34,2033,shot,18.0,55.6,0.0,55.6,18.0,0
mushuc-runa,imbabura,mushuc-runa,3,Daniel Segura,miss,assisted,26.2,21.0,0,right-foot,right,0,40.0,26.4,2601242,90,4.0,5605,21.0,26.2,60.0,0,60.0,73.6,1,695,shot,0.0,0.0,0.0,0.0,0.0,0
mushuc-runa,imbabura,imbabura,3,Leonar Espinoza,save,assisted,12.1,52.4,0,right-foot,low-centre,0,49.8,17.7,2601256,90,4.0,5587,52.4,12.1,50.2,0,50.2,82.3,1,713,shot,8.5,52.0,0.0,52.0,8.5,0
mushuc-runa,imbabura,imbabura,3,Wilson Alfredo Folleco Morales,miss,assisted,25.3,52.2,0,right-foot,close-high-right,0,41.5,48.6,2601228,90,1.0,5430,52.2,25.3,58.5,0,58.5,51.4,1,870,shot,0.0,0.0,0.0,0.0,0.0,0
mushuc-runa,imbabura,imbabura,3,Edison Caicedo,save,corner,31.2,46.2,0,right-foot,low-right,0,47.6,13.3,2601218,90,0.0,5361,46.2,31.2,52.4,0,52.4,86.7,1,39,shot,1.1,51.6,0.0,51.6,1.1,0
mushuc-runa,imbabura,imbabura,3,Óscar Pepinos,save,corner,19.9,66.9,0,right-foot,low-right,0,47.0,15.2,2601217,89,0.0,5327,66.9,19.9,53.0,0,53.0,84.8,2,73,shot,1.6,52.0,0.0,52.0,1.6,0
mushuc-runa,imbabura,imbabura,3,Guillermo Rendón,block,assisted,31.8,28.7,0,left-foot,low-centre,0,50.0,19.0,2601204,89,0.0,5282,28.7,31.8,50.0,0,50.0,81.0,2,118,shot,16.4,39.0,0.0,39.0,16.4,0
mushuc-runa,imbabura,mushuc-runa,3,Diego Ledesma,miss,assisted,9.7,37.7,0,right-foot,left,0,63.7,36.1,2601193,86,0.0,5156,37.7,9.7,36.3,0,36.3,63.9,5,244,shot,0.0,0.0,0.0,0.0,0.0,0
mushuc-runa,imbabura,imbabura,3,Óscar Pepinos,miss,assisted,21.8,27.1,0,left-foot,close-high-left,0,56.0,56.9,2601093,76,0.0,4515,27.1,21.8,44.0,0,44.0,43.1,15,885,shot,0.0,0.0,0.0,0.0,0.0,0
mushuc-runa,imbabura,mushuc-runa,3,Steven Tapiero,block,assisted,12.6,67.0,0,right-foot,low-right,0,45.6,19.0,2601080,73,0.0,4336,67.0,12.6,54.4,0,54.4,81.0,18,1064,shot,10.6,65.0,0.0,65.0,10.6,0
mushuc-runa,imbabura,imbabura,3,Óscar Pepinos,miss,regular,30.4,61.4,0,left-foot,left,0,61.5,19.4,2601035,67,0.0,4004,61.4,30.4,38.5,0,38.5,80.6,24,1396,shot,0.0,0.0,0.0,0.0,0.0,0
mushuc-runa,imbabura,imbabura,3,Leandro Pantoja,miss,free-kick,26.6,59.6,0,right-foot,close-high-right,0,41.5,56.9,2601025,66,0.0,3921,59.6,26.6,58.5,0,58.5,43.1,25,1479,shot,0.0,0.0,0.0,0.0,0.0,0
mushuc-runa,imbabura,imbabura,3,Erick Mendoza,miss,assisted,37.5,38.9,0,right-foot,high,0,55.0,73.6,2600937,57,0.0,3368,38.9,37.5,45.0,0,45.0,26.4,34,2032,shot,0.0,0.0,0.0,0.0,0.0,0
mushuc-runa,imbabura,imbabura,3,Leandro Pantoja,miss,assisted,11.9,46.1,0,head,close-right,0,41.0,18.1,2600936,55,0.0,3286,46.1,11.9,59.0,0,59.0,81.9,36,2114,shot,0.0,0.0,0.0,0.0,0.0,0
mushuc-runa,imbabura,mushuc-runa,3,Joaquín Vergés,goal,assisted,13.9,47.6,0,right-foot,low-right,0,46.1,4.4,2600901,53,0.0,3142,47.6,13.9,53.9,0,53.9,95.6,38,2258,shot,0.0,0.0,0.0,0.0,0.0,regular
mushuc-runa,imbabura,mushuc-runa,3,Sergio Gonzalez,miss,assisted,23.0,33.9,0,right-foot,high-left,0,60.0,68.1,2600872,51,0.0,3024,33.9,23.0,40.0,0,40.0,31.9,40,2376,shot,0.0,0.0,0.0,0.0,0.0,0
mushuc-runa,imbabura,imbabura,3,Jacson Pita Mina,miss,corner,10.3,42.4,0,head,high-left,0,59.3,41.7,2600539,33,0.0,1948,42.4,10.3,40.7,0,40.7,58.3,13,752,shot,0.0,0.0,0.0,0.0,0.0,0
mushuc-runa,imbabura,imbabura,3,Federico Paz,block,regular,21.6,56.7,0,right-foot,low-centre,0,50.4,19.0,2600538,32,0.0,1898,56.7,21.6,49.6,0,49.6,81.0,14,802,shot,12.1,53.6,0.0,53.6,12.1,0
mushuc-runa,imbabura,imbabura,3,Leandro Pantoja,post,penalty,11.5,50.0,0,right-foot,right,0,44.8,5.1,2600511,31,0.0,1806,50.0,11.5,55.2,0,55.2,94.9,15,894,shot,0.0,0.0,0.0,0.0,0.0,0
mushuc-runa,imbabura,mushuc-runa,3,Dennis Quintero,miss,corner,5.7,48.8,0,head,right,0,39.5,18.1,2600476,27,0.0,1580,48.8,5.7,60.5,0,60.5,81.9,19,1120,shot,0.0,0.0,0.0,0.0,0.0,0
mushuc-runa,imbabura,imbabura,3,Leonar Espinoza,miss,assisted,22.5,77.8,0,left-foot,high,0,49.6,66.7,2600346,19,0.0,1124,77.8,22.5,50.4,0,50.4,33.3,27,1576,shot,0.0,0.0,0.0,0.0,0.0,0
mushuc-runa,imbabura,mushuc-runa,3,Jonathan Dos Santos,goal,assisted,7.1,57.8,0,right-foot,low-left,0,53.9,6.3,2600337,18,0.0,1033,57.8,7.1,46.1,0,46.1,93.7,28,1667,shot,0.0,0.0,0.0,0.0,0.0,regular
mushuc-runa,imbabura,mushuc-runa,3,Jonathan Dos Santos,goal,penalty,11.5,50.0,0,right-foot,low-left,0,54.0,13.9,2600275,13,0.0,775,50.0,11.5,46.0,0,46.0,86.1,33,1925,shot,0.0,0.0,0.0,0.0,0.0,penalty
mushuc-runa,imbabura,mushuc-runa,3,Joaquín Vergés,save,assisted,11.7,64.3,0,right-foot,low-centre,0,50.3,8.9,2600259,10,0.0,570,64.3,11.7,49.7,0,49.7,91.1,36,2130,shot,1.9,53.6,0.0,53.6,1.9,0
mushuc-runa,imbabura,mushuc-runa,3,Jonathan Dos Santos,miss,free-kick,25.3,55.1,0,right-foot,high-left,0,56.1,68.1,2600238,9,0.0,526,55.1,25.3,43.9,0,43.9,31.9,37,2174,shot,0.0,0.0,0.0,0.0,0.0,0
mushuc-runa,imbabura,mushuc-runa,3,Joaquín Vergés,miss,assisted,21.1,70.6,0,right-foot,left,0,62.2,16.7,2600205,7,0.0,408,70.6,21.1,37.8,0,37.8,83.3,39,2292,shot,0.0,0.0,0.0,0.0,0.0,0
mushuc-runa,imbabura,mushuc-runa,3,Mauricio Alonso,save,fast-break,13.1,56.9,0,right-foot,low-centre,0,48.7,15.2,2600183,6,0.0,343,56.9,13.1,51.3,0,51.3,84.8,40,2357,shot,6.7,55.1,0.0,55.1,6.7,0
mushuc-runa,imbabura,mushuc-runa,3,Steven Tapiero,block,regular,21.8,67.3,0,right-foot,low-centre,0,50.3,19.0,2600171,5,0.0,271,67.3,21.8,49.7,0,49.7,81.0,41,2429,shot,13.6,60.7,0.0,60.7,13.6,0
nacional,emelec,nacional,3,Andres Mena,miss,set-piece,24.8,54.6,0,left-foot,close-left,0,59.0,12.5,2609160,90,5.0,5695,54.6,24.8,41.0,0,41.0,87.5,1,605,shot,0.0,0.0,0.0,0.0,0.0,0
nacional,emelec,nacional,3,Teddye Lara,miss,corner,33.1,53.4,0,right-foot,right,0,36.3,27.8,2609162,88,0.0,5220,53.4,33.1,63.7,0,63.7,72.2,3,180,shot,8.9,57.4,0.0,57.4,8.9,0
nacional,emelec,nacional,3,Gustavo Asprilla,save,assisted,22.8,46.6,0,right-foot,low-right,0,46.3,19.6,2609144,87,0.0,5187,46.6,22.8,53.7,0,53.7,80.4,4,213,shot,1.5,49.6,0.0,49.6,1.5,0
nacional,emelec,nacional,3,Andres Mena,save,free-kick,25.9,77.3,0,left-foot,low-left,0,52.1,13.9,2609139,86,0.0,5100,77.3,25.9,47.9,0,47.9,86.1,5,300,shot,1.5,52.5,0.0,52.5,1.5,0
nacional,emelec,nacional,3,Jordy Burbano,save,set-piece,11.1,39.7,0,head,low-centre,0,50.3,17.1,2609133,82,0.0,4895,39.7,11.1,49.7,0,49.7,82.9,9,505,shot,2.0,46.9,0.0,46.9,2.0,0
nacional,emelec,nacional,3,Gustavo Asprilla,miss,assisted,5.7,58.1,0,head,close-right,0,41.7,22.2,2609127,73,0.0,4328,58.1,5.7,58.3,0,58.3,77.8,18,1072,shot,0.0,0.0,0.0,0.0,0.0,0
nacional,emelec,nacional,3,Andres Mena,save,assisted,12.1,64.8,0,right-foot,low-right,0,47.3,6.3,2609124,72,0.0,4280,64.8,12.1,52.7,0,52.7,93.7,19,1120,shot,1.2,54.3,0.0,54.3,1.2,0
nacional,emelec,nacional,3,Gustavo Asprilla,block,assisted,19.7,58.7,0,right-foot,low-centre,0,51.0,19.0,2609114,66,0.0,3945,58.7,19.7,49.0,0,49.0,81.0,25,1455,shot,10.9,54.3,0.0,54.3,10.9,0
nacional,emelec,emelec,3,Luis Fernando León,goal,penalty,11.5,50.0,0,right-foot,low-left,0,53.3,7.0,2609101,61,0.0,3630,50.0,11.5,46.7,0,46.7,93.0,30,1770,shot,0.0,0.0,0.0,0.0,0.0,penalty
nacional,emelec,emelec,3,Washington Corozo,miss,assisted,11.9,62.0,0,right-foot,high-right,0,40.3,59.7,2609082,52,0.0,3061,62.0,11.9,59.7,0,59.7,40.3,39,2339,shot,0.0,0.0,0.0,0.0,0.0,0
nacional,emelec,nacional,3,Jordy Burbano,miss,assisted,27.8,45.2,0,left-foot,right,0,40.0,12.5,2609045,46,0.0,2747,45.2,27.8,60.0,0,60.0,87.5,45,2653,shot,3.6,56.5,0.0,56.5,3.6,0
nacional,emelec,nacional,3,Kevin Peralta,miss,assisted,31.3,22.5,0,left-foot,high-right,0,44.0,70.8,2608991,42,0.0,2484,22.5,31.3,56.0,0,56.0,29.2,4,216,shot,0.0,0.0,0.0,0.0,0.0,0
nacional,emelec,nacional,3,Byron Torrez,save,assisted,23.0,73.4,0,right-foot,low-centre,0,49.7,17.7,2608957,39,0.0,2289,73.4,23.0,50.3,0,50.3,82.3,7,411,shot,2.4,51.6,0.0,51.6,2.4,0
nacional,emelec,nacional,3,Jordy Burbano,block,assisted,23.1,67.7,0,right-foot,low-centre,0,50.1,19.0,2608954,36,0.0,2155,67.7,23.1,49.9,0,49.9,81.0,10,545,shot,18.6,64.3,0.0,64.3,18.6,0
nacional,emelec,emelec,3,Facundo Castelli,miss,assisted,4.0,44.4,0,right-foot,high,0,50.3,65.3,2608948,33,0.0,1973,44.4,4.0,49.7,0,49.7,34.7,13,727,shot,0.0,0.0,0.0,0.0,0.0,0
nacional,emelec,emelec,3,Marcelo Meli,block,assisted,20.0,40.4,0,left-foot,low-centre,0,49.2,19.0,2608947,31,0.0,1843,40.4,20.0,50.8,0,50.8,81.0,15,857,shot,14.7,43.1,0.0,43.1,14.7,0
nacional,emelec,emelec,3,Luis Fernando León,save,free-kick,36.1,67.0,0,right-foot,low-centre,0,50.8,7.0,2608923,25,0.0,1498,67.0,36.1,49.2,0,49.2,93.0,21,1202,shot,1.1,52.2,0.0,52.2,1.1,0
nacional,emelec,nacional,3,Jordy Burbano,miss,corner,12.6,51.9,0,head,left,0,98.0,20.8,2608918,23,0.0,1321,51.9,12.6,2.0,0,2.0,79.2,23,1379,shot,10.9,46.8,0.0,46.8,10.9,0
nacional,emelec,nacional,3,Byron Torrez,miss,assisted,23.7,60.7,0,right-foot,close-high-right,0,41.8,48.6,2608891,20,0.0,1140,60.7,23.7,58.2,0,58.2,51.4,26,1560,shot,0.0,0.0,0.0,0.0,0.0,0
nacional,emelec,nacional,3,Jordy Burbano,save,assisted,11.3,44.4,0,right-foot,high-left,0,53.5,27.8,2608888,19,0.0,1094,44.4,11.3,46.5,0,46.5,72.2,27,1606,shot,0.099999999999994,49.5,0.0,49.5,0.099999999999994,0
nacional,emelec,nacional,3,Jhoel Maya,miss,assisted,18.9,41.1,0,left-foot,high-right,0,42.0,66.7,2608874,15,0.0,843,41.1,18.9,58.0,0,58.0,33.3,31,1857,shot,0.0,0.0,0.0,0.0,0.0,0
nacional,emelec,emelec,3,Aníbal Leguizamón,block,corner,9.9,44.6,0,head,low-centre,0,48.5,19.0,2608835,10,0.0,544,44.6,9.9,51.5,0,51.5,81.0,36,2156,shot,7.3,46.4,0.0,46.4,7.3,0
nacional,emelec,nacional,3,Jordy Burbano,miss,corner,12.2,41.2,0,left-foot,close-left,0,56.5,23.6,2608887,6,0.0,316,41.2,12.2,43.5,0,43.5,76.4,40,2384,shot,1.4,44.6,0.0,44.6,1.4,0
nacional,emelec,nacional,3,Byron Torrez,block,regular,26.2,76.5,0,right-foot,low-left,0,52.6,19.0,2608827,5,0.0,274,76.5,26.2,47.4,0,47.4,81.0,41,2426,shot,20.7,70.4,0.0,70.4,20.7,0
nacional,emelec,nacional,3,Josué Chala,miss,corner,22.0,32.6,0,right-foot,right,0,39.3,19.4,2608826,4,0.0,200,32.6,22.0,60.7,0,60.7,80.6,42,2500,shot,0.0,0.0,0.0,0.0,0.0,0
nacional,emelec,emelec,3,Jhon Sánchez,miss,fast-break,18.3,76.0,0,right-foot,high-left,0,57.3,77.8,2608829,3,0.0,121,76.0,18.3,42.7,0,42.7,22.2,43,2579,shot,0.0,0.0,0.0,0.0,0.0,0
nacional,emelec,nacional,3,Byron Torrez,block,assisted,27.0,42.2,0,left-foot,low-centre,0,50.5,19.0,2608825,2,0.0,111,42.2,27.0,49.5,0,49.5,81.0,44,2589,shot,20.8,43.9,0.0,43.9,20.8,0
aucas,nacional,nacional,4,Gustavo Asprilla,save,corner,10.7,71.8,0,right-foot,low-centre,0,49.3,5.1,2618488,86,0.0,5157,71.8,10.7,50.7,0,50.7,94.9,5,243,shot,1.8,53.1,0.0,53.1,1.8,0
aucas,nacional,aucas,4,Jean Carlos Blanco,goal,corner,7.3,48.3,0,head,low-left,0,53.9,18.4,2618427,85,0.0,5042,48.3,7.3,46.1,0,46.1,81.6,6,358,shot,0.0,0.0,0.0,0.0,0.0,regular
aucas,nacional,aucas,4,Jeison Medina,save,assisted,9.9,53.2,0,other,low-right,0,45.9,17.7,2618426,84,0.0,5015,53.2,9.9,54.1,0,54.1,82.3,7,385,shot,0.59999999999999,50.9,0.0,50.9,0.59999999999999,0
aucas,nacional,aucas,4,Carlos Rolón,save,corner,6.2,51.6,0,head,low-right,0,46.1,9.5,2618429,83,0.0,4941,51.6,6.2,53.9,0,53.9,90.5,8,459,shot,1.2,52.0,0.0,52.0,1.2,0
aucas,nacional,aucas,4,Edison Vega,block,regular,23.6,58.2,0,left-foot,low-left,0,51.9,19.0,2618425,82,0.0,4905,58.2,23.6,48.1,0,48.1,81.0,9,495,shot,12.0,53.2,0.0,53.2,12.0,0
aucas,nacional,nacional,4,Jordy Burbano,goal,regular,11.2,43.3,0,right-foot,low-right,0,46.4,17.7,2618419,81,0.0,4811,43.3,11.2,53.6,0,53.6,82.3,10,589,shot,0.0,0.0,0.0,0.0,0.0,regular
aucas,nacional,nacional,4,Bryan Tana,block,regular,24.1,63.0,0,right-foot,low-centre,0,48.5,19.0,2618420,80,0.0,4784,63.0,24.1,51.5,0,51.5,81.0,11,616,shot,20.3,61.2,0.0,61.2,20.3,0
aucas,nacional,nacional,4,Luis Gomez,block,assisted,18.9,70.3,0,right-foot,low-left,0,52.3,19.0,2618418,80,0.0,4749,70.3,18.9,47.7,0,47.7,81.0,11,651,shot,13.4,65.3,0.0,65.3,13.4,0
aucas,nacional,aucas,4,Luis Cano,miss,assisted,16.9,62.4,0,right-foot,high,0,47.6,68.1,2618406,66,0.0,3935,62.4,16.9,52.4,0,52.4,31.9,25,1465,shot,0.0,0.0,0.0,0.0,0.0,0
aucas,nacional,nacional,4,Byron Palacios,goal,assisted,7.8,57.8,0,head,low-right,0,45.7,2.5,2618395,61,0.0,3604,57.8,7.8,54.3,0,54.3,97.5,30,1796,shot,0.0,0.0,0.0,0.0,0.0,regular
aucas,nacional,aucas,4,Ronald Briones,block,regular,12.6,42.1,0,right-foot,low-left,0,52.5,19.0,2618482,57,0.0,3407,42.1,12.6,47.5,0,47.5,81.0,34,1993,shot,8.9,43.7,0.0,43.7,8.9,0
aucas,nacional,aucas,4,Ronald Briones,block,regular,13.4,41.2,0,left-foot,low-left,0,52.8,19.0,2618392,57,0.0,3405,41.2,13.4,47.2,0,47.2,81.0,34,1995,shot,11.5,42.1,0.0,42.1,11.5,0
aucas,nacional,aucas,4,Juan Gonzalez,miss,corner,24.9,60.9,0,right-foot,left,0,59.3,4.2,2618382,56,0.0,3331,60.9,24.9,40.7,0,40.7,95.8,35,2069,shot,0.0,0.0,0.0,0.0,0.0,0
aucas,nacional,nacional,4,Tomson Minda,save,fast-break,12.4,67.5,0,right-foot,high-centre,0,51.2,26.6,2618372,52,0.0,3112,67.5,12.4,48.8,0,48.8,73.4,39,2288,shot,1.2,52.5,0.0,52.5,1.2,0
aucas,nacional,nacional,4,Antony Chere,miss,fast-break,5.9,29.8,0,left-foot,close-right,0,41.0,5.6,2618376,52,0.0,3074,29.8,5.9,59.0,0,59.0,94.4,39,2326,shot,0.0,0.0,0.0,0.0,0.0,0
aucas,nacional,aucas,4,Michael Carcelén,miss,assisted,29.5,55.1,0,right-foot,high-right,0,42.7,77.8,2618369,50,0.0,2999,55.1,29.5,57.3,0,57.3,22.2,41,2401,shot,0.0,0.0,0.0,0.0,0.0,0
aucas,nacional,nacional,4,Bryan Tana,miss,regular,31.7,41.9,0,right-foot,high-right,0,42.5,66.7,2618368,50,0.0,2954,41.9,31.7,57.5,0,57.5,33.3,41,2446,shot,0.0,0.0,0.0,0.0,0.0,0
aucas,nacional,aucas,4,Edison Vega,miss,throw-in-set-piece,24.5,41.9,0,left-foot,right,0,35.0,5.6,2618360,46,0.0,2753,41.9,24.5,65.0,0,65.0,94.4,45,2647,shot,0.0,0.0,0.0,0.0,0.0,0
aucas,nacional,aucas,4,Jean Carlos Blanco,goal,assisted,8.8,49.0,0,right-foot,low-left,0,54.3,4.4,2618293,45,1.0,2739,49.0,8.8,45.7,0,45.7,95.6,1,2661,shot,0.0,0.0,0.0,0.0,0.0,regular
aucas,nacional,nacional,4,Bryan Tana,save,assisted,29.7,44.8,0,right-foot,low-centre,0,50.9,13.9,2618288,45,0.0,2641,44.8,29.7,49.1,0,49.1,86.1,1,59,shot,1.8,47.7,0.0,47.7,1.8,0
aucas,nacional,aucas,4,Michael Carcelén,miss,fast-break,10.5,57.9,0,right-foot,high-left,0,58.0,88.9,2618287,44,0.0,2590,57.9,10.5,42.0,0,42.0,11.1,2,110,shot,0.0,0.0,0.0,0.0,0.0,0
aucas,nacional,aucas,4,Luis Cano,save,assisted,18.0,35.5,0,right-foot,high-centre,0,51.2,31.6,2618262,34,0.0,2004,35.5,18.0,48.8,0,48.8,68.4,12,696,shot,1.1,47.1,0.0,47.1,1.1,0
aucas,nacional,nacional,4,Byron Palacios,save,assisted,10.5,68.9,0,right-foot,low-right,0,46.9,10.8,2618258,31,0.0,1832,68.9,10.5,53.1,0,53.1,89.2,15,868,shot,1.6,53.4,0.0,53.4,1.6,0
aucas,nacional,nacional,4,Eddy Mejía,goal,assisted,8.5,30.9,0,left-foot,high-left,0,52.7,33.5,2618252,29,0.0,1693,30.9,8.5,47.3,0,47.3,66.5,17,1007,shot,0.0,0.0,0.0,0.0,0.0,regular
aucas,nacional,nacional,4,Bryan Tana,miss,regular,26.3,58.2,0,right-foot,left,0,63.5,19.4,2618255,29,0.0,1686,58.2,26.3,36.5,0,36.5,80.6,17,1014,shot,17.2,52.2,0.0,52.2,17.2,0
aucas,nacional,aucas,4,Carlos Rolón,miss,set-piece,13.2,61.4,0,head,close-right,0,41.3,18.1,2618245,24,0.0,1424,61.4,13.2,58.7,0,58.7,81.9,22,1276,shot,0.0,0.0,0.0,0.0,0.0,0
aucas,nacional,nacional,4,Kevin Peralta,miss,regular,32.1,42.7,0,right-foot,high-right,0,38.5,55.6,2618238,22,0.0,1302,42.7,32.1,61.5,0,61.5,44.4,24,1398,shot,0.0,0.0,0.0,0.0,0.0,0
aucas,nacional,nacional,4,Tomson Minda,miss,assisted,9.7,60.5,0,head,left,0,66.9,16.7,2618235,21,0.0,1222,60.5,9.7,33.1,0,33.1,83.3,25,1478,shot,2.4,45.5,0.0,45.5,2.4,0
aucas,nacional,aucas,4,Carlos Rolón,save,set-piece,11.9,56.9,0,head,high-centre,0,51.2,25.3,2618234,20,0.0,1196,56.9,11.9,48.8,0,48.8,74.7,26,1504,shot,0.59999999999999,51.3,0.0,51.3,0.59999999999999,0
aucas,nacional,aucas,4,Luis Cano,miss,free-kick,32.0,92.4,0,right-foot,high-left,0,56.0,73.6,2618226,19,0.0,1101,92.4,32.0,44.0,0,44.0,26.4,27,1599,shot,0.0,0.0,0.0,0.0,0.0,0
aucas,nacional,nacional,4,Byron Palacios,miss,regular,23.3,72.0,0,right-foot,right,0,39.8,19.4,2618222,17,0.0,985,72.0,23.3,60.2,0,60.2,80.6,29,1715,shot,0.0,0.0,0.0,0.0,0.0,0
aucas,nacional,aucas,4,Juan Gonzalez,miss,regular,26.0,72.2,0,left-foot,left,0,59.8,11.1,2618218,16,0.0,948,72.2,26.0,40.2,0,40.2,88.9,30,1752,shot,0.0,0.0,0.0,0.0,0.0,0
aucas,nacional,aucas,4,Luis Cano,miss,assisted,9.0,51.6,0,right-foot,right,0,25.7,5.6,2618212,14,0.0,806,51.6,9.0,74.3,0,74.3,94.4,32,1894,shot,1.5,59.4,0.0,59.4,1.5,0
aucas,nacional,nacional,4,Eddy Mejía,post,assisted,8.1,29.7,0,left-foot,right,0,44.8,3.2,2618217,13,0.0,749,29.7,8.1,55.2,0,55.2,96.8,33,1951,shot,0.0,0.0,0.0,0.0,0.0,0
aucas,nacional,nacional,4,Byron Palacios,miss,assisted,23.0,33.0,0,right-foot,high-right,0,38.8,69.4,2618206,10,0.0,557,33.0,23.0,61.2,0,61.2,30.6,36,2143,shot,0.0,0.0,0.0,0.0,0.0,0
aucas,nacional,nacional,4,Antony Chere,goal,assisted,5.0,40.9,0,right-foot,low-centre,0,49.0,3.8,2618200,8,0.0,455,40.9,5.0,51.0,0,51.0,96.2,38,2245,shot,0.0,0.0,0.0,0.0,0.0,regular
aucas,nacional,aucas,4,Jean Carlos Blanco,goal,assisted,5.1,52.6,0,head,low-right,0,48.1,8.2,2618192,4,0.0,205,52.6,5.1,51.9,0,51.9,91.8,42,2495,shot,0.0,0.0,0.0,0.0,0.0,regular
cuenca,macara,cuenca,4,Vilinton Branda,save,regular,27.9,65.8,0,left-foot,low-centre,0,50.3,5.7,2618107,90,7.0,5808,65.8,27.9,49.7,0,49.7,94.3,1,492,shot,3.5,52.7,0.0,52.7,3.5,0
cuenca,macara,macara,4,Freddy Mina,miss,assisted,33.7,26.7,0,right-foot,close-high-right,0,44.0,51.4,2618101,90,6.0,5738,26.7,33.7,56.0,0,56.0,48.6,1,562,shot,0.0,0.0,0.0,0.0,0.0,0
cuenca,macara,cuenca,4,Vilinton Branda,miss,assisted,22.7,57.6,0,left-foot,close-left,0,58.0,34.7,2618099,90,5.0,5655,57.6,22.7,42.0,0,42.0,65.3,1,645,shot,0.0,0.0,0.0,0.0,0.0,0
cuenca,macara,cuenca,4,Pablo Daniel Magnin,block,assisted,12.6,57.7,0,left-foot,low-centre,0,49.3,19.0,2618111,90,2.0,5511,57.7,12.6,50.7,0,50.7,81.0,1,789,shot,8.5,55.4,0.0,55.4,8.5,0
cuenca,macara,cuenca,4,Sixto Mina,miss,set-piece,15.9,48.8,0,head,left,0,60.2,2.8,2618091,89,0.0,5322,48.8,15.9,39.8,0,39.8,97.2,2,78,shot,0.0,0.0,0.0,0.0,0.0,0
cuenca,macara,macara,4,Janpol Morales,miss,assisted,30.4,44.0,0,right-foot,close-high-right,0,41.8,59.7,2618085,87,0.0,5192,44.0,30.4,58.2,0,58.2,40.3,4,208,shot,0.0,0.0,0.0,0.0,0.0,0
cuenca,macara,macara,4,Leonel Álvarez,miss,regular,28.3,12.6,0,right-foot,high,0,51.3,88.9,2618084,86,0.0,5134,12.6,28.3,48.7,0,48.7,11.1,5,266,shot,0.0,0.0,0.0,0.0,0.0,0
cuenca,macara,macara,4,Leonel Álvarez,miss,assisted,37.1,45.7,0,right-foot,high-right,0,43.2,86.1,2618078,83,0.0,4928,45.7,37.1,56.8,0,56.8,13.9,8,472,shot,0.0,0.0,0.0,0.0,0.0,0
cuenca,macara,macara,4,Freddy Mina,block,free-kick,27.4,55.2,0,right-foot,low-centre,0,51.0,19.0,2618077,82,0.0,4885,55.2,27.4,49.0,0,49.0,81.0,9,515,shot,16.4,52.7,0.0,52.7,16.4,0
cuenca,macara,macara,4,Janpol Morales,miss,assisted,13.8,37.9,0,right-foot,right,0,30.4,11.1,2618071,78,0.0,4665,37.9,13.8,69.6,0,69.6,88.9,13,735,shot,0.0,0.0,0.0,0.0,0.0,0
cuenca,macara,cuenca,4,Luis Aldair Arroyo Cabeza,miss,assisted,17.8,24.0,0,right-foot,left,0,59.3,12.5,2618070,76,0.0,4540,24.0,17.8,40.7,0,40.7,87.5,15,860,shot,0.0,0.0,0.0,0.0,0.0,0
cuenca,macara,macara,4,Freddy Mina,block,throw-in-set-piece,18.9,53.6,0,left-foot,low-right,0,46.3,19.0,2618069,73,0.0,4348,53.6,18.9,53.7,0,53.7,81.0,18,1052,shot,14.7,53.6,0.0,53.6,14.7,0
cuenca,macara,macara,4,Gino Barbieri,block,assisted,11.5,46.9,0,head,low-right,0,47.1,19.0,2618060,66,0.0,3929,46.9,11.5,52.9,0,52.9,81.0,25,1471,shot,9.0,48.2,0.0,48.2,9.0,0
cuenca,macara,macara,4,Freddy Mina,goal,assisted,5.6,32.8,0,left-foot,high-left,0,52.6,20.9,2618056,60,0.0,3596,32.8,5.6,47.4,0,47.4,79.1,31,1804,shot,0.0,0.0,0.0,0.0,0.0,regular
cuenca,macara,macara,4,Leonel Álvarez,block,free-kick,24.7,68.7,0,right-foot,low-centre,0,49.9,19.0,2618020,56,0.0,3313,68.7,24.7,50.1,0,50.1,81.0,35,2087,shot,14.7,61.2,0.0,61.2,14.7,0
cuenca,macara,cuenca,4,Lucas Mancinelli,goal,penalty,11.5,50.0,0,right-foot,low-centre,0,50.3,3.2,2618019,51,0.0,3023,50.0,11.5,49.7,0,49.7,96.8,40,2377,shot,0.0,0.0,0.0,0.0,0.0,penalty
cuenca,macara,macara,4,Jorge Valdez,block,assisted,12.0,67.3,0,left-foot,low-left,0,52.4,19.0,2617990,44,0.0,2584,67.3,12.0,47.6,0,47.6,81.0,2,116,shot,9.2,62.6,0.0,62.6,9.2,0
cuenca,macara,macara,4,Freddy Mina,save,free-kick,28.1,28.0,0,right-foot,low-left,0,53.2,1.9,2617989,37,0.0,2204,28.0,28.1,46.8,0,46.8,98.1,9,496,shot,3.8,49.5,0.0,49.5,3.8,0
cuenca,macara,macara,4,Emiliano Romero,block,regular,28.9,43.9,0,right-foot,low-centre,0,50.3,19.0,2617986,33,0.0,1923,43.9,28.9,49.7,0,49.7,81.0,13,777,shot,16.4,46.4,0.0,46.4,16.4,0
cuenca,macara,macara,4,Freddy Mina,miss,assisted,19.6,32.4,0,right-foot,right,0,8.4,13.9,2617987,32,0.0,1912,32.4,19.6,91.6,0,91.6,86.1,14,788,shot,11.5,79.1,0.0,79.1,11.5,0
cuenca,macara,macara,4,Facundo Pons,save,assisted,29.0,55.2,0,right-foot,low-centre,0,50.0,4.4,2617965,19,0.0,1123,55.2,29.0,50.0,0,50.0,95.6,27,1577,shot,1.6,51.1,0.0,51.1,1.6,0
cuenca,macara,cuenca,4,Danny Luna,save,assisted,27.1,44.8,0,left-foot,low-centre,0,51.4,10.8,2617963,17,0.0,1002,44.8,27.1,48.6,0,48.6,89.2,29,1698,shot,2.5,48.4,0.0,48.4,2.5,0
cuenca,macara,cuenca,4,Lucas Mancinelli,miss,set-piece,5.7,68.2,0,right-foot,close-right,0,41.7,5.6,2617961,16,0.0,908,68.2,5.7,58.3,0,58.3,94.4,30,1792,shot,0.0,0.0,0.0,0.0,0.0,0
cuenca,macara,macara,4,Gino Barbieri,save,set-piece,3.0,53.9,0,right-foot,low-right,0,47.5,2.5,2617960,12,0.0,673,53.9,3.0,52.5,0,52.5,97.5,34,2027,shot,1.4,52.2,0.0,52.2,1.4,0
cuenca,macara,macara,4,Jorge Valdez,save,free-kick,24.6,74.4,0,right-foot,low-centre,0,49.9,13.3,2617958,12,0.0,672,74.4,24.6,50.1,0,50.1,86.7,34,2028,shot,2.7,52.0,0.0,52.0,2.7,0
cuenca,macara,macara,4,Freddy Mina,save,assisted,28.4,65.8,0,right-foot,high-left,0,52.3,22.2,2617957,7,0.0,376,65.8,28.4,47.7,0,47.7,77.8,39,2324,shot,1.8,52.9,0.0,52.9,1.8,0
cumbaya,mushuc-runa,cumbaya,4,Elian Carabali,goal,penalty,11.5,50.0,0,left-foot,low-centre,0,48.5,10.1,2615376,90,11.0,6049,50.0,11.5,51.5,0,51.5,89.9,1,251,shot,0.0,0.0,0.0,0.0,0.0,penalty
cumbaya,mushuc-runa,cumbaya,4,Alejandro Altuna,block,assisted,19.8,51.2,0,right-foot,low-centre,0,49.9,19.0,2615374,90,9.0,5900,51.2,19.8,50.1,0,50.1,81.0,1,400,shot,11.4,50.7,0.0,50.7,11.4,0
cumbaya,mushuc-runa,mushuc-runa,4,Sergio Gonzalez,goal,regular,13.2,42.7,0,right-foot,high-left,0,52.3,31.0,2615351,90,7.0,5790,42.7,13.2,47.7,0,47.7,69.0,1,510,shot,0.0,0.0,0.0,0.0,0.0,regular
cumbaya,mushuc-runa,mushuc-runa,4,Jerry Parrales,save,penalty,11.5,50.0,0,right-foot,low-centre,0,50.5,10.1,2615348,90,5.0,5668,50.0,11.5,49.5,0,49.5,89.9,1,632,shot,0.3,50.2,0.0,50.2,0.3,0
cumbaya,mushuc-runa,mushuc-runa,4,Joaquín Vergés,miss,assisted,10.6,41.2,0,right-foot,right,0,29.9,19.4,2615345,89,0.0,5288,41.2,10.6,70.1,0,70.1,80.6,2,112,shot,5.1,60.5,0.0,60.5,5.1,0
cumbaya,mushuc-runa,mushuc-runa,4,Jean Carlos Estacio,miss,corner,24.4,59.3,0,right-foot,high,0,50.6,70.8,2615339,79,0.0,4702,59.3,24.4,49.4,0,49.4,29.2,12,698,shot,0.0,0.0,0.0,0.0,0.0,0
cumbaya,mushuc-runa,mushuc-runa,4,Dennis Quintero,miss,corner,7.9,59.7,0,other,left,0,82.9,36.1,2615335,79,0.0,4695,59.7,7.9,17.1,0,17.1,63.9,12,705,shot,4.4,40.2,0.0,40.2,4.4,0
cumbaya,mushuc-runa,mushuc-runa,4,Sergio Gonzalez,miss,regular,11.5,26.3,0,left-foot,high,0,44.2,62.5,2615331,73,0.0,4376,26.3,11.5,55.8,0,55.8,37.5,18,1024,shot,0.0,0.0,0.0,0.0,0.0,0
cumbaya,mushuc-runa,cumbaya,4,Elian Carabali,goal,assisted,6.9,47.4,0,head,high-centre,0,51.7,25.3,2615327,67,0.0,3987,47.4,6.9,48.3,0,48.3,74.7,24,1413,shot,0.0,0.0,0.0,0.0,0.0,regular
cumbaya,mushuc-runa,cumbaya,4,Luis Gustavino,miss,corner,7.2,56.4,0,head,close-right,0,42.7,25.0,2615326,66,0.0,3902,56.4,7.2,57.3,0,57.3,75.0,25,1498,shot,0.0,0.0,0.0,0.0,0.0,0
cumbaya,mushuc-runa,cumbaya,4,Melvin Diaz,block,assisted,15.0,27.8,0,right-foot,low-centre,0,50.2,19.0,2615325,65,0.0,3861,27.8,15.0,49.8,0,49.8,81.0,26,1539,shot,10.2,34.8,0.0,34.8,10.2,0
cumbaya,mushuc-runa,mushuc-runa,4,Mauricio Alonso,miss,assisted,21.4,72.1,0,right-foot,close-left,0,57.0,5.6,2615324,60,0.0,3546,72.1,21.4,43.0,0,43.0,94.4,31,1854,shot,0.0,0.0,0.0,0.0,0.0,0
cumbaya,mushuc-runa,mushuc-runa,4,Sergio Gonzalez,miss,assisted,10.6,37.0,0,right-foot,close-high-right,0,41.3,44.4,2615323,58,0.0,3470,37.0,10.6,58.7,0,58.7,55.6,33,1930,shot,0.0,0.0,0.0,0.0,0.0,0
cumbaya,mushuc-runa,cumbaya,4,Ariel Almagro,save,assisted,15.3,31.1,0,left-foot,low-left,0,53.2,4.4,2615322,57,0.0,3392,31.1,15.3,46.8,0,46.8,95.6,34,2008,shot,1.9,47.7,0.0,47.7,1.9,0
cumbaya,mushuc-runa,mushuc-runa,4,Joaquín Vergés,miss,free-kick,19.4,29.5,0,right-foot,close-high,0,47.4,58.3,2615319,56,0.0,3317,29.5,19.4,52.6,0,52.6,41.7,35,2083,shot,0.0,0.0,0.0,0.0,0.0,0
cumbaya,mushuc-runa,mushuc-runa,4,Mauricio Alonso,block,regular,20.5,79.9,0,right-foot,low-centre,0,50.3,19.0,2615321,50,0.0,2981,79.9,20.5,49.7,0,49.7,81.0,41,2419,shot,17.7,75.8,0.0,75.8,17.7,0
cumbaya,mushuc-runa,mushuc-runa,4,Sergio Gonzalez,miss,assisted,11.2,71.7,0,right-foot,left,0,70.8,6.9,2615318,48,0.0,2847,71.7,11.2,29.2,0,29.2,93.1,43,2553,shot,3.6,50.2,0.0,50.2,3.6,0
cumbaya,mushuc-runa,cumbaya,4,Gorman Estacio,miss,regular,35.8,80.1,0,right-foot,high,0,55.5,68.1,2615286,43,0.0,2567,80.1,35.8,44.5,0,44.5,31.9,3,133,shot,0.0,0.0,0.0,0.0,0.0,0
cumbaya,mushuc-runa,cumbaya,4,Melvin Diaz,miss,assisted,32.7,79.2,0,left-foot,close-right,0,42.2,5.6,2615285,43,0.0,2544,79.2,32.7,57.8,0,57.8,94.4,3,156,shot,0.0,0.0,0.0,0.0,0.0,0
cumbaya,mushuc-runa,cumbaya,4,Franco Suárez,save,corner,8.6,70.7,0,left-foot,low-centre,0,49.6,18.4,2615284,42,0.0,2464,70.7,8.6,50.4,0,50.4,81.6,4,236,shot,1.8,55.4,0.0,55.4,1.8,0
cumbaya,mushuc-runa,cumbaya,4,Augusto Magoia,miss,assisted,6.1,46.5,0,right-foot,left,0,62.2,5.6,2615283,38,0.0,2230,46.5,6.1,37.8,0,37.8,94.4,8,470,shot,0.0,0.0,0.0,0.0,0.0,0
cumbaya,mushuc-runa,mushuc-runa,4,Joaquín Vergés,miss,assisted,14.6,46.1,0,right-foot,high,0,46.2,75.0,2615282,34,0.0,2000,46.1,14.6,53.8,0,53.8,25.0,12,700,shot,0.0,0.0,0.0,0.0,0.0,0
cumbaya,mushuc-runa,mushuc-runa,4,Rody Zambrano,block,assisted,41.0,38.9,0,left-foot,low-right,0,48.1,19.0,2615281,33,0.0,1955,38.9,41.0,51.9,0,51.9,81.0,13,745,shot,18.5,46.0,0.0,46.0,18.5,0
cumbaya,mushuc-runa,mushuc-runa,4,Joaquín Vergés,miss,assisted,6.0,54.3,0,head,right,0,38.8,37.5,2615280,30,0.0,1790,54.3,6.0,61.2,0,61.2,62.5,16,910,shot,0.0,0.0,0.0,0.0,0.0,0
cumbaya,mushuc-runa,mushuc-runa,4,Jerry Parrales,block,corner,13.2,42.5,0,left-foot,low-centre,0,49.4,19.0,2615279,29,0.0,1710,42.5,13.2,50.6,0,50.6,81.0,17,990,shot,9.8,44.6,0.0,44.6,9.8,0
cumbaya,mushuc-runa,mushuc-runa,4,Diego Ledesma,save,fast-break,8.6,51.9,0,head,low-left,0,52.6,9.5,2615278,28,0.0,1658,51.9,8.6,47.4,0,47.4,90.5,18,1042,shot,0.90000000000001,50.7,0.0,50.7,0.90000000000001,0
cumbaya,mushuc-runa,mushuc-runa,4,Jean Carlos Estacio,miss,corner,27.7,43.7,0,right-foot,close-right,0,40.8,30.6,2615277,27,0.0,1600,43.7,27.7,59.2,0,59.2,69.4,19,1100,shot,0.0,0.0,0.0,0.0,0.0,0
cumbaya,mushuc-runa,cumbaya,4,Luis Caicedo,miss,free-kick,11.5,14.1,0,right-foot,high,0,50.4,61.1,2615274,24,0.0,1389,14.1,11.5,49.6,0,49.6,38.9,22,1311,shot,0.0,0.0,0.0,0.0,0.0,0
cumbaya,mushuc-runa,mushuc-runa,4,Joaquín Vergés,miss,regular,23.6,56.5,0,left-foot,close-high,0,49.6,59.7,2615272,14,0.0,836,56.5,23.6,50.4,0,50.4,40.3,32,1864,shot,0.0,0.0,0.0,0.0,0.0,0
cumbaya,mushuc-runa,cumbaya,4,Luis Caicedo,save,free-kick,27.3,25.8,0,right-foot,low-centre,0,50.6,7.0,2615270,11,0.0,611,25.8,27.3,49.4,0,49.4,93.0,35,2089,shot,3.3,47.5,0.0,47.5,3.3,0
cumbaya,mushuc-runa,mushuc-runa,4,Diego Ledesma,miss,assisted,14.0,31.2,0,left-foot,close-left,0,57.3,12.5,2615264,5,0.0,251,31.2,14.0,42.7,0,42.7,87.5,41,2449,shot,0.0,0.0,0.0,0.0,0.0,0
emelec,delfin,delfin,4,Kevin Sambonino,save,corner,23.1,51.8,0,right-foot,low-right,0,46.0,2.5,2621308,90,4.0,5586,51.8,23.1,54.0,0,54.0,97.5,1,714,shot,1.6,50.5,0.0,50.5,1.6,0
emelec,delfin,delfin,4,Jose Enrique Angulo,save,assisted,19.8,37.4,0,right-foot,low-left,0,52.1,3.8,2621304,90,0.0,5386,37.4,19.8,47.9,0,47.9,96.2,1,14,shot,1.5,50.2,0.0,50.2,1.5,0
emelec,delfin,emelec,4,Rodrigo Rivero,block,free-kick,30.9,54.8,0,left-foot,low-centre,0,48.2,19.0,2621309,80,0.0,4775,54.8,30.9,51.8,0,51.8,81.0,11,625,shot,22.4,54.0,0.0,54.0,22.4,0
emelec,delfin,emelec,4,Rodrigo Rivero,block,fast-break,12.6,48.7,0,left-foot,low-right,0,47.7,19.0,2621305,76,0.0,4517,48.7,12.6,52.3,0,52.3,81.0,15,883,shot,10.6,49.3,0.0,49.3,10.6,0
emelec,delfin,delfin,4,Kevin Sambonino,block,corner,19.9,52.1,0,right-foot,low-centre,0,49.2,19.0,2621267,76,0.0,4504,52.1,19.9,50.8,0,50.8,81.0,15,896,shot,9.9,51.4,0.0,51.4,9.9,0
emelec,delfin,emelec,4,Washington Corozo,miss,regular,19.8,34.9,0,left-foot,high-left,0,59.0,69.4,2621260,72,0.0,4285,34.9,19.8,41.0,0,41.0,30.6,19,1115,shot,0.0,0.0,0.0,0.0,0.0,0
emelec,delfin,emelec,4,Facundo Castelli,block,regular,16.5,57.7,0,right-foot,low-right,0,47.2,19.0,2621259,72,0.0,4282,57.7,16.5,52.8,0,52.8,81.0,19,1118,shot,13.1,56.7,0.0,56.7,13.1,0
emelec,delfin,delfin,4,Juan Manuel Elordi,block,regular,22.9,38.7,0,left-foot,low-centre,0,51.8,19.0,2621269,66,0.0,3921,38.7,22.9,48.2,0,48.2,81.0,25,1479,shot,17.9,40.8,0.0,40.8,17.9,0
emelec,delfin,delfin,4,Mejia Marcos,block,assisted,19.3,53.1,0,left-foot,low-centre,0,49.4,19.0,2621265,66,0.0,3920,53.1,19.3,50.6,0,50.6,81.0,25,1480,shot,13.6,52.3,0.0,52.3,13.6,0
emelec,delfin,emelec,4,Romario Caicedo,goal,corner,3.7,52.4,0,left-foot,high-centre,0,48.7,28.5,2621239,61,0.0,3633,52.4,3.7,51.3,0,51.3,71.5,30,1767,shot,0.0,0.0,0.0,0.0,0.0,regular
emelec,delfin,emelec,4,Facundo Castelli,goal,assisted,13.0,47.9,0,right-foot,low-centre,0,51.0,7.0,2621231,57,0.0,3385,47.9,13.0,49.0,0,49.0,93.0,34,2015,shot,0.0,0.0,0.0,0.0,0.0,regular
emelec,delfin,delfin,4,Luis Castro,save,regular,21.8,64.9,0,right-foot,low-left,0,52.6,19.6,2621221,52,0.0,3112,64.9,21.8,47.4,0,47.4,80.4,39,2288,shot,1.6,51.4,0.0,51.4,1.6,0
emelec,delfin,emelec,4,Marcelo Meli,miss,assisted,28.0,47.3,0,right-foot,high-right,0,36.3,55.6,2621172,45,0.0,2691,47.3,28.0,63.7,0,63.7,44.4,1,9,shot,0.0,0.0,0.0,0.0,0.0,0
emelec,delfin,emelec,4,Washington Corozo,block,regular,11.3,38.5,0,head,low-right,0,47.1,19.0,2621169,45,0.0,2680,38.5,11.3,52.9,0,52.9,81.0,1,20,shot,2.7,49.5,0.0,49.5,2.7,0
emelec,delfin,emelec,4,Jhon Sánchez,block,assisted,2.9,39.9,0,head,low-right,0,47.6,19.0,2621167,45,0.0,2679,39.9,2.9,52.4,0,52.4,81.0,1,21,shot,0.5,50.4,0.0,50.4,0.5,0
emelec,delfin,delfin,4,Jose Enrique Angulo,block,assisted,27.6,29.5,0,right-foot,low-left,0,51.9,19.0,2621154,44,0.0,2588,29.5,27.6,48.1,0,48.1,81.0,2,112,shot,19.2,35.2,0.0,35.2,19.2,0
emelec,delfin,delfin,4,Mariano Miño,miss,assisted,18.5,65.2,0,right-foot,close-right,0,42.7,30.6,2621153,43,0.0,2538,65.2,18.5,57.3,0,57.3,69.4,3,162,shot,0.0,0.0,0.0,0.0,0.0,0
emelec,delfin,delfin,4,Jostin Alman,block,assisted,13.4,46.6,0,left-foot,low-centre,0,51.7,19.0,2621152,42,0.0,2483,46.6,13.4,48.3,0,48.3,81.0,4,217,shot,10.9,46.9,0.0,46.9,10.9,0
emelec,delfin,emelec,4,Marcelo Meli,post,assisted,4.0,41.3,0,right-foot,high,0,53.1,39.9,2621177,40,0.0,2370,41.3,4.0,46.9,0,46.9,60.1,6,330,shot,0.0,0.0,0.0,0.0,0.0,0
emelec,delfin,emelec,4,Aníbal Leguizamón,miss,corner,7.9,63.2,0,right-foot,left,0,61.3,8.3,2621176,40,0.0,2365,63.2,7.9,38.7,0,38.7,91.7,6,335,shot,2.9,44.0,0.0,44.0,2.9,0
emelec,delfin,delfin,4,Maikel Reyes,block,assisted,19.8,58.6,0,right-foot,low-centre,0,49.4,19.0,2621166,38,0.0,2246,58.6,19.8,50.6,0,50.6,81.0,8,454,shot,11.5,55.2,0.0,55.2,11.5,0
emelec,delfin,emelec,4,Facundo Castelli,miss,corner,12.0,46.8,0,head,high-right,0,35.6,43.1,2621144,36,0.0,2152,46.8,12.0,64.4,0,64.4,56.9,10,548,shot,0.0,0.0,0.0,0.0,0.0,0
emelec,delfin,emelec,4,Washington Corozo,save,assisted,14.5,61.0,0,right-foot,low-centre,0,48.5,10.8,2621121,36,0.0,2118,61.0,14.5,51.5,0,51.5,89.2,10,582,shot,2.8,52.0,0.0,52.0,2.8,0
emelec,delfin,delfin,4,Jose Enrique Angulo,miss,corner,22.5,50.3,0,right-foot,close-high-right,0,42.2,58.3,2621108,24,0.0,1400,50.3,22.5,57.8,0,57.8,41.7,22,1300,shot,0.0,0.0,0.0,0.0,0.0,0
emelec,delfin,delfin,4,Jostin Alman,block,throw-in-set-piece,13.9,56.1,0,right-foot,low-centre,0,50.1,19.0,2621107,23,0.0,1359,56.1,13.9,49.9,0,49.9,81.0,23,1341,shot,9.2,54.0,0.0,54.0,9.2,0
emelec,delfin,emelec,4,Facundo Castelli,save,regular,15.9,69.0,0,right-foot,low-centre,0,50.7,12.7,2621101,19,0.0,1092,69.0,15.9,49.3,0,49.3,87.3,27,1608,shot,1.6,52.0,0.0,52.0,1.6,0
emelec,delfin,delfin,4,Jostin Alman,miss,assisted,23.3,63.6,0,left-foot,right,0,40.7,27.8,2621085,12,0.0,680,63.6,23.3,59.3,0,59.3,72.2,34,2020,shot,0.0,0.0,0.0,0.0,0.0,0
emelec,delfin,emelec,4,Facundo Castelli,block,assisted,16.5,31.1,0,left-foot,high-centre,0,51.3,23.6,2621098,8,0.0,444,31.1,16.5,48.7,0,48.7,76.4,38,2256,shot,14.6,32.7,0.0,32.7,14.6,0
emelec,delfin,emelec,4,Facundo Castelli,miss,assisted,13.9,51.5,0,head,close-right,0,41.0,34.7,2621078,6,0.0,324,51.5,13.9,59.0,0,59.0,65.3,40,2376,shot,0.0,0.0,0.0,0.0,0.0,0
emelec,delfin,emelec,4,Gustavo Cortez,block,corner,15.8,26.8,0,head,high-centre,0,49.6,22.2,2621092,5,0.0,286,26.8,15.8,50.4,0,50.4,77.8,41,2414,shot,10.7,33.4,0.0,33.4,10.7,0
emelec,delfin,emelec,4,Facundo Castelli,block,assisted,13.6,50.0,0,right-foot,low-left,0,53.7,19.0,2621074,4,0.0,237,50.0,13.6,46.3,0,46.3,81.0,42,2463,shot,11.6,49.5,0.0,49.5,11.6,0
emelec,delfin,delfin,4,Juan Manuel Elordi,block,corner,20.6,37.0,0,right-foot,low-centre,0,50.2,19.0,2621077,2,0.0,86,37.0,20.6,49.8,0,49.8,81.0,44,2614,shot,6.7,45.7,0.0,45.7,6.7,0
orense,imbabura,imbabura,4,Roni Chávez,miss,regular,29.6,20.6,0,left-foot,left,0,59.3,11.1,2615603,90,4.0,5600,20.6,29.6,40.7,0,40.7,88.9,1,700,shot,1.1,39.5,0.0,39.5,1.1,0
orense,imbabura,imbabura,4,Jhon Arteaga,save,assisted,12.2,60.5,0,right-foot,low-centre,0,50.1,5.1,2615601,90,4.0,5592,60.5,12.2,49.9,0,49.9,94.9,1,708,shot,1.8,50.9,0.0,50.9,1.8,0
orense,imbabura,imbabura,4,Erick Mendoza,goal,regular,19.6,40.7,0,right-foot,low-right,0,47.5,4.4,2615587,89,0.0,5322,40.7,19.6,52.5,0,52.5,95.6,2,78,shot,0.0,0.0,0.0,0.0,0.0,regular
orense,imbabura,orense,4,Dany Coronel,save,assisted,7.5,57.7,0,head,low-right,0,47.5,17.7,2615583,86,0.0,5107,57.7,7.5,52.5,0,52.5,82.3,5,293,shot,1.8,53.4,0.0,53.4,1.8,0
orense,imbabura,orense,4,Cristian Barros,miss,set-piece,26.6,48.1,0,right-foot,high,0,45.9,88.9,2615579,84,0.0,5028,48.1,26.6,54.1,0,54.1,11.1,7,372,shot,0.0,0.0,0.0,0.0,0.0,0
orense,imbabura,imbabura,4,Erick Mendoza,miss,regular,13.2,67.0,0,right-foot,left,0,63.2,11.1,2615563,67,0.0,3989,67.0,13.2,36.8,0,36.8,88.9,24,1411,shot,0.0,0.0,0.0,0.0,0.0,0
orense,imbabura,orense,4,Robert Burbano,save,assisted,25.8,24.8,0,right-foot,low-centre,0,49.7,10.8,2615558,63,0.0,3759,24.8,25.8,50.3,0,50.3,89.2,28,1641,shot,5.7,46.2,0.0,46.2,5.7,0
orense,imbabura,orense,4,Dany Coronel,miss,assisted,25.3,39.9,0,right-foot,left,0,68.1,20.8,2615556,62,0.0,3683,39.9,25.3,31.9,0,31.9,79.2,29,1717,shot,0.0,0.0,0.0,0.0,0.0,0
orense,imbabura,imbabura,4,Erick Mendoza,save,regular,14.4,78.7,0,right-foot,high-left,0,53.2,26.6,2615555,61,0.0,3612,78.7,14.4,46.8,0,46.8,73.4,30,1788,shot,0.3,50.4,0.0,50.4,0.3,0
orense,imbabura,orense,4,Erick Plúas,block,assisted,12.4,33.4,0,right-foot,low-centre,0,50.3,19.0,2615551,56,0.0,3337,33.4,12.4,49.7,0,49.7,81.0,35,2063,shot,7.6,39.7,0.0,39.7,7.6,0
orense,imbabura,orense,4,Walter Agustin Herrera,save,assisted,9.5,37.5,0,right-foot,low-right,0,47.7,7.6,2615527,52,0.0,3092,37.5,9.5,52.3,0,52.3,92.4,39,2308,shot,6.8,40.1,0.0,40.1,6.8,0
orense,imbabura,imbabura,4,Leonar Espinoza,miss,assisted,12.2,70.1,0,right-foot,right,0,39.3,12.5,2615520,51,0.0,3041,70.1,12.2,60.7,0,60.7,87.5,40,2359,shot,0.0,0.0,0.0,0.0,0.0,0
orense,imbabura,imbabura,4,Erick Mendoza,goal,corner,7.7,44.5,0,head,low-right,0,46.1,13.3,2615518,49,0.0,2882,44.5,7.7,53.9,0,53.9,86.7,42,2518,shot,0.0,0.0,0.0,0.0,0.0,regular
orense,imbabura,imbabura,4,Leonar Espinoza,post,assisted,8.8,70.3,0,right-foot,left,0,55.1,8.9,2615519,48,0.0,2840,70.3,8.8,44.9,0,44.9,91.1,43,2560,shot,0.0,0.0,0.0,0.0,0.0,0
orense,imbabura,orense,4,Walter Agustin Herrera,goal,penalty,11.5,50.0,0,right-foot,low-right,0,47.1,4.4,2615485,45,4.0,2924,50.0,11.5,52.9,0,52.9,95.6,1,2476,shot,0.0,0.0,0.0,0.0,0.0,penalty
orense,imbabura,orense,4,Agustin Maziero,save,assisted,9.2,50.5,0,left-foot,low-centre,0,49.0,16.5,2615495,45,0.0,2689,50.5,9.2,51.0,0,51.0,83.5,1,11,shot,6.0,50.4,0.0,50.4,6.0,0
orense,imbabura,orense,4,Walter Agustin Herrera,block,assisted,14.2,54.8,0,right-foot,low-centre,0,49.2,19.0,2615477,44,0.0,2589,54.8,14.2,50.8,0,50.8,81.0,2,111,shot,9.8,54.9,0.0,54.9,9.8,0
orense,imbabura,orense,4,Agustin Maziero,block,corner,12.8,52.4,0,head,low-centre,0,49.4,19.0,2615469,38,0.0,2264,52.4,12.8,50.6,0,50.6,81.0,8,436,shot,9.8,52.0,0.0,52.0,9.8,0
orense,imbabura,orense,4,Agustin Maziero,block,assisted,11.6,61.7,0,right-foot,low-right,0,47.4,19.0,2615464,37,0.0,2208,61.7,11.6,52.6,0,52.6,81.0,9,492,shot,9.8,60.3,0.0,60.3,9.8,0
orense,imbabura,imbabura,4,Federico Paz,save,assisted,33.0,24.2,0,right-foot,high-centre,0,50.4,30.6,2615456,34,0.0,2021,24.2,33.0,49.6,0,49.6,69.4,12,679,shot,0.90000000000001,49.5,0.0,49.5,0.90000000000001,0
orense,imbabura,imbabura,4,Erick Mendoza,miss,set-piece,37.4,38.5,0,left-foot,left,0,60.2,23.6,2615436,22,0.0,1290,38.5,37.4,39.8,0,39.8,76.4,24,1410,shot,0.0,0.0,0.0,0.0,0.0,0
orense,imbabura,orense,4,Robert Burbano,miss,assisted,24.1,61.8,0,right-foot,close-high,0,47.7,56.9,2615423,15,0.0,876,61.8,24.1,52.3,0,52.3,43.1,31,1824,shot,0.0,0.0,0.0,0.0,0.0,0
orense,imbabura,imbabura,4,Jacson Pita Mina,save,assisted,37.1,45.7,0,right-foot,low-centre,0,50.3,7.6,2615414,6,0.0,322,45.7,37.1,49.7,0,49.7,92.4,40,2378,shot,1.2,49.1,0.0,49.1,1.2,0
orense,imbabura,orense,4,Walter Agustin Herrera,save,set-piece,8.0,54.2,0,left-foot,high-centre,0,50.0,20.9,2615412,6,0.0,300,54.2,8.0,50.0,0,50.0,79.1,40,2400,shot,1.4,51.6,0.0,51.6,1.4,0
tecnico,independiente,tecnico,4,Emmanuel Torres,miss,assisted,26.9,57.5,0,right-foot,right,0,8.1,6.9,2621007,90,6.0,5711,57.5,26.9,91.9,0,91.9,93.1,1,589,shot,8.8,95.0,0.0,95.0,8.8,0
tecnico,independiente,independiente,4,Renzo López,miss,assisted,9.2,53.3,0,head,left,0,65.0,27.8,2621005,90,3.0,5570,53.3,9.2,35.0,0,35.0,72.2,1,730,shot,1.8,41.5,0.0,41.5,1.8,0
tecnico,independiente,tecnico,4,Edison Carcelen,miss,corner,6.0,39.5,0,head,close-high,0,50.3,58.3,2620996,85,0.0,5059,39.5,6.0,49.7,0,49.7,41.7,6,341,shot,0.0,0.0,0.0,0.0,0.0,0
tecnico,independiente,independiente,4,Renzo López,block,corner,11.2,46.4,0,head,low-left,0,51.8,19.0,2621001,78,0.0,4666,46.4,11.2,48.2,0,48.2,81.0,13,734,shot,6.7,47.1,0.0,47.1,6.7,0
tecnico,independiente,independiente,4,Renzo López,miss,assisted,6.7,50.3,0,left-foot,left,0,98.5,37.5,2620993,75,0.0,4472,50.3,6.7,1.5,0,1.5,62.5,16,928,shot,5.4,6.7,0.0,6.7,5.4,0
tecnico,independiente,independiente,4,Renzo López,block,corner,9.0,49.1,0,head,low-left,0,51.9,19.0,2620990,72,0.0,4307,49.1,9.0,48.1,0,48.1,81.0,19,1093,shot,4.1,48.6,0.0,48.6,4.1,0
tecnico,independiente,independiente,4,Anthony Landázuri,save,corner,10.8,56.0,0,head,low-right,0,47.9,16.5,2620987,66,0.0,3947,56.0,10.8,52.1,0,52.1,83.5,25,1453,shot,1.9,51.4,0.0,51.4,1.9,0
tecnico,independiente,tecnico,4,Milton Maciel,miss,corner,13.3,67.5,0,left-foot,high-right,0,39.3,50.0,2620984,57,0.0,3417,67.5,13.3,60.7,0,60.7,50.0,34,1983,shot,0.0,0.0,0.0,0.0,0.0,0
tecnico,independiente,independiente,4,Patrik Mercado,block,assisted,27.0,47.3,0,right-foot,low-centre,0,51.2,19.0,2620985,56,0.0,3327,47.3,27.0,48.8,0,48.8,81.0,35,2073,shot,13.8,48.0,0.0,48.0,13.8,0
tecnico,independiente,tecnico,4,Milton Maciel,save,corner,10.0,63.4,0,left-foot,low-centre,0,48.7,9.5,2620983,55,0.0,3241,63.4,10.0,51.3,0,51.3,90.5,36,2159,shot,1.2,53.4,0.0,53.4,1.2,0
tecnico,independiente,independiente,4,Patrik Mercado,save,regular,29.0,33.4,0,right-foot,low-left,0,54.2,10.1,2620959,47,0.0,2793,33.4,29.0,45.8,0,45.8,89.9,44,2607,shot,1.0,48.6,0.0,48.6,1.0,0
tecnico,independiente,tecnico,4,Diego Armas,miss,corner,14.9,41.8,0,right-foot,close-right,0,41.2,11.1,2620956,45,4.0,2929,41.8,14.9,58.8,0,58.8,88.9,1,2471,shot,0.0,0.0,0.0,0.0,0.0,0
tecnico,independiente,independiente,4,Mateo Carabajal,save,set-piece,12.8,50.1,0,left-foot,low-centre,0,49.1,13.9,2620955,45,1.0,2758,50.1,12.8,50.9,0,50.9,86.1,1,2642,shot,1.8,51.3,0.0,51.3,1.8,0
tecnico,independiente,tecnico,4,Milton Maciel,goal,regular,23.3,67.0,0,left-foot,high-left,0,54.3,23.4,2620953,43,0.0,2573,67.0,23.3,45.7,0,45.7,76.6,3,127,shot,0.0,0.0,0.0,0.0,0.0,regular
tecnico,independiente,tecnico,4,Emmanuel Torres,block,fast-break,7.5,30.6,0,right-foot,low-left,0,52.9,19.0,2620954,41,0.0,2452,30.6,7.5,47.1,0,47.1,81.0,5,248,shot,3.8,38.6,0.0,38.6,3.8,0
tecnico,independiente,tecnico,4,Carlos Pérez,block,regular,29.6,64.8,0,right-foot,low-centre,0,51.3,19.0,2620949,38,0.0,2238,64.8,29.6,48.7,0,48.7,81.0,8,462,shot,24.0,61.7,0.0,61.7,24.0,0
tecnico,independiente,independiente,4,Cristian Zabala,miss,regular,26.6,43.0,0,right-foot,close-high-right,0,43.5,56.9,2620944,32,0.0,1874,43.0,26.6,56.5,0,56.5,43.1,14,826,shot,0.0,0.0,0.0,0.0,0.0,0
tecnico,independiente,independiente,4,Alexander Bolaños,save,assisted,22.8,39.2,0,right-foot,low-left,0,52.1,13.3,2620943,30,0.0,1767,39.2,22.8,47.9,0,47.9,86.7,16,933,shot,1.8,49.1,0.0,49.1,1.8,0
tecnico,independiente,tecnico,4,Milton Maciel,save,assisted,4.5,66.2,0,left-foot,low-right,0,46.9,5.7,2620941,25,0.0,1464,66.2,4.5,53.1,0,53.1,94.3,21,1236,shot,0.90000000000001,54.5,0.0,54.5,0.90000000000001,0
tecnico,independiente,independiente,4,Michael Hoyos,goal,assisted,5.4,47.4,0,right-foot,high-left,0,53.2,34.8,2620940,23,0.0,1326,47.4,5.4,46.8,0,46.8,65.2,23,1374,shot,0.0,0.0,0.0,0.0,0.0,regular
tecnico,independiente,independiente,4,Anthony Landázuri,block,corner,14.1,47.9,0,head,low-centre,0,49.1,19.0,2620936,8,0.0,472,47.9,14.1,50.9,0,50.9,81.0,38,2228,shot,6.8,49.5,0.0,49.5,6.8,0
tecnico,independiente,tecnico,4,Carlos Arboleda,block,regular,13.6,25.8,0,left-foot,low-centre,0,51.7,19.0,2620938,5,0.0,290,25.8,13.6,48.3,0,48.3,81.0,41,2410,shot,9.6,32.5,0.0,32.5,9.6,0
tecnico,independiente,independiente,4,Beder Caicedo,block,assisted,21.2,33.1,0,left-foot,low-centre,0,50.7,19.0,2620927,5,0.0,273,33.1,21.2,49.3,0,49.3,81.0,41,2427,shot,14.0,38.6,0.0,38.6,14.0,0
delfin,libertad,delfin,5,Cristian García,block,regular,13.1,63.9,0,right-foot,low-centre,0,51.3,19.0,2633479,90,7.0,5784,63.9,13.1,48.7,0,48.7,81.0,1,516,shot,6.6,56.3,0.0,56.3,6.6,0
delfin,libertad,delfin,5,Nicolás Messiniti,miss,assisted,7.7,60.1,0,head,close-right,0,41.5,18.1,2633477,90,4.0,5632,60.1,7.7,58.5,0,58.5,81.9,1,668,shot,0.0,0.0,0.0,0.0,0.0,0
delfin,libertad,delfin,5,Nicolás Messiniti,goal,penalty,11.5,50.0,0,right-foot,high-centre,0,50.3,22.2,2633475,90,3.0,5568,50.0,11.5,49.7,0,49.7,77.8,1,732,shot,0.0,0.0,0.0,0.0,0.0,penalty
delfin,libertad,libertad,5,Leandro Basan,save,assisted,17.6,68.1,0,right-foot,low-right,0,46.3,15.2,2633457,83,0.0,4939,68.1,17.6,53.7,0,53.7,84.8,8,461,shot,3.6,54.5,0.0,54.5,3.6,0
delfin,libertad,delfin,5,Jose Enrique Angulo,save,regular,8.9,32.5,0,right-foot,low-left,0,52.3,19.6,2633453,80,0.0,4755,32.5,8.9,47.7,0,47.7,80.4,11,645,shot,1.5,44.2,0.0,44.2,1.5,0
delfin,libertad,delfin,5,Michael Mieles,block,regular,15.8,52.3,0,left-foot,low-right,0,47.3,19.0,2633452,80,0.0,4751,52.3,15.8,52.7,0,52.7,81.0,11,649,shot,13.7,52.0,0.0,52.0,13.7,0
delfin,libertad,delfin,5,Michael Mieles,miss,free-kick,34.6,50.9,0,left-foot,close-right,0,41.5,26.4,2633450,76,0.0,4550,50.9,34.6,58.5,0,58.5,73.6,15,850,shot,0.0,0.0,0.0,0.0,0.0,0
delfin,libertad,delfin,5,Horacio Tijanovich,miss,assisted,19.0,37.7,0,right-foot,right,0,40.2,19.4,2633447,74,0.0,4404,37.7,19.0,59.8,0,59.8,80.6,17,996,shot,0.0,0.0,0.0,0.0,0.0,0
delfin,libertad,libertad,5,Libinton Angulo,save,regular,14.0,23.2,0,left-foot,high-left,0,53.5,25.3,2633446,73,0.0,4366,23.2,14.0,46.5,0,46.5,74.7,18,1034,shot,1.5,45.3,0.0,45.3,1.5,0
delfin,libertad,delfin,5,Horacio Tijanovich,miss,fast-break,17.0,67.3,0,right-foot,left,0,60.0,16.7,2633430,68,0.0,4051,67.3,17.0,40.0,0,40.0,83.3,23,1349,shot,0.0,0.0,0.0,0.0,0.0,0
delfin,libertad,delfin,5,Gianni Cagua,miss,regular,12.2,68.0,0,right-foot,left,0,62.2,16.7,2633429,65,0.0,3865,68.0,12.2,37.8,0,37.8,83.3,26,1535,shot,6.6,54.2,0.0,54.2,6.6,0
delfin,libertad,delfin,5,Gianni Cagua,block,assisted,10.0,61.3,0,right-foot,low-centre,0,50.2,19.0,2633428,65,0.0,3862,61.3,10.0,49.8,0,49.8,81.0,26,1538,shot,7.9,58.8,0.0,58.8,7.9,0
delfin,libertad,delfin,5,Jose Enrique Angulo,save,assisted,8.2,58.7,0,head,low-centre,0,50.0,9.5,2633426,65,0.0,3840,58.7,8.2,50.0,0,50.0,90.5,26,1560,shot,1.6,53.2,0.0,53.2,1.6,0
delfin,libertad,delfin,5,Mariano Miño,miss,assisted,6.7,32.5,0,right-foot,right,0,39.5,19.4,2633423,60,0.0,3542,32.5,6.7,60.5,0,60.5,80.6,31,1858,shot,0.0,0.0,0.0,0.0,0.0,0
delfin,libertad,delfin,5,Luis Castro,miss,assisted,25.0,44.8,0,left-foot,close-right,0,41.0,19.4,2633393,52,0.0,3073,44.8,25.0,59.0,0,59.0,80.6,39,2327,shot,0.0,0.0,0.0,0.0,0.0,0
delfin,libertad,libertad,5,Andrés Felipe Ávila,block,corner,3.0,65.6,0,left-foot,low-right,0,46.8,19.0,2633390,47,0.0,2801,65.6,3.0,53.2,0,53.2,81.0,44,2599,shot,1.9,61.0,0.0,61.0,1.9,0
delfin,libertad,libertad,5,José Hernández,miss,assisted,6.5,29.3,0,left-foot,close-left,0,57.3,16.7,2633371,45,5.0,2995,29.3,6.5,42.7,0,42.7,83.3,1,2405,shot,0.0,0.0,0.0,0.0,0.0,0
delfin,libertad,delfin,5,Horacio Tijanovich,save,assisted,12.5,27.8,0,left-foot,low-centre,0,50.6,9.5,2633370,45,5.0,2941,27.8,12.5,49.4,0,49.4,90.5,1,2459,shot,3.3,43.0,0.0,43.0,3.3,0
delfin,libertad,delfin,5,Horacio Tijanovich,block,assisted,14.0,34.7,0,right-foot,low-centre,0,50.9,19.0,2633368,45,0.0,2673,34.7,14.0,49.1,0,49.1,81.0,1,27,shot,11.2,37.5,0.0,37.5,11.2,0
delfin,libertad,delfin,5,Ignacio Gariglio,miss,set-piece,9.9,47.2,0,head,right,0,40.0,15.3,2633366,44,0.0,2615,47.2,9.9,60.0,0,60.0,84.7,2,85,shot,0.0,0.0,0.0,0.0,0.0,0
delfin,libertad,delfin,5,Ignacio Gariglio,post,corner,6.9,50.3,0,head,left,0,55.4,28.5,2633362,38,0.0,2252,50.3,6.9,44.6,0,44.6,71.5,8,448,shot,0.0,0.0,0.0,0.0,0.0,0
delfin,libertad,libertad,5,Ivan Zambrano,goal,assisted,7.3,52.8,0,right-foot,low-centre,0,48.4,15.8,2633357,32,0.0,1867,52.8,7.3,51.6,0,51.6,84.2,14,833,shot,0.0,0.0,0.0,0.0,0.0,regular
delfin,libertad,delfin,5,Mariano Miño,save,penalty,11.5,50.0,0,right-foot,low-left,0,52.9,5.1,2633355,23,0.0,1379,50.0,11.5,47.1,0,47.1,94.9,23,1321,shot,0.90000000000001,49.8,0.0,49.8,0.90000000000001,0
delfin,libertad,libertad,5,Lautaro Disanto,miss,fast-break,17.0,66.2,0,right-foot,close-high,0,47.2,59.7,2633351,18,0.0,1034,66.2,17.0,52.8,0,52.8,40.3,28,1666,shot,0.0,0.0,0.0,0.0,0.0,0
delfin,libertad,delfin,5,Mariano Miño,block,assisted,27.7,56.5,0,right-foot,low-centre,0,50.8,19.0,2633350,17,0.0,965,56.5,27.7,49.2,0,49.2,81.0,29,1735,shot,20.2,54.5,0.0,54.5,20.2,0
delfin,libertad,libertad,5,Leandro Basan,save,assisted,7.0,59.4,0,head,high-centre,0,50.9,26.6,2633343,12,0.0,702,59.4,7.0,49.1,0,49.1,73.4,34,1998,shot,1.5,52.2,0.0,52.2,1.5,0
delfin,libertad,delfin,5,Horacio Tijanovich,miss,fast-break,19.9,36.1,0,right-foot,close-high,0,48.1,54.2,2633340,7,0.0,404,36.1,19.9,51.9,0,51.9,45.8,39,2296,shot,0.0,0.0,0.0,0.0,0.0,0
delfin,libertad,delfin,5,Jose Enrique Angulo,save,assisted,13.9,53.0,0,right-foot,low-centre,0,51.0,10.1,2633313,6,0.0,325,53.0,13.9,49.0,0,49.0,89.9,40,2375,shot,2.4,51.1,0.0,51.1,2.4,0
imbabura,cumbaya,cumbaya,5,Melvin Diaz,block,corner,13.1,52.7,0,left-foot,low-centre,0,51.7,19.0,2626092,90,7.0,5772,52.7,13.1,48.3,0,48.3,81.0,1,528,shot,7.2,50.7,0.0,50.7,7.2,0
imbabura,cumbaya,cumbaya,5,Maikel Valencia,block,assisted,21.3,45.1,0,right-foot,low-centre,0,50.9,19.0,2626087,90,5.0,5675,45.1,21.3,49.1,0,49.1,81.0,1,625,shot,14.4,46.4,0.0,46.4,14.4,0
imbabura,cumbaya,cumbaya,5,Maikel Valencia,miss,free-kick,25.4,35.5,0,right-foot,high,0,51.8,72.2,2626077,88,0.0,5239,35.5,25.4,48.2,0,48.2,27.8,3,161,shot,0.0,0.0,0.0,0.0,0.0,0
imbabura,cumbaya,cumbaya,5,Maikel Valencia,miss,corner,11.9,26.2,0,right-foot,close-right,0,42.2,19.4,2626074,82,0.0,4895,26.2,11.9,57.8,0,57.8,80.6,9,505,shot,0.0,0.0,0.0,0.0,0.0,0
imbabura,cumbaya,imbabura,5,Danny Burbano,save,regular,19.7,35.8,0,right-foot,low-left,0,52.2,19.6,2626073,80,0.0,4789,35.8,19.7,47.8,0,47.8,80.4,11,611,shot,1.1,49.3,0.0,49.3,1.1,0
imbabura,cumbaya,cumbaya,5,Melvin Diaz,miss,assisted,30.0,60.6,0,left-foot,high-left,0,59.2,62.5,2626066,76,0.0,4533,60.6,30.0,40.8,0,40.8,37.5,15,867,shot,0.0,0.0,0.0,0.0,0.0,0
imbabura,cumbaya,imbabura,5,Óscar Pepinos,miss,assisted,19.5,21.5,0,left-foot,high-left,0,58.5,63.9,2626030,72,0.0,4286,21.5,19.5,41.5,0,41.5,36.1,19,1114,shot,0.0,0.0,0.0,0.0,0.0,0
imbabura,cumbaya,cumbaya,5,Melvin Diaz,block,assisted,18.9,71.1,0,left-foot,low-centre,0,48.4,19.0,2626023,65,0.0,3867,71.1,18.9,51.6,0,51.6,81.0,26,1533,shot,16.3,68.4,0.0,68.4,16.3,0
imbabura,cumbaya,imbabura,5,Federico Paz,save,corner,21.6,59.6,0,right-foot,low-centre,0,51.3,19.0,2625990,56,0.0,3300,59.6,21.6,48.7,0,48.7,81.0,35,2100,shot,2.2,51.8,0.0,51.8,2.2,0
imbabura,cumbaya,imbabura,5,Leandro Pantoja,save,free-kick,32.8,62.5,0,right-foot,high-left,0,54.2,22.8,2625986,55,0.0,3269,62.5,32.8,45.8,0,45.8,77.2,36,2131,shot,1.8,51.3,0.0,51.3,1.8,0
imbabura,cumbaya,cumbaya,5,Ariel Almagro,miss,assisted,24.8,72.7,0,left-foot,high-left,0,58.8,79.2,2626022,48,0.0,2870,72.7,24.8,41.2,0,41.2,20.8,43,2530,shot,0.0,0.0,0.0,0.0,0.0,0
imbabura,cumbaya,cumbaya,5,Franco Suárez,miss,regular,8.4,37.4,0,left-foot,high-left,0,56.8,80.6,2625891,45,4.0,2922,37.4,8.4,43.2,0,43.2,19.4,1,2478,shot,0.0,0.0,0.0,0.0,0.0,0
imbabura,cumbaya,imbabura,5,Leonar Espinoza,miss,set-piece,30.2,58.9,0,right-foot,left,0,69.4,37.5,2625887,45,4.0,2885,58.9,30.2,30.6,0,30.6,62.5,1,2515,shot,0.0,0.0,0.0,0.0,0.0,0
imbabura,cumbaya,imbabura,5,Leandro Pantoja,block,free-kick,20.7,32.7,0,right-foot,low-centre,0,50.6,19.0,2625881,45,3.0,2876,32.7,20.7,49.4,0,49.4,81.0,1,2524,shot,11.1,40.4,0.0,40.4,11.1,0
imbabura,cumbaya,imbabura,5,Leonar Espinoza,miss,assisted,19.9,68.8,0,left-foot,high-left,0,59.8,55.6,2625873,43,0.0,2535,68.8,19.9,40.2,0,40.2,44.4,3,165,shot,0.0,0.0,0.0,0.0,0.0,0
imbabura,cumbaya,cumbaya,5,Alejandro Altuna,miss,assisted,27.7,54.5,0,right-foot,high,0,46.1,62.5,2625872,41,0.0,2422,54.5,27.7,53.9,0,53.9,37.5,5,278,shot,0.0,0.0,0.0,0.0,0.0,0
imbabura,cumbaya,imbabura,5,Jonathan Benítez,save,set-piece,10.1,43.0,0,head,low-centre,0,51.3,17.7,2625880,40,0.0,2359,43.0,10.1,48.7,0,48.7,82.3,6,341,shot,1.6,48.7,0.0,48.7,1.6,0
imbabura,cumbaya,cumbaya,5,Luis Caicedo,save,assisted,11.5,47.9,0,head,low-left,0,53.6,18.4,2625870,37,0.0,2169,47.9,11.5,46.4,0,46.4,81.6,9,531,shot,1.4,49.3,0.0,49.3,1.4,0
imbabura,cumbaya,cumbaya,5,Luis Gustavino,miss,assisted,35.0,64.3,0,right-foot,high,0,51.4,72.2,2625862,33,0.0,1930,64.3,35.0,48.6,0,48.6,27.8,13,770,shot,0.0,0.0,0.0,0.0,0.0,0
imbabura,cumbaya,cumbaya,5,Juan Carlos Paredes,block,assisted,29.7,44.2,0,right-foot,low-centre,0,48.3,19.0,2625860,32,0.0,1919,44.2,29.7,51.7,0,51.7,81.0,14,781,shot,16.7,47.5,0.0,47.5,16.7,0
imbabura,cumbaya,cumbaya,5,Augusto Magoia,block,assisted,24.6,30.1,0,right-foot,low-centre,0,50.8,19.0,2625857,26,0.0,1530,30.1,24.6,49.2,0,49.2,81.0,20,1170,shot,20.6,33.2,0.0,33.2,20.6,0
imbabura,cumbaya,cumbaya,5,Fernando Delgado,miss,regular,29.1,82.7,0,right-foot,high-left,0,63.2,59.7,2625842,19,0.0,1096,82.7,29.1,36.8,0,36.8,40.3,27,1604,shot,0.0,0.0,0.0,0.0,0.0,0
imbabura,cumbaya,cumbaya,5,Juan Carlos Paredes,block,assisted,31.8,50.9,0,right-foot,low-centre,0,49.1,12.5,2625825,14,0.0,834,50.9,31.8,50.9,0,50.9,87.5,32,1866,shot,17.9,50.9,0.0,50.9,17.9,0
imbabura,cumbaya,cumbaya,5,Melvin Diaz,block,free-kick,26.7,66.0,0,left-foot,low-right,0,48.2,19.0,2625819,13,0.0,756,66.0,26.7,51.8,0,51.8,81.0,33,1944,shot,18.0,61.4,0.0,61.4,18.0,0
imbabura,cumbaya,cumbaya,5,Melvin Diaz,block,assisted,25.3,64.1,0,right-foot,low-right,0,47.6,19.0,2625818,12,0.0,689,64.1,25.3,52.4,0,52.4,81.0,34,2011,shot,18.2,60.8,0.0,60.8,18.2,0
imbabura,cumbaya,imbabura,5,Leonar Espinoza,save,assisted,9.4,52.4,0,left-foot,low-centre,0,49.9,9.5,2625804,3,0.0,123,52.4,9.4,50.1,0,50.1,90.5,43,2577,shot,2.2,51.4,0.0,51.4,2.2,0
imbabura,cumbaya,imbabura,5,Federico Paz,save,assisted,9.4,28.5,0,right-foot,low-centre,0,50.9,14.6,2625803,3,0.0,121,28.5,9.4,49.1,0,49.1,85.4,43,2579,shot,1.2,47.1,0.0,47.1,1.2,0
independiente,aucas,independiente,5,Renzo López,block,throw-in-set-piece,13.6,47.3,0,right-foot,low-centre,0,50.5,19.0,2630180,90,7.0,5761,47.3,13.6,49.5,0,49.5,81.0,1,539,shot,7.1,48.4,0.0,48.4,7.1,0
independiente,aucas,aucas,5,Carlos Rolón,goal,set-piece,7.7,45.0,0,head,low-right,0,47.7,19.0,2630162,86,0.0,5130,45.0,7.7,52.3,0,52.3,81.0,5,270,shot,0.0,0.0,0.0,0.0,0.0,regular
independiente,aucas,aucas,5,Jean Carlos Blanco,miss,throw-in-set-piece,11.9,33.1,0,right-foot,close-left,0,58.7,25.0,2630165,84,0.0,5006,33.1,11.9,41.3,0,41.3,75.0,7,394,shot,0.0,0.0,0.0,0.0,0.0,0
independiente,aucas,aucas,5,Ronald Briones,save,assisted,8.6,41.4,0,right-foot,low-centre,0,51.3,7.0,2630153,77,0.0,4564,41.4,8.6,48.7,0,48.7,93.0,14,836,shot,1.1,49.1,0.0,49.1,1.1,0
independiente,aucas,independiente,5,Beder Caicedo,miss,regular,13.7,33.5,0,left-foot,close-left,0,59.0,29.2,2630147,70,0.0,4145,33.5,13.7,41.0,0,41.0,70.8,21,1255,shot,0.0,0.0,0.0,0.0,0.0,0
independiente,aucas,independiente,5,Renzo López,miss,assisted,11.4,46.1,0,right-foot,high,0,52.8,62.5,2630145,67,0.0,4018,46.1,11.4,47.2,0,47.2,37.5,24,1382,shot,0.0,0.0,0.0,0.0,0.0,0
independiente,aucas,aucas,5,Juan Gonzalez,miss,assisted,21.4,66.6,0,left-foot,high-left,0,71.4,40.3,2630141,63,0.0,3727,66.6,21.4,28.6,0,28.6,59.7,28,1673,shot,0.0,0.0,0.0,0.0,0.0,0
independiente,aucas,independiente,5,Renzo López,block,assisted,19.6,47.6,0,right-foot,low-left,0,52.1,19.0,2630139,61,0.0,3634,47.6,19.6,47.9,0,47.9,81.0,30,1766,shot,15.8,47.7,0.0,47.7,15.8,0
independiente,aucas,independiente,5,Michael Hoyos,goal,assisted,12.6,52.0,0,right-foot,high-centre,0,50.6,30.4,2630135,57,0.0,3388,52.0,12.6,49.4,0,49.4,69.6,34,2012,shot,0.0,0.0,0.0,0.0,0.0,regular
independiente,aucas,independiente,5,Cristian Zabala,block,assisted,10.2,35.4,0,left-foot,low-left,0,52.0,19.0,2630134,53,0.0,3179,35.4,10.2,48.0,0,48.0,81.0,38,2221,shot,5.4,41.3,0.0,41.3,5.4,0
independiente,aucas,aucas,5,Michael Carcelén,save,assisted,31.7,44.3,0,right-foot,high-centre,0,49.8,31.0,2630133,49,0.0,2909,44.3,31.7,50.2,0,50.2,69.0,42,2491,shot,2.9,49.1,0.0,49.1,2.9,0
independiente,aucas,independiente,5,Cristian Zabala,miss,assisted,28.5,46.0,0,right-foot,close-high-right,0,41.2,52.8,2630132,48,0.0,2822,46.0,28.5,58.8,0,58.8,47.2,43,2578,shot,0.0,0.0,0.0,0.0,0.0,0
independiente,aucas,independiente,5,Junior Sornoza,save,free-kick,32.8,58.7,0,right-foot,high-centre,0,51.1,26.6,2630080,45,3.0,2862,58.7,32.8,48.9,0,48.9,73.4,1,2538,shot,1.8,50.9,0.0,50.9,1.8,0
independiente,aucas,independiente,5,Michael Hoyos,miss,assisted,14.0,56.0,0,right-foot,close-high,0,45.0,56.9,2630079,45,1.0,2731,56.0,14.0,55.0,0,55.0,43.1,1,2669,shot,0.0,0.0,0.0,0.0,0.0,0
independiente,aucas,independiente,5,Yaimar Medina,miss,assisted,5.0,51.5,0,right-foot,close-right,0,41.2,4.2,2630078,42,0.0,2499,51.5,5.0,58.8,0,58.8,95.8,4,201,shot,0.0,0.0,0.0,0.0,0.0,0
independiente,aucas,independiente,5,Alexander Bolaños,miss,assisted,12.1,56.2,0,left-foot,right,0,37.5,19.4,2630068,41,0.0,2404,56.2,12.1,62.5,0,62.5,80.6,5,296,shot,0.0,0.0,0.0,0.0,0.0,0
independiente,aucas,aucas,5,Michael Carcelén,save,assisted,27.2,47.9,0,left-foot,low-centre,0,50.6,9.5,2630065,37,0.0,2213,47.9,27.2,49.4,0,49.4,90.5,9,487,shot,4.8,49.8,0.0,49.8,4.8,0
independiente,aucas,aucas,5,Michael Carcelén,save,assisted,10.1,75.3,0,right-foot,low-right,0,45.8,6.3,2630067,36,0.0,2150,75.3,10.1,54.2,0,54.2,93.7,10,550,shot,1.0,55.4,0.0,55.4,1.0,0
independiente,aucas,independiente,5,Alexander Bolaños,miss,assisted,14.6,69.0,0,right-foot,close-right,0,43.0,16.7,2630056,31,0.0,1819,69.0,14.6,57.0,0,57.0,83.3,15,881,shot,0.0,0.0,0.0,0.0,0.0,0
independiente,aucas,independiente,5,Michael Hoyos,miss,assisted,8.0,44.8,0,right-foot,close-left,0,58.0,19.4,2630055,30,0.0,1756,44.8,8.0,42.0,0,42.0,80.6,16,944,shot,0.0,0.0,0.0,0.0,0.0,0
independiente,aucas,aucas,5,Jeison Medina,miss,set-piece,12.4,45.0,0,head,close-high-left,0,57.1,44.4,2630130,29,0.0,1728,45.0,12.4,42.9,0,42.9,55.6,17,972,shot,0.0,0.0,0.0,0.0,0.0,0
independiente,aucas,independiente,5,Yaimar Medina,save,assisted,10.0,32.8,0,left-foot,low-right,0,47.6,10.1,2630050,26,0.0,1513,32.8,10.0,52.4,0,52.4,89.9,20,1187,shot,1.5,47.5,0.0,47.5,1.5,0
independiente,aucas,independiente,5,Alexander Bolaños,miss,assisted,11.6,57.6,0,left-foot,left,0,61.3,16.7,2630021,19,0.0,1117,57.6,11.6,38.7,0,38.7,83.3,27,1583,shot,0.0,0.0,0.0,0.0,0.0,0
independiente,aucas,independiente,5,Yaimar Medina,block,assisted,12.4,26.7,0,left-foot,low-left,0,52.7,19.0,2630044,19,0.0,1106,26.7,12.4,47.3,0,47.3,81.0,27,1594,shot,10.3,30.1,0.0,30.1,10.3,0
independiente,aucas,independiente,5,Richard Schunke,post,corner,7.4,47.8,0,head,high,0,49.4,39.2,2630013,16,0.0,911,47.8,7.4,50.6,0,50.6,60.8,30,1789,shot,0.0,0.0,0.0,0.0,0.0,0
independiente,aucas,independiente,5,Cristian Zabala,block,regular,26.7,32.0,0,left-foot,low-left,0,53.3,19.0,2630020,15,0.0,867,32.0,26.7,46.7,0,46.7,81.0,31,1833,shot,15.0,38.4,0.0,38.4,15.0,0
independiente,aucas,independiente,5,Renato Ibarra,save,assisted,11.1,39.5,0,right-foot,low-centre,0,48.8,17.1,2630009,10,0.0,590,39.5,11.1,51.2,0,51.2,82.9,36,2110,shot,2.3,46.8,0.0,46.8,2.3,0
independiente,aucas,independiente,5,Alexander Bolaños,save,regular,26.4,32.3,0,right-foot,low-right,0,47.8,8.9,2629986,9,0.0,530,32.3,26.4,52.2,0,52.2,91.1,37,2170,shot,1.0,49.5,0.0,49.5,1.0,0
independiente,aucas,independiente,5,Cristian Zabala,save,assisted,13.8,51.5,0,head,low-centre,0,48.6,18.4,2629985,9,0.0,502,51.5,13.8,51.4,0,51.4,81.6,37,2198,shot,1.2,49.3,0.0,49.3,1.2,0
nacional,cuenca,cuenca,5,Raúl Becerra,save,assisted,13.3,53.2,0,right-foot,low-left,0,53.6,10.1,2629437,90,4.0,5628,53.2,13.3,46.4,0,46.4,89.9,1,672,shot,0.90000000000001,50.4,0.0,50.4,0.90000000000001,0
nacional,cuenca,nacional,5,Jorge Ordóñez,save,assisted,22.9,37.3,0,right-foot,high-left,0,52.9,31.6,2629435,90,2.0,5493,37.3,22.9,47.1,0,47.1,68.4,1,807,shot,1.1,49.6,0.0,49.6,1.1,0
nacional,cuenca,nacional,5,Jonathan Borja,miss,assisted,27.9,33.1,0,right-foot,close-left,0,57.1,9.7,2629434,90,2.0,5470,33.1,27.9,42.9,0,42.9,90.3,1,830,shot,0.0,0.0,0.0,0.0,0.0,0
nacional,cuenca,cuenca,5,Luis Aldair Arroyo Cabeza,miss,assisted,4.2,61.0,0,head,right,0,40.5,2.8,2629427,86,0.0,5101,61.0,4.2,59.5,0,59.5,97.2,5,299,shot,0.0,0.0,0.0,0.0,0.0,0
nacional,cuenca,nacional,5,Fidel Martínez,goal,corner,7.2,51.2,0,right-foot,low-left,0,53.9,3.8,2629377,74,0.0,4405,51.2,7.2,46.1,0,46.1,96.2,17,995,shot,0.0,0.0,0.0,0.0,0.0,regular
nacional,cuenca,nacional,5,Antony Chere,miss,corner,12.8,66.9,0,right-foot,left,0,62.5,9.7,2629402,74,0.0,4404,66.9,12.8,37.5,0,37.5,90.3,17,996,shot,6.6,50.7,0.0,50.7,6.6,0
nacional,cuenca,cuenca,5,Nazareno Romero,miss,assisted,10.6,34.5,0,right-foot,high-right,0,37.0,61.1,2629376,70,0.0,4198,34.5,10.6,63.0,0,63.0,38.9,21,1202,shot,0.0,0.0,0.0,0.0,0.0,0
nacional,cuenca,nacional,5,Fidel Martínez,miss,regular,14.9,43.7,0,left-foot,close-right,0,42.7,19.4,2629375,65,0.0,3867,43.7,14.9,57.3,0,57.3,80.6,26,1533,shot,0.0,0.0,0.0,0.0,0.0,0
nacional,cuenca,nacional,5,Byron Torrez,save,assisted,22.5,46.3,0,right-foot,low-left,0,54.4,9.5,2629371,61,0.0,3605,46.3,22.5,45.6,0,45.6,90.5,30,1795,shot,1.4,50.7,0.0,50.7,1.4,0
nacional,cuenca,nacional,5,Antony Chere,goal,assisted,8.2,47.7,0,head,low-right,0,47.0,8.9,2629369,56,0.0,3352,47.7,8.2,53.0,0,53.0,91.1,35,2048,shot,0.0,0.0,0.0,0.0,0.0,regular
nacional,cuenca,nacional,5,Anthony Bedoya Caicedo,miss,corner,7.9,63.0,0,head,close-right,0,42.2,33.3,2629367,55,0.0,3272,63.0,7.9,57.8,0,57.8,66.7,36,2128,shot,0.0,0.0,0.0,0.0,0.0,0
nacional,cuenca,nacional,5,Jorge Ordóñez,block,assisted,8.5,24.2,0,left-foot,low-left,0,54.7,19.0,2629360,50,0.0,2940,24.2,8.5,45.3,0,45.3,81.0,41,2460,shot,6.2,30.0,0.0,30.0,6.2,0
nacional,cuenca,nacional,5,Anthony Bedoya Caicedo,miss,set-piece,9.7,56.7,0,head,close-right,0,42.0,27.8,2629366,48,0.0,2835,56.7,9.7,58.0,0,58.0,72.2,43,2565,shot,0.0,0.0,0.0,0.0,0.0,0
nacional,cuenca,nacional,5,Antony Chere,miss,corner,6.3,43.9,0,head,close-left,0,57.3,18.1,2626279,45,1.0,2710,43.9,6.3,42.7,0,42.7,81.9,1,2690,shot,0.0,0.0,0.0,0.0,0.0,0
nacional,cuenca,nacional,5,Kevin Peralta,miss,corner,8.2,32.8,0,head,close-left,0,58.0,11.1,2626278,45,1.0,2709,32.8,8.2,42.0,0,42.0,88.9,1,2691,shot,2.4,43.7,0.0,43.7,2.4,0
nacional,cuenca,cuenca,5,Pablo Daniel Magnin,save,assisted,9.5,34.4,0,left-foot,low-centre,0,48.8,19.0,2626237,36,0.0,2112,34.4,9.5,51.2,0,51.2,81.0,10,588,shot,1.1,46.9,0.0,46.9,1.1,0
nacional,cuenca,nacional,5,Daniel Patino,miss,assisted,28.2,61.1,0,right-foot,high-right,0,42.5,68.1,2626233,35,0.0,2047,61.1,28.2,57.5,0,57.5,31.9,11,653,shot,0.0,0.0,0.0,0.0,0.0,0
nacional,cuenca,cuenca,5,Luis Aldair Arroyo Cabeza,block,assisted,14.5,61.7,0,left-foot,low-right,0,47.7,19.0,2626160,20,0.0,1191,61.7,14.5,52.3,0,52.3,81.0,26,1509,shot,11.8,59.9,0.0,59.9,11.8,0
nacional,cuenca,nacional,5,Tomson Minda,miss,assisted,7.9,45.9,0,left-foot,close-high,0,44.5,56.9,2626156,19,0.0,1130,45.9,7.9,55.5,0,55.5,43.1,27,1570,shot,0.0,0.0,0.0,0.0,0.0,0
nacional,cuenca,cuenca,5,Danny Luna,miss,free-kick,21.8,70.3,0,left-foot,close-high-right,0,42.9,58.3,2626153,19,0.0,1096,70.3,21.8,57.1,0,57.1,41.7,27,1604,shot,0.0,0.0,0.0,0.0,0.0,0
nacional,cuenca,cuenca,5,Guillermo Fratta,goal,set-piece,4.2,58.9,0,right-foot,low-right,0,45.9,13.3,2626146,14,0.0,795,58.9,4.2,54.1,0,54.1,86.7,32,1905,shot,0.0,0.0,0.0,0.0,0.0,regular
nacional,cuenca,cuenca,5,Luis Aldair Arroyo Cabeza,miss,set-piece,5.6,42.8,0,head,right,0,40.5,18.1,2626151,14,0.0,792,42.8,5.6,59.5,0,59.5,81.9,32,1908,shot,1.9,57.8,0.0,57.8,1.9,0
nacional,cuenca,nacional,5,Eddy Mejía,block,regular,18.5,24.7,0,right-foot,low-left,0,53.8,19.0,2626114,2,0.0,107,24.7,18.5,46.2,0,46.2,81.0,44,2593,shot,16.3,27.2,0.0,27.2,16.3,0
orense,emelec,orense,5,Dany Coronel,miss,set-piece,11.7,39.9,0,right-foot,right,0,38.7,5.6,2633563,90,11.0,6021,39.9,11.7,61.3,0,61.3,94.4,1,279,shot,6.3,52.5,0.0,52.5,6.3,0
orense,emelec,orense,5,Cristian Barros,miss,regular,34.9,52.4,0,right-foot,right,0,39.3,34.7,2633562,90,8.0,5852,52.4,34.9,60.7,0,60.7,65.3,1,448,shot,0.0,0.0,0.0,0.0,0.0,0
orense,emelec,orense,5,Walter Agustin Herrera,goal,penalty,11.5,50.0,0,right-foot,low-right,0,46.9,8.9,2633561,90,7.0,5776,50.0,11.5,53.1,0,53.1,91.1,1,524,shot,0.0,0.0,0.0,0.0,0.0,penalty
orense,emelec,emelec,5,Aníbal Leguizamón,block,free-kick,24.0,31.0,0,right-foot,low-centre,0,51.5,19.0,2633559,90,0.0,5367,31.0,24.0,48.5,0,48.5,81.0,1,33,shot,18.0,35.4,0.0,35.4,18.0,0
orense,emelec,orense,5,Walter Agustin Herrera,save,assisted,7.7,55.2,0,head,high-centre,0,50.6,24.1,2633558,87,0.0,5206,55.2,7.7,49.4,0,49.4,75.9,4,194,shot,1.4,50.5,0.0,50.5,1.4,0
orense,emelec,emelec,5,Jaime Ayoví,block,assisted,13.0,56.8,0,left-foot,low-centre,0,51.2,19.0,2633557,86,0.0,5106,56.8,13.0,48.8,0,48.8,81.0,5,294,shot,11.6,56.0,0.0,56.0,11.6,0
orense,emelec,emelec,5,Jaime Ayoví,post,assisted,9.2,43.6,0,right-foot,high,0,47.5,39.2,2633555,81,0.0,4806,43.6,9.2,52.5,0,52.5,60.8,10,594,shot,0.0,0.0,0.0,0.0,0.0,0
orense,emelec,emelec,5,Jaime Ayoví,block,assisted,21.6,58.1,0,right-foot,low-centre,0,49.2,19.0,2633553,79,0.0,4681,58.1,21.6,50.8,0,50.8,81.0,12,719,shot,13.7,55.4,0.0,55.4,13.7,0
orense,emelec,emelec,5,Rodrigo Rivero,block,assisted,18.3,68.7,0,left-foot,low-centre,0,49.6,19.0,2633556,73,0.0,4320,68.7,18.3,50.4,0,50.4,81.0,18,1080,shot,15.1,65.5,0.0,65.5,15.1,0
orense,emelec,orense,5,José Andrade,block,assisted,9.2,63.2,0,right-foot,low-centre,0,49.4,19.0,2633554,66,0.0,3941,63.2,9.2,50.6,0,50.6,81.0,25,1459,shot,7.5,60.8,0.0,60.8,7.5,0
orense,emelec,emelec,5,Washington Corozo,miss,assisted,31.5,41.7,0,right-foot,right,0,39.5,13.9,2633552,61,0.0,3612,41.7,31.5,60.5,0,60.5,86.1,30,1788,shot,0.0,0.0,0.0,0.0,0.0,0
orense,emelec,orense,5,Richard Calderón,miss,assisted,33.4,66.2,0,right-foot,left,0,62.2,26.4,2633550,60,0.0,3572,66.2,33.4,37.8,0,37.8,73.6,31,1828,shot,0.0,0.0,0.0,0.0,0.0,0
orense,emelec,orense,5,Pedro Velasco,miss,set-piece,8.9,53.6,0,head,high-left,0,63.5,54.2,2633549,56,0.0,3326,53.6,8.9,36.5,0,36.5,45.8,35,2074,shot,0.0,0.0,0.0,0.0,0.0,0
orense,emelec,orense,5,Dany Coronel,block,assisted,30.6,37.2,0,right-foot,low-left,0,52.4,19.0,2633551,54,0.0,3225,37.2,30.6,47.6,0,47.6,81.0,37,2175,shot,20.1,40.8,0.0,40.8,20.1,0
orense,emelec,orense,5,Dany Coronel,post,assisted,6.0,53.2,0,head,right,0,44.7,10.8,2633548,49,0.0,2902,53.2,6.0,55.3,0,55.3,89.2,42,2498,shot,0.0,0.0,0.0,0.0,0.0,0
orense,emelec,orense,5,Yeltzin Erique,miss,assisted,23.1,38.4,0,left-foot,left,0,61.8,8.3,2633545,45,2.0,2771,38.4,23.1,38.2,0,38.2,91.7,1,2629,shot,0.0,0.0,0.0,0.0,0.0,0
orense,emelec,emelec,5,Jhon Sánchez,save,assisted,23.4,37.6,0,right-foot,low-centre,0,51.3,14.6,2633544,45,0.0,2675,37.6,23.4,48.7,0,48.7,85.4,1,25,shot,1.9,48.9,0.0,48.9,1.9,0
orense,emelec,orense,5,Robert Burbano,miss,regular,27.5,49.7,0,right-foot,high-right,0,42.4,66.7,2633543,44,0.0,2632,49.7,27.5,57.6,0,57.6,33.3,2,68,shot,0.0,0.0,0.0,0.0,0.0,0
orense,emelec,emelec,5,Marcelo Meli,save,assisted,32.5,62.9,0,right-foot,low-centre,0,50.8,1.3,2633523,43,0.0,2543,62.9,32.5,49.2,0,49.2,98.7,3,157,shot,1.0,53.1,0.0,53.1,1.0,0
orense,emelec,emelec,5,Washington Corozo,block,assisted,21.5,47.6,0,right-foot,low-centre,0,49.5,19.0,2633542,42,0.0,2494,47.6,21.5,50.5,0,50.5,81.0,4,206,shot,17.1,48.2,0.0,48.2,17.1,0
orense,emelec,orense,5,Bryan Quinonez,miss,corner,9.1,48.9,0,right-foot,high-left,0,65.2,45.8,2633521,40,0.0,2368,48.9,9.1,34.8,0,34.8,54.2,6,332,shot,0.0,0.0,0.0,0.0,0.0,0
orense,emelec,orense,5,Walter Agustin Herrera,block,assisted,10.0,29.7,0,left-foot,low-left,0,52.4,19.0,2633541,36,0.0,2141,29.7,10.0,47.6,0,47.6,81.0,10,559,shot,7.7,33.8,0.0,33.8,7.7,0
orense,emelec,orense,5,Walter Agustin Herrera,save,assisted,8.8,46.7,0,head,high-centre,0,50.1,27.8,2633520,36,0.0,2108,46.7,8.8,49.9,0,49.9,72.2,10,592,shot,1.0,48.6,0.0,48.6,1.0,0
orense,emelec,orense,5,Agustin Maziero,miss,assisted,14.7,58.6,0,head,right,0,31.4,12.5,2633546,36,0.0,2101,58.6,14.7,68.6,0,68.6,87.5,10,599,shot,6.8,68.4,0.0,68.4,6.8,0
orense,emelec,emelec,5,Juan Ruiz Gómez,block,assisted,16.8,52.2,0,right-foot,low-centre,0,50.9,19.0,2633519,34,0.0,1993,52.2,16.8,49.1,0,49.1,81.0,12,707,shot,15.7,52.0,0.0,52.0,15.7,0
orense,emelec,orense,5,Richard Calderón,block,free-kick,22.5,72.4,0,right-foot,low-centre,0,48.7,19.0,2633518,29,0.0,1695,72.4,22.5,51.3,0,51.3,81.0,17,1005,shot,11.9,62.5,0.0,62.5,11.9,0
orense,emelec,emelec,5,Romario Caicedo,save,assisted,16.9,63.4,0,left-foot,low-left,0,52.2,7.6,2633517,27,0.0,1565,63.4,16.9,47.8,0,47.8,92.4,19,1135,shot,1.1,51.8,0.0,51.8,1.1,0
orense,emelec,orense,5,Richard Calderón,save,free-kick,27.7,19.3,0,right-foot,low-centre,0,50.6,14.6,2633515,17,0.0,1012,19.3,27.7,49.4,0,49.4,85.4,29,1688,shot,2.3,47.5,0.0,47.5,2.3,0
orense,emelec,orense,5,Richard Calderón,miss,free-kick,28.5,9.0,0,right-foot,high,0,48.1,79.2,2633564,15,0.0,872,9.0,28.5,51.9,0,51.9,20.8,31,1828,shot,0.0,0.0,0.0,0.0,0.0,0
orense,emelec,emelec,5,Facundo Castelli,goal,assisted,10.2,37.9,0,right-foot,low-right,0,48.0,19.6,2633511,12,0.0,665,37.9,10.2,52.0,0,52.0,80.4,34,2035,shot,0.0,0.0,0.0,0.0,0.0,regular
orense,emelec,emelec,5,Juan Ruiz Gómez,block,regular,10.3,57.4,0,right-foot,low-right,0,47.2,19.0,2633514,11,0.0,659,57.4,10.3,52.8,0,52.8,81.0,35,2041,shot,7.1,56.0,0.0,56.0,7.1,0
orense,emelec,emelec,5,Facundo Castelli,save,assisted,9.9,37.6,0,left-foot,low-centre,0,51.2,12.7,2633512,11,0.0,658,37.6,9.9,48.8,0,48.8,87.3,35,2042,shot,1.0,48.0,0.0,48.0,1.0,0
orense,emelec,orense,5,Pedro Velasco,miss,set-piece,10.7,66.2,0,head,high-right,0,39.3,62.5,2633510,7,0.0,363,66.2,10.7,60.7,0,60.7,37.5,39,2337,shot,0.0,0.0,0.0,0.0,0.0,0
tecnico,macara,macara,5,Ronaldo Lora,miss,assisted,36.8,68.4,0,right-foot,left,0,63.0,8.3,2629921,90,3.0,5579,68.4,36.8,37.0,0,37.0,91.7,1,721,shot,0.0,0.0,0.0,0.0,0.0,0
tecnico,macara,tecnico,5,Willian Cevallos,miss,assisted,33.7,54.5,0,right-foot,close-left,0,57.8,18.1,2629928,90,3.0,5521,54.5,33.7,42.2,0,42.2,81.9,1,779,shot,0.0,0.0,0.0,0.0,0.0,0
tecnico,macara,macara,5,Facundo Pons,miss,corner,12.9,51.5,0,right-foot,close-right,0,42.4,18.1,2629917,87,0.0,5208,51.5,12.9,57.6,0,57.6,81.9,4,192,shot,0.0,0.0,0.0,0.0,0.0,0
tecnico,macara,macara,5,Jorge Valdez,miss,regular,19.9,61.2,0,right-foot,close-high-right,0,41.7,50.0,2629910,85,0.0,5053,61.2,19.9,58.3,0,58.3,50.0,6,347,shot,0.0,0.0,0.0,0.0,0.0,0
tecnico,macara,macara,5,Facundo Pons,miss,assisted,7.8,35.5,0,right-foot,close-left,0,57.8,15.3,2629909,83,0.0,4979,35.5,7.8,42.2,0,42.2,84.7,8,421,shot,0.0,0.0,0.0,0.0,0.0,0
tecnico,macara,macara,5,Miguel Perea,miss,regular,30.5,24.6,0,left-foot,close-left,0,57.5,18.1,2629926,81,0.0,4805,24.6,30.5,42.5,0,42.5,81.9,10,595,shot,0.0,0.0,0.0,0.0,0.0,0
tecnico,macara,tecnico,5,Edison Caicedo,save,assisted,35.6,52.2,0,right-foot,low-centre,0,51.0,15.2,2629905,76,0.0,4555,52.2,35.6,49.0,0,49.0,84.8,15,845,shot,1.5,49.6,0.0,49.6,1.5,0
tecnico,macara,macara,5,Jorge Valdez,miss,assisted,12.4,52.8,0,left-foot,right,0,39.0,26.4,2629904,74,0.0,4380,52.8,12.4,61.0,0,61.0,73.6,17,1020,shot,0.0,0.0,0.0,0.0,0.0,0
tecnico,macara,macara,5,Daniel Porozo,miss,corner,6.8,50.0,0,left-foot,close-left,0,59.2,11.1,2629900,71,0.0,4208,50.0,6.8,40.8,0,40.8,88.9,20,1192,shot,0.0,0.0,0.0,0.0,0.0,0
tecnico,macara,tecnico,5,Willian Cevallos,miss,assisted,10.2,21.9,0,right-foot,high-right,0,37.5,43.1,2629898,69,0.0,4138,21.9,10.2,62.5,0,62.5,56.9,22,1262,shot,0.0,0.0,0.0,0.0,0.0,0
tecnico,macara,tecnico,5,Diego Armas,goal,penalty,11.5,50.0,0,right-foot,low-centre,0,51.5,15.8,2629896,63,0.0,3779,50.0,11.5,48.5,0,48.5,84.2,28,1621,shot,0.0,0.0,0.0,0.0,0.0,penalty
tecnico,macara,macara,5,Janpol Morales,save,regular,46.8,32.7,0,right-foot,low-left,0,53.5,16.5,2629940,56,0.0,3350,32.7,46.8,46.5,0,46.5,83.5,35,2050,shot,2.2,47.7,0.0,47.7,2.2,0
tecnico,macara,tecnico,5,Diego Armas,block,regular,23.2,63.4,0,right-foot,low-centre,0,49.7,19.0,2629875,52,0.0,3082,63.4,23.2,50.3,0,50.3,81.0,39,2318,shot,11.6,56.9,0.0,56.9,11.6,0
tecnico,macara,macara,5,Freddy Mina,miss,assisted,15.3,58.6,0,head,close-left,0,58.7,12.5,2629864,46,0.0,2723,58.6,15.3,41.3,0,41.3,87.5,45,2677,shot,0.0,0.0,0.0,0.0,0.0,0
tecnico,macara,tecnico,5,Milton Maciel,miss,free-kick,32.5,63.4,0,left-foot,close-right,0,41.2,18.1,2629836,43,0.0,2522,63.4,32.5,58.8,0,58.8,81.9,3,178,shot,0.0,0.0,0.0,0.0,0.0,0
tecnico,macara,macara,5,Glendys Mina,miss,assisted,24.8,37.4,0,left-foot,high,0,54.5,72.2,2629830,39,0.0,2285,37.4,24.8,45.5,0,45.5,27.8,7,415,shot,0.0,0.0,0.0,0.0,0.0,0
tecnico,macara,macara,5,Leonel Álvarez,save,free-kick,22.6,28.0,0,right-foot,high-centre,0,50.3,31.0,2629824,37,0.0,2172,28.0,22.6,49.7,0,49.7,69.0,9,528,shot,1.2,48.9,0.0,48.9,1.2,0
tecnico,macara,macara,5,Freddy Mina,save,assisted,8.3,46.6,0,left-foot,low-centre,0,50.1,7.6,2629823,34,0.0,2030,46.6,8.3,49.9,0,49.9,92.4,12,670,shot,2.8,46.8,0.0,46.8,2.8,0
tecnico,macara,macara,5,Freddy Mina,block,free-kick,32.9,53.8,0,right-foot,low-centre,0,49.4,19.0,2629829,28,0.0,1637,53.8,32.9,50.6,0,50.6,81.0,18,1063,shot,21.6,52.7,0.0,52.7,21.6,0
tecnico,macara,macara,5,Daniel Porozo,save,regular,10.5,50.7,0,right-foot,low-centre,0,50.6,5.7,2629780,27,0.0,1585,50.7,10.5,49.4,0,49.4,94.3,19,1115,shot,3.1,51.3,0.0,51.3,3.1,0
tecnico,macara,tecnico,5,Milton Maciel,save,regular,7.0,70.5,0,left-foot,low-centre,0,48.7,10.8,2629771,26,0.0,1521,70.5,7.0,51.3,0,51.3,89.2,20,1179,shot,1.6,50.7,0.0,50.7,1.6,0
tecnico,macara,macara,5,Janpol Morales,block,regular,13.3,31.6,0,right-foot,low-centre,0,51.6,19.0,2629814,25,0.0,1466,31.6,13.3,48.4,0,48.4,81.0,21,1234,shot,10.6,35.0,0.0,35.0,10.6,0
tecnico,macara,tecnico,5,Carlos Arboleda,miss,free-kick,25.7,43.0,0,left-foot,close-high-right,0,41.7,59.7,2629762,23,0.0,1336,43.0,25.7,58.3,0,58.3,40.3,23,1364,shot,0.0,0.0,0.0,0.0,0.0,0
tecnico,macara,macara,5,Freddy Mina,miss,free-kick,21.6,67.9,0,right-foot,high-right,0,41.8,62.5,2629759,20,0.0,1176,67.9,21.6,58.2,0,58.2,37.5,26,1524,shot,0.0,0.0,0.0,0.0,0.0,0
tecnico,macara,macara,5,Facundo Pons,goal,penalty,11.5,50.0,0,right-foot,high-right,0,45.9,20.3,2629754,14,0.0,806,50.0,11.5,54.1,0,54.1,79.7,32,1894,shot,0.0,0.0,0.0,0.0,0.0,penalty
tecnico,macara,macara,5,Leonel Álvarez,post,assisted,24.2,33.3,0,right-foot,left,0,55.3,17.7,2629749,10,0.0,567,33.3,24.2,44.7,0,44.7,82.3,36,2133,shot,0.0,0.0,0.0,0.0,0.0,0
tecnico,macara,tecnico,5,Rodrigo Ruiz Díaz,miss,assisted,30.9,37.6,0,right-foot,left,0,60.2,20.8,2629748,9,0.0,515,37.6,30.9,39.8,0,39.8,79.2,37,2185,shot,0.0,0.0,0.0,0.0,0.0,0
tecnico,macara,tecnico,5,Carlos Arboleda,miss,set-piece,25.2,41.3,0,left-foot,close-high-left,0,57.5,52.8,2629744,7,0.0,383,41.3,25.2,42.5,0,42.5,47.2,39,2317,shot,0.0,0.0,0.0,0.0,0.0,0
catolica,orense,catolica,6,Cristian Barros,block,set-piece,19.0,42.720752768376485,0,right-foot,low-centre,0,83.55357241022554,19.0,2654843,94,3.0,5524,22.39769313573612,19.0,38.982278064511796,0,24.970864690126326,81.0,1,776,shot,29.75088211772621,3.631378144402447,0.0,4.142962707160649,3.4686484850828734,0
catolica,orense,orense,6,Marcelo Eggel,block,free-kick,8.763322920893547,95.155885528945,0,left-foot,low-centre,0,66.10480147603536,19.0,2654839,81,3.0,5522,80.8082799225199,16.67203126521195,91.25392969665518,0,9.517735161358353,81.0,1,778,shot,28.736542181170087,50.46211372538944,0.0,5.9170460768247395,27.08247565053137,0
catolica,orense,orense,6,Marcelo Eggel,block,assisted,4.174434214197888,1.6115767071388873,0,left-foot,low-centre,0,38.44354878108849,19.0,2654836,83,1.0,5435,39.247133851841646,2.346888533318811,93.9809985017067,0,23.258080875738735,81.0,1,865,shot,17.961282160896552,23.813916079047466,0.0,98.15235525911524,16.347184748590294,0
catolica,orense,catolica,6,Bryan Elian Vinan Rodriguez,save,regular,12.999490561998835,4.3263365901227715,0,left-foot,low-centre,0,51.0,10.8,2654835,93,1.0,5430,24.75241161014453,18.52018186904631,49.0,0,49.0,100.0,1,870,shot,3.0656672096535,0.7624265464368207,0.0,54.86317461699086,0.4994606076029564,0
catolica,orense,orense,6,Arón Rodríguez,save,assisted,21.366686283024404,63.753539254927915,0,right-foot,low-centre,0,49.0,8.9,2654849,89,0.0,5265,58.19164345724232,24.304243514525968,51.0,0,51.0,78.4917174219456,3,135,shot,0.6985723633470164,26.004756447154918,0.0,39.49563259051345,1.8869840232138029,0
catolica,orense,catolica,6,Mauro Díaz,goal,penalty,10.133711245001756,50.0,0,right-foot,low-left,0,4.085123258179422,13.3,2654823,84,0.0,5151,50.0,18.047798386708365,86.7676593554569,0,32.35489628682025,100.0,5,249,shot,0.0,0.0,0.0,0.0,0.0,penalty
catolica,orense,orense,6,Yeltzin Erique,miss,corner,7.860385289844174,70.47668653349207,0,right-foot,left,0,98.33434067068373,9.7,2654842,89,0.0,4872,72.27831605333245,6.9787184595559975,58.31583746625136,0,71.01499036178313,0.5123760594080693,9,528,shot,0.0,0.0,0.0,0.0,0.0,0
catolica,orense,orense,6,Isaac Sanchez,save,assisted,25.754032545275525,89.96527002557096,0,right-foot,low-centre,0,94.9737743492462,9.5,2654789,76,0.0,4488,25.99122449972461,19.38475944234879,17.077131226679,0,38.54637830362917,41.98198761168615,16,912,shot,5.493483259745215,77.0514497099099,0.0,17.98640293097533,6.227747238568844,0
catolica,orense,catolica,6,Layan Loor,save,set-piece,35.22471394568951,65.94514536736295,0,left-foot,high-centre,0,5.621890527751127,22.2,2654820,67,0.0,4051,24.32946718678067,9.80596589111309,93.04426939106921,0,60.25403556436626,23.058860131804323,23,1349,shot,2.9797500686246594,19.889283091220598,0.0,25.331755082027662,1.9194277567552858,0
catolica,orense,orense,6,Facundo Martinez,block,free-kick,35.516389602379434,7.272325385742832,0,right-foot,low-left,0,23.120657187073306,19.0,2654768,74,0.0,4048,9.251942198089857,12.535475008017201,33.24012247997997,0,90.76809230692605,81.0,23,1352,shot,13.988104011185595,27.635253743790898,0.0,79.35220193200934,2.1946357880537697,0
catolica,orense,orense,6,Kevin Minda,goal,set-piece,3.792038924100264,100.0,0,right-foot,low-left,0,100.0,8.9,2654746,67,0.0,3717,40.4134185335966,4.117952620002066,47.041043519302775,0,56.83324620410323,100.0,29,1683,shot,0.0,0.0,0.0,0.0,0.0,regular
catolica,orense,orense,6,Marcelo Eggel,miss,assisted,31.828585133914903,95.29913268418103,0,left-foot,left,0,68.7418473614359,38.9,2654733,51,0.0,3579,52.25357798912218,12.580984965396983,16.162238540636842,0,29.45886261705268,48.655478810346715,31,1821,shot,0.0,0.0,0.0,0.0,0.0,0
catolica,orense,orense,6,Marcelo Eggel,block,assisted,25.0,63.10357289237233,0,right-foot,low-centre,0,89.84012720778153,19.0,2654745,59,0.0,3576,59.67444148908585,25.0,24.544455557411503,0,0.3659100585853352,81.0,31,1824,shot,3.651121784206385,57.0,0.0,57.0,12.03540362957752,0
catolica,orense,catolica,6,Jhon Cifuente,save,assisted,14.408018779795832,37.52857916749415,0,right-foot,low-centre,0,66.33727009465605,10.1,2654726,54,0.0,3433,99.33734444076302,12.783400201416981,36.24338742472598,0,61.6840489571555,100.0,33,1967,shot,12.081261344271129,56.0,0.0,56.0,11.940193906586723,0
catolica,orense,orense,6,Fausto Grillo,miss,corner,9.77344275147694,79.552210473226,0,other,high-left,0,14.655541114838513,62.5,2654717,49,0.0,3347,84.42760678419886,1.9595444854405386,19.737307607815225,0,17.342822067227644,50.235140412564675,35,2053,shot,0.0,0.0,0.0,0.0,0.0,0
catolica,orense,orense,6,Luciano Nieto,save,regular,2.274105399268586,31.729900484710555,0,right-foot,low-centre,0,50.0,9.5,2654712,54,0.0,3292,100.0,5.0724156992949725,50.0,0,50.0,100.0,36,2108,shot,1.606762819176505,100.0,0.0,70.44441476230669,0.7577152614681824,0
catolica,orense,orense,6,Jhon Cifuente,block,assisted,1.4649337950308805,33.38457665780736,0,right-foot,low-left,0,87.0466005352484,19.0,2654697,59,0.0,2943,57.05272554248498,23.812140335028346,61.42936747539311,0,3.18048145598884,81.0,41,2457,shot,30.208052204604027,9.06257887297783,0.0,66.29297371778844,20.51258321506749,0
catolica,orense,orense,6,Kevin Minda,goal,set-piece,3.253940294290822,2.3821526097655124,0,head,low-right,0,46.0,16.5,2654593,47,3.0,2831,35.33202313948252,6.795546331692534,54.0,0,54.0,100.0,1,2569,shot,0.0,0.0,0.0,0.0,0.0,regular
catolica,orense,orense,6,Richard Calderón,miss,assisted,7.467461546193281,8.888185511405801,0,right-foot,left,0,95.12866643563741,5.6,2654600,50,0.0,2684,41.851533891348,32.41125145901782,69.43218537523333,0,13.082342050877642,66.31179280324628,1,16,shot,2.199230029670815,76.54304302771476,0.0,4.911289306765866,1.8598780482295219,0
catolica,orense,orense,6,Dany Coronel,goal,assisted,1.7951843330449897,59.28041859820141,0,head,low-left,0,54.0,16.5,2654564,40,0.0,2561,5.761872413519086,5.0274607709220085,46.0,0,46.0,33.73365114824543,3,139,shot,0.0,0.0,0.0,0.0,0.0,regular
catolica,orense,orense,6,Facundo Martinez,goal,regular,17.928812808513488,27.77106584753561,0,right-foot,low-left,0,40.04081534855899,5.7,2654546,48,0.0,2303,81.38837465324097,28.70246701087463,48.29684688850955,0,84.91667739711603,100.0,7,397,shot,0.0,0.0,0.0,0.0,0.0,regular
catolica,orense,catolica,6,Richard Calderón,miss,assisted,41.4006040702306,10.338263458130953,0,right-foot,high,0,16.928630188450718,66.7,2654611,32,0.0,2165,36.89964414072063,58.27709155399566,41.31179681858577,0,78.63755011687212,45.65911641315701,9,535,shot,0.0,0.0,0.0,0.0,0.0,0
catolica,orense,catolica,6,Ismael Díaz,miss,fast-break,14.331740391030253,42.36841769493202,0,right-foot,right,0,25.136234642340696,8.3,2654620,34,0.0,1999,49.76667790282934,4.245271873512452,100.0,0,53.714480112236984,6.728889913996639,12,701,shot,0.0,0.0,0.0,0.0,0.0,0
catolica,orense,orense,6,Jhon Cifuente,save,regular,1.6926560504363293,28.902814230057224,0,right-foot,low-centre,0,94.84702688097302,19.0,2654650,38,0.0,1849,11.471930403120588,8.660135799823312,27.682945724012384,0,57.25313876489797,81.0,15,851,shot,2.636007695939143,22.596553277056515,0.0,88.03955864890916,0.6654347842435682,0
catolica,orense,catolica,6,Luciano Nieto,miss,assisted,26.905141376652658,42.55681489668998,0,left-foot,close-right,0,42.0,18.1,2654496,26,0.0,1311,5.360886415630368,30.087112893333547,58.0,0,58.0,28.63917711770661,24,1389,shot,0.0,0.0,0.0,0.0,0.0,0
catolica,orense,catolica,6,Kevin Quevedo,goal,assisted,9.238792197357943,31.051901626717765,0,right-foot,low-left,0,36.63779462830907,14.6,2654489,28,0.0,1184,20.44525183436211,11.43459079707871,52.85125630583504,0,62.15861774268113,100.0,26,1516,shot,0.0,0.0,0.0,0.0,0.0,regular
catolica,orense,orense,6,Jhon Cifuente,miss,assisted,7.647909122606716,32.0,0,left-foot,right,0,1.6299653132952339,13.9,2654521,17,0.0,1144,32.0,0.43349281660620065,42.05971670318762,0,20.852890440138893,100.0,26,1556,shot,1.0790151260967327,98.0,0.0,98.0,4.438888999073006,0
catolica,orense,orense,6,Richard Calderón,miss,free-kick,47.33010227727445,23.002898524370377,0,right-foot,left,0,52.40266570759765,23.6,2654478,23,0.0,948,24.696564700636113,4.348598098285596,3.281659632972847,0,7.968134177942247,51.33727621902999,30,1752,shot,0.0,0.0,0.0,0.0,0.0,0
catolica,orense,orense,6,Jhon Cifuente,miss,fast-break,11.421207659986703,22.396048157704445,0,left-foot,close-right,0,36.57169113617827,15.3,2654434,6,0.0,748,13.370666882641846,3.309188010798497,52.78866845913866,0,100.0,20.282219061416427,33,1952,shot,0.0,0.0,0.0,0.0,0.0,0
catolica,orense,catolica,6,Ismael Díaz,block,assisted,21.134737050745485,11.85881000490857,0,right-foot,low-centre,0,99.96019689510233,19.0,2654426,10,0.0,635,11.929248641445923,15.023899506941513,53.78864327697319,0,97.30918444931073,81.0,35,2065,shot,8.345280847526372,57.823249915283306,0.0,55.463585207279145,11.105054059786184,0
catolica,orense,catolica,6,Jhon Cifuente,block,fast-break,29.0,44.84944455100561,0,right-foot,low-centre,0,49.0,19.0,2654425,8,0.0,626,35.6805691393314,29.0,51.0,0,51.0,81.0,35,2074,shot,42.44937542557646,50.089841150129295,0.0,64.84712763160687,44.41981389566739,0
cuenca,delfin,cuenca,6,Luis Castro,miss,assisted,45.92511108304861,27.126419376540518,0,left-foot,high,0,77.70895053480822,70.8,2655283,92,0.0,5351,49.54080233622819,30.087398542065166,14.492063283178034,0,68.28476239609813,45.95181954364543,1,49,shot,0.0,0.0,0.0,0.0,0.0,0
cuenca,delfin,cuenca,6,Luis Aldair Arroyo Cabeza,block,corner,9.045228770024584,15.470453937084052,0,head,low-right,0,29.785621288146466,19.0,2655287,85,0.0,5304,31.6866739276699,3.291736710880654,100.0,0,61.883093159651615,81.0,2,96,shot,2.7482652850833924,36.477527310473945,0.0,15.348627156843463,0.867780806119336,0
cuenca,delfin,cuenca,6,Lucas Mancinelli,block,assisted,7.381593562226634,12.855346274619231,0,right-foot,low-right,0,71.16701007891655,19.0,2655282,84,0.0,5261,5.781537323270863,15.202481737885442,52.2846192466409,0,94.18120357310221,81.0,3,139,shot,26.224180878561384,23.129984549213024,0.0,1.9650191078140935,10.48044169492249,0
cuenca,delfin,delfin,6,David Noboa,block,assisted,14.259216809445558,74.38863472161403,0,right-foot,low-right,0,80.62493393896509,19.0,2655286,95,0.0,5135,38.737670966832965,28.64929985187305,91.63843573641392,0,48.82349993246276,81.0,5,265,shot,30.921694352478347,56.92021248010094,0.0,54.78655302090448,36.37110548248007,0
cuenca,delfin,delfin,6,Luis Aldair Arroyo Cabeza,miss,assisted,1.5982248115704785,25.09845710389935,0,head,high,0,89.5457778133967,75.0,2655272,80,0.0,5011,22.18101134203843,1.9044421010097317,63.30150923852189,0,3.129444255008181,25.0,7,389,shot,0.0,0.0,0.0,0.0,0.0,0
cuenca,delfin,delfin,6,Michael Mieles,block,assisted,33.37035342200598,78.62874819479373,0,right-foot,low-centre,0,39.1058239237811,19.0,2655395,86,0.0,4926,66.60243650740924,17.517624040061968,61.93942685865257,0,18.736788782530823,81.0,8,474,shot,15.562109917071588,19.91979882980965,0.0,11.887408881061333,12.535809568546142,0
cuenca,delfin,cuenca,6,Vilinton Branda,save,assisted,49.08030826025527,82.8004224404879,0,left-foot,low-right,0,25.16251912095604,5.1,2655365,89,0.0,4883,100.0,44.32174433785497,17.33976117900746,0,4.978447010588916,100.0,9,517,shot,0.10309887778864457,65.65742133232709,0.0,10.505720406913746,0.6558536440549454,0
cuenca,delfin,cuenca,6,Michael Mieles,miss,assisted,47.841952687608966,7.926671846035326,0,left-foot,high,0,32.43030918582211,76.4,2655393,80,0.0,4827,14.695130478892466,49.64928076956028,100.0,0,27.439023041252383,17.219891182355234,10,573,shot,0.0,0.0,0.0,0.0,0.0,0
cuenca,delfin,cuenca,6,Luis Castro,miss,assisted,22.14252692581872,13.47116775993063,0,left-foot,close-high,0,29.03682216146744,52.8,2655262,83,0.0,4751,97.09394863296538,19.876873318336244,68.96771908022836,0,14.981079222228601,84.36576162971654,11,649,shot,0.0,0.0,0.0,0.0,0.0,0
cuenca,delfin,delfin,6,Raúl Becerra,miss,penalty,10.516793646682643,50.0,0,right-foot,high,0,44.61756892972737,72.2,2655252,67,0.0,4246,50.0,9.446006896404498,58.640637866871074,0,49.80742487961756,20.41417000168354,20,1154,shot,0.0,0.0,0.0,0.0,0.0,0
cuenca,delfin,delfin,6,Horacio Tijanovich,miss,assisted,18.30256803996787,46.94268566310113,0,right-foot,close-high-right,0,60.992939360602165,58.3,2655247,73,0.0,4098,35.09586343145911,18.55297830350769,75.42230324815233,0,91.01231231702889,24.462699333463107,22,1302,shot,0.0,0.0,0.0,0.0,0.0,0
cuenca,delfin,delfin,6,Nicolás Goitea,miss,set-piece,9.0,11.153419562602984,0,head,close-high-right,0,43.0,43.1,2655239,57,0.0,3949,24.44675296554346,9.0,57.0,0,57.0,75.61360461509864,25,1451,shot,0.0,0.0,0.0,0.0,0.0,0
cuenca,delfin,cuenca,6,Juan Manuel Elordi,miss,regular,17.71172573090626,25.368283430024256,0,left-foot,close-high,0,70.84683450218269,45.8,2655242,66,0.0,3788,51.653416600524416,10.256498554259881,89.11098538218852,0,98.29412515530467,57.08378560420799,27,1612,shot,0.0,0.0,0.0,0.0,0.0,0
cuenca,delfin,cuenca,6,Jose Enrique Angulo,save,assisted,4.396040592483317,51.90828291006919,0,right-foot,low-centre,0,47.11729804907661,19.0,2655234,73,0.0,3782,15.076780034939631,2.4385487386675777,68.1747941106497,0,68.79197858900515,81.0,27,1618,shot,2.353338203612414,46.87457802548299,0.0,52.64284453021375,2.9980811118063917,0
cuenca,delfin,cuenca,6,Horacio Tijanovich,miss,free-kick,24.0,6.9250032774444605,0,right-foot,close-high,0,30.18170553414567,59.7,2655233,55,0.0,3731,52.47434775852354,24.0,54.34257201718808,0,51.24691544408822,68.34811136859842,28,1669,shot,0.0,0.0,0.0,0.0,0.0,0
cuenca,delfin,cuenca,6,Nazareno Romero,block,regular,4.690858390345202,26.053489156805284,0,left-foot,low-left,0,100.0,19.0,2655232,50,0.0,3593,55.81088822329123,12.588260891315091,0.2116990392317888,0,0.4346949619822098,81.0,31,1807,shot,15.0,73.59457252647616,0.0,68.80179884575627,15.0,0
cuenca,delfin,delfin,6,Jose Enrique Angulo,save,assisted,16.142924391920015,42.162210965791544,0,head,low-centre,0,50.0,3.2,2655078,46,2.0,2807,50.49049890369275,2.405262674095681,50.0,0,50.0,100.0,1,2593,shot,4.067172614009278,84.86040506913221,0.0,26.601971502676356,2.5071322135389122,0
cuenca,delfin,cuenca,6,Pablo Daniel Magnin,miss,assisted,3.002787903193747,64.65631323464476,0,left-foot,close-left,0,97.77363845730027,12.5,2655066,35,0.0,2349,16.26226640529236,3.687062316620665,32.44477475554797,0,43.42979847049675,28.08679602559755,6,351,shot,0.0,0.0,0.0,0.0,0.0,0
cuenca,delfin,delfin,6,Nazareno Romero,miss,corner,11.0,37.0,0,head,close-high-right,0,41.0,44.4,2655057,45,0.0,2283,37.0,11.0,59.0,0,59.0,5.538410721183496,7,417,shot,0.0,0.0,0.0,0.0,0.0,0
cuenca,delfin,cuenca,6,Danny Luna,save,assisted,23.91307246888359,97.52103546746292,0,left-foot,low-centre,0,17.10438336112631,19.0,2655056,36,0.0,2257,6.254491014501731,12.099770837429377,18.34066890316643,0,4.108442362760677,81.0,8,443,shot,0.07957472428887535,19.47120335924354,0.0,22.255816713377392,0.6840648717355395,0
cuenca,delfin,cuenca,6,Erick Zuniga,miss,assisted,5.923119942646755,25.582160859223244,0,right-foot,close-right,0,71.7690137226859,15.3,2655049,34,0.0,2114,21.005247573493243,0.08300008363597122,99.24181013212451,0,39.140325242354905,2.5239786186924817,10,586,shot,0.0,0.0,0.0,0.0,0.0,0
cuenca,delfin,delfin,6,Danny Luna,block,set-piece,19.824571598999174,36.515277525045704,0,head,low-centre,0,51.0,19.0,2655045,17,0.0,1591,54.639264134726005,1.8163195961102279,49.0,0,49.0,81.0,19,1109,shot,7.0,20.138263343827447,0.0,27.729269708706525,7.0,0
cuenca,delfin,delfin,6,Danny Luna,save,assisted,33.0,15.611136216496078,0,left-foot,high-centre,0,84.23519703882943,26.6,2655030,27,0.0,1355,44.60548963371093,33.0,6.920943057092302,0,10.206159552767197,77.89198184468063,23,1345,shot,0.8945667616823423,63.137443999918794,0.0,7.218173981972093,1.1389839945317082,0
cuenca,delfin,cuenca,6,Pablo Daniel Magnin,block,assisted,8.562598261553909,64.34709262341032,0,right-foot,low-centre,0,35.91662984891794,19.0,2655043,31,0.0,1277,61.01676836502368,4.303909461199044,74.12656392876852,0,38.707273781540216,81.0,24,1423,shot,19.2115201718372,11.28872623671812,0.0,74.48956258865091,7.935221816479833,0
cuenca,delfin,cuenca,6,Pablo Daniel Magnin,miss,assisted,20.35812868778141,25.41796461280881,0,head,right,0,37.0,12.5,2655020,15,0.0,990,60.21679529858648,3.918734908669144,63.0,0,63.0,82.04316263040226,29,1710,shot,0.0,0.0,0.0,0.0,0.0,0
cuenca,delfin,delfin,6,Rodrigo Melo,miss,assisted,32.95674518759785,21.890359680699383,0,right-foot,high,0,50.60011487908452,97.2,2655017,12,0.0,929,4.896314408856586,14.56273941451289,90.41226377534772,0,35.82414608940373,2.1159041716989853,30,1771,shot,0.0,0.0,0.0,0.0,0.0,0
cuenca,delfin,delfin,6,Ignacio Gariglio,block,corner,5.717425693861885,69.58382224132433,0,head,low-centre,0,67.32476617909035,19.0,2655022,19,0.0,888,93.438450708777,12.780662571536961,42.24099512985068,0,22.738216088288816,81.0,31,1812,shot,9.638350975064805,29.331086519132533,0.0,8.647322244147738,0.7364694390487951,0
cuenca,delfin,delfin,6,Lucas Mancinelli,miss,fast-break,54.0,57.816446486778176,0,right-foot,right,0,8.20210976782215,13.9,2655004,15,0.0,559,100.0,54.0,98.11025873647553,0,74.89311051274261,100.0,36,2141,shot,0.0,0.0,0.0,0.0,0.0,0
cuenca,delfin,delfin,6,Guillermo Fratta,miss,set-piece,12.602645703770758,22.08094468154168,0,right-foot,high,0,47.70255112337133,75.0,2655011,7,0.0,418,21.127715715057477,11.250506403012903,62.11549157315587,0,30.328594964624862,25.0,39,2282,shot,0.0,0.0,0.0,0.0,0.0,0
cuenca,delfin,delfin,6,Guillermo Fratta,save,set-piece,18.85847943732737,88.72858117216894,0,head,low-centre,0,52.884047367541854,12.0,2654998,4,0.0,412,29.18946169689491,20.476580373876292,11.549133957243264,0,44.770393660856485,88.0,39,2288,shot,2.9010378128878824,50.0,0.0,50.0,1.4728470359271881,0
cuenca,delfin,cuenca,6,Luis Castro,save,assisted,5.980561270221802,55.0,0,left-foot,low-left,0,15.499327765849088,15.2,2654958,12,0.0,323,55.0,59.76010965979103,67.25699312239817,0,81.38301745199252,100.0,40,2377,shot,2.491832668417439,40.75791812432296,0.0,60.91247871778243,2.4647625658628596,0
cuenca,delfin,delfin,6,Pablo Daniel Magnin,miss,assisted,11.0,82.38069444751582,0,head,high,0,94.80963799430845,84.7,2654952,14,0.0,249,59.05547861570145,11.0,45.96812966797651,0,71.37773852432638,3.1923538706051993,41,2451,shot,0.0,0.0,0.0,0.0,0.0,0
cuenca,delfin,delfin,6,Jose Enrique Angulo,miss,assisted,3.08958237405281,22.420237984447116,0,right-foot,left,0,73.26973121772265,16.7,2654945,-3,0.0,142,43.34340022123982,11.526447804002174,37.57240578168269,0,13.663191633986138,61.2069339247184,43,2558,shot,0.0,0.0,0.0,0.0,0.0,0
cumbaya,nacional,nacional,6,Eddy Mejía,block,throw-in-set-piece,16.0,52.35128019280272,0,left-foot,low-centre,0,92.84745554820921,19.0,2649927,82,10.0,5968,50.00696586209837,16.0,63.71930195426922,0,52.55471426006694,81.0,1,332,shot,6.829404605607973,28.798758822825164,0.0,60.069237488897755,14.599747943576943,0
cumbaya,nacional,nacional,6,Antony Chere,miss,corner,8.0,48.70135521191632,0,head,left,0,2.310164379195726,18.1,2649914,91,9.0,5899,5.832554556071912,8.0,40.333944365131195,0,7.36435248609493,17.782900083519806,1,401,shot,0.08156282945897919,18.921948505418413,0.0,74.11237806597318,1.6128880820020226,0
cumbaya,nacional,nacional,6,Marcos Olmedo,miss,assisted,36.0,98.95747367515403,0,right-foot,left,0,45.44637032241073,8.3,2649966,97,8.0,5853,71.690665556831,36.0,52.76467038916603,0,20.541323555815957,100.0,1,447,shot,19.0,37.82450053161533,0.0,34.58386415960453,19.0,0
cumbaya,nacional,cumbaya,6,Eddy Mejía,save,assisted,6.69969705784365,28.473747219035083,0,left-foot,low-right,0,54.297096050297476,5.1,2649889,97,6.0,5738,63.70230435437343,4.239644318085148,34.207419742361715,0,17.644364424935524,54.36654712434438,1,562,shot,1.1947742412883458,26.0787810653038,0.0,68.10816522537196,0.9080010397279163,0
cumbaya,nacional,cumbaya,6,Juan Carlos Paredes,miss,assisted,57.740365603193105,84.90319977812553,0,right-foot,left,0,20.02699776175558,16.7,2649888,83,6.0,5712,31.261812545721973,22.174768554419735,0.7914849022829955,0,28.247634004646976,4.534660149337924,1,588,shot,4.032173396515211,12.464043771481663,0.0,15.145763208250415,2.7999833636643645,0
cumbaya,nacional,nacional,6,Fidel Martínez,miss,assisted,6.552266659362029,27.28024399434196,0,right-foot,left,0,11.629245246233111,20.8,2649882,98,3.0,5571,9.914265231377563,18.10254881519813,54.227185415267755,0,74.02850392270102,3.9248482298677914,1,729,shot,0.0,0.0,0.0,0.0,0.0,0
cumbaya,nacional,cumbaya,6,Melvin Diaz,goal,penalty,14.116906486944593,50.0,0,left-foot,low-right,0,48.118554173956284,15.2,2649852,94,0.0,5386,50.0,5.279669129982729,99.84872100010467,0,1.471286090030354,100.0,1,14,shot,0.0,0.0,0.0,0.0,0.0,penalty
cumbaya,nacional,nacional,6,Anthony Bedoya Caicedo,save,corner,6.0,33.49257159666958,0,head,low-centre,0,100.0,10.8,2649847,97,0.0,5247,71.92418944623037,6.0,68.80057663865102,0,59.5998632154251,9.337103471521345,3,153,shot,0.6948460690367386,67.56766550658998,0.0,56.61914371790643,1.3618717781296912,0
cumbaya,nacional,nacional,6,Charles Vélez,block,assisted,3.282567428471623,74.4053117425473,0,left-foot,low-left,0,67.30348265085092,19.0,2649846,78,0.0,5226,15.60545289961167,0.7313409684150187,86.46185226510393,0,15.369717538846764,81.0,3,174,shot,1.7806208247704935,68.54101118142998,0.0,62.972615365186485,4.655138126110212,0
cumbaya,nacional,cumbaya,6,Melvin Diaz,miss,assisted,49.4603675897058,37.728818354670906,0,left-foot,high-right,0,35.0,77.8,2649834,96,0.0,5161,20.679165245091312,0.9447589591626198,65.0,0,65.0,14.615402805886614,4,239,shot,0.0,0.0,0.0,0.0,0.0,0
cumbaya,nacional,cumbaya,6,Alejandro Altuna,miss,corner,5.377879969745562,26.561117849403765,0,head,right,0,6.4013505837270515,18.1,2649816,76,0.0,4879,28.225342665087943,17.430790028901725,25.350419166324258,0,29.168494411543733,82.37413307392123,9,521,shot,0.0,0.0,0.0,0.0,0.0,0
cumbaya,nacional,nacional,6,Kevin Hurtado,block,assisted,19.881158891435426,44.59684696929069,0,left-foot,low-centre,0,46.66829687782394,19.0,2649815,72,0.0,4830,3.7591112245725853,4.574121071479873,42.41865654328543,0,61.07585858744323,81.0,10,570,shot,8.02960414247805,100.0,0.0,29.66599292208685,25.40431766936774,0
cumbaya,nacional,nacional,6,Elian Carabali,miss,regular,45.013988441200894,46.81901477765373,0,right-foot,left,0,61.98131297889235,25.0,2649750,77,0.0,4042,25.5290538397905,20.775566661905035,74.98508802741108,0,37.86460997153061,75.0,23,1358,shot,0.0,0.0,0.0,0.0,0.0,0
cumbaya,nacional,cumbaya,6,Jorge Ordóñez,miss,assisted,15.397455145203818,49.0,0,right-foot,right,0,26.813306061832908,4.2,2649682,47,0.0,2830,49.0,13.55949016559185,58.762619043200786,0,11.18478889219594,79.23261069874833,43,2570,shot,0.0,0.0,0.0,0.0,0.0,0
cumbaya,nacional,nacional,6,Daniel Patino,miss,regular,22.237374602943294,2.838418791104374,0,right-foot,high,0,28.27403964133387,68.1,2649583,44,4.0,2882,14.950963506029638,3.426077277821719,51.92120517182509,0,86.78310504112186,28.379252016828907,1,2518,shot,0.0,0.0,0.0,0.0,0.0,0
cumbaya,nacional,cumbaya,6,Marcos Olmedo,miss,assisted,50.76841778422211,6.37593432235818,0,right-foot,high-right,0,50.15039854715421,52.8,2649559,37,0.0,2488,13.641192577117312,13.951518114111508,0.798625361950549,0,26.399634321854435,10.77462449324505,4,212,shot,0.0,0.0,0.0,0.0,0.0,0
cumbaya,nacional,nacional,6,Bryan Tana,save,assisted,44.15803398077738,43.0,0,right-foot,low-centre,0,71.20978102740168,16.5,2649556,50,0.0,2447,43.0,37.65534619842993,60.60848989891431,0,86.57859778745083,11.374236326211104,5,253,shot,1.9477657165405837,57.83127510541668,0.0,98.71936752746937,1.4023038865337725,0
cumbaya,nacional,nacional,6,Byron Palacios,save,regular,4.668176283188884,61.603445155948,0,left-foot,low-centre,0,76.50676535196321,3.8,2649544,47,0.0,2312,35.84968020355846,2.5255708685009353,25.921608220936633,0,44.56685849403219,100.0,7,388,shot,0.9235997637953597,69.06073942144747,0.0,66.49188099130401,2.9375166146379654,0
cumbaya,nacional,nacional,6,Maikel Valencia,miss,assisted,47.1523180775811,39.00130053338289,0,right-foot,high-right,0,5.097952666364392,72.2,2649529,28,0.0,2119,42.54154682429052,14.174348379221808,44.24960722807886,0,34.455605104704304,12.766895745164472,10,581,shot,0.0,0.0,0.0,0.0,0.0,0
cumbaya,nacional,nacional,6,Maikel Valencia,miss,fast-break,62.60522873508837,14.366223739541589,0,right-foot,high-right,0,32.81651542946976,73.6,2649525,32,0.0,2024,39.35664628394655,6.386398652815416,21.7478653708324,0,26.06521728799578,50.97671953658824,12,676,shot,0.0,0.0,0.0,0.0,0.0,0
cumbaya,nacional,nacional,6,Kevin Peralta,miss,assisted,22.778543019425495,17.992675959949075,0,right-foot,right,0,35.51199463958601,6.9,2649521,37,0.0,1776,85.51941837597491,3.9826372313011156,8.993389699565085,0,55.99901159440277,100.0,16,924,shot,0.0,0.0,0.0,0.0,0.0,0
cumbaya,nacional,cumbaya,6,Tomson Minda,miss,assisted,5.382764490850329,25.221912034109522,0,right-foot,high,0,46.25576365587512,77.8,2649498,23,0.0,1295,100.0,0.8080320353159056,52.16472519821861,0,1.3093706673857284,23.80233888137352,24,1405,shot,0.0,0.0,0.0,0.0,0.0,0
cumbaya,nacional,cumbaya,6,Byron Palacios,miss,assisted,2.712395451967109,12.252192519781119,0,left-foot,right,0,11.437685558357487,4.2,2649487,19,0.0,1012,17.48713269564397,12.522987963739904,83.48517691249499,0,80.94993584808246,79.22377789795105,29,1688,shot,0.0,0.0,0.0,0.0,0.0,0
cumbaya,nacional,nacional,6,Melvin Diaz,block,assisted,27.987097670507026,30.0,0,left-foot,low-left,0,40.5331401332531,19.0,2649464,17,0.0,887,30.0,35.02459364753857,56.66259182690072,0,7.561189050712464,81.0,31,1813,shot,11.370063408661299,21.147535392476513,0.0,54.48247268169335,12.66523451232598,0
cumbaya,nacional,nacional,6,Fernando Delgado,miss,assisted,55.621095217427765,82.70197858141863,0,left-foot,high-left,0,77.4635604958723,56.9,2649461,5,0.0,815,0.7412382094137655,51.46065798986912,20.792340722074456,0,44.56339011863609,86.11758902371602,32,1885,shot,0.0,0.0,0.0,0.0,0.0,0
cumbaya,nacional,cumbaya,6,Antony Chere,miss,assisted,7.491315117173755,13.801434540805829,0,right-foot,high-right,0,49.57000765720909,55.6,2649459,10,0.0,765,66.50719911884663,36.33350021322798,86.56739068255861,0,40.866252423398564,73.53349968151909,33,1935,shot,0.0,0.0,0.0,0.0,0.0,0
cumbaya,nacional,cumbaya,6,Melvin Diaz,miss,assisted,15.9296916618978,69.20722121080226,0,head,left,0,17.838004156958647,29.2,2649451,12,0.0,611,37.391096479364144,20.395148036339272,19.198601409266516,0,6.14625954703552,63.83120816991807,35,2089,shot,0.0,0.0,0.0,0.0,0.0,0
cumbaya,nacional,cumbaya,6,Antony Chere,miss,corner,5.241348752953498,100.0,0,head,close-right,0,53.09021085118881,34.7,2649446,5,0.0,507,17.64123369042064,15.286798416379256,54.8000348223642,0,44.19670856594126,100.0,37,2193,shot,0.0,0.0,0.0,0.0,0.0,0
cumbaya,nacional,cumbaya,6,Byron Palacios,miss,assisted,9.0,5.031823212754361,0,head,left,0,63.133232104880086,8.3,2649438,6,0.0,320,53.6869367707444,9.0,72.1808257539652,0,52.23055343275578,100.0,40,2380,shot,0.0,0.0,0.0,0.0,0.0,0
emelec,independiente,emelec,6,Keny Arroyo,miss,assisted,13.08824811053551,16.454228218710576,0,left-foot,high-left,0,18.89055473808955,66.7,2655768,84,6.0,5729,71.99312117027955,30.75726538726864,12.019044908702838,0,72.11100747598653,39.36099025304398,1,571,shot,0.0,0.0,0.0,0.0,0.0,0
emelec,independiente,independiente,6,Marcelo Meli,block,assisted,5.384114642859073,1.0016559589320977,0,right-foot,low-left,0,31.621379445038833,19.0,2655767,85,5.0,5644,49.85057923359106,17.31480692930316,89.41647456192686,0,61.24888010468792,81.0,1,656,shot,14.082095906797136,42.132162028541565,0.0,45.67276056336579,4.527744113750138,0
emelec,independiente,independiente,6,Jaime Ayoví,save,assisted,24.0,44.99999260599035,0,right-foot,low-left,0,82.54409110371233,5.7,2655722,89,0.0,5269,12.242567469731306,24.0,20.286106040086437,0,14.307753326028966,89.74463039590422,3,131,shot,4.227694215840161,62.96075612576062,0.0,75.1995088640061,3.77171149462744,0
emelec,independiente,independiente,6,Kendry Páez,save,assisted,20.377709773125837,75.45288852561333,0,left-foot,low-centre,0,10.10486537035041,9.5,2655721,91,0.0,5226,17.790888896773673,29.441815289431503,43.09002148376486,0,62.516781639406574,49.49485893388345,3,174,shot,1.0830261006436404,94.30129873496786,0.0,86.39799806067658,2.243765685835616,0
emelec,independiente,independiente,6,Joao Ortíz,miss,assisted,38.89321705494823,59.0,0,right-foot,right,0,58.3809157763545,29.2,2655720,93,0.0,5145,59.0,46.789771844072455,1.2793561217473908,0,4.774532106785941,81.33188700192544,5,255,shot,0.0,0.0,0.0,0.0,0.0,0
emelec,independiente,emelec,6,Alexander González,miss,assisted,37.302083562208146,53.236869323523806,0,right-foot,high-left,0,16.870219208314822,63.9,2655718,85,0.0,5102,51.79546300015153,1.732725042428612,6.228696935665525,0,62.2469570968406,4.636949494933937,5,298,shot,0.0,0.0,0.0,0.0,0.0,0
emelec,independiente,independiente,6,Romario Caicedo,miss,regular,13.110820815572296,35.30359364962803,0,left-foot,left,0,100.0,18.1,2655711,80,0.0,4791,19.46295693560164,24.161880702448784,0.30404796441931126,0,30.209769133843253,100.0,11,609,shot,0.0,0.0,0.0,0.0,0.0,0
emelec,independiente,emelec,6,Cristian Zabala,miss,assisted,1.563224679239088,43.48823212960831,0,right-foot,left,0,100.0,33.3,2655712,70,0.0,4706,100.0,8.268501321115131,30.877828030108432,0,59.16401838145259,93.80029375965175,12,694,shot,0.0,0.0,0.0,0.0,0.0,0
emelec,independiente,emelec,6,Marcelo Meli,miss,assisted,3.741672417886347,74.81482883484489,0,right-foot,high,0,18.844306384689474,65.3,2655710,73,0.0,4684,71.34019195769295,17.456514599190314,16.498951513641124,0,54.355265174189256,26.50263212108861,12,716,shot,0.0,0.0,0.0,0.0,0.0,0
emelec,independiente,emelec,6,Facundo Castelli,miss,assisted,23.095305263990813,64.7222563137505,0,right-foot,close-high,0,58.399436681686474,58.3,2655695,58,0.0,3900,3.6886876881733315,19.713915132273545,48.536466234878695,0,38.726635945199085,73.93320870181786,25,1500,shot,0.0,0.0,0.0,0.0,0.0,0
emelec,independiente,independiente,6,Aníbal Leguizamón,save,free-kick,19.696802858899705,18.917450726263993,0,right-foot,low-centre,0,1.1772860982502138,7.0,2655701,59,0.0,3879,14.459836252815975,37.653012316933484,2.6726710658239057,0,85.91683582825083,93.0,26,1521,shot,1.3233389931612105,14.440498120841454,0.0,24.065919759029626,3.428751801525456,0
emelec,independiente,emelec,6,Juan Ruiz Gómez,miss,assisted,26.94937069953512,70.26358632067141,0,right-foot,close-high,0,75.62073984858091,55.6,2655682,60,0.0,3363,50.4704520848701,5.986099630934511,78.72566348125861,0,2.628532734532101,83.48913161729917,34,2037,shot,0.0,0.0,0.0,0.0,0.0,0
emelec,independiente,emelec,6,Renzo López,miss,assisted,13.899727424930626,100.0,0,right-foot,close-right,0,78.35584292645187,33.3,2655679,56,0.0,3306,20.010076459839865,7.995790956538238,53.58343770461174,0,18.941900603572122,64.57764346255742,35,2094,shot,0.0,0.0,0.0,0.0,0.0,0
emelec,independiente,independiente,6,Cristian Erbes,miss,corner,22.931009337638294,100.0,0,right-foot,left,0,100.0,29.2,2655674,56,0.0,3074,100.0,13.202958303424523,29.55251130929352,0,72.5646978802494,26.633663364542485,39,2326,shot,0.0,0.0,0.0,0.0,0.0,0
emelec,independiente,emelec,6,Cristian Zabala,save,assisted,16.810389995209185,60.2198808543939,0,right-foot,low-left,0,12.522098095593044,8.9,2655667,48,0.0,2862,50.19015590922694,12.887987315585962,81.55287263001708,0,68.42522052699684,22.802966451397154,43,2538,shot,1.3679729682335826,78.32969952250205,0.0,21.048181084380204,3.1582775743161178,0
emelec,independiente,emelec,6,Cristian Zabala,miss,assisted,0.41084990143254174,36.09896358047584,0,right-foot,close-right,0,13.695299676958022,8.3,2655567,42,0.0,2601,57.182385819985285,5.530027209990946,75.44299087040024,0,23.072538381875432,21.371920330695573,2,99,shot,0.0,0.0,0.0,0.0,0.0,0
emelec,independiente,emelec,6,Kendry Páez,miss,assisted,10.3034318587104,31.937771945776888,0,left-foot,close-right,0,50.12440884191868,9.7,2655554,29,0.0,2278,100.0,3.658842677827444,0.2101291486699779,0,100.0,26.96168307290766,8,422,shot,0.0,0.0,0.0,0.0,0.0,0
emelec,independiente,emelec,6,Joao Ortíz,block,assisted,0.9599406372333164,40.0,0,right-foot,low-centre,0,21.547926882564383,19.0,2655543,20,0.0,1755,40.0,18.093846038707355,67.456206205957,0,17.33057193501459,81.0,16,945,shot,16.0,50.963974559796455,0.0,12.647103954932938,16.0,0
emelec,independiente,emelec,6,Michael Hoyos,save,fast-break,26.059554706040878,100.0,0,left-foot,low-left,0,29.44305920620741,18.4,2655541,34,0.0,1735,14.219455033863014,3.2615881043117927,92.46847199161681,0,25.74502934793523,50.23435738702139,17,965,shot,2.7933491623574604,36.53083694126141,0.0,57.74353745942311,0.6105754517877848,0
emelec,independiente,independiente,6,Patrik Mercado,save,assisted,11.176737718615279,58.897597801924135,0,right-foot,low-centre,0,23.073880009792333,15.8,2655534,30,0.0,1652,91.11693336017017,0.3515967831615612,25.63438626413587,0,57.193643000144405,86.33602018447156,18,1048,shot,2.203188776030305,60.11130872624609,0.0,87.16532633139025,2.691048158876886,0
emelec,independiente,independiente,6,Patrik Mercado,miss,fast-break,11.754879246915408,2.959679843494598,0,right-foot,high,0,73.69045951139555,65.3,2655540,16,0.0,1459,79.14471222686468,48.77447124770037,6.12965191222893,0,7.223303995745475,21.66152284883087,21,1241,shot,0.0,0.0,0.0,0.0,0.0,0
emelec,independiente,emelec,6,Joao Ortíz,block,fast-break,10.07037143444043,18.160677918823374,0,right-foot,low-centre,0,88.37718162373916,19.0,2655537,33,0.0,1458,66.72560802052104,14.543209135840867,0.618084178170534,0,87.54498639574392,81.0,21,1242,shot,5.072057686557496,41.82312046613724,0.0,49.98152170077445,7.713115752229141,0
emelec,independiente,independiente,6,Junior Sornoza,miss,assisted,33.410450414385465,34.16368363121781,0,right-foot,high,0,59.24943927040726,63.9,2655527,28,0.0,1338,70.9764853733831,1.0795984091246495,61.9887224853968,0,10.527185150129625,70.49755066201908,23,1362,shot,0.0,0.0,0.0,0.0,0.0,0
emelec,independiente,independiente,6,Michael Hoyos,miss,assisted,7.0,53.94708452211321,0,head,close-right,0,13.847749022092586,27.8,2655465,-2,0.0,394,21.361687711280204,7.0,80.59828261218958,0,16.487474864517893,39.14533924003133,39,2306,shot,0.0,0.0,0.0,0.0,0.0,0
emelec,independiente,emelec,6,Beder Caicedo,block,assisted,25.146732143496983,57.563374974897826,0,left-foot,low-centre,0,49.0,19.0,2655457,10,0.0,176,51.594063164909684,28.518750143220878,51.0,0,51.0,81.0,43,2524,shot,1.1071112305181643,46.36336392696733,0.0,19.09978644557713,30.39994992045579,0
libertad,tecnico,libertad,6,Elvis Patta,block,set-piece,29.0,55.97486239694421,0,left-foot,low-centre,0,37.40932185636061,19.0,2649353,92,2.0,5479,21.580062095004614,29.0,4.65678082565406,0,37.13290238012549,81.0,1,821,shot,26.644415462218152,89.68761947321785,0.0,13.797225951869187,6.280294036988163,0
libertad,tecnico,tecnico,6,Milton Maciel,post,free-kick,10.998344712319874,96.20841313562813,0,left-foot,high,0,26.972039342002525,41.8,2649405,92,0.0,5200,100.0,4.656014137210587,69.58969615097155,0,17.264558180828793,3.1275408891609615,4,200,shot,0.0,0.0,0.0,0.0,0.0,0
libertad,tecnico,tecnico,6,Bryan Nazareno,miss,assisted,15.231151457949903,11.7825722938504,0,left-foot,right,0,15.655998942523063,8.3,2649334,90,0.0,5092,7.61002877501965,4.4399789865531325,100.0,0,100.0,100.0,6,308,shot,1.175939553756991,98.61100431982952,0.0,61.86865256499546,2.413153625307304,0
libertad,tecnico,libertad,6,Nixon Molina,miss,free-kick,4.585843880172952,11.78226035582427,0,right-foot,high-left,0,15.703923062792086,76.4,2649320,83,0.0,4808,4.082069238275359,70.19397168548652,62.2552441932077,0,37.42650262586476,25.9077324322273,10,592,shot,0.0,0.0,0.0,0.0,0.0,0
libertad,tecnico,tecnico,6,Bryan Caicedo,save,corner,10.751840515655047,51.06215900040629,0,head,high-centre,0,95.39574346601563,24.1,2649316,83,0.0,4739,58.95045820891418,18.986881236109333,5.618140673864005,0,79.35026177523562,100.0,12,661,shot,3.67023211179696,52.0,0.0,52.0,4.627562227379871,0
libertad,tecnico,libertad,6,Jonny Uchuari,miss,regular,4.483553124087464,25.0069581976473,0,right-foot,right,0,10.766212477634566,18.1,2649315,71,0.0,4595,10.934464168744363,32.775855777359695,24.755299153689407,0,7.277372201394158,100.0,14,805,shot,16.547038831398172,89.26483625752478,0.0,100.0,10.525776858634654,0
libertad,tecnico,tecnico,6,Lautaro Disanto,goal,assisted,9.0,69.8914328331966,0,right-foot,low-left,0,85.6928262499454,4.4,2649265,51,0.0,3544,60.571310551261305,9.0,62.39046386401753,0,57.07845484217843,2.3099127797751606,31,1856,shot,0.0,0.0,0.0,0.0,0.0,regular
libertad,tecnico,tecnico,6,Diego Ávila,block,assisted,11.86172674714431,14.064910053790292,0,left-foot,low-left,0,86.09416432597014,19.0,2649283,56,0.0,3419,63.82185883848153,11.665272071047156,13.816801011718525,0,25.39800330159109,81.0,34,1981,shot,3.9056074232111104,28.434581741200077,0.0,16.727622527715937,3.9333005983628055,0
libertad,tecnico,tecnico,6,Jonny Uchuari,block,assisted,34.195200364965125,27.69956810150004,0,right-foot,low-centre,0,9.226265572138765,19.0,2649262,64,0.0,3371,51.183324824751416,5.690761234876298,68.57896940416573,0,19.797950955063598,81.0,34,2029,shot,18.89615607521749,40.75198359385705,0.0,23.360617040312718,4.095021811567699,0
libertad,tecnico,tecnico,6,Emmanuel Torres,save,regular,7.526896240234869,17.34406565417673,0,right-foot,low-centre,0,71.43139317600446,15.2,2649230,47,0.0,3124,48.58434501063957,5.690381601134874,2.206274179672633,0,71.59194107806525,4.519559848693248,38,2276,shot,1.1704041437274564,72.09311392170335,0.0,9.15142627758447,0.5720643994667121,0
libertad,tecnico,libertad,6,Diego Ávila,miss,set-piece,0.543270846194611,51.765035235214256,0,left-foot,close-left,0,58.0,29.2,2649112,49,0.0,2624,59.00133595158432,11.369538363130616,42.0,0,42.0,65.24296789809121,2,76,shot,0.0,0.0,0.0,0.0,0.0,0
libertad,tecnico,libertad,6,Tobías Donsanti,save,assisted,15.85201369279058,61.92436315081754,0,head,high-centre,0,57.18367114945402,20.3,2649134,35,0.0,2517,85.00922133084016,15.117527929528913,14.850810124327971,0,97.11971648764481,29.551446902256288,4,183,shot,2.0,68.33852417345275,0.0,22.624221377394967,2.0,0
libertad,tecnico,libertad,6,Andrés Felipe Ávila,block,regular,30.604768212714266,3.9707139926215547,0,right-foot,low-centre,0,81.30693190208548,19.0,2649133,46,0.0,2489,44.310501198612144,31.12819745476637,39.214931279258835,0,33.30395764634851,81.0,4,211,shot,5.66350377043927,66.39395418872692,0.0,13.883561943031083,30.616190897041104,0
libertad,tecnico,libertad,6,Marlon Medranda,miss,set-piece,6.0,51.343021340843585,0,right-foot,left,0,20.143818709363174,12.5,2649075,29,0.0,2299,6.640378273082625,6.0,71.22206679124508,0,70.14083422452977,13.392007907731937,7,401,shot,0.0,0.0,0.0,0.0,0.0,0
libertad,tecnico,libertad,6,Ivan Zambrano,miss,assisted,8.145508596084149,5.352741102808409,0,right-foot,close-right,0,30.942696275103884,23.6,2649069,32,0.0,2086,82.62554349790348,41.668929524548545,13.025671136052935,0,21.24628043792933,88.72651609039562,11,614,shot,0.0,0.0,0.0,0.0,0.0,0
libertad,tecnico,tecnico,6,Diego Armas,miss,assisted,42.81886312786072,85.36547072843346,0,right-foot,close-right,0,70.81108449416573,29.2,2648976,11,0.0,1199,46.742388597825965,14.241574647965106,94.40732485184287,0,42.70166664376515,100.0,26,1501,shot,0.0,0.0,0.0,0.0,0.0,0
libertad,tecnico,libertad,6,Diego Ávila,save,assisted,0.6133745648103179,47.0,0,head,high-centre,0,39.97799323661517,25.3,2648951,19,0.0,991,47.0,6.561905974482059,74.85475764055172,0,32.018900164191926,31.73229667950821,29,1709,shot,0.08739520856521688,5.811528282070462,0.0,13.793754218999133,0.3762270009070813,0
libertad,tecnico,tecnico,6,Edison Caicedo,miss,regular,14.466787389972627,28.50440124569201,0,right-foot,close-right,0,41.0,11.1,2648928,9,0.0,859,94.90553735755891,0.31604072596176636,59.0,0,59.0,49.76285601057859,31,1841,shot,0.0,0.0,0.0,0.0,0.0,0
libertad,tecnico,libertad,6,Alex Mendoza,save,assisted,26.0,4.934325827591124,0,right-foot,low-centre,0,4.625200178187683,15.2,2648886,17,0.0,565,100.0,26.0,72.9458432618793,0,68.92142743459593,79.65596689334494,36,2135,shot,1.0,50.0,0.0,50.0,1.0,0
libertad,tecnico,libertad,6,Ivan Zambrano,block,assisted,44.43052904292719,83.90941612272442,0,right-foot,low-centre,0,60.63867914852467,19.0,2648870,16,0.0,389,78.1616991072828,27.96076364741359,90.46273115278133,0,79.51141194894039,81.0,39,2311,shot,18.852852423410695,13.2757568941296,0.0,42.8031524506316,3.4097351692745885,0
libertad,tecnico,tecnico,6,Ivan Zambrano,block,assisted,21.108784131191378,80.58046314542726,0,right-foot,low-centre,0,46.12044941649786,19.0,2648858,-3,0.0,134,61.28662430055462,21.8071408472452,18.12226148143607,0,21.117543926022847,81.0,43,2566,shot,21.520429701290865,13.539219696991623,0.0,6.80645306813787,20.69523026528921,0
liga,imbabura,liga,6,Jhojan Julio,save,assisted,18.147214405213546,69.23640372079771,0,right-foot,low-centre,0,42.40704729703833,8.9,2637723,92,4.0,5621,0.020992447096162437,3.4920545379225434,72.78492990233129,0,88.93269174847266,61.164968165180454,1,679,shot,3.0728044058593422,71.18092106023092,0.0,37.38639519133615,9.971280604940896,0
liga,imbabura,liga,6,Leonel Quiñónez,miss,regular,21.42627102085348,13.536200409750279,0,left-foot,close-high-right,0,26.904819125670016,41.7,2637719,81,2.0,5474,35.72219263872487,19.24685772089806,26.703581821486395,0,6.49020692183344,95.77066440628208,1,826,shot,0.0,0.0,0.0,0.0,0.0,0
liga,imbabura,liga,6,Marco Angulo,block,assisted,21.045210512225097,48.69298530453931,0,right-foot,low-centre,0,39.18132726845759,19.0,2637718,80,2.0,5471,21.469302809590623,28.61503933755243,90.36669004382439,0,48.751432205840146,81.0,1,829,shot,0.8333528664404248,50.0,0.0,50.0,9.625358327106179,0
liga,imbabura,imbabura,6,Leandro Pantoja,save,regular,12.685568163470407,59.27764266356835,0,right-foot,low-left,0,52.0,1.3,2637712,94,0.0,5241,7.084017781963354,18.53439745168935,48.0,0,48.0,26.72366828394381,3,159,shot,0.2968268839940298,87.2611295849378,0.0,52.68723079618655,1.6667985843952322,0
liga,imbabura,imbabura,6,Jairón Charcopa,goal,corner,8.24591820930382,4.966922742353894,0,head,low-centre,0,59.17106637585724,18.4,2637710,91,0.0,5125,22.41242552709717,2.2507144963350454,32.37441040625849,0,32.830079475366844,100.0,5,275,shot,0.0,0.0,0.0,0.0,0.0,regular
liga,imbabura,imbabura,6,Ezequiel Piovi,goal,assisted,16.0,70.51913142531066,0,right-foot,low-right,0,11.53155390369799,13.9,2637705,83,0.0,4830,42.47767979353822,16.0,74.6030804739925,0,57.935417918662054,100.0,10,570,shot,0.0,0.0,0.0,0.0,0.0,regular
liga,imbabura,imbabura,6,Alex Arce,goal,assisted,4.172653478428184,35.62221531189588,0,left-foot,low-left,0,99.31341592373933,8.2,2637671,81,0.0,4437,65.35617122606962,5.21182432553428,94.56661317959167,0,47.645482190571244,34.489683429539596,17,963,shot,0.0,0.0,0.0,0.0,0.0,regular
liga,imbabura,liga,6,Alex Arce,goal,assisted,1.5389119406678486,57.41061418276489,0,left-foot,low-left,0,77.93616652405278,1.9,2637668,71,0.0,4149,11.371975646327378,0.6672081632179636,19.925062793212916,0,82.01253713670557,100.0,21,1251,shot,0.0,0.0,0.0,0.0,0.0,regular
liga,imbabura,imbabura,6,Jhojan Julio,block,assisted,19.4966000311288,80.3491366330452,0,left-foot,low-right,0,27.10694139213085,19.0,2637667,77,0.0,4142,92.44528212529433,4.038019183851819,79.61206433387919,0,43.34901521055234,81.0,21,1258,shot,3.4084546233186703,59.0,0.0,59.0,4.906453458858669,0
liga,imbabura,liga,6,Ezequiel Piovi,miss,assisted,39.096430002163586,72.0,0,right-foot,high-left,0,73.17066368662037,73.6,2637717,64,0.0,3925,72.0,3.694234758598263,76.49300760295117,0,27.992455799209587,18.829399237132044,25,1475,shot,0.0,0.0,0.0,0.0,0.0,0
liga,imbabura,imbabura,6,Alex Arce,block,free-kick,14.436534182010671,43.75048361816701,0,right-foot,low-left,0,32.64706808463942,19.0,2637664,70,0.0,3917,17.926821348622923,4.5874439220391565,87.00667566133006,0,4.671712080765495,81.0,25,1483,shot,5.722657418839582,46.91751848221997,0.0,33.73769172826889,8.057282788722631,0
liga,imbabura,liga,6,Leonar Espinoza,miss,set-piece,58.09888789438442,81.28093055128319,0,left-foot,left,0,17.404856474602283,20.8,2637658,52,0.0,3562,95.146068018522,19.999065506503555,49.047624608877925,0,15.96769316924292,100.0,31,1838,shot,25.020827027200795,31.513419814244216,0.0,13.290642763889764,0.6725968102183391,0
liga,imbabura,imbabura,6,Federico Paz,block,set-piece,10.731939642512033,55.184090726669154,0,right-foot,low-centre,0,59.9035981970306,19.0,2637657,55,0.0,3558,94.5403146924246,4.791803330539063,33.331289900278854,0,24.663160021049386,81.0,31,1842,shot,0.5634148227135718,92.62460357012932,0.0,23.625231385929908,11.32724026258097,0
liga,imbabura,liga,6,Leandro Pantoja,block,free-kick,24.26142515034415,25.562748644862253,0,right-foot,low-left,0,80.72602778848963,19.0,2637655,53,0.0,3555,54.47664794503316,7.123139438536963,65.2197894801092,0,68.35905719375691,81.0,31,1845,shot,13.10891797764539,40.475707322751916,0.0,54.391778552192164,21.726070759592375,0
liga,imbabura,imbabura,6,Rony Caicedo,save,assisted,45.50319973841746,66.0,0,right-foot,low-centre,0,80.3467521478249,6.3,2637639,57,0.0,3360,66.0,41.06454232618278,13.159356021678967,0,2.758332968421591,2.6773346466798955,34,2040,shot,1.0,23.199182949081703,0.0,93.03585565183108,1.0,0
liga,imbabura,liga,6,Luis Estupiñan,miss,assisted,28.671859650078165,72.49087207000254,0,left-foot,high-left,0,63.488794425779986,68.1,2637638,60,0.0,3271,100.0,16.131806982589158,34.98036541921665,0,22.090453975423465,34.521367941748586,36,2129,shot,0.0,0.0,0.0,0.0,0.0,0
liga,imbabura,imbabura,6,Leandro Pantoja,block,assisted,31.00729590234712,67.0,0,right-foot,low-left,0,11.82171821564539,19.0,2637637,61,0.0,3183,67.0,20.75045815675725,23.456750836724197,0,89.07618796115356,81.0,37,2217,shot,36.284830018870295,100.0,0.0,21.197700920234283,33.84524970896139,0
liga,imbabura,imbabura,6,Leonar Espinoza,miss,assisted,40.565696096280504,100.0,0,left-foot,left,0,8.111733080847216,23.6,2637633,61,0.0,3103,100.0,32.2735712780414,8.296087213614264,0,53.28783021877442,51.36850028770911,39,2297,shot,0.0,0.0,0.0,0.0,0.0,0
liga,imbabura,liga,6,Jacson Pita Mina,miss,assisted,12.943159689847931,39.41679844676708,0,left-foot,high-left,0,100.0,77.8,2637627,60,0.0,3038,32.970344054158495,6.653141311018873,59.13130442753125,0,1.9498106518502638,35.232161388115955,40,2362,shot,0.0,0.0,0.0,0.0,0.0,0
liga,imbabura,liga,6,Leonar Espinoza,block,corner,8.186027534719734,88.07906833025697,0,left-foot,low-centre,0,81.82776002618829,19.0,2637626,46,0.0,2974,70.91330095710455,9.777674145294075,64.33422734360951,0,96.42603390351124,81.0,41,2426,shot,27.6132545483145,11.662309073415074,0.0,100.0,17.12788480558188,0
liga,imbabura,liga,6,Leandro Pantoja,block,free-kick,22.0,18.94752176811705,0,right-foot,low-left,0,52.0,19.0,2637625,50,0.0,2938,30.714599805974892,22.0,48.0,0,48.0,81.0,42,2462,shot,10.764330193110732,17.535307205013687,0.0,44.75405247087705,7.74272678306143,0
liga,imbabura,liga,6,Federico Paz,miss,assisted,12.80651057476674,60.991430227245495,0,right-foot,close-high-right,0,0.1305061966903196,40.3,2637620,47,0.0,2835,43.725612568380875,9.530822036882888,49.279601670153674,0,31.503883496473996,99.17530401048857,43,2565,shot,0.0,0.0,0.0,0.0,0.0,0
liga,imbabura,imbabura,6,Rony Caicedo,save,assisted,31.584096888290098,59.90630635670546,0,right-foot,high-left,0,67.16387029866584,35.4,2637564,44,4.0,2923,13.110233849591932,38.16146981128418,30.228955897076524,0,28.199902091257393,95.86767706187464,1,2477,shot,0.6643262920215511,94.12711447882022,0.0,23.371888618585317,1.8497677530301737,0
liga,imbabura,liga,6,Leandro Pantoja,miss,regular,5.15510074394065,28.810334356347276,0,right-foot,high,0,48.88970664023977,62.5,2637563,42,4.0,2888,3.9157282374631635,27.557545829004987,4.230211686062759,0,16.959833913471606,47.779228642696665,1,2512,shot,0.0,0.0,0.0,0.0,0.0,0
liga,imbabura,imbabura,6,Leonel Quiñónez,miss,free-kick,19.851756828060356,54.59599056106323,0,left-foot,close-high,0,61.38770513591005,48.6,2637547,38,0.0,2563,100.0,31.953759533547217,80.0970320349572,0,3.639976014694014,13.322643522428145,3,137,shot,0.0,0.0,0.0,0.0,0.0,0
liga,imbabura,liga,6,Federico Paz,block,assisted,11.408612475391028,31.0,0,right-foot,low-centre,0,41.70276695637634,19.0,2637558,49,0.0,2420,31.0,6.914957070586645,3.5841605536161865,0,75.48780540193536,81.0,5,280,shot,10.669739859593465,42.599518129923915,0.0,28.783155677655976,19.67393761026007,0
liga,imbabura,imbabura,6,Ricardo Adé,save,assisted,23.35084502546396,100.0,0,right-foot,high-centre,0,96.99459757456425,24.1,2637541,44,0.0,2238,31.086399772630102,11.049011494744908,54.43141285382039,0,53.04663934560723,49.98492675135225,8,462,shot,2.8253101544307677,74.00762047872033,0.0,6.555259092161741,0.3871760158663027,0
liga,imbabura,imbabura,6,Leonel Quiñónez,miss,assisted,0.7838499883214496,46.37982861240358,0,right-foot,high-right,0,10.301680867944171,73.6,2637532,20,0.0,1734,27.887207371112233,27.321412456993308,59.82536263324473,0,41.50381864004989,34.10680403951979,17,966,shot,0.0,0.0,0.0,0.0,0.0,0
liga,imbabura,liga,6,Alexander Alvarado,block,corner,25.94010327819584,46.03809111638931,0,right-foot,low-centre,0,55.658592084478954,19.0,2637521,16,0.0,1056,2.749476455327308,6.708599754649175,62.35391056440649,0,9.202209634161896,81.0,28,1644,shot,7.0,38.922792383463815,0.0,9.490072082260866,7.0,0
liga,imbabura,imbabura,6,Wilson Alfredo Folleco Morales,save,assisted,24.553536063846266,43.70506938254665,0,right-foot,low-left,0,16.353002497407125,7.0,2637517,11,0.0,909,36.344603997094104,53.44625961045591,86.85293668623726,0,63.05840307623398,93.0,30,1791,shot,2.0,5.372470062009448,0.0,44.558871431322565,2.0,0
liga,imbabura,liga,6,Alex Arce,miss,assisted,13.549225990950553,38.59896567121437,0,right-foot,close-right,0,40.097355603117734,33.3,2637515,23,0.0,815,49.31731366219849,12.411634607072795,46.011677022269794,0,69.76881473683096,71.76356640287825,32,1885,shot,0.0,0.0,0.0,0.0,0.0,0
liga,imbabura,imbabura,6,Alex Arce,goal,corner,3.147798631970579,37.54865972759459,0,left-foot,low-right,0,78.55331493213612,3.8,2637513,18,0.0,669,2.278226112535293,3.097519944298101,0.8003944997511709,0,100.0,71.40219849569796,34,2031,shot,0.0,0.0,0.0,0.0,0.0,regular
liga,imbabura,liga,6,Ricardo Adé,save,corner,6.2570130329851175,87.16978862127013,0,head,high-centre,0,75.99548606216894,25.9,2637512,19,0.0,668,10.74413500853202,16.30527460168407,78.26725055778284,0,44.77115176622715,36.27401115263936,34,2032,shot,0.24779677853021576,53.70921205539054,0.0,6.490617145845405,0.18488000676420102,0
liga,imbabura,liga,6,Alex Arce,miss,assisted,3.4976673215706273,11.706878392773241,0,right-foot,right,0,34.71708504364452,15.3,2637518,5,0.0,290,75.3238056206035,4.218325834202348,100.0,0,59.38676848278561,97.73269099413135,41,2410,shot,0.0,0.0,0.0,0.0,0.0,0
macara,barcelona,barcelona,6,Jorge Valdez,save,throw-in-set-piece,28.199193661059574,96.19504648882757,0,right-foot,low-centre,0,92.9335977430885,7.0,2642334,87,4.0,5599,46.093945820962745,30.007281730848042,47.411358043868816,0,36.57755484711417,93.0,1,701,shot,0.28943847912787457,42.83800228867099,0.0,52.61462851582198,0.2948831147620654,0
macara,barcelona,macara,6,Janner Corozo,miss,regular,2.6482786190227223,100.0,0,left-foot,left,0,11.619451443878077,30.6,2642344,97,2.0,5491,100.0,29.12479881941189,58.0203908734121,0,62.66795862642367,97.6356537100389,1,809,shot,0.0,0.0,0.0,0.0,0.0,0
macara,barcelona,barcelona,6,Mathías Suárez,miss,assisted,15.531870680642804,35.0482952358806,0,right-foot,left,0,8.499268103531605,13.9,2642343,87,2.0,5488,87.66158363368217,33.10075457912207,65.25061462988145,0,36.334554019896345,49.34440621427606,1,812,shot,16.61572231967734,55.95121512117687,0.0,84.69717484649031,1.076795266239328,0
macara,barcelona,macara,6,Alex Rangel,save,assisted,42.87913014295777,47.0,0,right-foot,high-centre,0,59.41707155978922,25.3,2642341,85,2.0,5462,47.0,59.303256400888195,80.84311613777611,0,96.16716415666373,17.61073339100345,1,838,shot,2.0,2.505821336724317,0.0,38.435257713878876,2.0,0
macara,barcelona,macara,6,Leonel Álvarez,block,regular,26.0,38.0,0,right-foot,low-left,0,52.0,19.0,2642327,76,0.0,5013,38.0,26.0,48.0,0,48.0,81.0,7,387,shot,37.698443409510375,31.86740054492774,0.0,79.08470879181581,35.65280870069718,0
macara,barcelona,barcelona,6,Daniel Porozo,miss,assisted,6.852799685774242,52.11280597177961,0,left-foot,left,0,35.33071245587881,11.1,2642326,81,0.0,4674,60.23088805529848,3.1929912666569376,46.44898569606043,0,56.16734270380306,100.0,13,726,shot,0.0,0.0,0.0,0.0,0.0,0
macara,barcelona,macara,6,Jorge Valdez,miss,assisted,0.8323197233584363,38.7151710997571,0,right-foot,left,0,26.832312776061457,16.7,2642325,80,0.0,4673,63.36222671426215,9.358748282495359,25.656749545012723,0,5.1010893199891925,100.0,13,727,shot,5.197254134265896,64.978459460771,0.0,0.4418787435004532,2.024031406921865,0
macara,barcelona,macara,6,William Vargas,save,assisted,11.246706523877725,14.435121140052754,0,right-foot,low-left,0,75.01820457491259,5.1,2642322,74,0.0,4628,31.231865575728374,2.657027213489746,36.65301391011711,0,32.10569097999678,43.09068151645067,13,772,shot,0.5851947324181928,46.0,0.0,46.0,0.0737917760076654,0
macara,barcelona,macara,6,Janner Corozo,goal,set-piece,10.14312307600628,31.58828586599803,0,head,low-right,0,70.31181735736757,8.2,2642308,71,0.0,3813,48.12709775112053,8.84942584464899,2.656612227820311,0,76.47606138798592,100.0,27,1587,shot,0.0,0.0,0.0,0.0,0.0,regular
macara,barcelona,macara,6,Dixon Arroyo,block,assisted,3.322510770431249,23.32346723437766,0,right-foot,low-left,0,59.17029205423753,19.0,2642299,46,0.0,3254,47.31182262332473,23.56814202953836,31.058483353706556,0,7.346822587237767,81.0,36,2146,shot,19.455460125610884,43.903995624964715,0.0,4.148291293906453,7.903757157652279,0
macara,barcelona,barcelona,6,Dixon Arroyo,block,regular,33.07777653117219,34.187102750674455,0,right-foot,low-centre,0,84.92940169001669,19.0,2642295,53,0.0,3250,100.0,6.087742981903737,7.512708390305839,0,33.330116908167184,81.0,36,2150,shot,16.762864856454613,15.761694156033982,0.0,0.45808104065276467,20.56163137709457,0
macara,barcelona,barcelona,6,Jorge Valdez,miss,assisted,8.216225384308025,83.78668277417323,0,right-foot,high,0,34.673156575157186,62.5,2642285,58,0.0,3169,25.771028537658296,26.407533093636676,61.35787889617776,0,73.27684332392965,43.1375246780961,38,2231,shot,0.0,0.0,0.0,0.0,0.0,0
macara,barcelona,barcelona,6,Leonel Álvarez,save,free-kick,31.0,33.39941810538154,0,right-foot,high-centre,0,53.88666982891708,20.9,2642276,42,0.0,3012,45.59245727221064,31.0,76.9394166944689,0,13.323741618179064,41.8438934215859,40,2388,shot,4.403586466110327,28.044196721322223,0.0,25.027655033220114,1.1282102326019512,0
macara,barcelona,barcelona,6,Glendys Mina,save,assisted,30.0,2.3331467158187067,0,left-foot,low-centre,0,39.738338292951866,1.9,2642208,35,7.0,3068,30.628191823886564,30.0,39.30853021450854,0,49.11226074851342,7.148714514914857,1,2332,shot,1.144894205046934,51.74577401026328,0.0,64.15252186349986,1.6448265831793325,0
macara,barcelona,macara,6,Leonel Álvarez,block,assisted,12.847119052898982,6.937889132113163,0,right-foot,low-centre,0,96.70943753240948,19.0,2642202,42,4.0,2911,30.81165637583183,61.71774173082829,7.864872495737423,0,7.459761144339808,81.0,1,2489,shot,20.682618241636334,11.454193812657145,0.0,55.466249434859414,0.3350691033572524,0
macara,barcelona,barcelona,6,Joao Rojas,miss,assisted,10.031735853756667,36.92842853962768,0,right-foot,close-right,0,38.17484885272629,23.6,2642201,51,3.0,2842,22.719868359492317,17.07019006679431,1.7137794576584966,0,52.182374082379475,16.535042558413522,1,2558,shot,0.0,0.0,0.0,0.0,0.0,0
macara,barcelona,macara,6,Alex Rangel,miss,corner,15.195820146229485,91.19826193511336,0,head,high,0,24.26862733620618,68.1,2642184,49,0.0,2654,100.0,0.38225504170192437,24.755024342695606,0,84.93777757933124,36.56884941988515,1,46,shot,0.0,0.0,0.0,0.0,0.0,0
macara,barcelona,barcelona,6,Freddy Mina,goal,fast-break,12.971945703753846,57.0,0,right-foot,low-left,0,47.086830791251444,3.2,2642168,39,0.0,2100,57.0,13.760577556610091,82.4840906896517,0,41.93315469953001,87.37112741263907,10,600,shot,0.0,0.0,0.0,0.0,0.0,regular
macara,barcelona,macara,6,Leonel Álvarez,miss,assisted,40.78455570100525,11.812810834629879,0,left-foot,right,0,33.112525705593086,15.3,2642156,30,0.0,1262,43.74561627224993,38.410325052973796,100.0,0,83.74369612245677,100.0,24,1438,shot,0.0,0.0,0.0,0.0,0.0,0
macara,barcelona,barcelona,6,Joao Rojas,block,assisted,2.963054165322708,87.25015227299467,0,right-foot,low-centre,0,69.7076772077258,19.0,2642154,6,0.0,815,39.18153701026782,14.830454919357587,48.912425934128706,0,10.68070776116977,81.0,32,1885,shot,9.403060006917649,16.907582716916707,0.0,31.04582366198011,5.6154726273493285,0
macara,barcelona,macara,6,Freddy Mina,miss,assisted,6.189153135772162,100.0,0,right-foot,close-high-left,0,71.05875913713508,55.6,2642139,-7,0.0,147,47.69605540023906,5.233229509976812,49.64702883517235,0,58.5536478044735,33.73766097225366,43,2553,shot,0.0,0.0,0.0,0.0,0.0,0
mushuc-runa,aucas,mushuc-runa,6,Jonathan Bauman,miss,throw-in-set-piece,15.800813440727826,12.91063059995735,0,right-foot,right,0,37.0,11.1,2648526,98,5.0,5660,59.0339823118966,6.065805180552591,63.0,0,63.0,100.0,1,640,shot,0.0,0.0,0.0,0.0,0.0,0
mushuc-runa,aucas,mushuc-runa,6,Steven Tapiero,block,throw-in-set-piece,11.107934974349353,60.0,0,head,low-left,0,62.43883053345586,16.7,2648525,95,5.0,5654,60.0,3.829642257938376,88.34312219347139,0,45.4275858991909,100.0,1,646,shot,2.9424854725537184,100.0,0.0,35.55499417895123,4.258023413804274,0
mushuc-runa,aucas,aucas,6,Luis Ayala,block,assisted,3.451536133789899,48.66386017821825,0,left-foot,low-right,0,23.16068622757647,19.0,2648545,95,3.0,5574,26.13914726162109,4.399929601525679,74.15011317520802,0,26.141886551509693,81.0,1,726,shot,8.170237062551696,47.401375197671115,0.0,66.45035510699631,15.692051200290575,0
mushuc-runa,aucas,aucas,6,Jean Carlos Estacio,save,corner,40.16980234007807,32.0,0,right-foot,low-centre,0,7.027982889049262,15.2,2648475,86,0.0,5246,32.0,3.4609862142726335,77.97503294214495,0,92.8706551545168,30.9326349176077,3,154,shot,1.1846529004720128,75.02275687599594,0.0,96.85165851224927,2.0372050855427015,0
mushuc-runa,aucas,mushuc-runa,6,Luis Cano,block,regular,7.972197942374242,77.92739326125555,0,right-foot,low-centre,0,75.51593051737679,19.0,2648544,93,0.0,5051,6.6325384358798445,6.103952989244503,42.591080358543465,0,95.3684645362478,81.0,6,349,shot,2.288064800017901,3.3033062957674346,0.0,39.02512037693703,0.16836361992223203,0
mushuc-runa,aucas,aucas,6,Angelo Mina,goal,set-piece,0.6284445992469871,100.0,0,right-foot,high-left,0,77.26812620783681,25.3,2648389,77,0.0,4817,34.19799345925952,5.379283895950507,69.51218529942676,0,40.836444201708794,78.600168806768,10,583,shot,0.0,0.0,0.0,0.0,0.0,regular
mushuc-runa,aucas,aucas,6,Ariel García,miss,regular,4.856876689975405,21.402322307472563,0,left-foot,left,0,99.68362668078159,38.9,2648316,78,0.0,4429,60.440356685180674,27.106349190953406,48.41126816968347,0,11.12607322594495,11.590766743854452,17,971,shot,0.0,0.0,0.0,0.0,0.0,0
mushuc-runa,aucas,aucas,6,Bagner Delgado,miss,assisted,3.0,41.434792285488115,0,left-foot,high-right,0,27.356411048478066,40.3,2648346,71,0.0,4272,37.5083462488261,3.0,50.65452529414753,0,100.0,99.06219162385291,19,1128,shot,0.0,0.0,0.0,0.0,0.0,0
mushuc-runa,aucas,mushuc-runa,6,Jonathan Bauman,block,assisted,0.23078715379604642,60.0,0,right-foot,low-right,0,80.73329386438849,19.0,2648227,56,0.0,3727,60.0,4.925750404769645,18.15435076396809,0,8.073202214572582,81.0,28,1673,shot,2.3228079892735574,56.0,0.0,56.0,3.274950000609527,0
mushuc-runa,aucas,mushuc-runa,6,Ronald Briones,block,assisted,33.31343150823091,60.097507747182576,0,right-foot,low-centre,0,5.402293353599887,19.0,2648210,54,0.0,3618,20.42370356892978,25.26522384781321,23.433011199967964,0,3.418274648279059,81.0,30,1782,shot,5.2280616218044145,25.980096617347776,0.0,96.66193675580246,2.5853384833997275,0
mushuc-runa,aucas,mushuc-runa,6,Marco Montaño,block,assisted,10.07292101990264,15.02921225257721,0,right-foot,low-centre,0,49.0,19.0,2648149,66,0.0,3410,77.75276919725982,22.710969285182063,51.0,0,51.0,81.0,34,1990,shot,1.9042243815521118,50.11540354541811,0.0,75.83134502223186,19.266358304557812,0
mushuc-runa,aucas,aucas,6,Jonathan Bauman,miss,assisted,16.110111934495546,84.70932664713898,0,right-foot,close-high,0,98.02416032356896,56.9,2648102,63,0.0,3310,88.89747702268657,12.299400518720784,39.907036444479594,0,1.5599186092813113,64.8722122265095,35,2090,shot,0.0,0.0,0.0,0.0,0.0,0
mushuc-runa,aucas,aucas,6,Michael Carcelén,miss,corner,14.0,50.0,0,head,right,0,16.457101725981488,25.0,2648093,50,0.0,3199,50.0,14.0,80.72766277659146,0,48.538853399150625,75.0,37,2201,shot,0.0,0.0,0.0,0.0,0.0,0
mushuc-runa,aucas,aucas,6,Luis Cano,block,assisted,20.888788915585547,9.57271254036904,0,right-foot,low-centre,0,83.89675003173275,19.0,2648055,59,0.0,2988,22.222136980478943,31.073905844831753,13.368170316669577,0,3.0772699858212746,81.0,41,2412,shot,39.875288588136634,80.62333408544723,0.0,50.99886420667945,40.98032642891906,0
mushuc-runa,aucas,aucas,6,Mauricio Alonso,save,fast-break,9.985202000288202,57.46438950798495,0,right-foot,low-centre,0,50.0,6.3,2648054,57,0.0,2955,100.0,9.611812562716748,50.0,0,50.0,100.0,41,2445,shot,1.0143875629174093,28.361072808495088,0.0,39.70514943595108,2.4966580732385952,0
mushuc-runa,aucas,aucas,6,Joaquín Vergés,miss,assisted,5.636491922305524,59.0,0,right-foot,left,0,58.640049947109816,12.5,2648033,39,0.0,2888,59.0,10.217008805496846,70.3179349341913,0,33.267047928927184,100.0,42,2512,shot,0.0,0.0,0.0,0.0,0.0,0
mushuc-runa,aucas,aucas,6,Joaquín Vergés,save,assisted,26.750367574687196,46.0,0,right-foot,low-centre,0,0.8047212654627884,4.4,2647917,41,3.0,2830,46.0,27.302876970077378,3.2222316573593943,0,15.61979357366043,23.718510534830386,1,2570,shot,1.4138418461005702,83.35329919415047,0.0,65.70606305874803,2.2949135958630524,0
mushuc-runa,aucas,aucas,6,Diego Ledesma,block,assisted,13.993065837447636,25.193329699520135,0,head,low-centre,0,37.37684045067253,19.0,2647935,44,0.0,2662,51.04774206787083,18.546505156962027,4.9160903744146225,0,76.39410496663561,81.0,1,38,shot,9.24620631157876,31.01447469628056,0.0,1.109154466177948,3.260749652393905,0
mushuc-runa,aucas,mushuc-runa,6,Mauricio Alonso,save,assisted,48.96222087388704,4.139904691248049,0,right-foot,low-centre,0,23.51176404494401,13.9,2647886,37,0.0,2620,100.0,12.743726621465598,27.606405480907732,0,39.09513654436858,16.804541580824576,2,80,shot,3.484431811645858,98.73235167592502,0.0,100.0,3.42369142934668,0
mushuc-runa,aucas,aucas,6,Ronald Briones,miss,assisted,14.822272663584089,84.74832285552202,0,head,right,0,40.0,33.3,2647850,46,0.0,2354,18.703648911562915,20.18048622578717,60.0,0,60.0,91.44161799315246,6,346,shot,0.0,0.0,0.0,0.0,0.0,0
mushuc-runa,aucas,mushuc-runa,6,Diego Ledesma,block,assisted,17.398073334146844,71.71050259964962,0,right-foot,low-centre,0,54.964461025982025,19.0,2647791,34,0.0,1883,53.902311509447145,1.5784304630578294,49.282676375201724,0,22.088927958350148,81.0,14,817,shot,3.642509521945789,78.40168409507902,0.0,17.506501927689868,3.1845557468594667,0
mushuc-runa,aucas,aucas,6,Mauricio Alonso,miss,assisted,39.29460179739796,76.03400623587493,0,right-foot,left,0,98.90523338487468,26.4,2647754,26,0.0,1632,45.49673032009448,46.65885495425201,8.264852828570532,0,49.46574708615579,0.6165429604711647,18,1068,shot,0.0,0.0,0.0,0.0,0.0,0
mushuc-runa,aucas,mushuc-runa,6,Jean Carlos Estacio,block,regular,31.0,49.0,0,right-foot,low-right,0,37.38964589483991,2.8,2647719,13,0.0,1353,49.0,31.0,96.84518554225059,0,32.76618554746715,18.84971555217483,23,1347,shot,5.1750758033300315,6.8366200679420075,0.0,31.30108925442373,2.0327742406250096,0
mushuc-runa,aucas,mushuc-runa,6,Jeison Medina,goal,corner,2.0047545702303644,18.323473041578886,0,head,low-right,0,21.257453567666296,8.9,2647693,11,0.0,1205,42.26897003141698,11.500979784528592,26.32220120485693,0,25.95509950538854,71.88238102653017,25,1495,shot,0.0,0.0,0.0,0.0,0.0,regular
mushuc-runa,aucas,mushuc-runa,6,Michael Carcelén,miss,regular,56.0,69.0,0,right-foot,right,0,38.0,20.8,2647679,22,0.0,955,69.0,56.0,62.0,0,62.0,100.0,30,1745,shot,1.5508652751566117,61.32602822670181,0.0,1.2341307252482778,4.226131109539755,0
mushuc-runa,aucas,mushuc-runa,6,Joaquín Vergés,block,assisted,48.910845626447795,76.57633392923245,0,left-foot,low-centre,0,52.269413003665164,19.0,2647709,15,0.0,926,1.1841735524219175,3.350145394839405,35.9725109825616,0,24.00232476895613,81.0,30,1774,shot,35.35899013624679,53.711410820724076,0.0,65.05246055296485,7.645036636814371,0
mushuc-runa,aucas,mushuc-runa,6,Edison Vega,save,assisted,23.0,71.35392087463758,0,left-foot,low-right,0,23.169977076411932,8.2,2647674,18,0.0,868,1.2782578184247342,23.0,79.25391093781644,0,16.093563849619137,100.0,31,1832,shot,2.338558982772313,50.0,0.0,50.0,2.733546996310629,0
mushuc-runa,aucas,aucas,6,Juan Gonzalez,miss,regular,6.339149708864367,100.0,0,right-foot,high-left,0,100.0,72.2,2647634,14,0.0,719,100.0,3.6655399366031016,26.485152534444353,0,47.77668486278928,36.21526268914498,34,1981,shot,0.0,0.0,0.0,0.0,0.0,0
mushuc-runa,aucas,mushuc-runa,6,Jean Carlos Estacio,miss,assisted,6.419866175115281,73.15282661907324,0,right-foot,high-right,0,51.79605387891093,62.5,2647592,4,0.0,513,89.8538737626382,9.89693478543655,100.0,0,49.02924068262393,55.14464938801487,37,2187,shot,0.0,0.0,0.0,0.0,0.0,0
mushuc-runa,aucas,mushuc-runa,6,Michael Carcelén,miss,set-piece,22.585478599347244,58.36937987344869,0,right-foot,high-right,0,67.1849015731363,66.7,2647560,2,0.0,175,100.0,17.772569252421142,85.11589429265311,0,47.22415936659448,4.2882848647617,43,2525,shot,0.0,0.0,0.0,0.0,0.0,0
mushuc-runa,aucas,aucas,6,Jeison Medina,post,penalty,16.890399669772776,85.62384808716249,0,right-foot,high,0,49.0,38.6,2647559,10,0.0,168,82.36607745520291,0.34878201071425785,51.0,0,51.0,100.0,43,2532,shot,0.0,0.0,0.0,0.0,0.0,0
aucas,cumbaya,aucas,7,Cristian Tobar,block,corner,13.990475292196109,93.77804180849388,0,left-foot,low-centre,0,51.593697941787056,19.0,2680225,86,3.0,5544,100.0,37.77120729146741,75.63709625154605,0,32.064607938708534,81.0,1,756,shot,19.983428885267912,16.8854283885614,0.0,89.69540468673551,7.806512632949781,0
aucas,cumbaya,aucas,7,Carlos Rolón,block,corner,0.9189562712861417,68.91362885895236,0,head,low-centre,0,41.16042379164477,19.0,2680202,91,0.0,5390,1.8893793150721478,11.279093763141661,52.59741841661461,0,10.248188050754187,81.0,1,10,shot,15.500591211148805,66.11527658039881,0.0,75.4855236609031,6.583510284533016,0
aucas,cumbaya,cumbaya,7,Angelo Mina,block,assisted,16.523905875326168,38.36344431681838,0,right-foot,low-right,0,12.993035587414255,19.0,2680194,84,0.0,5276,100.0,31.06350341383536,19.4286631773834,0,79.31569911442234,81.0,3,124,shot,5.0000823516224,96.97059396314354,0.0,21.571333725433405,17.851463492403955,0
aucas,cumbaya,cumbaya,7,Elian Carabali,save,assisted,1.4460339976470724,26.11135012004428,0,right-foot,low-centre,0,67.7363790054126,19.0,2680200,95,0.0,5224,25.553027990068074,13.931459665933003,46.120406776816814,0,43.651406074317855,81.0,3,176,shot,4.0,39.364695492778154,0.0,41.12916914998638,4.0,0
aucas,cumbaya,aucas,7,Augusto Magoia,miss,assisted,20.08048830777825,22.787697049707717,0,head,close-right,0,65.51136084635121,16.7,2680177,80,0.0,5178,77.70992344843732,10.140174132034257,85.13395214328351,0,40.17996898142587,90.68894339662857,4,222,shot,0.0,0.0,0.0,0.0,0.0,0
aucas,cumbaya,aucas,7,Augusto Magoia,miss,assisted,25.533815375238525,2.6203178273083907,0,left-foot,high-left,0,14.77632803912553,63.9,2680144,88,0.0,4754,14.47591784254923,7.932061201859135,15.34701017240588,0,1.966181372060312,28.335763325478972,11,646,shot,0.0,0.0,0.0,0.0,0.0,0
aucas,cumbaya,cumbaya,7,Jeison Medina,goal,assisted,7.623090949918005,83.10273746530356,0,right-foot,low-centre,0,51.0,1.3,2680092,64,0.0,4255,80.05480470349573,15.60954576492913,49.0,0,49.0,100.0,20,1145,shot,0.0,0.0,0.0,0.0,0.0,regular
aucas,cumbaya,aucas,7,Maikel Valencia,miss,assisted,8.958664693698474,72.15811522867007,0,right-foot,high,0,47.85379691851198,61.1,2680069,67,0.0,4091,29.21261976879198,21.397466467518846,71.81420937826277,0,25.724132276893222,50.60702397972418,22,1309,shot,0.0,0.0,0.0,0.0,0.0,0
aucas,cumbaya,aucas,7,Luis Cano,goal,penalty,12.833738579465397,50.0,0,right-foot,low-left,0,5.474726808857731,1.9,2680059,68,0.0,3917,50.0,3.822970048308701,23.857620494477963,0,86.79974942872627,43.9001383146593,25,1483,shot,0.0,0.0,0.0,0.0,0.0,penalty
aucas,cumbaya,aucas,7,Augusto Magoia,miss,assisted,10.0,54.539251030287716,0,left-foot,close-left,0,95.62602667460858,11.1,2680045,57,0.0,3676,78.91918873885604,10.0,65.46688779381822,0,29.09411489265578,100.0,29,1724,shot,0.0,0.0,0.0,0.0,0.0,0
aucas,cumbaya,aucas,7,Maikel Valencia,save,assisted,40.595660232915485,83.00010759555252,0,right-foot,low-centre,0,28.65696951734496,6.3,2679970,59,0.0,3108,94.73592414289811,3.1110768341991637,84.85547722961961,0,56.84633950597667,100.0,39,2292,shot,0.14206025033591818,98.2875993728993,0.0,39.49459600399841,1.600826525145722,0
aucas,cumbaya,cumbaya,7,Jonnathan Mina,miss,set-piece,43.878605319129036,26.20711967763213,0,left-foot,close-right,0,5.644431949191066,23.6,2679957,59,0.0,3017,27.347158911882396,32.97121173415823,8.153865898151352,0,38.10887910491127,12.074146101930154,40,2383,shot,0.0,0.0,0.0,0.0,0.0,0
aucas,cumbaya,cumbaya,7,Renny Jaramillo,goal,corner,15.228549718953182,4.920046460405629,0,left-foot,low-left,0,51.69680656432293,1.3,2679747,39,0.0,2235,70.42848109433544,4.391354360972343,74.13677315043994,0,33.47213435655188,100.0,8,465,shot,0.0,0.0,0.0,0.0,0.0,regular
aucas,cumbaya,aucas,7,Michael Carcelén,miss,assisted,69.34926911079877,67.0,0,right-foot,high,0,52.33009037691114,69.4,2679681,38,0.0,1743,67.0,45.24201660379455,100.0,0,68.9842034321272,36.87485710208485,16,957,shot,0.0,0.0,0.0,0.0,0.0,0
aucas,cumbaya,aucas,7,Maikel Valencia,miss,regular,8.824315359359982,52.57092587628766,0,right-foot,close-high,0,46.87425566091987,59.7,2679665,29,0.0,1647,91.42165857359588,49.7130810698921,7.101837861601368,0,43.91752461089122,22.55524731645056,18,1053,shot,0.0,0.0,0.0,0.0,0.0,0
aucas,cumbaya,aucas,7,Darwin Suarez,miss,corner,4.978701136834224,6.392413954124223,0,head,high-left,0,26.6729421556785,54.2,2679599,15,0.0,1129,51.81428497237045,4.780261388183537,47.03747608664948,0,13.388449055883314,44.60695853977795,27,1571,shot,0.0,0.0,0.0,0.0,0.0,0
aucas,cumbaya,aucas,7,Michael Carcelén,save,assisted,13.851442893056486,53.68837550098851,0,left-foot,low-centre,0,50.0,7.6,2679565,21,0.0,920,70.705085399255,1.0132516052444558,50.0,0,50.0,100.0,30,1780,shot,2.4956050808300065,93.30363465777276,0.0,6.518112927532023,2.4309074782982587,0
aucas,cumbaya,aucas,7,Juan Gonzalez,block,assisted,11.0,24.80686059341395,0,right-foot,low-centre,0,50.0,19.0,2679555,16,0.0,788,48.48377678030243,11.0,50.0,0,50.0,81.0,32,1912,shot,10.014778626904624,26.342472896153595,0.0,0.2881402831870403,13.683707066411339,0
aucas,cumbaya,cumbaya,7,Jonnathan Mina,save,regular,44.939772487355704,18.283859444313308,0,right-foot,low-centre,0,50.0,13.9,2679526,16,0.0,555,34.98809591612165,35.03977938874509,50.0,0,50.0,72.20453850408063,36,2145,shot,1.0,57.75248027175819,0.0,78.96987585397558,1.0,0
aucas,cumbaya,aucas,7,Michael Carcelén,block,regular,14.0,50.443682829039396,0,right-foot,low-right,0,69.17989922451187,19.0,2679514,9,0.0,495,15.184996734947184,14.0,47.919471349439654,0,57.46931042628962,81.0,37,2205,shot,8.0,78.53600539450665,0.0,39.44079841496367,8.0,0
aucas,cumbaya,cumbaya,7,Carlos Rolón,miss,corner,100.0,81.7789147308503,0,head,right,0,29.651363188347688,4.2,2679481,-3,0.0,246,21.491225321189674,100.0,100.0,0,94.24424732184822,100.0,41,2454,shot,0.0,0.0,0.0,0.0,0.0,0
aucas,cumbaya,aucas,7,Jeison Medina,save,corner,2.1790697987536007,31.706983174174823,0,head,low-left,0,14.901059387335813,10.8,2679873,-3,0.0,206,0.164378773924291,0.690988390517016,17.79824899146589,0,64.63346504267318,100.0,42,2494,shot,0.0701445808747953,44.061866324734154,0.0,77.5010545191675,0.5706293179047741,0
barcelona,cuenca,barcelona,7,Mateo Zambrano,post,assisted,9.701524529773216,36.088858964894094,0,right-foot,high,0,46.86773572785608,39.2,2681164,73,0.0,4749,39.075183431692246,12.13929772400298,88.0715308111439,0,40.99510954627524,68.18726817207506,11,651,shot,0.0,0.0,0.0,0.0,0.0,0
barcelona,cuenca,barcelona,7,Lucas Mancinelli,miss,assisted,48.695432685830234,26.068682792453643,0,right-foot,close-high,0,90.98589476081659,59.7,2681157,68,0.0,4623,54.31357081423657,7.5933547580229614,20.768547053171183,0,55.06371485644352,62.753293454527196,13,777,shot,0.0,0.0,0.0,0.0,0.0,0
barcelona,cuenca,barcelona,7,Mateo Zambrano,block,assisted,52.779698182708,24.21287892919551,0,right-foot,low-left,0,100.0,19.0,2681150,78,0.0,4500,79.47157224856576,28.574955960151332,6.204568621844885,0,5.08028686350881,81.0,15,900,shot,21.446659154191686,26.203639148383175,0.0,50.19442193079847,32.69020267093853,0
barcelona,cuenca,barcelona,7,Mateo Zambrano,miss,assisted,42.007260667391705,14.909575425445873,0,right-foot,high-left,0,79.16277880313234,55.6,2681147,82,0.0,4345,29.66990035736533,9.951593114984437,67.6768295317165,0,2.543777488743224,67.95281633526523,18,1055,shot,0.0,0.0,0.0,0.0,0.0,0
barcelona,cuenca,barcelona,7,Janner Corozo,goal,assisted,16.0,90.75090207500413,0,right-foot,low-right,0,12.433304852665238,3.2,2681142,66,0.0,4252,12.72052113095782,16.0,92.18991504437474,0,18.234659972331748,100.0,20,1148,shot,0.0,0.0,0.0,0.0,0.0,regular
barcelona,cuenca,cuenca,7,Allen Obando,miss,assisted,3.281572689433532,55.373331846782506,0,right-foot,close-right,0,22.199641772772566,16.7,2681139,67,0.0,4215,95.53768396317444,1.3058920119220323,55.50767747275795,0,39.38327010548083,100.0,20,1185,shot,0.0,0.0,0.0,0.0,0.0,0
barcelona,cuenca,barcelona,7,Adonis Preciado,miss,assisted,42.16603303030883,40.71587939065105,0,right-foot,right,0,39.0,27.8,2681169,70,0.0,4034,53.96983368650155,2.7077384280173327,61.0,0,61.0,100.0,23,1366,shot,0.0,0.0,0.0,0.0,0.0,0
barcelona,cuenca,barcelona,7,Janner Corozo,block,assisted,0.2903347583510598,51.02922214212151,0,left-foot,low-right,0,57.738935929260336,19.0,2681165,66,0.0,4022,64.219158578237,3.5573410407333803,100.0,0,37.77763149963387,81.0,23,1378,shot,11.843062266506958,67.0,0.0,67.0,18.372071135438066,0
barcelona,cuenca,barcelona,7,Sixto Mina,miss,corner,15.0,0.9670346241149588,0,head,close-right,0,64.8534652872712,19.4,2681090,52,0.0,3670,86.67928315010649,15.0,27.97830798690272,0,100.0,34.84350161864384,29,1730,shot,0.0,0.0,0.0,0.0,0.0,0
barcelona,cuenca,barcelona,7,Braian Oyola,goal,assisted,6.95540898710987,28.679179588663665,0,left-foot,high-left,0,5.624564158363327,30.4,2681080,54,0.0,3503,44.98457930949308,13.714335848708906,74.18231202503611,0,33.50851328799396,61.20575044236921,32,1897,shot,0.0,0.0,0.0,0.0,0.0,regular
barcelona,cuenca,barcelona,7,Sixto Mina,miss,regular,8.871379127526739,20.489894155750015,0,left-foot,high,0,41.74738198930119,65.3,2681042,53,0.0,2926,41.14343657378421,20.61695949752584,90.41194152234236,0,35.98489018206456,14.700290400164178,42,2474,shot,0.0,0.0,0.0,0.0,0.0,0
barcelona,cuenca,barcelona,7,Lucas Mancinelli,save,free-kick,26.59520696115331,9.545368430057891,0,right-foot,high-centre,0,88.8682742610232,31.6,2680940,34,0.0,2617,16.479054148802334,2.798691762018791,24.432670692423017,0,30.003283564412413,82.41896272249434,2,83,shot,3.346125334043891,74.02144972784518,0.0,7.377476206666124,2.571272971182262,0
barcelona,cuenca,cuenca,7,Damián Díaz,save,regular,40.6425062230153,42.49443525827245,0,left-foot,high-centre,0,26.847751847200385,20.3,2680957,35,0.0,2350,42.034053871534745,7.513463300002204,13.341792748785934,0,39.76762290781603,100.0,6,350,shot,1.0,45.04769728684251,0.0,87.55042235244959,1.0,0
barcelona,cuenca,barcelona,7,Braian Oyola,miss,regular,19.532497684030737,91.20022463012859,0,left-foot,left,0,77.96811804021198,25.0,2680924,30,0.0,2314,2.071987559036728,13.233278847296793,44.6236280174105,0,25.001761361136978,75.0,7,386,shot,0.0,0.0,0.0,0.0,0.0,0
barcelona,cuenca,barcelona,7,Joao Rojas,save,assisted,21.18410360178865,8.834833524541885,0,right-foot,high-centre,0,6.658950973108524,22.8,2680923,31,0.0,2312,12.684506351689983,15.207587353460832,68.11738780163635,0,51.36978129545135,55.417731926369,7,388,shot,2.284065565160639,96.60651238401958,0.0,63.83812877996178,0.3514050605713357,0
barcelona,cuenca,barcelona,7,Lucas Mancinelli,post,assisted,23.07543533351962,80.91416707648212,0,right-foot,right,0,32.417937745581796,35.4,2680911,47,0.0,2232,12.521191946962347,5.771450386527027,17.60215774002819,0,96.67703099089202,76.42339752242708,8,468,shot,0.0,0.0,0.0,0.0,0.0,0
barcelona,cuenca,cuenca,7,Francisco Fydriszewski,save,assisted,5.362287791600437,74.07218356527443,0,right-foot,high-left,0,43.5759817267694,20.3,2680902,30,0.0,2183,100.0,36.83414827064649,17.521705840586122,0,13.882174642792002,8.562450199636444,9,517,shot,23.38872523735315,19.98511266070033,0.0,1.4385025524748087,10.196692677768995,0
barcelona,cuenca,cuenca,7,Lucas Mancinelli,block,assisted,21.0,19.204602470369313,0,right-foot,low-centre,0,16.598364470143515,19.0,2680910,30,0.0,2150,18.743798131274144,21.0,94.04371889491514,0,5.589726715681472,81.0,10,550,shot,17.633524342159113,35.0,0.0,35.0,27.644921574188178,0
barcelona,cuenca,cuenca,7,Lucas Mancinelli,miss,free-kick,10.75606312502704,3.8880892424899027,0,right-foot,close-high,0,7.780961556480463,56.9,2680889,32,0.0,1818,1.8114376094969362,23.912598339690938,9.820346963028989,0,52.60458452575259,63.30595619464544,15,882,shot,0.0,0.0,0.0,0.0,0.0,0
barcelona,cuenca,cuenca,7,Francisco Fydriszewski,goal,assisted,6.307717509539463,43.45859049971006,0,right-foot,low-centre,0,100.0,17.7,2680880,33,0.0,1618,55.488568991838484,13.939401863258732,16.598940398529294,0,67.34324731672505,52.37613294872223,19,1082,shot,0.0,0.0,0.0,0.0,0.0,regular
barcelona,cuenca,barcelona,7,Anibal Chalá,goal,assisted,5.189871203172603,2.832839623356982,0,left-foot,low-right,0,66.99615527203537,9.5,2680877,27,0.0,1491,59.60470543012429,12.270254080151307,90.6403683966036,0,22.04537345812202,62.68932168861434,21,1209,shot,0.0,0.0,0.0,0.0,0.0,regular
barcelona,cuenca,barcelona,7,Braian Oyola,miss,regular,7.316100933018028,14.325367948417039,0,left-foot,close-right,0,39.928835483190724,23.6,2680873,17,0.0,1369,33.90698158756159,39.36014401417786,100.0,0,43.38693252364034,86.19794553454139,23,1331,shot,0.0,0.0,0.0,0.0,0.0,0
barcelona,cuenca,cuenca,7,Luis Aldair Arroyo Cabeza,post,assisted,3.185872883611978,93.22002728148196,0,right-foot,right,0,78.53844205620246,9.5,2680857,12,0.0,1115,43.86761277859826,15.173365890679168,3.500123476774938,0,76.12198079614106,100.0,27,1585,shot,0.0,0.0,0.0,0.0,0.0,0
barcelona,cuenca,barcelona,7,Luis Aldair Arroyo Cabeza,save,assisted,9.824691595446648,100.0,0,left-foot,low-left,0,99.94427122511063,5.1,2680848,11,0.0,1023,99.5647403517656,18.994069137617863,76.24073331641947,0,89.16113731992165,100.0,28,1677,shot,4.079514399085912,30.830113755140175,0.0,6.628840785182902,2.3737959264811437,0
barcelona,cuenca,cuenca,7,Damián Díaz,save,assisted,26.018250667919776,50.0,0,right-foot,low-centre,0,31.64934009119054,12.0,2680834,4,0.0,680,50.0,40.00928754007616,78.89296074919294,0,47.908514146986505,88.0,34,2020,shot,2.5133138384778317,74.7982710601567,0.0,81.60944683382878,3.719959913606717,0
barcelona,cuenca,barcelona,7,Fernando Gaibor,save,assisted,31.09031375186383,100.0,0,right-foot,low-left,0,27.206459419469304,13.9,2680832,9,0.0,540,82.14490111802638,9.688702823097756,42.033327583893474,0,11.149856227691188,38.74669359919106,36,2160,shot,2.555007189242912,50.0,0.0,50.0,0.9673205040078168,0
delfin,catolica,delfin,7,Jefferson Nazareno,miss,corner,10.958472702682688,1.9336950997578768,0,head,right,0,37.0,22.2,2685422,98,4.0,5631,77.27912145149298,8.753389330709556,63.0,0,63.0,94.23355210520386,1,669,shot,0.0,0.0,0.0,0.0,0.0,0
delfin,catolica,catolica,7,José Fajardo,goal,regular,1.51509504621899,22.7676632878553,0,left-foot,high-right,0,23.401008813151392,31.0,2685405,85,0.0,5344,24.746126206484043,18.023214447674505,40.13231076483977,0,88.91273787212744,69.0,1,56,shot,0.0,0.0,0.0,0.0,0.0,regular
delfin,catolica,delfin,7,Mauro Díaz,save,free-kick,38.141483594270134,75.98240957252357,0,right-foot,low-left,0,25.696299986987277,0.6,2685458,85,0.0,5080,7.7224918684786985,52.85078899620735,36.85758507159017,0,56.50309093222831,33.421318074678965,6,320,shot,0.3958150772230882,76.20904619671414,0.0,88.45042602942162,1.283753353592168,0
delfin,catolica,delfin,7,José Fajardo,miss,assisted,4.048238567824892,57.0,0,right-foot,high,0,76.29046277954649,66.7,2685390,71,0.0,4843,57.0,0.531659050223789,96.32341148684215,0,89.29550738325763,31.82065458232657,10,557,shot,0.0,0.0,0.0,0.0,0.0,0
delfin,catolica,catolica,7,Gianni Cagua,save,assisted,14.672347667899526,58.282263174388774,0,right-foot,low-centre,0,1.462657110086809,5.7,2685427,88,0.0,4764,32.87493111334648,22.72867202655547,26.028435324312596,0,6.294988886947074,100.0,11,636,shot,12.85232045493678,48.0,0.0,48.0,13.024611928458725,0
delfin,catolica,delfin,7,José Fajardo,save,assisted,23.304223909053615,65.80666926627464,0,right-foot,low-centre,0,8.243538128168943,2.5,2685382,76,0.0,4593,24.097532508526307,24.330453058344585,26.174745000449157,0,38.9225661116707,94.81045321186912,14,807,shot,3.467865527569497,2.053048791328486,0.0,38.00165713159049,2.7426164576635115,0
delfin,catolica,catolica,7,Luis Moreno,miss,assisted,26.951081512425397,90.22316997213618,0,left-foot,high,0,13.605834758584777,63.9,2685373,71,0.0,4414,95.77995114662944,2.380333066649788,67.68183203417905,0,100.0,39.53904666201927,17,986,shot,0.0,0.0,0.0,0.0,0.0,0
delfin,catolica,delfin,7,Maikel Reyes,block,assisted,25.09232607031672,73.0,0,right-foot,low-left,0,18.331992293460885,19.0,2685375,76,0.0,4268,73.0,5.2582629728943395,18.681077871084355,0,15.942386412272157,81.0,19,1132,shot,27.50136160796802,55.74085339534217,0.0,100.0,27.180192632453366,0
delfin,catolica,delfin,7,Jordano Zambrano,save,assisted,14.600924407610197,100.0,0,right-foot,low-centre,0,96.86531927567786,8.2,2685368,76,0.0,4193,99.21183158804162,0.4921975759976984,28.666421603043574,0,38.096667612103516,67.12952640970549,21,1207,shot,1.3926203204684562,36.367567328916564,0.0,80.50924477157751,0.17225901743553773,0
delfin,catolica,catolica,7,Ismael Díaz,miss,corner,6.951445047204654,17.479979246563225,0,head,close-right,0,41.0,5.6,2685434,69,0.0,4114,55.80553444920816,5.932942447745116,59.0,0,59.0,100.0,22,1286,shot,0.0,0.0,0.0,0.0,0.0,0
delfin,catolica,catolica,7,Arón Rodríguez,save,regular,4.262005140168853,26.840898469174952,0,right-foot,high-centre,0,51.508382302470714,21.5,2685384,62,0.0,4056,96.57865181341282,41.9990229478526,4.85391415094103,0,7.310094185121173,100.0,23,1344,shot,0.10016527456507429,21.09268014382944,0.0,97.63118380740379,2.4901002795640057,0
delfin,catolica,delfin,7,Gregori Anangonó,miss,assisted,8.648553918982092,22.45489139777289,0,left-foot,close-left,0,90.5081118400072,9.7,2685374,72,0.0,3934,40.75113239513994,4.691608451549033,70.27241659471714,0,16.218139780291054,64.80635246997305,25,1466,shot,0.0,0.0,0.0,0.0,0.0,0
delfin,catolica,delfin,7,Ismael Díaz,save,assisted,14.51615443857639,70.50801609621669,0,left-foot,high-left,0,17.08251578476085,23.4,2685363,72,0.0,3894,71.42964466710521,6.625678177043749,77.82802880593806,0,34.136686644976486,100.0,26,1506,shot,1.0,67.87476418513234,0.0,89.50227437330113,1.0,0
delfin,catolica,delfin,7,Kevin Minda,miss,corner,8.0,97.0362977661583,0,head,high,0,76.6982238477666,77.8,2685343,53,0.0,3451,52.4769377900495,8.0,1.3832554450550987,0,21.615786351210737,25.286188834605486,33,1949,shot,0.0,0.0,0.0,0.0,0.0,0
delfin,catolica,catolica,7,Jhon Cifuente,miss,assisted,16.44935233241605,28.500224261923023,0,right-foot,close-left,0,57.0,2.8,2685333,47,0.0,3239,49.11488016851844,6.8380917621888635,43.0,0,43.0,100.0,37,2161,shot,0.0,0.0,0.0,0.0,0.0,0
delfin,catolica,delfin,7,Jordano Zambrano,miss,regular,1.0005564649790966,14.994755110156582,0,right-foot,left,0,86.7716799605705,11.1,2685429,45,0.0,3064,100.0,12.859407940040526,7.995305016427672,0,11.181671771223733,100.0,39,2336,shot,3.576616049719785,23.35052239874002,0.0,9.74282663350725,1.428743215869619,0
delfin,catolica,delfin,7,Nicolás Messiniti,miss,assisted,7.368584312134075,94.60915648883982,0,right-foot,high-right,0,43.776913675184296,61.1,2685340,54,0.0,2793,29.86380137412013,14.57909737756071,44.68245975632141,0,79.8934039063038,73.87396102815433,44,2607,shot,0.0,0.0,0.0,0.0,0.0,0
delfin,catolica,delfin,7,Nicolás Messiniti,save,corner,3.9965985085390425,15.052388802713416,0,left-foot,low-centre,0,73.88714388883723,15.2,2685330,39,0.0,2778,17.908827154681276,9.273015359964054,99.47463697767729,0,32.04825197518845,56.85834827623238,44,2622,shot,1.7426160991193278,10.197123720085735,0.0,47.20428057399419,2.9405856063456084,0
delfin,catolica,delfin,7,Jefferson Nazareno,block,corner,11.293206577683067,22.593686077528965,0,head,low-left,0,71.81264533501295,19.0,2685321,41,0.0,2775,15.270944121883183,12.303513130978795,52.655676500767875,0,55.48812010580897,81.0,44,2625,shot,6.0,17.56912238796135,0.0,33.93120444964398,6.0,0
delfin,catolica,delfin,7,Ismael Díaz,goal,assisted,2.3583425612330213,53.0,0,right-foot,low-left,0,42.31458048528489,6.3,2685226,34,0.0,1559,53.0,0.6149176457377132,74.82387277792644,0,28.635462421791217,61.26351562308609,20,1141,shot,0.0,0.0,0.0,0.0,0.0,regular
delfin,catolica,catolica,7,Ismael Díaz,save,assisted,48.36015441750655,42.33753843073461,0,right-foot,low-left,0,30.435676654105833,19.0,2685223,18,0.0,1455,73.43389949785795,3.384804599290476,41.751793657898006,0,50.72098313249428,81.0,21,1245,shot,1.9431378864921771,76.86885661613172,0.0,58.32981488486599,1.0879301880309438,0
delfin,catolica,catolica,7,Jhon Cifuente,miss,assisted,8.877742099685694,98.50075173194686,0,right-foot,right,0,65.09199659463548,16.7,2685216,20,0.0,1240,12.522048263910776,17.806853859703885,68.55057619816155,0,63.5353130521719,54.12302802477525,25,1460,shot,0.0,0.0,0.0,0.0,0.0,0
delfin,catolica,catolica,7,Ismael Díaz,miss,assisted,3.532359313547617,29.378139106625895,0,head,right,0,80.39600425053564,4.2,2685279,26,0.0,1155,9.102207513201783,5.832645130040015,66.10014919622833,0,100.0,65.73835906577902,26,1545,shot,1.9077321865008037,25.533878746851478,0.0,71.15236289792162,1.646176669262635,0
delfin,catolica,delfin,7,Kevin Sambonino,miss,assisted,18.140030200847846,84.2356862979544,0,right-foot,high-left,0,9.4287093718576,58.3,2685164,-1,0.0,284,34.1885081266405,45.3950227539295,62.0860136545576,0,6.291689671905594,14.816740442620386,41,2416,shot,0.0,0.0,0.0,0.0,0.0,0
delfin,catolica,delfin,7,Nicolás Goitea,block,corner,6.047466087740194,16.537101330390158,0,head,low-centre,0,75.46020202015868,19.0,2685174,13,0.0,199,13.7427502627257,13.889645536152063,83.33923027774622,0,64.00912680110204,81.0,42,2501,shot,1.4449492551892282,87.9316460887827,0.0,85.27694614676902,0.051993290516380686,0
delfin,catolica,delfin,7,Ismael Díaz,save,assisted,1.8178103021029077,83.8178291606966,0,head,low-left,0,41.85189579169254,3.8,2685151,0,0.0,111,41.77834574367452,1.5345204036289477,39.86565459845518,0,49.04475304385615,100.0,44,2589,shot,1.3948423194926076,18.13336416345288,0.0,55.3627719024302,0.9132216578614472,0
imbabura,macara,imbabura,7,Leonar Espinoza,miss,assisted,14.0,100.0,0,left-foot,left,0,95.34360831482235,36.1,2687235,91,6.0,5717,41.07833164491704,14.0,56.214131378351,0,57.91613233493632,72.5006771392793,1,583,shot,0.0,0.0,0.0,0.0,0.0,0
imbabura,macara,macara,7,Jonathan Benítez,block,regular,24.218006853437824,50.98202807383466,0,left-foot,low-left,0,46.1216132468198,19.0,2687234,95,2.0,5515,6.6291117421186385,27.648342482423654,60.20812413660462,0,92.99474193657494,81.0,1,785,shot,27.745185537305055,65.5637436451839,0.0,19.4701400783661,35.69369626623099,0
imbabura,macara,macara,7,Daniel Bravo,save,assisted,17.13031641379247,29.775152500152878,0,left-foot,low-left,0,54.0,16.5,2687233,94,0.0,5388,34.9529471063285,4.2071854307190435,46.0,0,46.0,40.4877054775137,1,12,shot,1.350979425613347,49.036066023352646,0.0,80.82952658847313,2.9790511431744555,0
imbabura,macara,imbabura,7,Freddy Mina,miss,regular,43.087625694922835,33.46104296651154,0,right-foot,high,0,1.274151931106303,81.9,2687232,95,0.0,5265,44.7415018930761,46.04442411000453,82.01873251559198,0,71.93701070371492,24.002926288362424,3,135,shot,0.0,0.0,0.0,0.0,0.0,0
imbabura,macara,imbabura,7,Jonathan Benítez,miss,corner,5.530654002095891,60.07948243248994,0,left-foot,close-right,0,76.92687653235457,22.2,2687229,80,0.0,4695,6.426796761783677,0.9669945911336004,97.2917383130516,0,93.75585861634003,100.0,12,705,shot,0.0,0.0,0.0,0.0,0.0,0
imbabura,macara,imbabura,7,Alexis Santacruz,block,corner,2.83633854342464,13.64598749614158,0,right-foot,low-left,0,100.0,19.0,2687231,79,0.0,4666,34.53847632442008,4.901119818776612,75.30938742859045,0,22.208929864225595,81.0,13,734,shot,7.0,55.88217047709445,0.0,19.034554872466643,7.0,0
imbabura,macara,macara,7,Fernando Presentado,block,assisted,4.774582862315707,100.0,0,right-foot,low-centre,0,28.093853677640368,19.0,2687230,74,0.0,4630,67.0534570608132,33.67642069858533,20.00594815132412,0,57.082548452838495,81.0,13,770,shot,23.7555838644709,99.56846460570459,0.0,33.54912467447964,20.190627766043555,0
imbabura,macara,macara,7,Joffré Escobar,miss,fast-break,15.010482116159842,6.076200843043431,0,right-foot,right,0,5.207194673512092,18.1,2687228,71,0.0,4115,80.21432976703022,11.418894468501193,84.08738513363501,0,42.629484855569544,50.94005332720096,22,1285,shot,0.0,0.0,0.0,0.0,0.0,0
imbabura,macara,macara,7,Janpol Morales,miss,assisted,21.837831389061705,39.81686557292226,0,head,high-left,0,66.0374653742361,66.7,2687227,57,0.0,3151,32.445903324799765,7.242205904007781,67.9476677903582,0,71.80087824021297,45.38342703852693,38,2249,shot,0.0,0.0,0.0,0.0,0.0,0
imbabura,macara,imbabura,7,Janpol Morales,save,assisted,8.0,71.4990960978958,0,right-foot,low-centre,0,65.61866138880544,5.7,2687224,57,0.0,2950,80.10803443015851,8.0,96.24974767734247,0,95.64491770744723,100.0,41,2450,shot,0.6896515902923732,48.0,0.0,48.0,3.447985071248942,0
imbabura,macara,imbabura,7,Jorge Valdez,goal,assisted,16.264740815226403,82.54314026083759,0,right-foot,low-right,0,24.037101605673584,13.3,2687221,52,0.0,2796,76.12259581375349,2.1594653193195725,8.310650294117302,0,65.77689860661235,100.0,44,2604,shot,0.0,0.0,0.0,0.0,0.0,regular
imbabura,macara,macara,7,Gino Barbieri,block,set-piece,12.0,65.67696992180245,0,head,low-centre,0,27.535389252983983,19.0,2687226,47,0.0,2781,40.822445863399615,12.0,10.078866004820632,0,77.13843531586951,81.0,44,2619,shot,12.836499370959997,58.120249690366656,0.0,58.03662574633953,12.79430281777874,0
imbabura,macara,macara,7,Joffré Escobar,block,set-piece,12.349154582859864,19.199774638929952,0,head,low-centre,0,76.40634314912924,19.0,2687225,52,0.0,2779,31.740857821484866,8.037759700933279,69.11036943922852,0,40.40462460081657,81.0,44,2621,shot,18.477735666674484,19.21880593700483,0.0,46.38518349007795,17.185538953878932,0
imbabura,macara,macara,7,Rony Caicedo,miss,assisted,50.74029548005917,100.0,0,right-foot,close-right,0,57.52639463298301,22.2,2687202,32,0.0,2454,100.0,4.707045491541201,47.97770446925145,0,65.93277944237089,5.218393256335574,5,246,shot,0.0,0.0,0.0,0.0,0.0,0
imbabura,macara,macara,7,Miguel Perea,miss,assisted,12.982202136197323,0.9127202509422574,0,left-foot,high-left,0,7.110263922107649,62.5,2687201,45,0.0,2392,100.0,3.3597015362751783,8.064895408186644,0,61.89123296102311,37.244360433764015,6,308,shot,0.0,0.0,0.0,0.0,0.0,0
imbabura,macara,imbabura,7,Janpol Morales,block,assisted,16.140396966029897,39.35691774543082,0,right-foot,low-left,0,12.435969211225583,19.0,2687195,38,0.0,1825,17.26192055218752,5.99193831373695,75.42083840889795,0,59.39491415685153,81.0,15,875,shot,4.8133407363351886,10.788781140766652,0.0,8.792207172926993,14.02326585398497,0
imbabura,macara,macara,7,Jacson Pita Mina,miss,regular,5.428136132239459,69.03576678500944,0,left-foot,high,0,19.798481024719493,61.1,2687147,22,0.0,1355,82.68482525496596,18.180585312556236,4.415268763168015,0,16.216609496698524,18.807426744066213,23,1345,shot,0.0,0.0,0.0,0.0,0.0,0
imbabura,macara,imbabura,7,Leandro Pantoja,save,regular,2.1353939959854245,38.74761220702969,0,right-foot,low-centre,0,92.35298381561002,3.8,2687146,31,0.0,1354,65.92605618567868,27.5747325561171,6.390295264496267,0,74.83661126192753,86.51271894693058,23,1346,shot,1.9844303298992867,42.62070113138115,0.0,96.33998775813934,2.573870420172254,0
imbabura,macara,macara,7,Leandro Pantoja,block,assisted,52.54256700576047,7.331839104145402,0,right-foot,low-centre,0,60.76207087951342,19.0,2687145,29,0.0,1325,23.715792475771302,20.877020817659577,54.608985970440536,0,66.65329171293268,81.0,23,1375,shot,1.6641737187509662,20.11256300653343,0.0,22.970547324209658,8.532869753965532,0
imbabura,macara,macara,7,Federico Paz,block,assisted,5.29750541694191,62.097185679530995,0,right-foot,low-centre,0,75.82615197277718,19.0,2687144,19,0.0,1283,15.19013330067314,31.774151596352443,6.632561528401091,0,81.17762812307572,81.0,24,1417,shot,4.66165137786561,48.91375907013291,0.0,47.38607152562608,13.186031941282568,0
imbabura,macara,macara,7,Janpol Morales,block,corner,11.30973371179038,62.30681784909331,0,right-foot,low-left,0,81.1931849908127,19.0,2687141,18,0.0,1182,55.88667614439632,9.65708907189983,48.44973044754174,0,80.02654844424471,81.0,26,1518,shot,7.982482595756238,7.0406675413889985,0.0,70.21849622379361,12.024338817242516,0
imbabura,macara,macara,7,Jacson Pita Mina,save,assisted,1.6180807383397773,87.51752578495267,0,right-foot,low-left,0,87.39311534727324,13.3,2687138,11,0.0,934,54.814552306802355,1.4182097538824192,18.26614481004748,0,35.91214509723362,23.672008760814904,30,1766,shot,0.4128991849375597,17.854421663437442,0.0,78.918906424748,0.296497565235073,0
imbabura,macara,macara,7,Joffré Escobar,block,assisted,31.095866043427783,1.8409921778072231,0,right-foot,low-centre,0,21.229350779622514,19.0,2687134,16,0.0,602,100.0,12.788987005121488,77.76019517785915,0,58.520751832615595,81.0,35,2098,shot,23.55624236266133,63.0,0.0,63.0,17.511186175211776,0
imbabura,macara,imbabura,7,Janpol Morales,miss,fast-break,5.597419566301227,34.0,0,right-foot,high,0,65.89846324729979,80.6,2687131,4,0.0,499,34.0,11.012372068938824,100.0,0,76.94150099123794,4.56749998551161,37,2201,shot,0.0,0.0,0.0,0.0,0.0,0
imbabura,macara,imbabura,7,Jhon Arteaga,save,assisted,16.0,79.55924285006421,0,left-foot,low-centre,0,55.03602779392698,9.5,2687130,14,0.0,404,30.636429159610884,16.0,89.49998844678072,0,23.54577569145821,13.556222683667357,39,2296,shot,2.3051143008872796,90.94820407702365,0.0,9.774127232310676,0.32370822746552097,0
imbabura,macara,macara,7,Jorge Valdez,miss,regular,13.356109040323624,100.0,0,right-foot,close-high-left,0,29.63620163062327,54.2,2687128,-9,0.0,8,77.5771677874869,21.23653549894437,57.451137056775444,0,82.80543289842905,82.53854871946096,45,2692,shot,0.0,0.0,0.0,0.0,0.0,0
independiente,libertad,libertad,7,Junior Sornoza,block,assisted,17.46134922107214,60.0,0,right-foot,low-right,0,86.62515693150716,19.0,2684984,82,1.0,5457,60.0,6.2357796650655715,19.040821287104464,0,90.1908232055497,81.0,1,843,shot,7.908453587666574,100.0,0.0,19.76310828325424,2.346545199530035,0
independiente,libertad,libertad,7,Junior Sornoza,save,assisted,10.781387925043061,62.54756764585305,0,right-foot,low-centre,0,30.837820540975137,10.1,2685001,84,0.0,5327,11.486689441184183,17.762299743436053,86.34854045821547,0,70.58533989436347,100.0,2,73,shot,0.7738786178486929,84.37496353660602,0.0,19.876879814188896,1.5289847594582797,0
independiente,libertad,libertad,7,Junior Sornoza,block,assisted,11.609323174210747,26.214802918810236,0,right-foot,low-left,0,11.799349143997027,19.0,2685063,87,0.0,5318,4.981721332590588,4.416078945688543,70.67197583607705,0,7.0012668257234125,81.0,2,82,shot,0.025256518802905248,50.0,0.0,50.0,10.60645034794741,0
independiente,libertad,libertad,7,Jonny Uchuari,block,free-kick,14.714261822248865,47.75267873687197,0,right-foot,low-centre,0,98.61855161476143,19.0,2684965,95,0.0,5246,9.465257115667058,12.151330634875663,57.45905860734251,0,86.32820706468686,81.0,3,154,shot,4.75057883187702,19.27761206855554,0.0,74.74508427414375,16.97199638024277,0
independiente,libertad,independiente,7,Kendry Páez,save,assisted,6.955140985495447,62.3798083815832,0,left-foot,low-left,0,53.0,13.3,2685041,84,0.0,4999,43.16172738303523,4.453496328231058,47.0,0,47.0,100.0,7,401,shot,2.0,78.52718499343581,0.0,55.07775842307065,2.0,0
independiente,libertad,libertad,7,Renato Ibarra,goal,regular,37.413914982114946,81.34825277889102,0,right-foot,high-centre,0,78.06056030291623,26.6,2684867,70,0.0,4036,37.81437150566923,33.87432933603819,5.241568905609235,0,67.57278864163638,77.88402934134794,23,1364,shot,0.0,0.0,0.0,0.0,0.0,regular
independiente,libertad,independiente,7,Junior Sornoza,block,assisted,9.853693415517176,53.5919843128054,0,right-foot,low-centre,0,30.64632753694849,19.0,2684866,61,0.0,4031,44.61386617620118,2.1198580277301122,3.830951890577836,0,73.79321616723831,81.0,23,1369,shot,4.626868626143108,20.443733892631286,0.0,44.06653644858808,1.6800603717829725,0
independiente,libertad,independiente,7,Renzo López,miss,assisted,9.0,29.13166066635374,0,head,close-right,0,7.20029162837924,6.9,2684851,63,0.0,3832,49.56485069261733,9.0,56.11282285870762,0,6.689207090368612,100.0,27,1568,shot,1.291720288856167,31.946826476335247,0.0,97.33381473705158,2.0378669058185466,0
independiente,libertad,libertad,7,Nixon Molina,block,free-kick,19.073436144094075,64.87135936729513,0,right-foot,low-left,0,4.302302632017657,19.0,2684844,62,0.0,3745,11.507489198432737,32.46160593748265,43.28575872734701,0,3.6835173757287762,81.0,28,1655,shot,3.0312444067973896,24.724089123043456,0.0,56.00243745194898,15.819517485344877,0
independiente,libertad,libertad,7,Junior Sornoza,miss,assisted,15.0,48.85289424717608,0,right-foot,close-right,0,70.55536212994986,20.8,2684821,54,0.0,3595,38.855112924758814,15.0,0.8308839931719305,0,76.26176426990115,100.0,31,1805,shot,0.0,0.0,0.0,0.0,0.0,0
independiente,libertad,independiente,7,Jonny Uchuari,miss,assisted,30.467953449587867,53.758668238038915,0,right-foot,left,0,100.0,29.2,2684813,63,0.0,3414,43.9620943177916,7.584200244246201,37.16566461200013,0,12.326674696135441,3.50416863997161,34,1986,shot,0.0,0.0,0.0,0.0,0.0,0
independiente,libertad,libertad,7,Jonny Uchuari,miss,fast-break,33.85029369246074,100.0,0,right-foot,left,0,7.865174680642298,9.7,2684796,63,0.0,3276,92.85539907467756,17.164229887064046,53.893057553587,0,49.47993960064289,81.28696954108555,36,2124,shot,0.0,0.0,0.0,0.0,0.0,0
independiente,libertad,libertad,7,Cesar Obando,miss,corner,2.0754968773321725,37.06892805052,0,head,left,0,60.0,15.3,2684788,60,0.0,3231,57.805182338581375,2.4314178813555696,40.0,0,40.0,100.0,37,2169,shot,1.173245492856116,6.119091720435449,0.0,36.14334964433979,0.6933769184570201,0
independiente,libertad,libertad,7,Jonny Uchuari,save,assisted,2.293049057485696,68.41927316364671,0,other,low-right,0,74.44161605086273,9.5,2685163,55,0.0,2993,50.86541058190822,5.243354455140354,6.526134445069232,0,21.59156330992176,100.0,41,2407,shot,1.9366526595475013,1.5694398362758406,0.0,74.21330612932056,1.3791826866809769,0
independiente,libertad,libertad,7,Keny Arroyo,miss,regular,51.33268857699492,72.25748576104567,0,left-foot,high,0,9.371152260538445,62.5,2684755,46,0.0,2933,42.47764326243479,49.32863400822095,25.920694643607774,0,59.516814291367126,33.41785958978855,42,2467,shot,0.0,0.0,0.0,0.0,0.0,0
independiente,libertad,libertad,7,Andrés Felipe Ávila,miss,regular,15.783753212916732,46.734948246639284,0,right-foot,close-high,0,35.969041223566364,58.3,2684669,44,1.0,2738,60.55226181057207,23.66145953098422,53.08331501519088,0,85.62803496808847,9.638799416390114,1,2662,shot,0.0,0.0,0.0,0.0,0.0,0
independiente,libertad,libertad,7,Yaimar Medina,save,assisted,10.0,55.78983411732703,0,left-foot,low-centre,0,2.948563529899282,10.1,2684647,37,0.0,2491,1.7540639662325361,10.0,30.33673287779449,0,4.098224055388606,100.0,4,209,shot,1.0,8.235270501040539,0.0,40.107499757026645,1.0,0
independiente,libertad,independiente,7,Keny Arroyo,goal,free-kick,14.519962996433986,73.68126559635832,0,left-foot,low-centre,0,92.94947345152372,12.7,2684633,30,0.0,2356,100.0,14.125050338376585,96.05777767844052,0,53.00457651693947,100.0,6,344,shot,0.0,0.0,0.0,0.0,0.0,regular
independiente,libertad,independiente,7,Lautaro Disanto,save,assisted,35.177296618697504,6.665425120494135,0,left-foot,high-centre,0,41.55926314415786,29.7,2684597,25,0.0,1840,35.077675556542474,11.885122181912628,66.67568832720417,0,9.79642810476323,76.06611235705036,15,860,shot,1.3418949410214756,73.55267516509375,0.0,60.35310278688643,0.6423866950071566,0
independiente,libertad,independiente,7,Romario Ibarra,save,regular,22.024738975585215,58.67371785758234,0,right-foot,low-centre,0,64.93094766876943,11.4,2684582,36,0.0,1684,42.590505686944404,3.487887325114812,1.7842468561014968,0,8.707069120528345,13.467901309970728,17,1016,shot,4.082875903800595,60.063827736983676,0.0,93.54211995430273,2.2569054045182257,0
independiente,libertad,independiente,7,Ivan Zambrano,miss,set-piece,4.006557225143841,57.42836090085119,0,left-foot,close-left,0,49.88075729178749,8.2,2684576,28,0.0,1585,2.11040296725524,0.9482041694686076,22.21004825542049,0,79.54802721936278,89.59978637227063,19,1115,shot,0.0,0.0,0.0,0.0,0.0,0
independiente,libertad,libertad,7,Patrik Mercado,miss,regular,9.989884849190553,66.46489912859948,0,right-foot,close-left,0,9.901820022611119,18.1,2684545,31,0.0,1372,63.01454222237654,50.4566360775088,7.883180551581361,0,21.770345425768454,8.871065151207262,23,1328,shot,0.0,0.0,0.0,0.0,0.0,0
independiente,libertad,independiente,7,Patrik Mercado,block,assisted,11.221885750702135,48.09773591864795,0,right-foot,low-centre,0,71.83140761091697,19.0,2684548,29,0.0,1369,63.907896280139745,39.539846593647134,29.518665569291983,0,38.389418642972615,81.0,23,1331,shot,32.083346885242264,80.81279158685614,0.0,2.4257170356322746,39.47120128776571,0
independiente,libertad,libertad,7,Leandro Basan,save,assisted,36.262328198465454,16.236553408355313,0,right-foot,low-left,0,6.059313389482718,12.0,2684538,15,0.0,1295,41.20601590868733,26.144810237370084,44.49279812813881,0,11.07995766521109,88.0,24,1405,shot,1.0,53.785092657413216,0.0,2.194672933271285,1.0,0
independiente,libertad,independiente,7,Cristian Enciso,block,regular,19.994569350743003,37.76054695561633,0,right-foot,low-left,0,52.0,19.0,2684596,20,0.0,1158,79.96084752848734,42.21684421019732,48.0,0,48.0,81.0,26,1542,shot,4.059234989565422,85.26815103163645,0.0,21.73396601225101,16.925481316646835,0
independiente,libertad,independiente,7,Yaimar Medina,save,assisted,15.80481369834744,59.42908155634008,0,left-foot,low-centre,0,63.89076851678312,8.2,2684533,11,0.0,993,65.42495596891304,10.930172944719674,31.94111884741823,0,86.09329026559882,71.57663847554433,29,1707,shot,6.07375042103507,33.64320566295274,0.0,19.818648794876708,0.8208319915837929,0
independiente,libertad,libertad,7,Renato Ibarra,goal,assisted,19.52019105506957,19.28878426671333,0,left-foot,low-right,0,64.53175142247201,4.4,2684505,5,0.0,831,21.065869275704394,22.252094333563743,46.498194534215614,0,75.44297095972833,93.85046940744249,32,1869,shot,0.0,0.0,0.0,0.0,0.0,regular
independiente,libertad,independiente,7,Keny Arroyo,miss,assisted,19.0,51.870858661374015,0,right-foot,left,0,18.815802829427383,22.2,2684607,9,0.0,661,100.0,19.0,1.3069947578321859,0,34.659715569773574,81.36387994274033,34,2039,shot,10.111124221824705,100.0,0.0,44.098164783688226,16.051376149409407,0
nacional,liga,liga,7,Manu Balda,block,assisted,46.47079152856535,35.584809398996946,0,left-foot,low-left,0,77.19280830010061,19.0,2680751,98,6.0,5736,49.31315631867191,31.41676904403048,91.99819848139953,0,2.7022782094565514,81.0,1,564,shot,19.95057571925035,18.916518332264914,0.0,46.534826635689086,20.15316258862904,0
nacional,liga,liga,7,Michael Estrada,block,free-kick,23.935051562163043,96.94428099511178,0,right-foot,low-centre,0,70.83584275609124,19.0,2680768,95,5.0,5664,44.02969660636157,36.06939656816344,57.23135458065985,0,93.37124815578673,81.0,1,636,shot,32.205381760380234,56.0,0.0,56.0,0.5147377445608683,0
nacional,liga,nacional,7,Tomson Minda,miss,assisted,4.511849960473469,3.890978597347882,0,right-foot,close-left,0,68.21276645370239,6.9,2680729,84,0.0,5104,43.742512742638056,7.589119830408126,35.855235538673604,0,18.19002920868582,100.0,5,296,shot,0.0,0.0,0.0,0.0,0.0,0
nacional,liga,nacional,7,Byron Palacios,miss,assisted,5.007778144078458,34.37540563781565,0,other,close-right,0,44.06581033507525,9.7,2680716,79,0.0,4555,41.23090560553151,3.4844459779976518,72.3892533740275,0,100.0,100.0,15,845,shot,0.0,0.0,0.0,0.0,0.0,0
nacional,liga,liga,7,Byron Palacios,save,assisted,1.5461700868849313,54.7067163760072,0,right-foot,low-left,0,74.70345024961,2.5,2680765,69,0.0,4261,66.88074983425406,21.59798685268806,5.056980195426625,0,73.90901084683759,84.67575548395095,19,1139,shot,1.9270205343674065,17.9390509631629,0.0,93.17817298958876,1.4901112447122422,0
nacional,liga,liga,7,Marcos Olmedo,block,set-piece,48.24068866229059,100.0,0,right-foot,low-centre,0,88.27611351279431,19.0,2680695,70,0.0,4188,22.893889312741386,39.56133109734393,28.496505867479883,0,5.974034020956275,81.0,21,1212,shot,19.87962880147473,89.56243999908554,0.0,79.56125104601497,9.794500981834569,0
nacional,liga,nacional,7,Fidel Martínez,block,free-kick,23.0,49.209935810036534,0,left-foot,low-centre,0,57.25055928856399,19.0,2680691,73,0.0,4176,66.81909760174253,23.0,20.451457203723066,0,26.50203704285677,81.0,21,1224,shot,0.6645165824247243,56.538484141737094,0.0,100.0,1.8521715616897705,0
nacional,liga,liga,7,Byron Palacios,block,assisted,34.26052688978722,41.676831821622386,0,right-foot,low-left,0,14.134259480703996,19.0,2680682,66,0.0,3706,44.25655652803832,6.78549360011554,50.84039999110299,0,15.218817357528415,81.0,29,1694,shot,28.308558812424902,1.5077206538963779,0.0,65.22121992538698,15.965568309308818,0
nacional,liga,nacional,7,Gabriel Villamil,miss,assisted,15.697003665337498,60.65065309678615,0,right-foot,left,0,52.93738325562591,13.9,2680673,59,0.0,3542,12.677561612559671,5.186689540733159,23.836000974688993,0,36.760451644726,100.0,31,1858,shot,0.0,0.0,0.0,0.0,0.0,0
nacional,liga,nacional,7,Daykol Romero,miss,assisted,21.321507177858344,5.3346007674435185,0,right-foot,left,0,100.0,20.8,2680667,50,0.0,3506,100.0,22.481268159444042,60.36302873934698,0,6.5383099414558785,83.57877293753602,32,1894,shot,0.0,0.0,0.0,0.0,0.0,0
nacional,liga,liga,7,Luis Estupiñan,miss,assisted,15.05560129589593,23.13372354151385,0,right-foot,left,0,91.87384812273058,13.9,2680663,48,0.0,3383,24.73200024346936,38.97880768695917,62.65405441128925,0,36.04005770416215,100.0,34,2017,shot,0.0,0.0,0.0,0.0,0.0,0
nacional,liga,liga,7,Daniel Patino,save,assisted,3.2584578820912657,12.574987406047939,0,right-foot,low-centre,0,96.81964224451217,5.1,2680657,56,0.0,3198,39.865608870707646,8.34250391189569,4.385268350336197,0,9.181168045114134,50.6012873072828,37,2202,shot,2.135058560609435,84.28561719013628,0.0,69.77747573812789,0.016726844508291094,0
nacional,liga,liga,7,Sebastián González,block,assisted,34.96851320008807,26.607253903612182,0,left-foot,low-centre,0,74.66444048076195,19.0,2680656,55,0.0,3175,31.260666386452804,16.795375522764218,48.91763018305525,0,42.29068762302008,81.0,38,2225,shot,30.34018428035228,55.11381274874808,0.0,54.672874494031966,7.251130173111573,0
nacional,liga,nacional,7,Alex Arce,goal,assisted,0.0014526976666786595,63.0,0,right-foot,low-left,0,33.32433745842546,5.1,2680648,50,0.0,3021,63.0,10.828346379597777,22.717856714662943,0,18.69562055620193,34.033563837460434,40,2379,shot,0.0,0.0,0.0,0.0,0.0,regular
nacional,liga,nacional,7,Jonathan Borja,miss,set-piece,0.019225871707835296,72.34326843203196,0,right-foot,close-right,0,40.38869463087845,11.1,2680639,54,0.0,2801,62.86893473796995,36.97498403395804,59.3243346956648,0,5.430005100818306,100.0,44,2599,shot,0.0,0.0,0.0,0.0,0.0,0
nacional,liga,nacional,7,Jonathan Borja,block,free-kick,0.49709043926284124,14.222153916271402,0,right-foot,low-centre,0,85.1559942675957,19.0,2680638,48,0.0,2797,70.76885952400062,47.22095922810397,30.111240142593175,0,61.87074329114181,81.0,44,2603,shot,32.78814266874099,49.813616716078556,0.0,33.18369039974702,7.414288987229476,0
nacional,liga,liga,7,Byron Palacios,goal,regular,0.8244795800780236,84.83927563711222,0,right-foot,low-left,0,38.22631405407271,5.7,2680582,51,0.0,2520,100.0,4.920422700747416,85.980296033787,0,24.995708796596837,13.934504156771354,3,180,shot,0.0,0.0,0.0,0.0,0.0,regular
nacional,liga,liga,7,Eddy Mejía,miss,assisted,36.90769840828385,2.2961267183666507,0,left-foot,high-left,0,91.10590176807358,66.7,2680565,27,0.0,2166,100.0,22.08919867358843,83.58073259103959,0,64.73332073754668,62.83412234930937,9,534,shot,0.0,0.0,0.0,0.0,0.0,0
nacional,liga,liga,7,Ezequiel Piovi,goal,regular,36.51178093040458,46.12278009595725,0,right-foot,high-right,0,7.956499275453467,20.3,2680560,32,0.0,2018,38.31974423612273,32.51477833248228,37.010517604293014,0,92.16975725509859,100.0,12,682,shot,0.0,0.0,0.0,0.0,0.0,regular
nacional,liga,nacional,7,Sebastián González,block,assisted,30.670674163911222,3.763896160880371,0,left-foot,low-centre,0,85.73137268010693,19.0,2680548,32,0.0,1704,30.923391830203215,1.7049273808760788,66.07321060189933,0,43.13204605715838,81.0,17,996,shot,9.534893143738755,78.8991790444894,0.0,57.525462962393235,5.827638713829833,0
nacional,liga,nacional,7,Eddy Mejía,block,assisted,0.9810669950934603,100.0,0,left-foot,low-centre,0,17.09378075674323,19.0,2680544,25,0.0,1602,10.468451153936314,5.694326101437767,68.90024549196153,0,91.13015199720284,81.0,19,1098,shot,10.01222544927373,4.981510857289933,0.0,85.88312846194673,12.73358325216496,0
nacional,liga,liga,7,Byron Palacios,miss,assisted,17.0,72.25585801731621,0,right-foot,close-right,0,8.146254763382544,11.1,2680530,25,0.0,1325,84.71053572187192,17.0,59.74204854296714,0,31.62209064409369,100.0,23,1375,shot,0.0,0.0,0.0,0.0,0.0,0
nacional,liga,nacional,7,Alex Arce,miss,corner,2.8033999251568744,86.86178059469049,0,head,high-left,0,3.029327560066484,88.9,2680529,21,0.0,1258,72.36931990117722,5.141365398913994,13.493277320120782,0,12.903193796655174,15.639581576384737,25,1442,shot,0.0,0.0,0.0,0.0,0.0,0
nacional,liga,nacional,7,Daykol Romero,miss,corner,7.252178409433464,58.736205615154276,0,head,left,0,100.0,12.5,2680528,11,0.0,1257,41.15655243731776,12.479655079769332,71.56224962514477,0,61.844266929024165,100.0,25,1443,shot,2.0,22.219484489552727,0.0,62.91431205645297,2.0,0
nacional,liga,liga,7,Leonel Quiñónez,block,assisted,26.966707403641735,22.717464833600697,0,right-foot,low-centre,0,4.653722732300622,19.0,2680522,15,0.0,1217,2.7026620601055207,2.624704271043951,77.13854940785298,0,9.314399638802897,81.0,25,1483,shot,8.636904249043635,40.968028149930205,0.0,69.5512384663307,3.1617076739880874,0
nacional,liga,liga,7,Antony Chere,miss,regular,23.40234973663647,89.85521858975353,0,right-foot,close-right,0,71.61977271528119,9.7,2680477,15,0.0,722,71.4151694161642,19.674800059639626,40.02430722632228,0,88.38312118930064,35.246885180543146,33,1978,shot,0.0,0.0,0.0,0.0,0.0,0
nacional,liga,nacional,7,Byron Palacios,save,assisted,6.743448361470227,8.86489963735194,0,head,low-centre,0,50.0,17.1,2680467,9,0.0,471,68.79125844880335,1.735081330649182,50.0,0,50.0,32.632226729292626,38,2229,shot,1.9082683915289134,65.22854513586972,0.0,96.30608992349963,0.06229237760676942,0
orense,mushuc-runa,orense,7,Jonathan Bauman,save,fast-break,21.081340791860917,14.560265290465075,0,left-foot,low-centre,0,20.975106438471386,7.6,2675328,86,6.0,5745,26.742334263599346,19.465999666820252,27.9675256422707,0,27.786070772143873,100.0,1,555,shot,0.19103160387455542,59.182900930462935,0.0,60.31806297569649,3.799130107784878,0
orense,mushuc-runa,mushuc-runa,7,José Andrade,block,regular,5.446355548590528,53.23061497580207,0,right-foot,low-left,0,27.125963634380767,19.0,2675323,94,5.0,5659,100.0,5.524596050139863,77.49716337354221,0,31.07547616416761,81.0,1,641,shot,3.120403904248505,46.72696854817926,0.0,56.77396733754165,3.7191831488209015,0
orense,mushuc-runa,mushuc-runa,7,Walter Agustin Herrera,block,assisted,10.0,49.0,0,right-foot,low-centre,0,79.47034104960007,19.0,2675322,82,5.0,5655,49.0,10.0,2.5155038015107465,0,70.93075149224526,81.0,1,645,shot,13.39473475793152,37.385018185537554,0.0,65.39774774664582,8.394463255774003,0
orense,mushuc-runa,orense,7,Marcelo Eggel,save,assisted,46.05893189348063,36.583557570668226,0,left-foot,low-centre,0,7.902225830968838,10.1,2675320,84,4.0,5599,2.4509696667618215,40.39355745771299,73.63626495463977,0,42.31028722667192,43.326696866146335,1,701,shot,0.3377955289637248,59.20197062472719,0.0,40.855438239219886,0.19528752227889068,0
orense,mushuc-runa,orense,7,José Andrade,miss,assisted,7.780570283389363,23.924413247419658,0,head,close-right,0,11.865978499687387,13.9,2675315,84,0.0,5388,100.0,14.976860288852064,64.51675368592316,0,77.59745197397429,68.92910447908784,1,12,shot,3.239939334219414,70.0,0.0,70.0,4.49566419015752,0
orense,mushuc-runa,orense,7,Gabriel Achilier,block,set-piece,9.982793809374307,95.02878956867697,0,head,low-centre,0,15.617916743900693,19.0,2675282,89,0.0,5102,52.675452166157896,14.499956848555975,17.60212699190592,0,0.9980523561864061,81.0,5,298,shot,12.681354431375508,51.25271059708615,0.0,40.652867684992145,11.42799936154316,0
orense,mushuc-runa,orense,7,Marco Montaño,miss,corner,43.634038656246304,30.70138307426386,0,right-foot,left,0,45.85100288922787,8.3,2675281,92,0.0,4966,76.3031327967984,40.23525700683739,44.42422548735412,0,10.517221556191501,100.0,8,434,shot,0.0,0.0,0.0,0.0,0.0,0
orense,mushuc-runa,orense,7,Jonathan Dos Santos,block,assisted,17.65748361851826,46.92555700545491,0,left-foot,low-centre,0,18.605508994497917,19.0,2675280,76,0.0,4885,16.696511899163333,14.860522054215846,17.408398210940057,0,63.72098660620065,81.0,9,515,shot,12.668860566834631,36.03337987787134,0.0,48.7559658215156,15.14794875011346,0
orense,mushuc-runa,mushuc-runa,7,Gabriel Achilier,goal,set-piece,4.399879207389955,53.0,0,head,low-left,0,6.98665295249743,11.4,2675273,78,0.0,4561,53.0,3.0233894746044987,20.30825271979284,0,69.8329089351335,56.645020418022426,14,839,shot,0.0,0.0,0.0,0.0,0.0,regular
orense,mushuc-runa,orense,7,Walter Agustin Herrera,miss,corner,17.84324051823091,74.06971813570135,0,head,right,0,43.25636497219841,6.9,2675250,66,0.0,4306,16.97658198799551,19.63710147294918,98.96276957417088,0,100.0,23.10131421844592,19,1094,shot,0.0,0.0,0.0,0.0,0.0,0
orense,mushuc-runa,orense,7,Joaquín Vergés,miss,assisted,6.080316436325063,16.77015397487736,0,right-foot,left,0,23.74224256476485,15.3,2675242,56,0.0,3720,22.025306376257667,14.12083885667304,13.492130465576096,0,52.6870777480613,20.757995110442877,28,1680,shot,0.0,0.0,0.0,0.0,0.0,0
orense,mushuc-runa,mushuc-runa,7,Marcelo Eggel,miss,regular,0.35659769908449235,70.41543321099329,0,head,close-high-right,0,21.10510605861733,58.3,2675239,56,0.0,3652,43.805489001680094,0.24712495374175614,77.99841456477073,0,18.81584425457565,49.28828118205493,30,1748,shot,0.0,0.0,0.0,0.0,0.0,0
orense,mushuc-runa,mushuc-runa,7,Walter Agustin Herrera,block,assisted,4.025567232345023,65.32984638948616,0,head,low-centre,0,28.25649192607569,19.0,2675238,59,0.0,3647,34.78309382185905,9.427004684801737,12.555336557277592,0,8.114555468134292,81.0,30,1753,shot,7.7563209780065145,73.12740483647572,0.0,4.9128909988640075,9.128544929528868,0
orense,mushuc-runa,orense,7,Dennis Quintero,miss,set-piece,12.789606063483166,93.64408343810224,0,head,right,0,52.31921724848553,4.2,2675408,65,0.0,3482,29.21519600247386,13.475256077529135,69.67777118316809,0,58.76994530551957,100.0,32,1918,shot,0.0,0.0,0.0,0.0,0.0,0
orense,mushuc-runa,orense,7,Joaquín Vergés,miss,assisted,9.873567359666293,99.84109207788308,0,right-foot,close-left,0,96.24948557930163,4.2,2675237,58,0.0,3368,59.84180230849148,12.39247505631402,7.679101759045096,0,68.49547881454518,100.0,34,2032,shot,0.0,0.0,0.0,0.0,0.0,0
orense,mushuc-runa,orense,7,Joaquín Vergés,block,free-kick,14.586084036768185,69.0,0,right-foot,low-centre,0,94.07467691655195,19.0,2675234,53,0.0,3311,69.0,10.35789980496265,21.20276770899696,0,24.86117811874982,81.0,35,2089,shot,5.353231432793933,42.67913646596679,0.0,63.12676919923332,8.68932112151014,0
orense,mushuc-runa,orense,7,Steven Tapiero,miss,assisted,7.2694006610998265,65.31122076656969,0,right-foot,close-right,0,16.184358729488963,20.8,2675229,48,0.0,3012,77.52058191944758,15.981546733328916,11.199193248766875,0,0.8414101521297681,62.4395333451471,40,2388,shot,0.0,0.0,0.0,0.0,0.0,0
orense,mushuc-runa,orense,7,Erick Plúas,miss,assisted,9.4987444820268,20.640417380477437,0,left-foot,close-right,0,41.0,12.5,2675192,41,3.0,2834,0.47653913435017614,3.787693681286852,59.0,0,59.0,90.9574664438648,1,2566,shot,0.0,0.0,0.0,0.0,0.0,0
orense,mushuc-runa,mushuc-runa,7,Marcelo Eggel,save,assisted,3.589399479763909,90.57346803053802,0,left-foot,low-centre,0,60.201056760144624,13.9,2675191,40,1.0,2749,100.0,21.025921759438305,1.9511568522514864,0,52.299521786588755,8.25596689921575,1,2651,shot,1.481832366060587,28.010289857440497,0.0,42.49147610900728,1.0155919614601339,0
orense,mushuc-runa,orense,7,Robert Burbano,goal,penalty,8.081317330994768,39.666027512603215,0,right-foot,low-centre,0,69.56609211550489,16.5,2675175,44,0.0,2569,33.92458641640683,4.432698856637661,85.9682897800823,0,76.22383973243743,100.0,3,131,shot,0.0,0.0,0.0,0.0,0.0,penalty
orense,mushuc-runa,mushuc-runa,7,Walter Agustin Herrera,block,assisted,16.16994655937542,51.74445482765914,0,right-foot,low-centre,0,26.7120279139074,19.0,2675188,42,0.0,2423,76.60453473528109,12.887747906494432,1.4895134845096578,0,1.1588631903324753,81.0,5,277,shot,8.355109814626886,84.7483903542493,0.0,84.93121393965873,12.790444162027232,0
orense,mushuc-runa,orense,7,Marcelo Eggel,save,assisted,12.860104346104054,35.32172978397492,0,left-foot,low-left,0,86.63159782429332,7.6,2675171,35,0.0,2234,49.34948492534963,10.931572678198277,29.204800120870537,0,27.173429635724226,100.0,8,466,shot,0.6337789759462574,49.31110738839422,0.0,22.721136011867685,0.41004527308967165,0
orense,mushuc-runa,orense,7,Jonathan Dos Santos,miss,assisted,9.068612139477837,43.31891942592058,0,head,close-right,0,71.20581732503608,19.4,2675170,45,0.0,2155,67.91133326450026,16.955343288049782,19.02086015298721,0,28.173744670890784,75.36084766616764,10,545,shot,0.0,0.0,0.0,0.0,0.0,0
orense,mushuc-runa,mushuc-runa,7,Richard Calderón,miss,assisted,5.341517059046957,57.0,0,right-foot,high,0,69.81936393264503,65.3,2675146,24,0.0,1951,57.0,25.384674336662293,54.54035468573235,0,13.199791788901763,0.9402085001242568,13,749,shot,0.0,0.0,0.0,0.0,0.0,0
orense,mushuc-runa,mushuc-runa,7,Jonathan Dos Santos,goal,fast-break,10.815588283620135,51.3146903468902,0,right-foot,low-left,0,86.52202689475615,6.3,2675113,17,0.0,1579,38.455618672159815,13.753349758228422,68.78103858414539,0,26.360575686226902,100.0,19,1121,shot,0.0,0.0,0.0,0.0,0.0,regular
orense,mushuc-runa,mushuc-runa,7,Dany Coronel,save,assisted,3.424321467815954,100.0,0,right-foot,low-centre,0,9.759414997488435,12.0,2675110,16,0.0,1393,88.81187857298966,19.881748148516603,42.228687596587406,0,1.4895332669535222,88.0,22,1307,shot,1.2030990173011729,69.42032397551327,0.0,13.466251579117234,0.031654952759377464,0
orense,mushuc-runa,mushuc-runa,7,Pedro Velasco,miss,regular,16.653395462210767,72.0,0,right-foot,left,0,11.70986626957125,6.9,2675109,16,0.0,1390,72.0,12.881021916447809,64.37384566423714,0,46.53923619597043,80.8515666499284,22,1310,shot,7.817041625707389,78.46967164756947,0.0,9.078245894262146,0.5151872130841628,0
orense,mushuc-runa,mushuc-runa,7,Dany Coronel,save,assisted,2.0995161618976628,16.587542965676732,0,left-foot,low-centre,0,41.07645671646547,12.7,2675107,14,0.0,1231,61.0456867245868,23.57402997735265,24.057423602451166,0,16.3325808393963,100.0,25,1469,shot,0.7075093331313576,90.45231419837357,0.0,62.503353727202594,1.4520355964300466,0
orense,mushuc-runa,mushuc-runa,7,Dany Coronel,miss,assisted,26.141799152355294,60.82527987132413,0,right-foot,high-left,0,71.0298719954635,62.5,2675097,14,0.0,1017,100.0,24.779378385868295,76.536431611963,0,70.87569783629874,20.26299796550053,29,1683,shot,0.0,0.0,0.0,0.0,0.0,0
orense,mushuc-runa,orense,7,Richard Calderón,save,assisted,30.371498667730094,39.15765127516221,0,right-foot,low-left,0,42.60909005413212,11.4,2675096,24,0.0,1010,79.64812834159409,37.68018826222106,18.852132602388217,0,27.459117642997022,65.0275426673459,29,1690,shot,0.8497488990880202,18.260207563386544,0.0,66.84780011514047,2.69216296757594,0
orense,mushuc-runa,mushuc-runa,7,Bagner Delgado,miss,regular,10.880453892185646,56.27061419323197,0,right-foot,high,0,13.834662226749941,65.3,2675100,10,0.0,903,30.37592988521481,11.201840131153308,84.00573696369817,0,60.488655783731375,45.128815470990304,30,1797,shot,0.0,0.0,0.0,0.0,0.0,0
orense,mushuc-runa,orense,7,Richard Calderón,save,corner,2.891758093473282,89.81964464357091,0,right-foot,high-centre,0,92.4539386844582,24.1,2675061,10,0.0,725,7.647428095664694,40.61400689207141,81.77959974645586,0,78.85576232948665,66.30302966918944,33,1975,shot,0.5918943636396121,33.092317823498135,0.0,63.326386817128,0.7751579885365563,0
orense,mushuc-runa,mushuc-runa,7,Mauricio Alonso,goal,regular,0.7679097514357665,99.14956665578029,0,right-foot,high-centre,0,73.46224025043735,32.9,2675057,16,0.0,523,100.0,3.9934573239287934,22.110742413432632,0,6.965443124406761,0.5221772548262464,37,2177,shot,0.0,0.0,0.0,0.0,0.0,regular
orense,mushuc-runa,orense,7,Joaquín Vergés,post,assisted,20.0,70.64486530394842,0,left-foot,right,0,1.995690132531955,8.2,2675056,17,0.0,522,39.74893467478512,20.0,72.8121094657086,0,94.97765331832841,30.654565286014574,37,2178,shot,0.0,0.0,0.0,0.0,0.0,0
orense,mushuc-runa,mushuc-runa,7,Erick Plúas,block,regular,15.00085876631769,98.72725984127665,0,right-foot,low-right,0,7.487850676438249,19.0,2675048,2,0.0,226,13.5168222376997,16.376211535350542,50.558218511251326,0,22.610449920596338,81.0,42,2474,shot,9.570035921722203,95.30603835486338,0.0,6.608308368848775,2.6574060059394746,0
orense,mushuc-runa,orense,7,Joaquín Vergés,block,assisted,3.8008038994740794,17.7831913679843,0,right-foot,low-centre,0,48.196394398762436,19.0,2675047,-3,0.0,177,5.588769632450436,34.45619748917433,86.58941199526053,0,93.73556264019116,81.0,43,2523,shot,16.915040392948757,6.201978639596703,0.0,16.97226466282887,18.59812814357564,0
orense,mushuc-runa,mushuc-runa,7,Pedro Velasco,save,set-piece,20.35301407034548,1.0976400472357568,0,left-foot,low-left,0,82.97983547961057,5.7,2675051,-5,0.0,155,58.43924561897023,11.519298966731197,22.639968566492314,0,47.72424368174481,53.148828005866974,43,2545,shot,2.0,5.316578634702893,0.0,48.427706628676646,2.0,0
tecnico,emelec,tecnico,7,Romario Caicedo,miss,assisted,8.885231301778035,8.291993218485622,0,right-foot,high,0,55.41770596161612,63.9,2685741,90,7.0,5794,11.54032754760366,1.350227659647473,39.907616102101855,0,45.54597729389219,5.586832901389556,1,506,shot,0.0,0.0,0.0,0.0,0.0,0
tecnico,emelec,tecnico,7,Milton Maciel,save,free-kick,0.9190433503986277,13.485944543307362,0,left-foot,low-centre,0,50.0,2.5,2685739,81,3.0,5532,12.332921310371376,40.33811075824042,50.0,0,50.0,69.3741529094348,1,768,shot,2.186476145531768,30.061042813952504,0.0,74.13203920903882,4.6742967852220225,0
tecnico,emelec,emelec,7,Jhon Sánchez,miss,assisted,33.38654018574498,3.6271524756193543,0,right-foot,close-high,0,75.99438339173994,56.9,2685732,82,0.0,5238,48.326135580270936,27.02444285070139,80.13561647877839,0,53.342459392789486,1.2238833517329724,3,162,shot,0.0,0.0,0.0,0.0,0.0,0
tecnico,emelec,emelec,7,Andrés Ricaurte,block,regular,39.2096169493143,80.8417541479811,0,left-foot,low-centre,0,89.07136313510962,19.0,2685727,80,0.0,5036,100.0,47.4032556455816,47.338371483311946,0,29.48987910386475,81.0,7,364,shot,18.0,51.66277521480417,0.0,86.40891023300061,18.0,0
tecnico,emelec,emelec,7,Milton Maciel,miss,assisted,41.07825357149815,43.0,0,left-foot,high-left,0,62.0,47.2,2685717,74,0.0,4681,43.0,4.536827471223312,38.0,0,38.0,6.9123128559169515,12,719,shot,0.0,0.0,0.0,0.0,0.0,0
tecnico,emelec,emelec,7,Luis Fernando León,miss,set-piece,13.14206738335768,47.968759772233135,0,head,close-right,0,41.0,13.9,2685728,74,0.0,4645,30.76782984647557,11.025034903683423,59.0,0,59.0,51.400919615097905,13,755,shot,0.0977453811337643,42.5586766251689,0.0,50.99641252129318,0.8174266202481846,0
tecnico,emelec,emelec,7,Luis Fernando León,goal,penalty,18.85625376175015,50.0,0,right-foot,low-left,0,1.8563185768488708,17.7,2685699,65,0.0,4209,50.0,20.428830879913573,86.38688364870276,0,37.17637625588534,100.0,20,1191,shot,0.0,0.0,0.0,0.0,0.0,penalty
tecnico,emelec,tecnico,7,Rodrigo Rivero,block,free-kick,22.0,9.106277562962205,0,left-foot,low-centre,0,56.37550468467133,19.0,2685691,60,0.0,3945,100.0,22.0,3.1334840693525834,0,3.721729316575768,81.0,25,1455,shot,13.43133239134295,40.474836096083905,0.0,92.05250335933363,25.013562877848443,0
tecnico,emelec,emelec,7,Maicon Solís,miss,assisted,28.126948133736672,56.25959777402114,0,right-foot,close-right,0,81.78863950836075,22.2,2685674,63,0.0,3236,19.159984121371373,25.086445545252015,91.78341512943904,0,13.716250701392866,100.0,37,2164,shot,0.0,0.0,0.0,0.0,0.0,0
tecnico,emelec,emelec,7,Rodrigo Ruiz Díaz,save,regular,7.407231133644917,56.06275540852236,0,left-foot,low-centre,0,48.33585940017714,4.4,2685673,51,0.0,3195,30.307776588014512,31.217293433154953,66.87310093165529,0,87.29102257565442,100.0,37,2205,shot,11.568003677525763,53.57638230828235,0.0,27.436153320332295,11.904895648420194,0
tecnico,emelec,emelec,7,Diego Armas,block,assisted,3.238114080449993,19.932490076047458,0,right-foot,low-right,0,72.96440151139257,19.0,2685676,54,0.0,3192,84.66960648742638,20.006946183590223,32.00679914749545,0,91.7919655098195,81.0,37,2208,shot,14.84826179634642,59.850303116987455,0.0,17.896934399372334,20.731395975369455,0
tecnico,emelec,emelec,7,Carlos Arboleda,save,assisted,16.63697370035073,21.913580373490262,0,left-foot,high-centre,0,34.53727161999349,34.2,2685665,58,0.0,2999,87.28064850632204,6.994979472739907,96.71748197841835,0,87.99377609498065,12.749908916879306,41,2401,shot,2.5349460937518367,48.0,0.0,48.0,1.0906856528494013,0
tecnico,emelec,emelec,7,Rodrigo Rivero,miss,assisted,5.684439185592943,27.132109254038973,0,left-foot,high,0,66.6246619192491,77.8,2685659,42,0.0,2828,12.667004667539025,60.79962609781324,68.47357548431336,0,27.067669168843295,25.173292240500974,43,2572,shot,0.0,0.0,0.0,0.0,0.0,0
tecnico,emelec,emelec,7,Rodrigo Rivero,save,assisted,7.394913362545349,17.440823173556353,0,left-foot,low-centre,0,50.0,13.3,2685569,44,3.0,2825,100.0,10.55401135828767,50.0,0,50.0,100.0,1,2575,shot,1.0,100.0,0.0,100.0,1.0,0
tecnico,emelec,emelec,7,Diego Armas,miss,assisted,55.88712924353132,24.14648970466743,0,right-foot,close-high-right,0,42.0,58.3,2685568,36,2.0,2766,31.62011323292745,13.619699975683357,58.0,0,58.0,10.545017368480657,1,2634,shot,0.0,0.0,0.0,0.0,0.0,0
tecnico,emelec,tecnico,7,Gastón Poncet,save,regular,3.5850321798854967,84.00105523045485,0,right-foot,low-centre,0,50.0,2.5,2685567,49,1.0,2737,5.103089646724413,5.2883234079768044,50.0,0,50.0,45.55401188730767,1,2663,shot,3.025022425273254,54.0,0.0,54.0,0.2586474071028029,0
tecnico,emelec,tecnico,7,Gastón Poncet,block,assisted,31.31410042038473,73.0,0,right-foot,low-left,0,57.93272139622122,19.4,2685566,45,1.0,2731,73.0,0.4704939164310957,86.07568973072574,0,18.389781749624312,100.0,1,2669,shot,24.053513281572,42.065042489413926,0.0,93.75514669430729,28.00929494289672,0
tecnico,emelec,tecnico,7,Carlos Arboleda,goal,assisted,1.9061841907346064,55.568555832747435,0,right-foot,low-left,0,39.53492090265165,1.9,2685536,38,0.0,1800,60.20805576795739,7.2204309845282335,77.67334376559725,0,11.866137879456417,100.0,15,900,shot,0.0,0.0,0.0,0.0,0.0,regular
tecnico,emelec,emelec,7,Gastón Poncet,miss,regular,0.35281462580245737,51.35814474214676,0,right-foot,close-high-right,0,37.24279107023061,45.8,2685528,30,0.0,1683,2.9944660832836973,0.7199600014260943,94.40876369811718,0,72.01528145663605,55.839967150532104,17,1017,shot,0.0,0.0,0.0,0.0,0.0,0
tecnico,emelec,emelec,7,Diego Armas,block,assisted,23.140723393964496,19.642064575544723,0,right-foot,low-right,0,57.60559271930019,19.0,2685532,24,0.0,1680,83.46543842445881,11.588395218668413,100.0,0,5.466696548490596,81.0,17,1020,shot,10.208675434474506,97.24960414879932,0.0,32.86716603132554,11.530611738944954,0
tecnico,emelec,emelec,7,Emmanuel Torres,block,set-piece,24.940157662891384,8.691437910877568,0,left-foot,low-centre,0,60.867608674799705,19.0,2685527,28,0.0,1528,71.88761816593161,14.263170569285396,30.581213938667993,0,4.523317781561516,81.0,20,1172,shot,9.91189643453897,44.71200332623915,0.0,79.82532847768172,15.82007674428279,0
tecnico,emelec,tecnico,7,Carlos Arboleda,miss,assisted,55.18265871271427,14.138472712711366,0,left-foot,close-high-right,0,70.70952222841728,55.6,2685519,12,0.0,1266,47.55619356948864,16.572392084671776,100.0,0,66.41641771439512,54.81536315526008,24,1434,shot,0.0,0.0,0.0,0.0,0.0,0
tecnico,emelec,tecnico,7,Gastón Poncet,miss,assisted,1.9585346186949213,81.12419132582909,0,right-foot,close-right,0,67.53197125350474,15.3,2685508,8,0.0,1044,100.0,4.92363291838544,13.552298635591086,0,15.961464848889037,27.180136668159776,28,1656,shot,0.0,0.0,0.0,0.0,0.0,0
tecnico,emelec,emelec,7,Diego Armas,miss,assisted,5.93084323657364,68.77060475567599,0,right-foot,high,0,64.18503789698235,72.2,2685503,11,0.0,961,94.11492084940362,17.85141102963139,78.34946250345638,0,2.7517315142071297,33.11369938597163,29,1739,shot,0.0,0.0,0.0,0.0,0.0,0
tecnico,emelec,emelec,7,Diego Armas,miss,assisted,14.469295577279059,22.27662841381799,0,right-foot,high,0,23.59509859307517,66.7,2685498,15,0.0,800,38.270142779944656,7.53819174832827,84.04578723763419,0,100.0,12.623922033724291,32,1900,shot,0.0,0.0,0.0,0.0,0.0,0
tecnico,emelec,emelec,7,Maicon Solís,save,assisted,16.6419632635357,47.91769649987086,0,left-foot,low-centre,0,93.50345823960336,7.6,2685492,20,0.0,645,33.00390065000457,12.511527197806283,21.665706391907257,0,31.260434790745812,100.0,35,2055,shot,0.3951532501923315,44.626915501500946,0.0,13.035230678480971,0.9125372492170786,0
cuenca,aucas,cuenca,8,Jeison Medina,save,assisted,4.623377380337398,82.92681954300028,0,head,high-centre,0,51.0,29.7,2701966,84,7.0,5805,17.357041969422205,11.491181288388418,49.0,0,49.0,47.11155101706912,1,495,shot,0.472795092811787,82.34422142862398,0.0,83.69470233574457,1.5410776961870376,0
cuenca,aucas,cuenca,8,Guillermo Fratta,miss,corner,21.781977588684757,5.62759769447748,0,right-foot,close-left,0,26.15371276182269,5.6,2701960,92,7.0,5767,28.614492623934012,15.140223630053253,7.450851950468888,0,44.160533213655896,87.34488575845091,1,533,shot,0.0,0.0,0.0,0.0,0.0,0
cuenca,aucas,cuenca,8,Rodrigo Melo,block,regular,44.94792969470148,3.118444557038586,0,right-foot,low-left,0,64.84364876720043,19.0,2701964,85,6.0,5720,0.3497732806161551,27.12489560742499,6.165815745511395,0,14.789357613949747,81.0,1,580,shot,18.17282914913414,68.82890945436424,0.0,16.643590734884782,15.746763293679528,0
cuenca,aucas,cuenca,8,Jhon Ontaneda,block,assisted,27.072681683752375,21.27491454738383,0,left-foot,low-right,0,48.0,19.0,2701959,90,4.0,5595,75.1893927154462,18.96016838200403,52.0,0,52.0,81.0,1,705,shot,37.19733725128136,60.32091840836624,0.0,80.77548908164302,3.0089169218762457,0
cuenca,aucas,aucas,8,Jeison Medina,block,assisted,4.4541773157412425,41.45035896342087,0,head,low-right,0,46.0,19.0,2701952,94,1.0,5436,22.640438947150784,6.017586056435487,54.0,0,54.0,81.0,1,864,shot,4.776872169503633,52.79846393369306,0.0,96.46667056443881,5.742445105095005,0
cuenca,aucas,cuenca,8,Lucas Mancinelli,goal,assisted,40.50682658332251,14.302949559906505,0,right-foot,high-left,0,98.62772728666468,25.3,2701950,94,0.0,5300,3.593462621266351,36.042049932137445,17.28622374390833,0,9.496652702855961,4.39112922019099,2,100,shot,0.0,0.0,0.0,0.0,0.0,regular
cuenca,aucas,aucas,8,Luis Aldair Arroyo Cabeza,miss,assisted,1.6781852686289263,49.18621745405431,0,right-foot,high,0,72.45936220115729,91.7,2701947,87,0.0,5083,0.6197600498740741,23.540234221285996,38.15378625211932,0,84.68377179155972,2.93487139904183,6,317,shot,0.0,0.0,0.0,0.0,0.0,0
cuenca,aucas,cuenca,8,Bryan Corozo,miss,regular,23.383938895173152,100.0,0,right-foot,left,0,71.17138372372905,12.5,2701945,87,0.0,5040,1.405958475700288,17.558482924039602,41.03902374459608,0,62.12373575086457,100.0,6,360,shot,0.0,0.0,0.0,0.0,0.0,0
cuenca,aucas,aucas,8,Angelo Mina,save,assisted,21.327145604730372,46.0,0,right-foot,low-left,0,54.0,14.6,2701940,90,0.0,5008,46.0,16.97774695036294,46.0,0,46.0,82.38009437731941,7,392,shot,3.3550320384908208,3.4211917339736146,0.0,73.54832979999313,4.164152091295292,0
cuenca,aucas,cuenca,8,Pablo Daniel Magnin,save,assisted,30.045838686039417,13.728886661739253,0,right-foot,low-right,0,1.0643258743161539,13.3,2701934,80,0.0,4743,98.48441555620776,8.65291411990826,15.990112621165189,0,53.489970672616586,52.79905599376848,11,657,shot,1.0,18.922839403773736,0.0,16.697394392785682,1.0,0
cuenca,aucas,aucas,8,Jhon Ontaneda,miss,regular,3.3582587452881807,77.64111229668194,0,right-foot,high,0,17.410600517281715,79.2,2701944,74,0.0,4685,30.608892037005248,6.221661415111168,2.080129375148445,0,82.77395690127088,13.894311003065493,12,715,shot,0.0,0.0,0.0,0.0,0.0,0
cuenca,aucas,cuenca,8,Carlos Rolón,post,corner,7.7606825518690945,44.6193519822868,0,right-foot,left,0,47.872884213933446,3.8,2701935,78,0.0,4684,39.50293751305959,9.625087793534782,87.73153527404385,0,61.7604727467636,7.923706979474176,12,716,shot,0.0,0.0,0.0,0.0,0.0,0
cuenca,aucas,aucas,8,Jeison Medina,miss,corner,7.298507105929318,42.35932730397029,0,head,left,0,64.0,22.2,2701933,72,0.0,4671,34.412849078522314,2.6507960130093746,36.0,0,36.0,56.93665953851273,13,729,shot,3.9004034928266362,16.265308826136227,0.0,42.73424959361868,1.4464166185263387,0
cuenca,aucas,aucas,8,Luis Aldair Arroyo Cabeza,save,assisted,13.940355998334683,43.37939557220342,0,head,low-left,0,49.42621562774734,7.6,2701925,64,0.0,4131,4.580880752881875,1.0322253772111072,66.45737968603677,0,12.1304251995845,100.0,22,1269,shot,2.0,48.0,0.0,48.0,2.0,0
cuenca,aucas,cuenca,8,Pablo Daniel Magnin,goal,assisted,0.015943960772172083,37.12417913507035,0,right-foot,low-left,0,38.37056433587963,2.5,2701919,73,0.0,3871,32.484519291613864,13.071038476685533,30.46070362077537,0,43.4572616025935,17.243189709028044,26,1529,shot,0.0,0.0,0.0,0.0,0.0,regular
cuenca,aucas,cuenca,8,Jonnathan Mina,miss,assisted,8.945994783999229,26.99932223201281,0,left-foot,right,0,14.9929432763187,8.3,2701917,60,0.0,3820,60.357568020967825,1.9597218531689453,31.139502702748487,0,100.0,33.12827005482062,27,1580,shot,0.18858952472875412,100.0,0.0,100.0,4.360464516857784,0
cuenca,aucas,cuenca,8,Pablo Daniel Magnin,goal,penalty,0.21849563683577422,50.0,0,right-foot,low-left,0,12.177477554796376,3.8,2701915,63,0.0,3724,50.0,17.45005809866691,45.4367569820461,0,38.132362800169496,100.0,28,1676,shot,0.0,0.0,0.0,0.0,0.0,penalty
cuenca,aucas,cuenca,8,Jeison Medina,goal,assisted,0.24690010756413905,44.71999887745721,0,right-foot,low-left,0,25.875634711764484,3.8,2701902,45,0.0,3157,43.63642390338837,5.54630647535452,61.82913314099155,0,14.19003823325982,100.0,38,2243,shot,0.0,0.0,0.0,0.0,0.0,regular
cuenca,aucas,cuenca,8,Jeison Medina,miss,assisted,21.608242244503096,45.39410600882978,0,right-foot,high-right,0,43.25093870155554,61.1,2701899,49,0.0,3028,57.4950169631648,20.498447569799488,13.36339063400068,0,55.900332245459126,5.152862295949227,40,2372,shot,0.0,0.0,0.0,0.0,0.0,0
cuenca,aucas,cuenca,8,Renny Jaramillo,goal,assisted,7.811076647364407,75.27161446113303,0,right-foot,low-left,0,63.95653971331917,3.8,2701898,56,0.0,2907,7.867460140814018,3.6298700824365238,28.887630412307196,0,64.9168451615584,39.61006584315162,42,2493,shot,0.0,0.0,0.0,0.0,0.0,regular
cuenca,aucas,aucas,8,Danny Luna,miss,fast-break,5.431675720747132,45.1503856352969,0,left-foot,high-left,0,58.30082015335768,45.8,2701880,53,1.0,2759,52.346320764228906,13.374072956831922,42.44029605122884,0,60.4181665958737,11.665683929391307,1,2641,shot,0.0,0.0,0.0,0.0,0.0,0
cuenca,aucas,aucas,8,Walter Chalá,miss,assisted,2.3794997781212572,45.30158265197329,0,head,close-right,0,50.582828070546505,13.9,2701876,48,0.0,2547,78.78692565133328,2.619468540577911,57.07073119386116,0,30.379980312842086,56.608983930401195,3,153,shot,0.0,0.0,0.0,0.0,0.0,0
cuenca,aucas,cuenca,8,Guillermo Fratta,miss,set-piece,7.561879326914191,55.43129346870919,0,head,right,0,11.019262238751026,13.9,2701884,42,0.0,2062,92.83349845494601,8.151417177073384,100.0,0,4.4186904413743235,88.48227367271164,11,638,shot,2.4255317846808526,100.0,0.0,26.845952254482725,1.3521414339512625,0
cuenca,aucas,cuenca,8,Danny Luna,miss,assisted,8.941232823852332,21.459113947585422,0,left-foot,close-right,0,41.0,9.7,2701868,36,0.0,1941,76.14590960258516,13.8134537757443,59.0,0,59.0,100.0,13,759,shot,0.0,0.0,0.0,0.0,0.0,0
cuenca,aucas,aucas,8,Rodrigo Melo,miss,assisted,19.9187217487295,36.16976982495988,0,right-foot,left,0,10.000495567215097,13.9,2701864,22,0.0,1770,62.654251046400795,30.9820746453648,9.697731402115906,0,48.04952280572043,68.66390090428115,16,930,shot,0.0,0.0,0.0,0.0,0.0,0
cuenca,aucas,cuenca,8,Luis Cano,miss,assisted,9.342703050658077,64.36109809288553,0,right-foot,right,0,32.427873283253355,31.9,2701860,24,0.0,1711,12.558936986250274,54.069011169542435,72.89136946984902,0,39.13284295051787,53.42334749909571,17,989,shot,0.0,0.0,0.0,0.0,0.0,0
cuenca,aucas,cuenca,8,Jhon Ontaneda,miss,corner,3.0,43.930268571652746,0,head,right,0,33.44765990839494,16.7,2701858,30,0.0,1543,16.442704012356018,3.0,91.14699855487174,0,30.037165220069028,65.52395888929807,20,1157,shot,0.0,0.0,0.0,0.0,0.0,0
cuenca,aucas,aucas,8,Walter Chalá,miss,assisted,4.697035579891917,10.55263002116785,0,right-foot,high-right,0,6.6854664871716025,61.1,2701851,24,0.0,1038,14.196962598712027,29.515377924934555,19.252760302446973,0,70.2189639724922,56.71937794009086,28,1662,shot,0.0,0.0,0.0,0.0,0.0,0
cuenca,aucas,cuenca,8,Jeison Medina,goal,assisted,0.7256755059886224,70.44024190564738,0,head,low-right,0,31.52228254279681,19.6,2701843,9,0.0,718,8.785690824546641,11.787218786218821,13.35045178848889,0,88.23515838883816,76.49126704957013,34,1982,shot,0.0,0.0,0.0,0.0,0.0,regular
cuenca,aucas,cuenca,8,Michael Carcelén,miss,regular,12.128894594628587,90.55855002639889,0,right-foot,high,0,27.1755602928369,73.6,2701833,-3,0.0,135,76.52604947024018,10.108355376515899,13.351109542862822,0,58.86513376797172,10.193437766031636,43,2565,shot,0.0,0.0,0.0,0.0,0.0,0
cuenca,aucas,cuenca,8,Hancel Batalla,block,assisted,11.0,37.96651745710784,0,right-foot,low-centre,0,62.33657713079888,19.0,2701838,8,0.0,115,38.93067147391041,11.0,35.32962847089089,0,64.88442343856738,81.0,44,2585,shot,6.004155732724245,0.5733938170120609,0.0,1.2647110890628142,10.14085696392989,0
cuenca,aucas,aucas,8,Danny Luna,miss,assisted,18.0,100.0,0,right-foot,high-right,0,69.10512722149508,69.4,2701831,10,0.0,47,100.0,18.0,100.0,0,32.54350056105106,10.22283401515319,45,2653,shot,0.0,0.0,0.0,0.0,0.0,0
