,home,away,team,matchweek,player,shot_type,situation,player_coordinates_x,player_coordinates_y,player_coordinates_z,body_part,goal_mouth_location,goal_mouth_coordinates_x,goal_mouth_coordinates_y,goal_mouth_coordinates_z,id,time,time_seconds,draw_start_x,draw_start_y,draw_end_x,draw_end_y,draw_goal_x,draw_goal_y,reversed_period_time,reversed_period_time_seconds,incident_type,block_coordinates_x,block_coordinates_y,block_coordinates_z,draw_block_x,draw_block_y,goal_type,added_time
0,imbabura,delfin,delfin,2,Nicolás Goitea,miss,corner,7.9,38.5,0,right-foot,high-left,0,61.7,43.1,2569870,90,5381,38.5,7.9,38.3,0,38.3,56.9,1,19,shot,0.0,0.0,0.0,0.0,0.0,0,0.0
1,imbabura,delfin,delfin,2,Jose Enrique Angulo,miss,corner,8.3,40.0,0,head,right,0,39.5,11.1,2569864,89,5284,40.0,8.3,60.5,0,60.5,88.9,2,116,shot,0.0,0.0,0.0,0.0,0.0,0,0.0
2,imbabura,delfin,delfin,2,Ignacio Gariglio,save,assisted,11.4,70.3,0,right-foot,low-centre,0,50.0,13.3,2569937,87,5166,70.3,11.4,50.0,0,50.0,86.7,4,234,shot,1.1,51.1,0.0,51.1,1.1,0,0.0
3,imbabura,delfin,imbabura,2,Leonar Espinoza,miss,assisted,10.7,72.2,0,right-foot,high-right,0,40.3,54.2,2569850,86,5103,72.2,10.7,59.7,0,59.7,45.8,5,297,shot,0.0,0.0,0.0,0.0,0.0,0,0.0
4,imbabura,delfin,imbabura,2,Erick Mendoza,miss,assisted,26.4,63.1,0,left-foot,close-high-left,0,56.8,56.9,2569834,81,4827,63.1,26.4,43.2,0,43.2,43.1,10,573,shot,0.0,0.0,0.0,0.0,0.0,0,0.0
5,imbabura,delfin,delfin,2,Juan Manuel Elordi,miss,assisted,25.2,32.2,0,right-foot,close-right,0,41.7,16.7,2569823,80,4755,32.2,25.2,58.3,0,58.3,83.3,11,645,shot,0.0,0.0,0.0,0.0,0.0,0,0.0
6,imbabura,delfin,delfin,2,Mejia Marcos,save,regular,26.7,58.8,0,right-foot,high-centre,0,50.5,22.8,2569880,79,4704,58.8,26.7,49.5,0,49.5,77.2,12,696,shot,0.90000000000001,50.7,0.0,50.7,0.90000000000001,0,0.0
7,imbabura,delfin,delfin,2,Mejia Marcos,save,corner,11.2,34.3,0,head,high-centre,0,50.6,24.7,2569849,75,4495,34.3,11.2,49.4,0,49.4,75.3,16,905,shot,1.2,48.9,0.0,48.9,1.2,0,0.0
8,imbabura,delfin,delfin,2,Juan Manuel Elordi,block,corner,8.8,45.2,0,head,low-centre,0,50.6,19.0,2569811,72,4288,45.2,8.8,49.4,0,49.4,81.0,19,1112,shot,6.7,46.2,0.0,46.2,6.7,0,0.0
9,imbabura,delfin,imbabura,2,Leonar Espinoza,miss,regular,22.6,62.6,0,left-foot,high-right,0,42.2,66.7,2569799,71,4206,62.6,22.6,57.8,0,57.8,33.3,20,1194,shot,0.0,0.0,0.0,0.0,0.0,0,0.0
10,imbabura,delfin,delfin,2,Jose Enrique Angulo,post,assisted,10.0,39.7,0,right-foot,high,0,51.0,39.9,2569822,69,4109,39.7,10.0,49.0,0,49.0,60.1,22,1291,shot,0.0,0.0,0.0,0.0,0.0,0,0.0
11,imbabura,delfin,delfin,2,Erick Zuniga,block,assisted,21.8,66.2,0,left-foot,low-left,0,53.2,19.0,2569794,63,3756,66.2,21.8,46.8,0,46.8,81.0,28,1644,shot,19.4,64.1,0.0,64.1,19.4,0,0.0
12,imbabura,delfin,delfin,2,Mariano Miño,save,assisted,15.8,31.2,0,right-foot,high-centre,0,50.0,21.5,2569788,62,3668,31.2,15.8,50.0,0,50.0,78.5,29,1732,shot,0.90000000000001,46.8,0.0,46.8,0.90000000000001,0,0.0
13,imbabura,delfin,imbabura,2,Óscar Pepinos,save,assisted,27.9,61.2,0,left-foot,low-centre,0,50.1,7.6,2569785,54,3229,61.2,27.9,49.9,0,49.9,92.4,37,2171,shot,2.2,52.0,0.0,52.0,2.2,0,0.0
14,imbabura,delfin,imbabura,2,Erick Mendoza,save,assisted,25.2,63.7,0,left-foot,low-centre,0,50.0,7.6,2569781,54,3189,63.7,25.2,50.0,0,50.0,92.4,37,2211,shot,1.0,51.3,0.0,51.3,1.0,0,0.0
15,imbabura,delfin,delfin,2,Nicolás Messiniti,miss,fast-break,12.5,29.4,0,right-foot,close-left,0,56.8,5.6,2569780,53,3122,29.4,12.5,43.2,0,43.2,94.4,38,2278,shot,0.0,0.0,0.0,0.0,0.0,0,0.0
16,imbabura,delfin,imbabura,2,Erick Mendoza,block,assisted,23.6,59.4,0,right-foot,low-centre,0,49.2,19.0,2569765,51,3047,59.4,23.6,50.8,0,50.8,81.0,40,2353,shot,18.1,57.4,0.0,57.4,18.1,0,0.0
17,imbabura,delfin,imbabura,2,Leonar Espinoza,post,assisted,10.9,70.8,0,right-foot,left,0,55.2,8.9,2569763,49,2936,70.8,10.9,44.8,0,44.8,91.1,42,2464,shot,0.0,0.0,0.0,0.0,0.0,0,0.0
18,imbabura,delfin,imbabura,2,Erick Mendoza,goal,assisted,27.9,35.2,0,right-foot,low-right,0,45.5,8.2,2569643,45,3052,35.2,27.9,54.5,0,54.5,91.8,1,2348,shot,0.0,0.0,0.0,0.0,0.0,regular,6.0
19,imbabura,delfin,delfin,2,Kevin Sambonino,miss,assisted,32.2,40.5,0,right-foot,left,0,61.2,12.5,2569623,45,2912,40.5,32.2,38.8,0,38.8,87.5,1,2488,shot,0.0,0.0,0.0,0.0,0.0,0,4.0
20,imbabura,delfin,imbabura,2,Leandro Pantoja,goal,penalty,11.5,50.0,0,right-foot,low-left,0,54.4,4.4,2569615,45,2762,50.0,11.5,45.6,0,45.6,95.6,1,2638,shot,0.0,0.0,0.0,0.0,0.0,penalty,2.0
21,imbabura,delfin,imbabura,2,Leandro Pantoja,save,free-kick,29.9,25.6,0,right-foot,high-centre,0,50.7,31.6,2569632,42,2490,25.6,29.9,49.3,0,49.3,68.4,4,210,shot,1.4,49.8,0.0,49.8,1.4,0,0.0
22,imbabura,delfin,imbabura,2,Óscar Pepinos,miss,assisted,26.1,33.4,0,right-foot,left,0,59.5,8.3,2569588,36,2152,33.4,26.1,40.5,0,40.5,91.7,10,548,shot,0.0,0.0,0.0,0.0,0.0,0,0.0
23,imbabura,delfin,imbabura,2,Erick Mendoza,miss,set-piece,8.8,42.3,0,left-foot,close-right,0,41.3,8.3,2569587,34,2034,42.3,8.8,58.7,0,58.7,91.7,12,666,shot,3.7,51.3,0.0,51.3,3.7,0,0.0
24,imbabura,delfin,imbabura,2,Óscar Pepinos,post,free-kick,22.1,64.2,0,left-foot,left,0,55.2,29.1,2569559,34,2029,64.2,22.1,44.8,0,44.8,70.9,12,671,shot,0.0,0.0,0.0,0.0,0.0,0,0.0
25,imbabura,delfin,imbabura,2,Leonar Espinoza,miss,assisted,26.9,67.9,0,left-foot,high-right,0,39.8,44.4,2569533,30,1783,67.9,26.9,60.2,0,60.2,55.6,16,917,shot,0.0,0.0,0.0,0.0,0.0,0,0.0
26,imbabura,delfin,delfin,2,Juan Manuel Elordi,save,set-piece,6.8,44.5,0,head,low-centre,0,50.3,7.0,2569521,29,1682,44.5,6.8,49.7,0,49.7,93.0,17,1018,shot,1.1,47.7,0.0,47.7,1.1,0,0.0
27,imbabura,delfin,imbabura,2,Leandro Pantoja,goal,penalty,11.5,50.0,0,right-foot,low-left,0,54.4,5.7,2569510,26,1533,50.0,11.5,45.6,0,45.6,94.3,20,1167,shot,0.0,0.0,0.0,0.0,0.0,penalty,0.0
28,imbabura,delfin,imbabura,2,Jacson Pita Mina,miss,assisted,7.7,41.2,0,left-foot,close-left,0,58.3,9.7,2569498,23,1325,41.2,7.7,41.7,0,41.7,90.3,23,1375,shot,0.0,0.0,0.0,0.0,0.0,0,0.0
29,imbabura,delfin,imbabura,2,Jacson Pita Mina,miss,corner,12.6,52.6,0,head,right,0,39.2,5.6,2569586,21,1201,52.6,12.6,60.8,0,60.8,94.4,25,1499,shot,0.90000000000001,59.4,0.0,59.4,0.90000000000001,0,0.0
30,imbabura,delfin,imbabura,2,Leandro Pantoja,save,assisted,5.6,35.9,0,right-foot,low-centre,0,51.6,4.4,2569492,20,1165,35.9,5.6,48.4,0,48.4,95.6,26,1535,shot,0.2,47.3,0.0,47.3,0.2,0,0.0
31,imbabura,delfin,imbabura,2,Rony Caicedo,block,assisted,23.3,50.0,0,right-foot,low-right,0,46.9,19.0,2569549,19,1121,50.0,23.3,53.1,0,53.1,81.0,27,1579,shot,15.3,51.1,0.0,51.1,15.3,0,0.0
32,imbabura,delfin,imbabura,2,Rony Caicedo,block,set-piece,29.3,41.9,0,right-foot,low-centre,0,51.2,19.0,2569532,19,1083,41.9,29.3,48.8,0,48.8,81.0,27,1617,shot,18.6,44.4,0.0,44.4,18.6,0,0.0
33,imbabura,delfin,imbabura,2,Leandro Pantoja,miss,free-kick,28.7,72.9,0,right-foot,right,0,39.3,26.4,2569439,11,655,72.9,28.7,60.7,0,60.7,73.6,35,2045,shot,0.0,0.0,0.0,0.0,0.0,0,0.0
34,imbabura,delfin,imbabura,2,Rony Caicedo,block,assisted,28.0,28.7,0,right-foot,low-centre,0,50.3,19.0,2569485,10,554,28.7,28.0,49.7,0,49.7,81.0,36,2146,shot,23.4,32.1,0.0,32.1,23.4,0,0.0
35,imbabura,delfin,imbabura,2,Leandro Pantoja,miss,assisted,11.7,29.3,0,right-foot,right,0,40.0,8.3,2569429,8,452,29.3,11.7,60.0,0,60.0,91.7,38,2248,shot,0.0,0.0,0.0,0.0,0.0,0,0.0
36,imbabura,delfin,imbabura,2,Leandro Pantoja,save,regular,28.0,55.3,0,right-foot,low-left,0,52.4,10.8,2569423,6,343,55.3,28.0,47.6,0,47.6,89.2,40,2357,shot,1.8,51.4,0.0,51.4,1.8,0,0.0
37,imbabura,delfin,delfin,2,Juan Manuel Elordi,miss,assisted,17.9,45.7,0,left-foot,close-left,0,57.5,13.9,2569425,5,296,45.7,17.9,42.5,0,42.5,86.1,41,2404,shot,0.0,0.0,0.0,0.0,0.0,0,0.0
38,barcelona,orense,orense,3,Dany Coronel,miss,assisted,8.7,54.3,0,head,left,0,66.6,2.8,2602639,90,5776,54.3,8.7,33.4,0,33.4,97.2,1,524,shot,0.0,0.0,0.0,0.0,0.0,0,7.0
39,barcelona,orense,orense,3,Cristian Barros,miss,assisted,6.0,38.3,0,head,close-left,0,58.8,37.5,2602635,90,5671,38.3,6.0,41.2,0,41.2,62.5,1,629,shot,0.0,0.0,0.0,0.0,0.0,0,5.0
40,barcelona,orense,barcelona,3,Francisco Fydriszewski,block,regular,19.6,36.4,0,right-foot,low-centre,0,51.5,19.0,2602721,80,4790,36.4,19.6,48.5,0,48.5,81.0,11,610,shot,14.0,39.9,0.0,39.9,14.0,0,0.0
41,barcelona,orense,barcelona,3,Braian Oyola,save,assisted,9.4,45.4,0,left-foot,high-left,0,53.2,20.3,2602709,78,4660,45.4,9.4,46.8,0,46.8,79.7,13,740,shot,2.0,47.8,0.0,47.8,2.0,0,0.0
42,barcelona,orense,orense,3,Robert Burbano,save,assisted,12.6,49.6,0,head,low-centre,0,50.5,13.3,2602537,76,4559,49.6,12.6,49.5,0,49.5,86.7,15,841,shot,2.0,49.5,0.0,49.5,2.0,0,0.0
43,barcelona,orense,barcelona,3,Joao Rojas,block,assisted,9.2,42.1,0,left-foot,low-left,0,52.1,19.0,2602698,75,4469,42.1,9.2,47.9,0,47.9,81.0,16,931,shot,6.7,43.7,0.0,43.7,6.7,0,0.0
44,barcelona,orense,barcelona,3,Joao Rojas,block,assisted,25.9,44.7,0,left-foot,low-centre,0,51.5,19.0,2602513,65,3899,44.7,25.9,48.5,0,48.5,81.0,26,1501,shot,18.1,45.8,0.0,45.8,18.1,0,0.0
45,barcelona,orense,orense,3,Dany Coronel,miss,regular,9.6,57.5,0,right-foot,right,0,39.3,33.3,2602488,62,3703,57.5,9.6,60.7,0,60.7,66.7,29,1697,shot,0.0,0.0,0.0,0.0,0.0,0,0.0
46,barcelona,orense,barcelona,3,Adonis Preciado,miss,set-piece,5.9,42.5,0,right-foot,high,0,52.4,72.2,2602473,56,3348,42.5,5.9,47.6,0,47.6,27.8,35,2052,shot,0.0,0.0,0.0,0.0,0.0,0,0.0
47,barcelona,orense,orense,3,Walter Agustin Herrera,miss,assisted,11.1,54.4,0,head,close-high-left,0,57.6,55.6,2602430,46,2737,54.4,11.1,42.4,0,42.4,44.4,45,2663,shot,0.0,0.0,0.0,0.0,0.0,0,0.0
48,barcelona,orense,orense,3,Marcelo Eggel,save,assisted,28.9,50.3,0,left-foot,low-centre,0,50.6,12.7,2602329,42,2470,50.3,28.9,49.4,0,49.4,87.3,4,230,shot,1.0,50.4,0.0,50.4,1.0,0,0.0
49,barcelona,orense,orense,3,Marcelo Eggel,miss,assisted,31.5,62.4,0,left-foot,high-left,0,61.7,55.6,2602313,36,2145,62.4,31.5,38.3,0,38.3,44.4,10,555,shot,0.0,0.0,0.0,0.0,0.0,0,0.0
50,barcelona,orense,orense,3,Walter Agustin Herrera,miss,assisted,16.4,35.1,0,right-foot,high-right,0,44.0,66.7,2602312,34,2009,35.1,16.4,56.0,0,56.0,33.3,12,691,shot,0.0,0.0,0.0,0.0,0.0,0,0.0
51,barcelona,orense,orense,3,Agustin Maziero,miss,assisted,14.5,36.3,0,right-foot,high-right,0,40.5,47.2,2602305,31,1811,36.3,14.5,59.5,0,59.5,52.8,15,889,shot,0.0,0.0,0.0,0.0,0.0,0,0.0
52,barcelona,orense,barcelona,3,Adonis Preciado,miss,assisted,9.1,30.1,0,right-foot,left,0,64.9,31.9,2602302,29,1719,30.1,9.1,35.1,0,35.1,68.1,17,981,shot,0.0,0.0,0.0,0.0,0.0,0,0.0
53,barcelona,orense,orense,3,Bryan Quinonez,miss,set-piece,11.8,57.8,0,head,left,0,60.0,25.0,2602292,27,1560,57.8,11.8,40.0,0,40.0,75.0,19,1140,shot,0.0,0.0,0.0,0.0,0.0,0,0.0
54,barcelona,orense,barcelona,3,Jesús Trindade,miss,regular,24.6,59.1,0,left-foot,high,0,51.3,94.4,2602274,14,783,59.1,24.6,48.7,0,48.7,5.6,32,1917,shot,0.0,0.0,0.0,0.0,0.0,0,0.0
55,barcelona,orense,orense,3,Walter Agustin Herrera,miss,assisted,17.3,42.4,0,right-foot,right,0,38.8,12.5,2602268,9,510,42.4,17.3,61.2,0,61.2,87.5,37,2190,shot,0.0,0.0,0.0,0.0,0.0,0,0.0
56,barcelona,orense,barcelona,3,Janner Corozo,miss,assisted,32.2,41.3,0,left-foot,right,0,30.8,15.3,2602264,6,304,41.3,32.2,69.2,0,69.2,84.7,40,2396,shot,0.0,0.0,0.0,0.0,0.0,0,0.0
57,catolica,cuenca,catolica,3,Ismael Díaz,save,assisted,5.8,44.2,0,head,low-left,0,54.4,3.8,2608281,90,5784,44.2,5.8,45.6,0,45.6,96.2,1,516,shot,1.4,49.5,0.0,49.5,1.4,0,7.0
58,catolica,cuenca,catolica,3,Jhon Cifuente,miss,assisted,8.5,64.5,0,right-foot,close-right,0,43.0,16.7,2608179,82,4866,64.5,8.5,57.0,0,57.0,83.3,9,534,shot,0.0,0.0,0.0,0.0,0.0,0,0.0
59,catolica,cuenca,catolica,3,José Fajardo,miss,assisted,5.9,60.3,0,left-foot,close-right,0,42.7,2.8,2608178,81,4811,60.3,5.9,57.3,0,57.3,97.2,10,589,shot,0.0,0.0,0.0,0.0,0.0,0,0.0
60,catolica,cuenca,catolica,3,José Fajardo,miss,assisted,12.2,54.1,0,right-foot,close-right,0,41.2,13.9,2608373,78,4640,54.1,12.2,58.8,0,58.8,86.1,13,760,shot,0.0,0.0,0.0,0.0,0.0,0,0.0
61,catolica,cuenca,catolica,3,Luciano Nieto,miss,free-kick,30.9,63.0,0,left-foot,high-right,0,41.7,65.3,2608157,76,4515,63.0,30.9,58.3,0,58.3,34.7,15,885,shot,0.0,0.0,0.0,0.0,0.0,0,0.0
62,catolica,cuenca,catolica,3,Kevin Quevedo,goal,assisted,8.7,59.9,0,right-foot,low-centre,0,50.6,17.1,2608052,68,4047,59.9,8.7,49.4,0,49.4,82.9,23,1353,shot,0.0,0.0,0.0,0.0,0.0,regular,0.0
63,catolica,cuenca,catolica,3,José Fajardo,goal,set-piece,8.6,50.6,0,head,high-centre,0,50.3,26.6,2608047,67,3962,50.6,8.6,49.7,0,49.7,73.4,24,1438,shot,0.0,0.0,0.0,0.0,0.0,regular,0.0
64,catolica,cuenca,catolica,3,Ismael Díaz,miss,assisted,30.9,50.6,0,right-foot,high,0,46.7,75.0,2608046,63,3754,50.6,30.9,53.3,0,53.3,25.0,28,1646,shot,0.0,0.0,0.0,0.0,0.0,0,0.0
65,catolica,cuenca,catolica,3,Jhon Cifuente,goal,assisted,18.7,59.7,0,right-foot,high-left,0,53.9,26.6,2607982,59,3500,59.7,18.7,46.1,0,46.1,73.4,32,1900,shot,0.0,0.0,0.0,0.0,0.0,regular,0.0
66,catolica,cuenca,catolica,3,José Fajardo,miss,corner,3.5,57.0,0,head,close-right,0,42.5,8.3,2607969,55,3242,57.0,3.5,57.5,0,57.5,91.7,36,2158,shot,0.0,0.0,0.0,0.0,0.0,0,0.0
67,catolica,cuenca,catolica,3,Kevin Quevedo,block,assisted,6.7,63.4,0,right-foot,low-centre,0,48.8,19.0,2607991,54,3201,63.4,6.7,51.2,0,51.2,81.0,37,2199,shot,1.6,54.2,0.0,54.2,1.6,0,0.0
68,catolica,cuenca,catolica,3,Luciano Nieto,miss,free-kick,29.3,62.7,0,left-foot,close-right,0,41.7,34.7,2607950,51,3046,62.7,29.3,58.3,0,58.3,65.3,40,2354,shot,0.0,0.0,0.0,0.0,0.0,0,0.0
69,catolica,cuenca,catolica,3,José Fajardo,save,assisted,12.2,47.8,0,right-foot,low-centre,0,50.6,3.2,2607916,48,2856,47.8,12.2,49.4,0,49.4,96.8,43,2544,shot,2.0,49.3,0.0,49.3,2.0,0,0.0
70,catolica,cuenca,cuenca,3,Danny Luna,goal,assisted,9.9,32.2,0,right-foot,low-right,0,46.2,4.4,2607907,46,2756,32.2,9.9,53.8,0,53.8,95.6,45,2644,shot,0.0,0.0,0.0,0.0,0.0,regular,0.0
71,catolica,cuenca,catolica,3,Luciano Nieto,save,assisted,20.7,58.2,0,left-foot,low-right,0,46.9,3.8,2607817,45,3194,58.2,20.7,53.1,0,53.1,96.2,1,2206,shot,0.3,52.9,0.0,52.9,0.3,0,9.0
72,catolica,cuenca,catolica,3,Jhon Cifuente,block,assisted,7.5,56.4,0,right-foot,low-centre,0,49.7,19.0,2607821,45,3076,56.4,7.5,50.3,0,50.3,81.0,1,2324,shot,4.8,54.2,0.0,54.2,4.8,0,7.0
73,catolica,cuenca,cuenca,3,Raúl Becerra,goal,penalty,11.5,50.0,0,right-foot,low-centre,0,48.5,7.6,2607798,45,2988,50.0,11.5,51.5,0,51.5,92.4,1,2412,shot,0.0,0.0,0.0,0.0,0.0,penalty,5.0
74,catolica,cuenca,catolica,3,Kevin Quevedo,save,assisted,3.1,58.4,0,right-foot,low-right,0,46.3,5.1,2607686,41,2425,58.4,3.1,53.7,0,53.7,94.9,5,275,shot,0.0,53.1,0.0,53.1,0.0,0,0.0
75,catolica,cuenca,catolica,3,Luciano Nieto,save,assisted,30.0,50.0,0,left-foot,low-centre,0,50.2,10.8,2607617,37,2189,50.0,30.0,49.8,0,49.8,89.2,9,511,shot,2.0,50.4,0.0,50.4,2.0,0,0.0
76,catolica,cuenca,cuenca,3,Raúl Becerra,save,assisted,10.9,39.7,0,right-foot,low-centre,0,51.8,4.4,2607616,36,2144,39.7,10.9,48.2,0,48.2,95.6,10,556,shot,1.4,48.0,0.0,48.0,1.4,0,0.0
77,catolica,cuenca,cuenca,3,Raúl Becerra,save,assisted,7.2,36.1,0,left-foot,low-centre,0,49.7,14.6,2607615,36,2136,36.1,7.2,50.3,0,50.3,85.4,10,564,shot,1.4,45.1,0.0,45.1,1.4,0,0.0
78,catolica,cuenca,catolica,3,Ismael Díaz,block,assisted,14.2,47.9,0,head,low-centre,0,51.0,19.0,2607623,34,2025,47.9,14.2,49.0,0,49.0,81.0,12,675,shot,12.7,48.0,0.0,48.0,12.7,0,0.0
79,catolica,cuenca,catolica,3,Jhon Cifuente,block,regular,28.8,46.6,0,right-foot,low-centre,0,50.3,19.0,2607622,34,2013,46.6,28.8,49.7,0,49.7,81.0,12,687,shot,24.1,47.1,0.0,47.1,24.1,0,0.0
80,catolica,cuenca,catolica,3,Layan Loor,miss,assisted,26.3,21.5,0,left-foot,high,0,50.1,86.1,2607599,33,1969,21.5,26.3,49.9,0,49.9,13.9,13,731,shot,0.0,0.0,0.0,0.0,0.0,0,0.0
81,catolica,cuenca,cuenca,3,Danny Luna,block,assisted,7.6,32.9,0,left-foot,low-left,0,52.2,19.0,2608337,32,1898,32.9,7.6,47.8,0,47.8,81.0,14,802,shot,5.8,36.5,0.0,36.5,5.8,0,0.0
82,catolica,cuenca,cuenca,3,Nazareno Romero,goal,assisted,6.2,36.4,0,left-foot,high-right,0,47.4,31.0,2607584,26,1559,36.4,6.2,52.6,0,52.6,69.0,20,1141,shot,0.0,0.0,0.0,0.0,0.0,regular,0.0
83,catolica,cuenca,catolica,3,Kevin Minda,miss,assisted,4.1,48.6,0,head,close-right,0,42.0,5.6,2607576,24,1433,48.6,4.1,58.0,0,58.0,94.4,22,1267,shot,0.0,0.0,0.0,0.0,0.0,0,0.0
84,catolica,cuenca,catolica,3,Exon Gustavo Vallecilla,miss,regular,25.9,60.9,0,left-foot,close-high-left,0,57.6,54.2,2607572,22,1319,60.9,25.9,42.4,0,42.4,45.8,24,1381,shot,0.0,0.0,0.0,0.0,0.0,0,0.0
85,catolica,cuenca,catolica,3,Kevin Minda,save,regular,11.4,63.4,0,right-foot,low-left,0,51.9,10.8,2607554,17,996,63.4,11.4,48.1,0,48.1,89.2,29,1704,shot,1.2,52.2,0.0,52.2,1.2,0,0.0
86,catolica,cuenca,catolica,3,Exon Gustavo Vallecilla,save,corner,12.1,40.3,0,head,low-centre,0,48.7,3.2,2607553,15,864,40.3,12.1,51.3,0,51.3,96.8,31,1836,shot,0.90000000000001,49.6,0.0,49.6,0.90000000000001,0,0.0
87,catolica,cuenca,catolica,3,Luciano Nieto,block,corner,32.0,42.2,0,left-foot,low-centre,0,49.5,19.0,2607515,8,448,42.2,32.0,50.5,0,50.5,81.0,38,2252,shot,12.4,47.3,0.0,47.3,12.4,0,0.0
88,catolica,cuenca,catolica,3,Jhon Cifuente,block,regular,23.1,33.5,0,left-foot,low-centre,0,51.5,19.0,2607462,7,406,33.5,23.1,48.5,0,48.5,81.0,39,2294,shot,15.8,38.3,0.0,38.3,15.8,0,0.0
89,delfin,tecnico,delfin,3,Erick Zuniga,miss,assisted,20.6,64.8,0,left-foot,close-right,0,40.8,8.3,2608745,85,5092,64.8,20.6,59.2,0,59.2,91.7,6,308,shot,0.5,56.7,0.0,56.7,0.5,0,0.0
90,delfin,tecnico,tecnico,3,Milton Maciel,save,regular,24.3,36.1,0,left-foot,high-centre,0,49.1,25.3,2608702,69,4091,36.1,24.3,50.9,0,50.9,74.7,22,1309,shot,1.4,48.6,0.0,48.6,1.4,0,0.0
91,delfin,tecnico,tecnico,3,Roberto Luzárraga,miss,set-piece,11.1,48.7,0,head,left,0,70.4,20.8,2608765,66,3922,48.7,11.1,29.6,0,29.6,79.2,25,1478,shot,0.0,0.0,0.0,0.0,0.0,0,0.0
92,delfin,tecnico,delfin,3,Enzo Gaggi,miss,free-kick,24.9,33.2,0,right-foot,left,0,60.5,27.8,2608696,63,3722,33.2,24.9,39.5,0,39.5,72.2,28,1678,shot,0.0,0.0,0.0,0.0,0.0,0,0.0
93,delfin,tecnico,delfin,3,Mariano Miño,goal,penalty,11.5,50.0,0,right-foot,low-right,0,48.0,15.8,2608691,59,3539,50.0,11.5,52.0,0,52.0,84.2,32,1861,shot,0.0,0.0,0.0,0.0,0.0,penalty,0.0
94,delfin,tecnico,delfin,3,Mariano Miño,miss,free-kick,26.0,29.8,0,right-foot,high,0,49.9,81.9,2608591,43,2572,29.8,26.0,50.1,0,50.1,18.1,3,128,shot,0.0,0.0,0.0,0.0,0.0,0,0.0
95,delfin,tecnico,tecnico,3,Emmanuel Torres,miss,assisted,34.6,78.3,0,right-foot,high-right,0,40.2,52.8,2608590,41,2425,78.3,34.6,59.8,0,59.8,47.2,5,275,shot,0.0,0.0,0.0,0.0,0.0,0,0.0
96,delfin,tecnico,tecnico,3,Rodrigo Ruiz Díaz,miss,corner,8.8,48.3,0,right-foot,close-right,0,41.8,22.2,2608551,36,2150,48.3,8.8,58.2,0,58.2,77.8,10,550,shot,0.0,0.0,0.0,0.0,0.0,0,0.0
97,delfin,tecnico,delfin,3,Juan Manuel Elordi,goal,set-piece,10.1,45.4,0,head,high-left,0,52.7,20.9,2608543,31,1816,45.4,10.1,47.3,0,47.3,79.1,15,884,shot,0.0,0.0,0.0,0.0,0.0,regular,0.0
98,delfin,tecnico,tecnico,3,Edison Caicedo,save,assisted,23.1,69.0,0,right-foot,low-centre,0,50.3,8.9,2608500,26,1525,69.0,23.1,49.7,0,49.7,91.1,20,1175,shot,1.5,51.8,0.0,51.8,1.5,0,0.0
99,delfin,tecnico,delfin,3,Enzo Gaggi,miss,assisted,18.5,55.8,0,right-foot,left,0,65.9,5.6,2608484,19,1122,55.8,18.5,34.1,0,34.1,94.4,27,1578,shot,0.0,0.0,0.0,0.0,0.0,0,0.0
100,delfin,tecnico,tecnico,3,Edison Caicedo,miss,regular,31.5,42.7,0,right-foot,high-right,0,39.5,55.6,2608445,18,1027,42.7,31.5,60.5,0,60.5,44.4,28,1673,shot,0.0,0.0,0.0,0.0,0.0,0,0.0
101,delfin,tecnico,delfin,3,Jose Enrique Angulo,save,penalty,11.5,50.0,0,right-foot,low-left,0,51.9,8.2,2608436,12,714,50.0,11.5,48.1,0,48.1,91.8,34,1986,shot,1.2,49.6,0.0,49.6,1.2,0,0.0
102,delfin,tecnico,delfin,3,Jostin Alman,save,fast-break,8.9,43.1,0,left-foot,low-centre,0,50.2,7.0,2608399,7,384,43.1,8.9,49.8,0,49.8,93.0,39,2316,shot,6.8,44.4,0.0,44.4,6.8,0,0.0
103,delfin,tecnico,delfin,3,Mariano Miño,save,assisted,24.3,40.3,0,right-foot,low-left,0,53.9,4.4,2608435,4,214,40.3,24.3,46.1,0,46.1,95.6,42,2486,shot,1.0,46.8,0.0,46.8,1.0,0,0.0
104,delfin,tecnico,delfin,3,Juan Manuel Elordi,miss,regular,21.4,37.0,0,left-foot,high-left,0,56.3,81.9,2608430,2,60,37.0,21.4,43.7,0,43.7,18.1,44,2640,shot,0.0,0.0,0.0,0.0,0.0,0,0.0
105,delfin,tecnico,delfin,3,Mariano Miño,block,regular,12.2,34.2,0,left-foot,low-centre,0,51.0,19.0,2608429,1,57,34.2,12.2,49.0,0,49.0,81.0,45,2643,shot,7.3,40.1,0.0,40.1,7.3,0,0.0
106,delfin,tecnico,delfin,3,Luis Castro,block,regular,13.2,42.8,0,left-foot,low-centre,0,50.4,19.0,2608390,1,56,42.8,13.2,49.6,0,49.6,81.0,45,2644,shot,10.1,44.4,0.0,44.4,10.1,0,0.0
107,independiente,cumbaya,independiente,3,Keny Arroyo,block,assisted,21.2,65.6,0,left-foot,low-centre,0,51.5,19.0,2595608,90,5654,65.6,21.2,48.5,0,48.5,81.0,1,646,shot,14.6,60.3,0.0,60.3,14.6,0,5.0
108,independiente,cumbaya,cumbaya,3,Melvin Diaz,miss,assisted,33.9,37.0,0,left-foot,right,0,39.5,22.2,2595601,90,5452,37.0,33.9,60.5,0,60.5,77.8,1,848,shot,0.0,0.0,0.0,0.0,0.0,0,1.0
109,independiente,cumbaya,independiente,3,Alexander Bolaños,goal,assisted,3.8,38.5,0,left-foot,low-right,0,45.8,8.9,2595592,88,5224,38.5,3.8,54.2,0,54.2,91.1,3,176,shot,0.0,0.0,0.0,0.0,0.0,regular,0.0
110,independiente,cumbaya,independiente,3,Michael Hoyos,miss,corner,7.7,54.4,0,head,left,0,62.5,18.1,2595600,86,5104,54.4,7.7,37.5,0,37.5,81.9,5,296,shot,0.0,0.0,0.0,0.0,0.0,0,0.0
111,independiente,cumbaya,cumbaya,3,Maikel Valencia,block,assisted,22.0,36.6,0,right-foot,low-left,0,51.8,19.0,2595580,80,4753,36.6,22.0,48.2,0,48.2,81.0,11,647,shot,17.0,32.3,0.0,32.3,17.0,0,0.0
112,independiente,cumbaya,independiente,3,Alexander Bolaños,miss,assisted,14.2,27.1,0,right-foot,high,0,45.4,72.2,2595579,78,4624,27.1,14.2,54.6,0,54.6,27.8,13,776,shot,0.0,0.0,0.0,0.0,0.0,0,0.0
113,independiente,cumbaya,independiente,3,Keny Arroyo,save,free-kick,22.6,34.6,0,left-foot,low-centre,0,50.5,10.8,2595577,72,4278,34.6,22.6,49.5,0,49.5,89.2,19,1122,shot,1.5,47.1,0.0,47.1,1.5,0,0.0
114,independiente,cumbaya,independiente,3,Michael Hoyos,goal,corner,4.5,45.8,0,right-foot,high-centre,0,48.7,28.5,2595556,60,3551,45.8,4.5,51.3,0,51.3,71.5,31,1849,shot,0.0,0.0,0.0,0.0,0.0,regular,0.0
115,independiente,cumbaya,independiente,3,Anthony Landázuri,miss,corner,9.2,42.6,0,right-foot,left,0,62.2,5.6,2595563,60,3550,42.6,9.2,37.8,0,37.8,94.4,31,1850,shot,3.8,41.0,0.0,41.0,3.8,0,0.0
116,independiente,cumbaya,independiente,3,Renato Ibarra,block,free-kick,27.9,39.7,0,right-foot,low-left,0,52.5,19.0,2595565,59,3515,39.7,27.9,47.5,0,47.5,81.0,32,1885,shot,17.5,42.6,0.0,42.6,17.5,0,0.0
117,independiente,cumbaya,independiente,3,Junior Sornoza,miss,assisted,21.9,54.3,0,right-foot,close-left,0,59.2,11.1,2595551,57,3375,54.3,21.9,40.8,0,40.8,88.9,34,2025,shot,0.0,0.0,0.0,0.0,0.0,0,0.0
118,independiente,cumbaya,independiente,3,Kendry Páez,goal,assisted,9.5,69.6,0,left-foot,high-left,0,53.7,29.7,2595543,51,3051,69.6,9.5,46.3,0,46.3,70.3,40,2349,shot,0.0,0.0,0.0,0.0,0.0,regular,0.0
119,independiente,cumbaya,independiente,3,Michael Hoyos,block,assisted,10.0,53.9,0,right-foot,low-centre,0,49.6,19.0,2595549,50,2940,53.9,10.0,50.4,0,50.4,81.0,41,2460,shot,8.6,53.4,0.0,53.4,8.6,0,0.0
120,independiente,cumbaya,independiente,3,Anthony Landázuri,save,regular,11.4,66.5,0,left-foot,low-centre,0,50.0,5.7,2595501,45,2872,66.5,11.4,50.0,0,50.0,94.3,1,2528,shot,1.2,52.7,0.0,52.7,1.2,0,3.0
121,independiente,cumbaya,independiente,3,Junior Sornoza,block,assisted,10.6,61.0,0,right-foot,low-right,0,48.0,19.0,2595504,45,2870,61.0,10.6,52.0,0,52.0,81.0,1,2530,shot,5.5,56.7,0.0,56.7,5.5,0,3.0
122,independiente,cumbaya,independiente,3,Renato Ibarra,miss,throw-in-set-piece,11.1,63.2,0,head,close-high-right,0,41.5,47.2,2595516,38,2241,63.2,11.1,58.5,0,58.5,52.8,8,459,shot,0.0,0.0,0.0,0.0,0.0,0,0.0
123,independiente,cumbaya,independiente,3,Richard Schunke,miss,corner,8.0,54.0,0,head,high,0,50.4,62.5,2595460,35,2090,54.0,8.0,49.6,0,49.6,37.5,11,610,shot,0.0,0.0,0.0,0.0,0.0,0,0.0
124,independiente,cumbaya,independiente,3,Joao Ortíz,block,corner,12.3,62.8,0,right-foot,low-centre,0,49.7,19.0,2595459,35,2067,62.8,12.3,50.3,0,50.3,81.0,11,633,shot,6.4,56.1,0.0,56.1,6.4,0,0.0
125,independiente,cumbaya,independiente,3,Renzo López,miss,corner,3.3,44.6,0,head,close-left,0,58.7,15.3,2595456,32,1902,44.6,3.3,41.3,0,41.3,84.7,14,798,shot,0.0,0.0,0.0,0.0,0.0,0,0.0
126,independiente,cumbaya,independiente,3,Richard Schunke,miss,corner,2.6,42.1,0,head,right,0,39.7,11.1,2595430,18,1036,42.1,2.6,60.3,0,60.3,88.9,28,1664,shot,0.0,0.0,0.0,0.0,0.0,0,0.0
127,independiente,cumbaya,independiente,3,Junior Sornoza,block,regular,15.6,40.1,0,right-foot,low-centre,0,51.0,19.0,2595429,16,951,40.1,15.6,49.0,0,49.0,81.0,30,1749,shot,9.3,43.7,0.0,43.7,9.3,0,0.0
128,independiente,cumbaya,independiente,3,Junior Sornoza,miss,assisted,22.7,40.7,0,right-foot,high-right,0,42.7,63.9,2595421,13,774,40.7,22.7,57.3,0,57.3,36.1,33,1926,shot,0.0,0.0,0.0,0.0,0.0,0,0.0
129,independiente,cumbaya,independiente,3,Yaimar Medina,save,assisted,5.1,31.9,0,left-foot,low-left,0,51.9,3.8,2595414,7,399,31.9,5.1,48.1,0,48.1,96.2,39,2301,shot,1.1,45.3,0.0,45.3,1.1,0,0.0
130,liga,aucas,liga,3,Alex Arce,save,assisted,19.2,36.6,0,right-foot,high-centre,0,50.1,24.1,2602179,90,5745,36.6,19.2,49.9,0,49.9,75.9,1,555,shot,2.0,50.9,0.0,50.9,2.0,0,6.0
131,liga,aucas,liga,3,Leonel Quiñónez,save,assisted,10.8,50.4,0,head,high-centre,0,49.0,30.4,2602188,90,5562,50.4,10.8,51.0,0,51.0,69.6,1,738,shot,1.5,52.3,0.0,52.3,1.5,0,3.0
132,liga,aucas,liga,3,Joseph Espinoza,block,throw-in-set-piece,21.9,28.5,0,right-foot,high-right,0,47.7,22.2,2602173,90,5400,28.5,21.9,52.3,0,52.3,77.8,1,0,shot,17.9,33.2,0.0,33.2,17.9,0,1.0
133,liga,aucas,liga,3,Leonel Quiñónez,post,assisted,19.1,33.3,0,left-foot,right,0,44.5,7.6,2602172,90,5389,33.3,19.1,55.5,0,55.5,92.4,1,11,shot,0.0,0.0,0.0,0.0,0.0,0,0.0
134,liga,aucas,aucas,3,Cristian Tobar,block,free-kick,26.3,39.2,0,right-foot,low-left,0,51.9,19.0,2602123,84,4997,39.2,26.3,48.1,0,48.1,81.0,7,403,shot,13.6,43.5,0.0,43.5,13.6,0,0.0
135,liga,aucas,liga,3,Michael Estrada,miss,assisted,10.5,50.7,0,head,high-left,0,57.5,68.1,2602116,79,4725,50.7,10.5,42.5,0,42.5,31.9,12,675,shot,0.0,0.0,0.0,0.0,0.0,0,0.0
136,liga,aucas,liga,3,José Quintero,block,assisted,4.5,65.5,0,right-foot,low-right,0,47.8,19.0,2602115,77,4581,65.5,4.5,52.2,0,52.2,81.0,14,819,shot,2.7,60.1,0.0,60.1,2.7,0,0.0
137,liga,aucas,liga,3,Sebastián González,miss,assisted,21.5,73.8,0,left-foot,high,0,49.6,69.4,2602104,74,4433,73.8,21.5,50.4,0,50.4,30.6,17,967,shot,0.0,0.0,0.0,0.0,0.0,0,0.0
138,liga,aucas,liga,3,Ricardo Adé,save,corner,7.7,36.4,0,head,high-centre,0,50.0,30.4,2602100,72,4288,36.4,7.7,50.0,0,50.0,69.6,19,1112,shot,1.9,48.6,0.0,48.6,1.9,0,0.0
139,liga,aucas,aucas,3,Carlos Rolón,miss,corner,10.4,57.5,0,head,left,0,59.3,27.8,2602098,70,4162,57.5,10.4,40.7,0,40.7,72.2,21,1238,shot,0.0,0.0,0.0,0.0,0.0,0,0.0
140,liga,aucas,aucas,3,Michael Carcelén,save,regular,34.0,28.4,0,right-foot,high-left,0,53.8,29.7,2602191,69,4108,28.4,34.0,46.2,0,46.2,70.3,22,1292,shot,1.5,46.9,0.0,46.9,1.5,0,0.0
141,liga,aucas,liga,3,José Quintero,miss,assisted,15.8,70.9,0,left-foot,high,0,44.7,86.1,2602092,68,4062,70.9,15.8,55.3,0,55.3,13.9,23,1338,shot,0.0,0.0,0.0,0.0,0.0,0,0.0
142,liga,aucas,liga,3,José Quintero,miss,set-piece,29.1,76.0,0,right-foot,left,0,60.0,20.8,2602041,59,3510,76.0,29.1,40.0,0,40.0,79.2,32,1890,shot,0.0,0.0,0.0,0.0,0.0,0,0.0
143,liga,aucas,aucas,3,Jeison Medina,save,fast-break,4.1,61.1,0,right-foot,low-right,0,47.3,9.5,2602028,57,3419,61.1,4.1,52.7,0,52.7,90.5,34,1981,shot,0.7,54.3,0.0,54.3,0.7,0,0.0
144,liga,aucas,aucas,3,Jeison Medina,miss,corner,7.5,40.4,0,head,close-high,0,50.4,59.7,2601955,48,2844,40.4,7.5,49.6,0,49.6,40.3,43,2556,shot,0.0,0.0,0.0,0.0,0.0,0,0.0
145,liga,aucas,liga,3,Leonel Quiñónez,miss,regular,32.3,57.2,0,left-foot,right,0,20.7,15.3,2601820,45,3031,57.2,32.3,79.3,0,79.3,84.7,1,2369,shot,0.0,0.0,0.0,0.0,0.0,0,6.0
146,liga,aucas,aucas,3,Jeison Medina,goal,assisted,6.5,50.0,0,left-foot,low-right,0,46.0,14.6,2601805,45,2820,50.0,6.5,54.0,0,54.0,85.4,1,2580,shot,0.0,0.0,0.0,0.0,0.0,regular,3.0
147,liga,aucas,aucas,3,Michael Carcelén,goal,set-piece,7.1,50.1,0,head,low-right,0,45.9,15.8,2601777,43,2577,50.1,7.1,54.1,0,54.1,84.2,3,123,shot,0.0,0.0,0.0,0.0,0.0,regular,0.0
148,liga,aucas,liga,3,Alex Arce,miss,assisted,17.0,64.3,0,right-foot,close-high,0,45.9,56.9,2601768,42,2504,64.3,17.0,54.1,0,54.1,43.1,4,196,shot,0.0,0.0,0.0,0.0,0.0,0,0.0
149,liga,aucas,aucas,3,Carlos Rolón,miss,set-piece,5.5,48.8,0,head,high,0,48.2,61.1,2601722,38,2279,48.8,5.5,51.8,0,51.8,38.9,8,421,shot,0.0,0.0,0.0,0.0,0.0,0,0.0
150,liga,aucas,aucas,3,Luis Cangá,block,free-kick,25.6,44.9,0,right-foot,low-centre,0,51.2,19.0,2601707,35,2088,44.9,25.6,48.8,0,48.8,81.0,11,612,shot,14.6,46.6,0.0,46.6,14.6,0,0.0
151,liga,aucas,aucas,3,Ronald Briones,block,free-kick,20.2,69.5,0,left-foot,low-right,0,48.2,19.0,2601700,32,1888,69.5,20.2,51.8,0,51.8,81.0,14,812,shot,13.2,63.4,0.0,63.4,13.2,0,0.0
152,liga,aucas,liga,3,Leonel Quiñónez,miss,free-kick,18.8,49.6,0,left-foot,high-left,0,58.5,70.8,2601657,30,1740,49.6,18.8,41.5,0,41.5,29.2,16,960,shot,0.0,0.0,0.0,0.0,0.0,0,0.0
153,liga,aucas,liga,3,Michael Estrada,miss,regular,10.9,40.4,0,left-foot,high,0,47.2,75.0,2601615,19,1125,40.4,10.9,52.8,0,52.8,25.0,27,1575,shot,0.0,0.0,0.0,0.0,0.0,0,0.0
154,liga,aucas,liga,3,Alex Arce,save,assisted,12.5,47.3,0,right-foot,low-centre,0,51.4,12.0,2601604,19,1122,47.3,12.5,48.6,0,48.6,88.0,27,1578,shot,1.1,49.3,0.0,49.3,1.1,0,0.0
155,liga,aucas,aucas,3,Jeison Medina,miss,assisted,9.2,48.4,0,head,close-right,0,41.8,22.2,2601558,14,812,48.4,9.2,58.2,0,58.2,77.8,32,1888,shot,0.0,0.0,0.0,0.0,0.0,0,0.0
156,liga,aucas,liga,3,Alex Arce,goal,corner,9.8,58.1,0,head,high-right,0,47.1,25.3,2601488,4,199,58.1,9.8,52.9,0,52.9,74.7,42,2501,shot,0.0,0.0,0.0,0.0,0.0,regular,0.0
157,macara,libertad,macara,3,Martin Tello,miss,assisted,15.9,35.8,0,left-foot,high,0,49.4,77.8,2595365,87,5186,35.8,15.9,50.6,0,50.6,22.2,4,214,shot,0.0,0.0,0.0,0.0,0.0,0,0.0
158,macara,libertad,macara,3,Miguel Perea,save,assisted,21.3,78.5,0,left-foot,low-centre,0,50.3,7.0,2595361,86,5104,78.5,21.3,49.7,0,49.7,93.0,5,296,shot,1.9,53.2,0.0,53.2,1.9,0,0.0
159,macara,libertad,libertad,3,Leandro Basan,save,assisted,11.2,67.8,0,right-foot,low-centre,0,48.4,6.3,2595359,85,5040,67.8,11.2,51.6,0,51.6,93.7,6,360,shot,1.2,51.4,0.0,51.4,1.2,0,0.0
160,macara,libertad,libertad,3,Diego Ávila,miss,assisted,18.3,41.8,0,head,close-right,0,42.5,13.9,2595334,81,4830,41.8,18.3,57.5,0,57.5,86.1,10,570,shot,0.0,0.0,0.0,0.0,0.0,0,0.0
161,macara,libertad,macara,3,Janpol Morales,goal,assisted,19.7,37.2,0,right-foot,low-right,0,45.9,7.0,2595330,79,4724,37.2,19.7,54.1,0,54.1,93.0,12,676,shot,0.0,0.0,0.0,0.0,0.0,regular,0.0
162,macara,libertad,libertad,3,Juan Alvacete,miss,set-piece,12.5,49.6,0,head,high-left,0,56.0,69.4,2595329,73,4322,49.6,12.5,44.0,0,44.0,30.6,18,1078,shot,0.0,0.0,0.0,0.0,0.0,0,0.0
163,macara,libertad,libertad,3,Leandro Basan,save,assisted,11.2,50.4,0,right-foot,low-centre,0,50.0,17.1,2595323,66,3941,50.4,11.2,50.0,0,50.0,82.9,25,1459,shot,1.4,50.2,0.0,50.2,1.4,0,0.0
164,macara,libertad,macara,3,Daniel Porozo,save,throw-in-set-piece,14.8,62.2,0,left-foot,low-centre,0,48.4,1.9,2595322,66,3914,62.2,14.8,51.6,0,51.6,98.1,25,1486,shot,2.0,52.2,0.0,52.2,2.0,0,0.0
165,macara,libertad,libertad,3,Libinton Angulo,miss,assisted,23.3,69.0,0,left-foot,close-left,0,58.0,16.7,2595321,65,3854,69.0,23.3,42.0,0,42.0,83.3,26,1546,shot,0.0,0.0,0.0,0.0,0.0,0,0.0
166,macara,libertad,macara,3,Facundo Pons,miss,fast-break,24.4,45.2,0,right-foot,high,0,51.6,80.6,2595320,63,3751,45.2,24.4,48.4,0,48.4,19.4,28,1649,shot,0.0,0.0,0.0,0.0,0.0,0,0.0
167,macara,libertad,libertad,3,Nixon Molina,post,free-kick,20.7,45.4,0,right-foot,high,0,47.2,40.5,2595324,58,3475,45.4,20.7,52.8,0,52.8,59.5,33,1925,shot,0.0,0.0,0.0,0.0,0.0,0,0.0
168,macara,libertad,macara,3,Facundo Pons,miss,assisted,7.7,44.8,0,head,left,0,61.3,37.5,2595258,48,2844,44.8,7.7,38.7,0,38.7,62.5,43,2556,shot,0.0,0.0,0.0,0.0,0.0,0,0.0
169,macara,libertad,macara,3,Daniel Porozo,block,assisted,19.4,24.8,0,right-foot,low-centre,0,49.2,19.0,2595257,47,2796,24.8,19.4,50.8,0,50.8,81.0,44,2604,shot,7.1,41.3,0.0,41.3,7.1,0,0.0
170,macara,libertad,libertad,3,Jair Martínez,block,assisted,19.3,60.6,0,left-foot,low-centre,0,50.5,19.0,2595256,47,2781,60.6,19.3,49.5,0,49.5,81.0,44,2619,shot,11.9,56.3,0.0,56.3,11.9,0,0.0
171,macara,libertad,macara,3,Daniel Porozo,miss,fast-break,8.3,68.5,0,right-foot,left,0,64.9,8.3,2595220,42,2476,68.5,8.3,35.1,0,35.1,91.7,4,224,shot,0.0,0.0,0.0,0.0,0.0,0,0.0
172,macara,libertad,macara,3,Freddy Mina,goal,regular,23.8,67.6,0,left-foot,high-centre,0,51.3,26.6,2595214,39,2299,67.6,23.8,48.7,0,48.7,73.4,7,401,shot,0.0,0.0,0.0,0.0,0.0,regular,0.0
173,macara,libertad,macara,3,Cristopher Angulo,miss,assisted,4.5,61.1,0,right-foot,right,0,37.6,26.4,2595209,35,2077,61.1,4.5,62.4,0,62.4,73.6,11,623,shot,0.0,0.0,0.0,0.0,0.0,0,0.0
174,macara,libertad,macara,3,Leonel Álvarez,block,assisted,25.4,54.5,0,right-foot,low-centre,0,50.1,19.0,2595208,31,1817,54.5,25.4,49.9,0,49.9,81.0,15,883,shot,19.5,53.4,0.0,53.4,19.5,0,0.0
175,macara,libertad,macara,3,Facundo Pons,goal,fast-break,18.9,30.7,0,right-foot,high-right,0,46.2,25.9,2595200,25,1483,30.7,18.9,53.8,0,53.8,74.1,21,1217,shot,0.0,0.0,0.0,0.0,0.0,regular,0.0
176,macara,libertad,macara,3,Jorge Valdez,block,regular,20.3,60.0,0,right-foot,low-centre,0,50.0,19.0,2595199,23,1365,60.0,20.3,50.0,0,50.0,81.0,23,1335,shot,17.2,58.5,0.0,58.5,17.2,0,0.0
177,macara,libertad,macara,3,Freddy Mina,miss,regular,7.7,43.7,0,left-foot,left,0,60.0,9.7,2595191,20,1148,43.7,7.7,40.0,0,40.0,90.3,26,1552,shot,0.0,0.0,0.0,0.0,0.0,0,0.0
178,macara,libertad,macara,3,Facundo Pons,miss,assisted,10.2,47.0,0,head,high,0,50.3,83.3,2595177,15,844,47.0,10.2,49.7,0,49.7,16.7,31,1856,shot,0.0,0.0,0.0,0.0,0.0,0,0.0
179,macara,libertad,macara,3,Freddy Mina,block,assisted,28.9,60.5,0,left-foot,low-left,0,52.5,19.0,2595176,12,667,60.5,28.9,47.5,0,47.5,81.0,34,2033,shot,18.0,55.6,0.0,55.6,18.0,0,0.0
180,mushuc-runa,imbabura,mushuc-runa,3,Daniel Segura,miss,assisted,26.2,21.0,0,right-foot,right,0,40.0,26.4,2601242,90,5605,21.0,26.2,60.0,0,60.0,73.6,1,695,shot,0.0,0.0,0.0,0.0,0.0,0,4.0
181,mushuc-runa,imbabura,imbabura,3,Leonar Espinoza,save,assisted,12.1,52.4,0,right-foot,low-centre,0,49.8,17.7,2601256,90,5587,52.4,12.1,50.2,0,50.2,82.3,1,713,shot,8.5,52.0,0.0,52.0,8.5,0,4.0
182,mushuc-runa,imbabura,imbabura,3,Wilson Alfredo Folleco Morales,miss,assisted,25.3,52.2,0,right-foot,close-high-right,0,41.5,48.6,2601228,90,5430,52.2,25.3,58.5,0,58.5,51.4,1,870,shot,0.0,0.0,0.0,0.0,0.0,0,1.0
183,mushuc-runa,imbabura,imbabura,3,Edison Caicedo,save,corner,31.2,46.2,0,right-foot,low-right,0,47.6,13.3,2601218,90,5361,46.2,31.2,52.4,0,52.4,86.7,1,39,shot,1.1,51.6,0.0,51.6,1.1,0,0.0
184,mushuc-runa,imbabura,imbabura,3,Óscar Pepinos,save,corner,19.9,66.9,0,right-foot,low-right,0,47.0,15.2,2601217,89,5327,66.9,19.9,53.0,0,53.0,84.8,2,73,shot,1.6,52.0,0.0,52.0,1.6,0,0.0
185,mushuc-runa,imbabura,imbabura,3,Guillermo Rendón,block,assisted,31.8,28.7,0,left-foot,low-centre,0,50.0,19.0,2601204,89,5282,28.7,31.8,50.0,0,50.0,81.0,2,118,shot,16.4,39.0,0.0,39.0,16.4,0,0.0
186,mushuc-runa,imbabura,mushuc-runa,3,Diego Ledesma,miss,assisted,9.7,37.7,0,right-foot,left,0,63.7,36.1,2601193,86,5156,37.7,9.7,36.3,0,36.3,63.9,5,244,shot,0.0,0.0,0.0,0.0,0.0,0,0.0
187,mushuc-runa,imbabura,imbabura,3,Óscar Pepinos,miss,assisted,21.8,27.1,0,left-foot,close-high-left,0,56.0,56.9,2601093,76,4515,27.1,21.8,44.0,0,44.0,43.1,15,885,shot,0.0,0.0,0.0,0.0,0.0,0,0.0
188,mushuc-runa,imbabura,mushuc-runa,3,Steven Tapiero,block,assisted,12.6,67.0,0,right-foot,low-right,0,45.6,19.0,2601080,73,4336,67.0,12.6,54.4,0,54.4,81.0,18,1064,shot,10.6,65.0,0.0,65.0,10.6,0,0.0
189,mushuc-runa,imbabura,imbabura,3,Óscar Pepinos,miss,regular,30.4,61.4,0,left-foot,left,0,61.5,19.4,2601035,67,4004,61.4,30.4,38.5,0,38.5,80.6,24,1396,shot,0.0,0.0,0.0,0.0,0.0,0,0.0
190,mushuc-runa,imbabura,imbabura,3,Leandro Pantoja,miss,free-kick,26.6,59.6,0,right-foot,close-high-right,0,41.5,56.9,2601025,66,3921,59.6,26.6,58.5,0,58.5,43.1,25,1479,shot,0.0,0.0,0.0,0.0,0.0,0,0.0
191,mushuc-runa,imbabura,imbabura,3,Erick Mendoza,miss,assisted,37.5,38.9,0,right-foot,high,0,55.0,73.6,2600937,57,3368,38.9,37.5,45.0,0,45.0,26.4,34,2032,shot,0.0,0.0,0.0,0.0,0.0,0,0.0
192,mushuc-runa,imbabura,imbabura,3,Leandro Pantoja,miss,assisted,11.9,46.1,0,head,close-right,0,41.0,18.1,2600936,55,3286,46.1,11.9,59.0,0,59.0,81.9,36,2114,shot,0.0,0.0,0.0,0.0,0.0,0,0.0
193,mushuc-runa,imbabura,mushuc-runa,3,Joaquín Vergés,goal,assisted,13.9,47.6,0,right-foot,low-right,0,46.1,4.4,2600901,53,3142,47.6,13.9,53.9,0,53.9,95.6,38,2258,shot,0.0,0.0,0.0,0.0,0.0,regular,0.0
194,mushuc-runa,imbabura,mushuc-runa,3,Sergio Gonzalez,miss,assisted,23.0,33.9,0,right-foot,high-left,0,60.0,68.1,2600872,51,3024,33.9,23.0,40.0,0,40.0,31.9,40,2376,shot,0.0,0.0,0.0,0.0,0.0,0,0.0
195,mushuc-runa,imbabura,imbabura,3,Jacson Pita Mina,miss,corner,10.3,42.4,0,head,high-left,0,59.3,41.7,2600539,33,1948,42.4,10.3,40.7,0,40.7,58.3,13,752,shot,0.0,0.0,0.0,0.0,0.0,0,0.0
196,mushuc-runa,imbabura,imbabura,3,Federico Paz,block,regular,21.6,56.7,0,right-foot,low-centre,0,50.4,19.0,2600538,32,1898,56.7,21.6,49.6,0,49.6,81.0,14,802,shot,12.1,53.6,0.0,53.6,12.1,0,0.0
197,mushuc-runa,imbabura,imbabura,3,Leandro Pantoja,post,penalty,11.5,50.0,0,right-foot,right,0,44.8,5.1,2600511,31,1806,50.0,11.5,55.2,0,55.2,94.9,15,894,shot,0.0,0.0,0.0,0.0,0.0,0,0.0
198,mushuc-runa,imbabura,mushuc-runa,3,Dennis Quintero,miss,corner,5.7,48.8,0,head,right,0,39.5,18.1,2600476,27,1580,48.8,5.7,60.5,0,60.5,81.9,19,1120,shot,0.0,0.0,0.0,0.0,0.0,0,0.0
199,mushuc-runa,imbabura,imbabura,3,Leonar Espinoza,miss,assisted,22.5,77.8,0,left-foot,high,0,49.6,66.7,2600346,19,1124,77.8,22.5,50.4,0,50.4,33.3,27,1576,shot,0.0,0.0,0.0,0.0,0.0,0,0.0
200,mushuc-runa,imbabura,mushuc-runa,3,Jonathan Dos Santos,goal,assisted,7.1,57.8,0,right-foot,low-left,0,53.9,6.3,2600337,18,1033,57.8,7.1,46.1,0,46.1,93.7,28,1667,shot,0.0,0.0,0.0,0.0,0.0,regular,0.0
201,mushuc-runa,imbabura,mushuc-runa,3,Jonathan Dos Santos,goal,penalty,11.5,50.0,0,right-foot,low-left,0,54.0,13.9,2600275,13,775,50.0,11.5,46.0,0,46.0,86.1,33,1925,shot,0.0,0.0,0.0,0.0,0.0,penalty,0.0
202,mushuc-runa,imbabura,mushuc-runa,3,Joaquín Vergés,save,assisted,11.7,64.3,0,right-foot,low-centre,0,50.3,8.9,2600259,10,570,64.3,11.7,49.7,0,49.7,91.1,36,2130,shot,1.9,53.6,0.0,53.6,1.9,0,0.0
203,mushuc-runa,imbabura,mushuc-runa,3,Jonathan Dos Santos,miss,free-kick,25.3,55.1,0,right-foot,high-left,0,56.1,68.1,2600238,9,526,55.1,25.3,43.9,0,43.9,31.9,37,2174,shot,0.0,0.0,0.0,0.0,0.0,0,0.0
204,mushuc-runa,imbabura,mushuc-runa,3,Joaquín Vergés,miss,assisted,21.1,70.6,0,right-foot,left,0,62.2,16.7,2600205,7,408,70.6,21.1,37.8,0,37.8,83.3,39,2292,shot,0.0,0.0,0.0,0.0,0.0,0,0.0
205,mushuc-runa,imbabura,mushuc-runa,3,Mauricio Alonso,save,fast-break,13.1,56.9,0,right-foot,low-centre,0,48.7,15.2,2600183,6,343,56.9,13.1,51.3,0,51.3,84.8,40,2357,shot,6.7,55.1,0.0,55.1,6.7,0,0.0
206,mushuc-runa,imbabura,mushuc-runa,3,Steven Tapiero,block,regular,21.8,67.3,0,right-foot,low-centre,0,50.3,19.0,2600171,5,271,67.3,21.8,49.7,0,49.7,81.0,41,2429,shot,13.6,60.7,0.0,60.7,13.6,0,0.0
207,nacional,emelec,nacional,3,Andres Mena,miss,set-piece,24.8,54.6,0,left-foot,close-left,0,59.0,12.5,2609160,90,5695,54.6,24.8,41.0,0,41.0,87.5,1,605,shot,0.0,0.0,0.0,0.0,0.0,0,5.0
208,nacional,emelec,nacional,3,Teddye Lara,miss,corner,33.1,53.4,0,right-foot,right,0,36.3,27.8,2609162,88,5220,53.4,33.1,63.7,0,63.7,72.2,3,180,shot,8.9,57.4,0.0,57.4,8.9,0,0.0
209,nacional,emelec,nacional,3,Gustavo Asprilla,save,assisted,22.8,46.6,0,right-foot,low-right,0,46.3,19.6,2609144,87,5187,46.6,22.8,53.7,0,53.7,80.4,4,213,shot,1.5,49.6,0.0,49.6,1.5,0,0.0
210,nacional,emelec,nacional,3,Andres Mena,save,free-kick,25.9,77.3,0,left-foot,low-left,0,52.1,13.9,2609139,86,5100,77.3,25.9,47.9,0,47.9,86.1,5,300,shot,1.5,52.5,0.0,52.5,1.5,0,0.0
211,nacional,emelec,nacional,3,Jordy Burbano,save,set-piece,11.1,39.7,0,head,low-centre,0,50.3,17.1,2609133,82,4895,39.7,11.1,49.7,0,49.7,82.9,9,505,shot,2.0,46.9,0.0,46.9,2.0,0,0.0
212,nacional,emelec,nacional,3,Gustavo Asprilla,miss,assisted,5.7,58.1,0,head,close-right,0,41.7,22.2,2609127,73,4328,58.1,5.7,58.3,0,58.3,77.8,18,1072,shot,0.0,0.0,0.0,0.0,0.0,0,0.0
213,nacional,emelec,nacional,3,Andres Mena,save,assisted,12.1,64.8,0,right-foot,low-right,0,47.3,6.3,2609124,72,4280,64.8,12.1,52.7,0,52.7,93.7,19,1120,shot,1.2,54.3,0.0,54.3,1.2,0,0.0
214,nacional,emelec,nacional,3,Gustavo Asprilla,block,assisted,19.7,58.7,0,right-foot,low-centre,0,51.0,19.0,2609114,66,3945,58.7,19.7,49.0,0,49.0,81.0,25,1455,shot,10.9,54.3,0.0,54.3,10.9,0,0.0
215,nacional,emelec,emelec,3,Luis Fernando León,goal,penalty,11.5,50.0,0,right-foot,low-left,0,53.3,7.0,2609101,61,3630,50.0,11.5,46.7,0,46.7,93.0,30,1770,shot,0.0,0.0,0.0,0.0,0.0,penalty,0.0
216,nacional,emelec,emelec,3,Washington Corozo,miss,assisted,11.9,62.0,0,right-foot,high-right,0,40.3,59.7,2609082,52,3061,62.0,11.9,59.7,0,59.7,40.3,39,2339,shot,0.0,0.0,0.0,0.0,0.0,0,0.0
217,nacional,emelec,nacional,3,Jordy Burbano,miss,assisted,27.8,45.2,0,left-foot,right,0,40.0,12.5,2609045,46,2747,45.2,27.8,60.0,0,60.0,87.5,45,2653,shot,3.6,56.5,0.0,56.5,3.6,0,0.0
218,nacional,emelec,nacional,3,Kevin Peralta,miss,assisted,31.3,22.5,0,left-foot,high-right,0,44.0,70.8,2608991,42,2484,22.5,31.3,56.0,0,56.0,29.2,4,216,shot,0.0,0.0,0.0,0.0,0.0,0,0.0
219,nacional,emelec,nacional,3,Byron Torrez,save,assisted,23.0,73.4,0,right-foot,low-centre,0,49.7,17.7,2608957,39,2289,73.4,23.0,50.3,0,50.3,82.3,7,411,shot,2.4,51.6,0.0,51.6,2.4,0,0.0
220,nacional,emelec,nacional,3,Jordy Burbano,block,assisted,23.1,67.7,0,right-foot,low-centre,0,50.1,19.0,2608954,36,2155,67.7,23.1,49.9,0,49.9,81.0,10,545,shot,18.6,64.3,0.0,64.3,18.6,0,0.0
221,nacional,emelec,emelec,3,Facundo Castelli,miss,assisted,4.0,44.4,0,right-foot,high,0,50.3,65.3,2608948,33,1973,44.4,4.0,49.7,0,49.7,34.7,13,727,shot,0.0,0.0,0.0,0.0,0.0,0,0.0
222,nacional,emelec,emelec,3,Marcelo Meli,block,assisted,20.0,40.4,0,left-foot,low-centre,0,49.2,19.0,2608947,31,1843,40.4,20.0,50.8,0,50.8,81.0,15,857,shot,14.7,43.1,0.0,43.1,14.7,0,0.0
223,nacional,emelec,emelec,3,Luis Fernando León,save,free-kick,36.1,67.0,0,right-foot,low-centre,0,50.8,7.0,2608923,25,1498,67.0,36.1,49.2,0,49.2,93.0,21,1202,shot,1.1,52.2,0.0,52.2,1.1,0,0.0
224,nacional,emelec,nacional,3,Jordy Burbano,miss,corner,12.6,51.9,0,head,left,0,98.0,20.8,2608918,23,1321,51.9,12.6,2.0,0,2.0,79.2,23,1379,shot,10.9,46.8,0.0,46.8,10.9,0,0.0
225,nacional,emelec,nacional,3,Byron Torrez,miss,assisted,23.7,60.7,0,right-foot,close-high-right,0,41.8,48.6,2608891,20,1140,60.7,23.7,58.2,0,58.2,51.4,26,1560,shot,0.0,0.0,0.0,0.0,0.0,0,0.0
226,nacional,emelec,nacional,3,Jordy Burbano,save,assisted,11.3,44.4,0,right-foot,high-left,0,53.5,27.8,2608888,19,1094,44.4,11.3,46.5,0,46.5,72.2,27,1606,shot,0.099999999999994,49.5,0.0,49.5,0.099999999999994,0,0.0
227,nacional,emelec,nacional,3,Jhoel Maya,miss,assisted,18.9,41.1,0,left-foot,high-right,0,42.0,66.7,2608874,15,843,41.1,18.9,58.0,0,58.0,33.3,31,1857,shot,0.0,0.0,0.0,0.0,0.0,0,0.0
228,nacional,emelec,emelec,3,Aníbal Leguizamón,block,corner,9.9,44.6,0,head,low-centre,0,48.5,19.0,2608835,10,544,44.6,9.9,51.5,0,51.5,81.0,36,2156,shot,7.3,46.4,0.0,46.4,7.3,0,0.0
229,nacional,emelec,nacional,3,Jordy Burbano,miss,corner,12.2,41.2,0,left-foot,close-left,0,56.5,23.6,2608887,6,316,41.2,12.2,43.5,0,43.5,76.4,40,2384,shot,1.4,44.6,0.0,44.6,1.4,0,0.0
230,nacional,emelec,nacional,3,Byron Torrez,block,regular,26.2,76.5,0,right-foot,low-left,0,52.6,19.0,2608827,5,274,76.5,26.2,47.4,0,47.4,81.0,41,2426,shot,20.7,70.4,0.0,70.4,20.7,0,0.0
231,nacional,emelec,nacional,3,Josué Chala,miss,corner,22.0,32.6,0,right-foot,right,0,39.3,19.4,2608826,4,200,32.6,22.0,60.7,0,60.7,80.6,42,2500,shot,0.0,0.0,0.0,0.0,0.0,0,0.0
232,nacional,emelec,emelec,3,Jhon Sánchez,miss,fast-break,18.3,76.0,0,right-foot,high-left,0,57.3,77.8,2608829,3,121,76.0,18.3,42.7,0,42.7,22.2,43,2579,shot,0.0,0.0,0.0,0.0,0.0,0,0.0
233,nacional,emelec,nacional,3,Byron Torrez,block,assisted,27.0,42.2,0,left-foot,low-centre,0,50.5,19.0,2608825,2,111,42.2,27.0,49.5,0,49.5,81.0,44,2589,shot,20.8,43.9,0.0,43.9,20.8,0,0.0
234,aucas,nacional,nacional,4,Gustavo Asprilla,save,corner,10.7,71.8,0,right-foot,low-centre,0,49.3,5.1,2618488,86,5157,71.8,10.7,50.7,0,50.7,94.9,5,243,shot,1.8,53.1,0.0,53.1,1.8,0,0.0
235,aucas,nacional,aucas,4,Jean Carlos Blanco,goal,corner,7.3,48.3,0,head,low-left,0,53.9,18.4,2618427,85,5042,48.3,7.3,46.1,0,46.1,81.6,6,358,shot,0.0,0.0,0.0,0.0,0.0,regular,0.0
236,aucas,nacional,aucas,4,Jeison Medina,save,assisted,9.9,53.2,0,other,low-right,0,45.9,17.7,2618426,84,5015,53.2,9.9,54.1,0,54.1,82.3,7,385,shot,0.59999999999999,50.9,0.0,50.9,0.59999999999999,0,0.0
237,aucas,nacional,aucas,4,Carlos Rolón,save,corner,6.2,51.6,0,head,low-right,0,46.1,9.5,2618429,83,4941,51.6,6.2,53.9,0,53.9,90.5,8,459,shot,1.2,52.0,0.0,52.0,1.2,0,0.0
238,aucas,nacional,aucas,4,Edison Vega,block,regular,23.6,58.2,0,left-foot,low-left,0,51.9,19.0,2618425,82,4905,58.2,23.6,48.1,0,48.1,81.0,9,495,shot,12.0,53.2,0.0,53.2,12.0,0,0.0
239,aucas,nacional,nacional,4,Jordy Burbano,goal,regular,11.2,43.3,0,right-foot,low-right,0,46.4,17.7,2618419,81,4811,43.3,11.2,53.6,0,53.6,82.3,10,589,shot,0.0,0.0,0.0,0.0,0.0,regular,0.0
240,aucas,nacional,nacional,4,Bryan Tana,block,regular,24.1,63.0,0,right-foot,low-centre,0,48.5,19.0,2618420,80,4784,63.0,24.1,51.5,0,51.5,81.0,11,616,shot,20.3,61.2,0.0,61.2,20.3,0,0.0
241,aucas,nacional,nacional,4,Luis Gomez,block,assisted,18.9,70.3,0,right-foot,low-left,0,52.3,19.0,2618418,80,4749,70.3,18.9,47.7,0,47.7,81.0,11,651,shot,13.4,65.3,0.0,65.3,13.4,0,0.0
242,aucas,nacional,aucas,4,Luis Cano,miss,assisted,16.9,62.4,0,right-foot,high,0,47.6,68.1,2618406,66,3935,62.4,16.9,52.4,0,52.4,31.9,25,1465,shot,0.0,0.0,0.0,0.0,0.0,0,0.0
243,aucas,nacional,nacional,4,Byron Palacios,goal,assisted,7.8,57.8,0,head,low-right,0,45.7,2.5,2618395,61,3604,57.8,7.8,54.3,0,54.3,97.5,30,1796,shot,0.0,0.0,0.0,0.0,0.0,regular,0.0
244,aucas,nacional,aucas,4,Ronald Briones,block,regular,12.6,42.1,0,right-foot,low-left,0,52.5,19.0,2618482,57,3407,42.1,12.6,47.5,0,47.5,81.0,34,1993,shot,8.9,43.7,0.0,43.7,8.9,0,0.0
245,aucas,nacional,aucas,4,Ronald Briones,block,regular,13.4,41.2,0,left-foot,low-left,0,52.8,19.0,2618392,57,3405,41.2,13.4,47.2,0,47.2,81.0,34,1995,shot,11.5,42.1,0.0,42.1,11.5,0,0.0
246,aucas,nacional,aucas,4,Juan Gonzalez,miss,corner,24.9,60.9,0,right-foot,left,0,59.3,4.2,2618382,56,3331,60.9,24.9,40.7,0,40.7,95.8,35,2069,shot,0.0,0.0,0.0,0.0,0.0,0,0.0
247,aucas,nacional,nacional,4,Tomson Minda,save,fast-break,12.4,67.5,0,right-foot,high-centre,0,51.2,26.6,2618372,52,3112,67.5,12.4,48.8,0,48.8,73.4,39,2288,shot,1.2,52.5,0.0,52.5,1.2,0,0.0
248,aucas,nacional,nacional,4,Antony Chere,miss,fast-break,5.9,29.8,0,left-foot,close-right,0,41.0,5.6,2618376,52,3074,29.8,5.9,59.0,0,59.0,94.4,39,2326,shot,0.0,0.0,0.0,0.0,0.0,0,0.0
249,aucas,nacional,aucas,4,Michael Carcelén,miss,assisted,29.5,55.1,0,right-foot,high-right,0,42.7,77.8,2618369,50,2999,55.1,29.5,57.3,0,57.3,22.2,41,2401,shot,0.0,0.0,0.0,0.0,0.0,0,0.0
250,aucas,nacional,nacional,4,Bryan Tana,miss,regular,31.7,41.9,0,right-foot,high-right,0,42.5,66.7,2618368,50,2954,41.9,31.7,57.5,0,57.5,33.3,41,2446,shot,0.0,0.0,0.0,0.0,0.0,0,0.0
251,aucas,nacional,aucas,4,Edison Vega,miss,throw-in-set-piece,24.5,41.9,0,left-foot,right,0,35.0,5.6,2618360,46,2753,41.9,24.5,65.0,0,65.0,94.4,45,2647,shot,0.0,0.0,0.0,0.0,0.0,0,0.0
252,aucas,nacional,aucas,4,Jean Carlos Blanco,goal,assisted,8.8,49.0,0,right-foot,low-left,0,54.3,4.4,2618293,45,2739,49.0,8.8,45.7,0,45.7,95.6,1,2661,shot,0.0,0.0,0.0,0.0,0.0,regular,1.0
253,aucas,nacional,nacional,4,Bryan Tana,save,assisted,29.7,44.8,0,right-foot,low-centre,0,50.9,13.9,2618288,45,2641,44.8,29.7,49.1,0,49.1,86.1,1,59,shot,1.8,47.7,0.0,47.7,1.8,0,0.0
254,aucas,nacional,aucas,4,Michael Carcelén,miss,fast-break,10.5,57.9,0,right-foot,high-left,0,58.0,88.9,2618287,44,2590,57.9,10.5,42.0,0,42.0,11.1,2,110,shot,0.0,0.0,0.0,0.0,0.0,0,0.0
255,aucas,nacional,aucas,4,Luis Cano,save,assisted,18.0,35.5,0,right-foot,high-centre,0,51.2,31.6,2618262,34,2004,35.5,18.0,48.8,0,48.8,68.4,12,696,shot,1.1,47.1,0.0,47.1,1.1,0,0.0
256,aucas,nacional,nacional,4,Byron Palacios,save,assisted,10.5,68.9,0,right-foot,low-right,0,46.9,10.8,2618258,31,1832,68.9,10.5,53.1,0,53.1,89.2,15,868,shot,1.6,53.4,0.0,53.4,1.6,0,0.0
257,aucas,nacional,nacional,4,Eddy Mejía,goal,assisted,8.5,30.9,0,left-foot,high-left,0,52.7,33.5,2618252,29,1693,30.9,8.5,47.3,0,47.3,66.5,17,1007,shot,0.0,0.0,0.0,0.0,0.0,regular,0.0
258,aucas,nacional,nacional,4,Bryan Tana,miss,regular,26.3,58.2,0,right-foot,left,0,63.5,19.4,2618255,29,1686,58.2,26.3,36.5,0,36.5,80.6,17,1014,shot,17.2,52.2,0.0,52.2,17.2,0,0.0
259,aucas,nacional,aucas,4,Carlos Rolón,miss,set-piece,13.2,61.4,0,head,close-right,0,41.3,18.1,2618245,24,1424,61.4,13.2,58.7,0,58.7,81.9,22,1276,shot,0.0,0.0,0.0,0.0,0.0,0,0.0
260,aucas,nacional,nacional,4,Kevin Peralta,miss,regular,32.1,42.7,0,right-foot,high-right,0,38.5,55.6,2618238,22,1302,42.7,32.1,61.5,0,61.5,44.4,24,1398,shot,0.0,0.0,0.0,0.0,0.0,0,0.0
261,aucas,nacional,nacional,4,Tomson Minda,miss,assisted,9.7,60.5,0,head,left,0,66.9,16.7,2618235,21,1222,60.5,9.7,33.1,0,33.1,83.3,25,1478,shot,2.4,45.5,0.0,45.5,2.4,0,0.0
262,aucas,nacional,aucas,4,Carlos Rolón,save,set-piece,11.9,56.9,0,head,high-centre,0,51.2,25.3,2618234,20,1196,56.9,11.9,48.8,0,48.8,74.7,26,1504,shot,0.59999999999999,51.3,0.0,51.3,0.59999999999999,0,0.0
263,aucas,nacional,aucas,4,Luis Cano,miss,free-kick,32.0,92.4,0,right-foot,high-left,0,56.0,73.6,2618226,19,1101,92.4,32.0,44.0,0,44.0,26.4,27,1599,shot,0.0,0.0,0.0,0.0,0.0,0,0.0
264,aucas,nacional,nacional,4,Byron Palacios,miss,regular,23.3,72.0,0,right-foot,right,0,39.8,19.4,2618222,17,985,72.0,23.3,60.2,0,60.2,80.6,29,1715,shot,0.0,0.0,0.0,0.0,0.0,0,0.0
265,aucas,nacional,aucas,4,Juan Gonzalez,miss,regular,26.0,72.2,0,left-foot,left,0,59.8,11.1,2618218,16,948,72.2,26.0,40.2,0,40.2,88.9,30,1752,shot,0.0,0.0,0.0,0.0,0.0,0,0.0
266,aucas,nacional,aucas,4,Luis Cano,miss,assisted,9.0,51.6,0,right-foot,right,0,25.7,5.6,2618212,14,806,51.6,9.0,74.3,0,74.3,94.4,32,1894,shot,1.5,59.4,0.0,59.4,1.5,0,0.0
267,aucas,nacional,nacional,4,Eddy Mejía,post,assisted,8.1,29.7,0,left-foot,right,0,44.8,3.2,2618217,13,749,29.7,8.1,55.2,0,55.2,96.8,33,1951,shot,0.0,0.0,0.0,0.0,0.0,0,0.0
268,aucas,nacional,nacional,4,Byron Palacios,miss,assisted,23.0,33.0,0,right-foot,high-right,0,38.8,69.4,2618206,10,557,33.0,23.0,61.2,0,61.2,30.6,36,2143,shot,0.0,0.0,0.0,0.0,0.0,0,0.0
269,aucas,nacional,nacional,4,Antony Chere,goal,assisted,5.0,40.9,0,right-foot,low-centre,0,49.0,3.8,2618200,8,455,40.9,5.0,51.0,0,51.0,96.2,38,2245,shot,0.0,0.0,0.0,0.0,0.0,regular,0.0
270,aucas,nacional,aucas,4,Jean Carlos Blanco,goal,assisted,5.1,52.6,0,head,low-right,0,48.1,8.2,2618192,4,205,52.6,5.1,51.9,0,51.9,91.8,42,2495,shot,0.0,0.0,0.0,0.0,0.0,regular,0.0
271,cuenca,macara,cuenca,4,Vilinton Branda,save,regular,27.9,65.8,0,left-foot,low-centre,0,50.3,5.7,2618107,90,5808,65.8,27.9,49.7,0,49.7,94.3,1,492,shot,3.5,52.7,0.0,52.7,3.5,0,7.0
272,cuenca,macara,macara,4,Freddy Mina,miss,assisted,33.7,26.7,0,right-foot,close-high-right,0,44.0,51.4,2618101,90,5738,26.7,33.7,56.0,0,56.0,48.6,1,562,shot,0.0,0.0,0.0,0.0,0.0,0,6.0
273,cuenca,macara,cuenca,4,Vilinton Branda,miss,assisted,22.7,57.6,0,left-foot,close-left,0,58.0,34.7,2618099,90,5655,57.6,22.7,42.0,0,42.0,65.3,1,645,shot,0.0,0.0,0.0,0.0,0.0,0,5.0
274,cuenca,macara,cuenca,4,Pablo Daniel Magnin,block,assisted,12.6,57.7,0,left-foot,low-centre,0,49.3,19.0,2618111,90,5511,57.7,12.6,50.7,0,50.7,81.0,1,789,shot,8.5,55.4,0.0,55.4,8.5,0,2.0
275,cuenca,macara,cuenca,4,Sixto Mina,miss,set-piece,15.9,48.8,0,head,left,0,60.2,2.8,2618091,89,5322,48.8,15.9,39.8,0,39.8,97.2,2,78,shot,0.0,0.0,0.0,0.0,0.0,0,0.0
276,cuenca,macara,macara,4,Janpol Morales,miss,assisted,30.4,44.0,0,right-foot,close-high-right,0,41.8,59.7,2618085,87,5192,44.0,30.4,58.2,0,58.2,40.3,4,208,shot,0.0,0.0,0.0,0.0,0.0,0,0.0
277,cuenca,macara,macara,4,Leonel Álvarez,miss,regular,28.3,12.6,0,right-foot,high,0,51.3,88.9,2618084,86,5134,12.6,28.3,48.7,0,48.7,11.1,5,266,shot,0.0,0.0,0.0,0.0,0.0,0,0.0
278,cuenca,macara,macara,4,Leonel Álvarez,miss,assisted,37.1,45.7,0,right-foot,high-right,0,43.2,86.1,2618078,83,4928,45.7,37.1,56.8,0,56.8,13.9,8,472,shot,0.0,0.0,0.0,0.0,0.0,0,0.0
279,cuenca,macara,macara,4,Freddy Mina,block,free-kick,27.4,55.2,0,right-foot,low-centre,0,51.0,19.0,2618077,82,4885,55.2,27.4,49.0,0,49.0,81.0,9,515,shot,16.4,52.7,0.0,52.7,16.4,0,0.0
280,cuenca,macara,macara,4,Janpol Morales,miss,assisted,13.8,37.9,0,right-foot,right,0,30.4,11.1,2618071,78,4665,37.9,13.8,69.6,0,69.6,88.9,13,735,shot,0.0,0.0,0.0,0.0,0.0,0,0.0
281,cuenca,macara,cuenca,4,Luis Aldair Arroyo Cabeza,miss,assisted,17.8,24.0,0,right-foot,left,0,59.3,12.5,2618070,76,4540,24.0,17.8,40.7,0,40.7,87.5,15,860,shot,0.0,0.0,0.0,0.0,0.0,0,0.0
282,cuenca,macara,macara,4,Freddy Mina,block,throw-in-set-piece,18.9,53.6,0,left-foot,low-right,0,46.3,19.0,2618069,73,4348,53.6,18.9,53.7,0,53.7,81.0,18,1052,shot,14.7,53.6,0.0,53.6,14.7,0,0.0
283,cuenca,macara,macara,4,Gino Barbieri,block,assisted,11.5,46.9,0,head,low-right,0,47.1,19.0,2618060,66,3929,46.9,11.5,52.9,0,52.9,81.0,25,1471,shot,9.0,48.2,0.0,48.2,9.0,0,0.0
284,cuenca,macara,macara,4,Freddy Mina,goal,assisted,5.6,32.8,0,left-foot,high-left,0,52.6,20.9,2618056,60,3596,32.8,5.6,47.4,0,47.4,79.1,31,1804,shot,0.0,0.0,0.0,0.0,0.0,regular,0.0
285,cuenca,macara,macara,4,Leonel Álvarez,block,free-kick,24.7,68.7,0,right-foot,low-centre,0,49.9,19.0,2618020,56,3313,68.7,24.7,50.1,0,50.1,81.0,35,2087,shot,14.7,61.2,0.0,61.2,14.7,0,0.0
286,cuenca,macara,cuenca,4,Lucas Mancinelli,goal,penalty,11.5,50.0,0,right-foot,low-centre,0,50.3,3.2,2618019,51,3023,50.0,11.5,49.7,0,49.7,96.8,40,2377,shot,0.0,0.0,0.0,0.0,0.0,penalty,0.0
287,cuenca,macara,macara,4,Jorge Valdez,block,assisted,12.0,67.3,0,left-foot,low-left,0,52.4,19.0,2617990,44,2584,67.3,12.0,47.6,0,47.6,81.0,2,116,shot,9.2,62.6,0.0,62.6,9.2,0,0.0
288,cuenca,macara,macara,4,Freddy Mina,save,free-kick,28.1,28.0,0,right-foot,low-left,0,53.2,1.9,2617989,37,2204,28.0,28.1,46.8,0,46.8,98.1,9,496,shot,3.8,49.5,0.0,49.5,3.8,0,0.0
289,cuenca,macara,macara,4,Emiliano Romero,block,regular,28.9,43.9,0,right-foot,low-centre,0,50.3,19.0,2617986,33,1923,43.9,28.9,49.7,0,49.7,81.0,13,777,shot,16.4,46.4,0.0,46.4,16.4,0,0.0
290,cuenca,macara,macara,4,Freddy Mina,miss,assisted,19.6,32.4,0,right-foot,right,0,8.4,13.9,2617987,32,1912,32.4,19.6,91.6,0,91.6,86.1,14,788,shot,11.5,79.1,0.0,79.1,11.5,0,0.0
291,cuenca,macara,macara,4,Facundo Pons,save,assisted,29.0,55.2,0,right-foot,low-centre,0,50.0,4.4,2617965,19,1123,55.2,29.0,50.0,0,50.0,95.6,27,1577,shot,1.6,51.1,0.0,51.1,1.6,0,0.0
292,cuenca,macara,cuenca,4,Danny Luna,save,assisted,27.1,44.8,0,left-foot,low-centre,0,51.4,10.8,2617963,17,1002,44.8,27.1,48.6,0,48.6,89.2,29,1698,shot,2.5,48.4,0.0,48.4,2.5,0,0.0
293,cuenca,macara,cuenca,4,Lucas Mancinelli,miss,set-piece,5.7,68.2,0,right-foot,close-right,0,41.7,5.6,2617961,16,908,68.2,5.7,58.3,0,58.3,94.4,30,1792,shot,0.0,0.0,0.0,0.0,0.0,0,0.0
294,cuenca,macara,macara,4,Gino Barbieri,save,set-piece,3.0,53.9,0,right-foot,low-right,0,47.5,2.5,2617960,12,673,53.9,3.0,52.5,0,52.5,97.5,34,2027,shot,1.4,52.2,0.0,52.2,1.4,0,0.0
295,cuenca,macara,macara,4,Jorge Valdez,save,free-kick,24.6,74.4,0,right-foot,low-centre,0,49.9,13.3,2617958,12,672,74.4,24.6,50.1,0,50.1,86.7,34,2028,shot,2.7,52.0,0.0,52.0,2.7,0,0.0
296,cuenca,macara,macara,4,Freddy Mina,save,assisted,28.4,65.8,0,right-foot,high-left,0,52.3,22.2,2617957,7,376,65.8,28.4,47.7,0,47.7,77.8,39,2324,shot,1.8,52.9,0.0,52.9,1.8,0,0.0
297,cumbaya,mushuc-runa,cumbaya,4,Elian Carabali,goal,penalty,11.5,50.0,0,left-foot,low-centre,0,48.5,10.1,2615376,90,6049,50.0,11.5,51.5,0,51.5,89.9,1,251,shot,0.0,0.0,0.0,0.0,0.0,penalty,11.0
298,cumbaya,mushuc-runa,cumbaya,4,Alejandro Altuna,block,assisted,19.8,51.2,0,right-foot,low-centre,0,49.9,19.0,2615374,90,5900,51.2,19.8,50.1,0,50.1,81.0,1,400,shot,11.4,50.7,0.0,50.7,11.4,0,9.0
299,cumbaya,mushuc-runa,mushuc-runa,4,Sergio Gonzalez,goal,regular,13.2,42.7,0,right-foot,high-left,0,52.3,31.0,2615351,90,5790,42.7,13.2,47.7,0,47.7,69.0,1,510,shot,0.0,0.0,0.0,0.0,0.0,regular,7.0
300,cumbaya,mushuc-runa,mushuc-runa,4,Jerry Parrales,save,penalty,11.5,50.0,0,right-foot,low-centre,0,50.5,10.1,2615348,90,5668,50.0,11.5,49.5,0,49.5,89.9,1,632,shot,0.3,50.2,0.0,50.2,0.3,0,5.0
301,cumbaya,mushuc-runa,mushuc-runa,4,Joaquín Vergés,miss,assisted,10.6,41.2,0,right-foot,right,0,29.9,19.4,2615345,89,5288,41.2,10.6,70.1,0,70.1,80.6,2,112,shot,5.1,60.5,0.0,60.5,5.1,0,0.0
302,cumbaya,mushuc-runa,mushuc-runa,4,Jean Carlos Estacio,miss,corner,24.4,59.3,0,right-foot,high,0,50.6,70.8,2615339,79,4702,59.3,24.4,49.4,0,49.4,29.2,12,698,shot,0.0,0.0,0.0,0.0,0.0,0,0.0
303,cumbaya,mushuc-runa,mushuc-runa,4,Dennis Quintero,miss,corner,7.9,59.7,0,other,left,0,82.9,36.1,2615335,79,4695,59.7,7.9,17.1,0,17.1,63.9,12,705,shot,4.4,40.2,0.0,40.2,4.4,0,0.0
304,cumbaya,mushuc-runa,mushuc-runa,4,Sergio Gonzalez,miss,regular,11.5,26.3,0,left-foot,high,0,44.2,62.5,2615331,73,4376,26.3,11.5,55.8,0,55.8,37.5,18,1024,shot,0.0,0.0,0.0,0.0,0.0,0,0.0
305,cumbaya,mushuc-runa,cumbaya,4,Elian Carabali,goal,assisted,6.9,47.4,0,head,high-centre,0,51.7,25.3,2615327,67,3987,47.4,6.9,48.3,0,48.3,74.7,24,1413,shot,0.0,0.0,0.0,0.0,0.0,regular,0.0
306,cumbaya,mushuc-runa,cumbaya,4,Luis Gustavino,miss,corner,7.2,56.4,0,head,close-right,0,42.7,25.0,2615326,66,3902,56.4,7.2,57.3,0,57.3,75.0,25,1498,shot,0.0,0.0,0.0,0.0,0.0,0,0.0
307,cumbaya,mushuc-runa,cumbaya,4,Melvin Diaz,block,assisted,15.0,27.8,0,right-foot,low-centre,0,50.2,19.0,2615325,65,3861,27.8,15.0,49.8,0,49.8,81.0,26,1539,shot,10.2,34.8,0.0,34.8,10.2,0,0.0
308,cumbaya,mushuc-runa,mushuc-runa,4,Mauricio Alonso,miss,assisted,21.4,72.1,0,right-foot,close-left,0,57.0,5.6,2615324,60,3546,72.1,21.4,43.0,0,43.0,94.4,31,1854,shot,0.0,0.0,0.0,0.0,0.0,0,0.0
309,cumbaya,mushuc-runa,mushuc-runa,4,Sergio Gonzalez,miss,assisted,10.6,37.0,0,right-foot,close-high-right,0,41.3,44.4,2615323,58,3470,37.0,10.6,58.7,0,58.7,55.6,33,1930,shot,0.0,0.0,0.0,0.0,0.0,0,0.0
310,cumbaya,mushuc-runa,cumbaya,4,Ariel Almagro,save,assisted,15.3,31.1,0,left-foot,low-left,0,53.2,4.4,2615322,57,3392,31.1,15.3,46.8,0,46.8,95.6,34,2008,shot,1.9,47.7,0.0,47.7,1.9,0,0.0
311,cumbaya,mushuc-runa,mushuc-runa,4,Joaquín Vergés,miss,free-kick,19.4,29.5,0,right-foot,close-high,0,47.4,58.3,2615319,56,3317,29.5,19.4,52.6,0,52.6,41.7,35,2083,shot,0.0,0.0,0.0,0.0,0.0,0,0.0
312,cumbaya,mushuc-runa,mushuc-runa,4,Mauricio Alonso,block,regular,20.5,79.9,0,right-foot,low-centre,0,50.3,19.0,2615321,50,2981,79.9,20.5,49.7,0,49.7,81.0,41,2419,shot,17.7,75.8,0.0,75.8,17.7,0,0.0
313,cumbaya,mushuc-runa,mushuc-runa,4,Sergio Gonzalez,miss,assisted,11.2,71.7,0,right-foot,left,0,70.8,6.9,2615318,48,2847,71.7,11.2,29.2,0,29.2,93.1,43,2553,shot,3.6,50.2,0.0,50.2,3.6,0,0.0
314,cumbaya,mushuc-runa,cumbaya,4,Gorman Estacio,miss,regular,35.8,80.1,0,right-foot,high,0,55.5,68.1,2615286,43,2567,80.1,35.8,44.5,0,44.5,31.9,3,133,shot,0.0,0.0,0.0,0.0,0.0,0,0.0
315,cumbaya,mushuc-runa,cumbaya,4,Melvin Diaz,miss,assisted,32.7,79.2,0,left-foot,close-right,0,42.2,5.6,2615285,43,2544,79.2,32.7,57.8,0,57.8,94.4,3,156,shot,0.0,0.0,0.0,0.0,0.0,0,0.0
316,cumbaya,mushuc-runa,cumbaya,4,Franco Suárez,save,corner,8.6,70.7,0,left-foot,low-centre,0,49.6,18.4,2615284,42,2464,70.7,8.6,50.4,0,50.4,81.6,4,236,shot,1.8,55.4,0.0,55.4,1.8,0,0.0
317,cumbaya,mushuc-runa,cumbaya,4,Augusto Magoia,miss,assisted,6.1,46.5,0,right-foot,left,0,62.2,5.6,2615283,38,2230,46.5,6.1,37.8,0,37.8,94.4,8,470,shot,0.0,0.0,0.0,0.0,0.0,0,0.0
318,cumbaya,mushuc-runa,mushuc-runa,4,Joaquín Vergés,miss,assisted,14.6,46.1,0,right-foot,high,0,46.2,75.0,2615282,34,2000,46.1,14.6,53.8,0,53.8,25.0,12,700,shot,0.0,0.0,0.0,0.0,0.0,0,0.0
319,cumbaya,mushuc-runa,mushuc-runa,4,Rody Zambrano,block,assisted,41.0,38.9,0,left-foot,low-right,0,48.1,19.0,2615281,33,1955,38.9,41.0,51.9,0,51.9,81.0,13,745,shot,18.5,46.0,0.0,46.0,18.5,0,0.0
320,cumbaya,mushuc-runa,mushuc-runa,4,Joaquín Vergés,miss,assisted,6.0,54.3,0,head,right,0,38.8,37.5,2615280,30,1790,54.3,6.0,61.2,0,61.2,62.5,16,910,shot,0.0,0.0,0.0,0.0,0.0,0,0.0
321,cumbaya,mushuc-runa,mushuc-runa,4,Jerry Parrales,block,corner,13.2,42.5,0,left-foot,low-centre,0,49.4,19.0,2615279,29,1710,42.5,13.2,50.6,0,50.6,81.0,17,990,shot,9.8,44.6,0.0,44.6,9.8,0,0.0
322,cumbaya,mushuc-runa,mushuc-runa,4,Diego Ledesma,save,fast-break,8.6,51.9,0,head,low-left,0,52.6,9.5,2615278,28,1658,51.9,8.6,47.4,0,47.4,90.5,18,1042,shot,0.90000000000001,50.7,0.0,50.7,0.90000000000001,0,0.0
323,cumbaya,mushuc-runa,mushuc-runa,4,Jean Carlos Estacio,miss,corner,27.7,43.7,0,right-foot,close-right,0,40.8,30.6,2615277,27,1600,43.7,27.7,59.2,0,59.2,69.4,19,1100,shot,0.0,0.0,0.0,0.0,0.0,0,0.0
324,cumbaya,mushuc-runa,cumbaya,4,Luis Caicedo,miss,free-kick,11.5,14.1,0,right-foot,high,0,50.4,61.1,2615274,24,1389,14.1,11.5,49.6,0,49.6,38.9,22,1311,shot,0.0,0.0,0.0,0.0,0.0,0,0.0
325,cumbaya,mushuc-runa,mushuc-runa,4,Joaquín Vergés,miss,regular,23.6,56.5,0,left-foot,close-high,0,49.6,59.7,2615272,14,836,56.5,23.6,50.4,0,50.4,40.3,32,1864,shot,0.0,0.0,0.0,0.0,0.0,0,0.0
326,cumbaya,mushuc-runa,cumbaya,4,Luis Caicedo,save,free-kick,27.3,25.8,0,right-foot,low-centre,0,50.6,7.0,2615270,11,611,25.8,27.3,49.4,0,49.4,93.0,35,2089,shot,3.3,47.5,0.0,47.5,3.3,0,0.0
327,cumbaya,mushuc-runa,mushuc-runa,4,Diego Ledesma,miss,assisted,14.0,31.2,0,left-foot,close-left,0,57.3,12.5,2615264,5,251,31.2,14.0,42.7,0,42.7,87.5,41,2449,shot,0.0,0.0,0.0,0.0,0.0,0,0.0
328,emelec,delfin,delfin,4,Kevin Sambonino,save,corner,23.1,51.8,0,right-foot,low-right,0,46.0,2.5,2621308,90,5586,51.8,23.1,54.0,0,54.0,97.5,1,714,shot,1.6,50.5,0.0,50.5,1.6,0,4.0
329,emelec,delfin,delfin,4,Jose Enrique Angulo,save,assisted,19.8,37.4,0,right-foot,low-left,0,52.1,3.8,2621304,90,5386,37.4,19.8,47.9,0,47.9,96.2,1,14,shot,1.5,50.2,0.0,50.2,1.5,0,0.0
330,emelec,delfin,emelec,4,Rodrigo Rivero,block,free-kick,30.9,54.8,0,left-foot,low-centre,0,48.2,19.0,2621309,80,4775,54.8,30.9,51.8,0,51.8,81.0,11,625,shot,22.4,54.0,0.0,54.0,22.4,0,0.0
331,emelec,delfin,emelec,4,Rodrigo Rivero,block,fast-break,12.6,48.7,0,left-foot,low-right,0,47.7,19.0,2621305,76,4517,48.7,12.6,52.3,0,52.3,81.0,15,883,shot,10.6,49.3,0.0,49.3,10.6,0,0.0
332,emelec,delfin,delfin,4,Kevin Sambonino,block,corner,19.9,52.1,0,right-foot,low-centre,0,49.2,19.0,2621267,76,4504,52.1,19.9,50.8,0,50.8,81.0,15,896,shot,9.9,51.4,0.0,51.4,9.9,0,0.0
333,emelec,delfin,emelec,4,Washington Corozo,miss,regular,19.8,34.9,0,left-foot,high-left,0,59.0,69.4,2621260,72,4285,34.9,19.8,41.0,0,41.0,30.6,19,1115,shot,0.0,0.0,0.0,0.0,0.0,0,0.0
334,emelec,delfin,emelec,4,Facundo Castelli,block,regular,16.5,57.7,0,right-foot,low-right,0,47.2,19.0,2621259,72,4282,57.7,16.5,52.8,0,52.8,81.0,19,1118,shot,13.1,56.7,0.0,56.7,13.1,0,0.0
335,emelec,delfin,delfin,4,Juan Manuel Elordi,block,regular,22.9,38.7,0,left-foot,low-centre,0,51.8,19.0,2621269,66,3921,38.7,22.9,48.2,0,48.2,81.0,25,1479,shot,17.9,40.8,0.0,40.8,17.9,0,0.0
336,emelec,delfin,delfin,4,Mejia Marcos,block,assisted,19.3,53.1,0,left-foot,low-centre,0,49.4,19.0,2621265,66,3920,53.1,19.3,50.6,0,50.6,81.0,25,1480,shot,13.6,52.3,0.0,52.3,13.6,0,0.0
337,emelec,delfin,emelec,4,Romario Caicedo,goal,corner,3.7,52.4,0,left-foot,high-centre,0,48.7,28.5,2621239,61,3633,52.4,3.7,51.3,0,51.3,71.5,30,1767,shot,0.0,0.0,0.0,0.0,0.0,regular,0.0
338,emelec,delfin,emelec,4,Facundo Castelli,goal,assisted,13.0,47.9,0,right-foot,low-centre,0,51.0,7.0,2621231,57,3385,47.9,13.0,49.0,0,49.0,93.0,34,2015,shot,0.0,0.0,0.0,0.0,0.0,regular,0.0
339,emelec,delfin,delfin,4,Luis Castro,save,regular,21.8,64.9,0,right-foot,low-left,0,52.6,19.6,2621221,52,3112,64.9,21.8,47.4,0,47.4,80.4,39,2288,shot,1.6,51.4,0.0,51.4,1.6,0,0.0
340,emelec,delfin,emelec,4,Marcelo Meli,miss,assisted,28.0,47.3,0,right-foot,high-right,0,36.3,55.6,2621172,45,2691,47.3,28.0,63.7,0,63.7,44.4,1,9,shot,0.0,0.0,0.0,0.0,0.0,0,0.0
341,emelec,delfin,emelec,4,Washington Corozo,block,regular,11.3,38.5,0,head,low-right,0,47.1,19.0,2621169,45,2680,38.5,11.3,52.9,0,52.9,81.0,1,20,shot,2.7,49.5,0.0,49.5,2.7,0,0.0
342,emelec,delfin,emelec,4,Jhon Sánchez,block,assisted,2.9,39.9,0,head,low-right,0,47.6,19.0,2621167,45,2679,39.9,2.9,52.4,0,52.4,81.0,1,21,shot,0.5,50.4,0.0,50.4,0.5,0,0.0
343,emelec,delfin,delfin,4,Jose Enrique Angulo,block,assisted,27.6,29.5,0,right-foot,low-left,0,51.9,19.0,2621154,44,2588,29.5,27.6,48.1,0,48.1,81.0,2,112,shot,19.2,35.2,0.0,35.2,19.2,0,0.0
344,emelec,delfin,delfin,4,Mariano Miño,miss,assisted,18.5,65.2,0,right-foot,close-right,0,42.7,30.6,2621153,43,2538,65.2,18.5,57.3,0,57.3,69.4,3,162,shot,0.0,0.0,0.0,0.0,0.0,0,0.0
345,emelec,delfin,delfin,4,Jostin Alman,block,assisted,13.4,46.6,0,left-foot,low-centre,0,51.7,19.0,2621152,42,2483,46.6,13.4,48.3,0,48.3,81.0,4,217,shot,10.9,46.9,0.0,46.9,10.9,0,0.0
346,emelec,delfin,emelec,4,Marcelo Meli,post,assisted,4.0,41.3,0,right-foot,high,0,53.1,39.9,2621177,40,2370,41.3,4.0,46.9,0,46.9,60.1,6,330,shot,0.0,0.0,0.0,0.0,0.0,0,0.0
347,emelec,delfin,emelec,4,Aníbal Leguizamón,miss,corner,7.9,63.2,0,right-foot,left,0,61.3,8.3,2621176,40,2365,63.2,7.9,38.7,0,38.7,91.7,6,335,shot,2.9,44.0,0.0,44.0,2.9,0,0.0
348,emelec,delfin,delfin,4,Maikel Reyes,block,assisted,19.8,58.6,0,right-foot,low-centre,0,49.4,19.0,2621166,38,2246,58.6,19.8,50.6,0,50.6,81.0,8,454,shot,11.5,55.2,0.0,55.2,11.5,0,0.0
349,emelec,delfin,emelec,4,Facundo Castelli,miss,corner,12.0,46.8,0,head,high-right,0,35.6,43.1,2621144,36,2152,46.8,12.0,64.4,0,64.4,56.9,10,548,shot,0.0,0.0,0.0,0.0,0.0,0,0.0
350,emelec,delfin,emelec,4,Washington Corozo,save,assisted,14.5,61.0,0,right-foot,low-centre,0,48.5,10.8,2621121,36,2118,61.0,14.5,51.5,0,51.5,89.2,10,582,shot,2.8,52.0,0.0,52.0,2.8,0,0.0
351,emelec,delfin,delfin,4,Jose Enrique Angulo,miss,corner,22.5,50.3,0,right-foot,close-high-right,0,42.2,58.3,2621108,24,1400,50.3,22.5,57.8,0,57.8,41.7,22,1300,shot,0.0,0.0,0.0,0.0,0.0,0,0.0
352,emelec,delfin,delfin,4,Jostin Alman,block,throw-in-set-piece,13.9,56.1,0,right-foot,low-centre,0,50.1,19.0,2621107,23,1359,56.1,13.9,49.9,0,49.9,81.0,23,1341,shot,9.2,54.0,0.0,54.0,9.2,0,0.0
353,emelec,delfin,emelec,4,Facundo Castelli,save,regular,15.9,69.0,0,right-foot,low-centre,0,50.7,12.7,2621101,19,1092,69.0,15.9,49.3,0,49.3,87.3,27,1608,shot,1.6,52.0,0.0,52.0,1.6,0,0.0
354,emelec,delfin,delfin,4,Jostin Alman,miss,assisted,23.3,63.6,0,left-foot,right,0,40.7,27.8,2621085,12,680,63.6,23.3,59.3,0,59.3,72.2,34,2020,shot,0.0,0.0,0.0,0.0,0.0,0,0.0
355,emelec,delfin,emelec,4,Facundo Castelli,block,assisted,16.5,31.1,0,left-foot,high-centre,0,51.3,23.6,2621098,8,444,31.1,16.5,48.7,0,48.7,76.4,38,2256,shot,14.6,32.7,0.0,32.7,14.6,0,0.0
356,emelec,delfin,emelec,4,Facundo Castelli,miss,assisted,13.9,51.5,0,head,close-right,0,41.0,34.7,2621078,6,324,51.5,13.9,59.0,0,59.0,65.3,40,2376,shot,0.0,0.0,0.0,0.0,0.0,0,0.0
357,emelec,delfin,emelec,4,Gustavo Cortez,block,corner,15.8,26.8,0,head,high-centre,0,49.6,22.2,2621092,5,286,26.8,15.8,50.4,0,50.4,77.8,41,2414,shot,10.7,33.4,0.0,33.4,10.7,0,0.0
358,emelec,delfin,emelec,4,Facundo Castelli,block,assisted,13.6,50.0,0,right-foot,low-left,0,53.7,19.0,2621074,4,237,50.0,13.6,46.3,0,46.3,81.0,42,2463,shot,11.6,49.5,0.0,49.5,11.6,0,0.0
359,emelec,delfin,delfin,4,Juan Manuel Elordi,block,corner,20.6,37.0,0,right-foot,low-centre,0,50.2,19.0,2621077,2,86,37.0,20.6,49.8,0,49.8,81.0,44,2614,shot,6.7,45.7,0.0,45.7,6.7,0,0.0
360,orense,imbabura,imbabura,4,Roni Chávez,miss,regular,29.6,20.6,0,left-foot,left,0,59.3,11.1,2615603,90,5600,20.6,29.6,40.7,0,40.7,88.9,1,700,shot,1.1,39.5,0.0,39.5,1.1,0,4.0
361,orense,imbabura,imbabura,4,Jhon Arteaga,save,assisted,12.2,60.5,0,right-foot,low-centre,0,50.1,5.1,2615601,90,5592,60.5,12.2,49.9,0,49.9,94.9,1,708,shot,1.8,50.9,0.0,50.9,1.8,0,4.0
362,orense,imbabura,imbabura,4,Erick Mendoza,goal,regular,19.6,40.7,0,right-foot,low-right,0,47.5,4.4,2615587,89,5322,40.7,19.6,52.5,0,52.5,95.6,2,78,shot,0.0,0.0,0.0,0.0,0.0,regular,0.0
363,orense,imbabura,orense,4,Dany Coronel,save,assisted,7.5,57.7,0,head,low-right,0,47.5,17.7,2615583,86,5107,57.7,7.5,52.5,0,52.5,82.3,5,293,shot,1.8,53.4,0.0,53.4,1.8,0,0.0
364,orense,imbabura,orense,4,Cristian Barros,miss,set-piece,26.6,48.1,0,right-foot,high,0,45.9,88.9,2615579,84,5028,48.1,26.6,54.1,0,54.1,11.1,7,372,shot,0.0,0.0,0.0,0.0,0.0,0,0.0
365,orense,imbabura,imbabura,4,Erick Mendoza,miss,regular,13.2,67.0,0,right-foot,left,0,63.2,11.1,2615563,67,3989,67.0,13.2,36.8,0,36.8,88.9,24,1411,shot,0.0,0.0,0.0,0.0,0.0,0,0.0
366,orense,imbabura,orense,4,Robert Burbano,save,assisted,25.8,24.8,0,right-foot,low-centre,0,49.7,10.8,2615558,63,3759,24.8,25.8,50.3,0,50.3,89.2,28,1641,shot,5.7,46.2,0.0,46.2,5.7,0,0.0
367,orense,imbabura,orense,4,Dany Coronel,miss,assisted,25.3,39.9,0,right-foot,left,0,68.1,20.8,2615556,62,3683,39.9,25.3,31.9,0,31.9,79.2,29,1717,shot,0.0,0.0,0.0,0.0,0.0,0,0.0
368,orense,imbabura,imbabura,4,Erick Mendoza,save,regular,14.4,78.7,0,right-foot,high-left,0,53.2,26.6,2615555,61,3612,78.7,14.4,46.8,0,46.8,73.4,30,1788,shot,0.3,50.4,0.0,50.4,0.3,0,0.0
369,orense,imbabura,orense,4,Erick Plúas,block,assisted,12.4,33.4,0,right-foot,low-centre,0,50.3,19.0,2615551,56,3337,33.4,12.4,49.7,0,49.7,81.0,35,2063,shot,7.6,39.7,0.0,39.7,7.6,0,0.0
370,orense,imbabura,orense,4,Walter Agustin Herrera,save,assisted,9.5,37.5,0,right-foot,low-right,0,47.7,7.6,2615527,52,3092,37.5,9.5,52.3,0,52.3,92.4,39,2308,shot,6.8,40.1,0.0,40.1,6.8,0,0.0
371,orense,imbabura,imbabura,4,Leonar Espinoza,miss,assisted,12.2,70.1,0,right-foot,right,0,39.3,12.5,2615520,51,3041,70.1,12.2,60.7,0,60.7,87.5,40,2359,shot,0.0,0.0,0.0,0.0,0.0,0,0.0
372,orense,imbabura,imbabura,4,Erick Mendoza,goal,corner,7.7,44.5,0,head,low-right,0,46.1,13.3,2615518,49,2882,44.5,7.7,53.9,0,53.9,86.7,42,2518,shot,0.0,0.0,0.0,0.0,0.0,regular,0.0
373,orense,imbabura,imbabura,4,Leonar Espinoza,post,assisted,8.8,70.3,0,right-foot,left,0,55.1,8.9,2615519,48,2840,70.3,8.8,44.9,0,44.9,91.1,43,2560,shot,0.0,0.0,0.0,0.0,0.0,0,0.0
374,orense,imbabura,orense,4,Walter Agustin Herrera,goal,penalty,11.5,50.0,0,right-foot,low-right,0,47.1,4.4,2615485,45,2924,50.0,11.5,52.9,0,52.9,95.6,1,2476,shot,0.0,0.0,0.0,0.0,0.0,penalty,4.0
375,orense,imbabura,orense,4,Agustin Maziero,save,assisted,9.2,50.5,0,left-foot,low-centre,0,49.0,16.5,2615495,45,2689,50.5,9.2,51.0,0,51.0,83.5,1,11,shot,6.0,50.4,0.0,50.4,6.0,0,0.0
376,orense,imbabura,orense,4,Walter Agustin Herrera,block,assisted,14.2,54.8,0,right-foot,low-centre,0,49.2,19.0,2615477,44,2589,54.8,14.2,50.8,0,50.8,81.0,2,111,shot,9.8,54.9,0.0,54.9,9.8,0,0.0
377,orense,imbabura,orense,4,Agustin Maziero,block,corner,12.8,52.4,0,head,low-centre,0,49.4,19.0,2615469,38,2264,52.4,12.8,50.6,0,50.6,81.0,8,436,shot,9.8,52.0,0.0,52.0,9.8,0,0.0
378,orense,imbabura,orense,4,Agustin Maziero,block,assisted,11.6,61.7,0,right-foot,low-right,0,47.4,19.0,2615464,37,2208,61.7,11.6,52.6,0,52.6,81.0,9,492,shot,9.8,60.3,0.0,60.3,9.8,0,0.0
379,orense,imbabura,imbabura,4,Federico Paz,save,assisted,33.0,24.2,0,right-foot,high-centre,0,50.4,30.6,2615456,34,2021,24.2,33.0,49.6,0,49.6,69.4,12,679,shot,0.90000000000001,49.5,0.0,49.5,0.90000000000001,0,0.0
380,orense,imbabura,imbabura,4,Erick Mendoza,miss,set-piece,37.4,38.5,0,left-foot,left,0,60.2,23.6,2615436,22,1290,38.5,37.4,39.8,0,39.8,76.4,24,1410,shot,0.0,0.0,0.0,0.0,0.0,0,0.0
381,orense,imbabura,orense,4,Robert Burbano,miss,assisted,24.1,61.8,0,right-foot,close-high,0,47.7,56.9,2615423,15,876,61.8,24.1,52.3,0,52.3,43.1,31,1824,shot,0.0,0.0,0.0,0.0,0.0,0,0.0
382,orense,imbabura,imbabura,4,Jacson Pita Mina,save,assisted,37.1,45.7,0,right-foot,low-centre,0,50.3,7.6,2615414,6,322,45.7,37.1,49.7,0,49.7,92.4,40,2378,shot,1.2,49.1,0.0,49.1,1.2,0,0.0
383,orense,imbabura,orense,4,Walter Agustin Herrera,save,set-piece,8.0,54.2,0,left-foot,high-centre,0,50.0,20.9,2615412,6,300,54.2,8.0,50.0,0,50.0,79.1,40,2400,shot,1.4,51.6,0.0,51.6,1.4,0,0.0
384,tecnico,independiente,tecnico,4,Emmanuel Torres,miss,assisted,26.9,57.5,0,right-foot,right,0,8.1,6.9,2621007,90,5711,57.5,26.9,91.9,0,91.9,93.1,1,589,shot,8.8,95.0,0.0,95.0,8.8,0,6.0
385,tecnico,independiente,independiente,4,Renzo López,miss,assisted,9.2,53.3,0,head,left,0,65.0,27.8,2621005,90,5570,53.3,9.2,35.0,0,35.0,72.2,1,730,shot,1.8,41.5,0.0,41.5,1.8,0,3.0
386,tecnico,independiente,tecnico,4,Edison Carcelen,miss,corner,6.0,39.5,0,head,close-high,0,50.3,58.3,2620996,85,5059,39.5,6.0,49.7,0,49.7,41.7,6,341,shot,0.0,0.0,0.0,0.0,0.0,0,0.0
387,tecnico,independiente,independiente,4,Renzo López,block,corner,11.2,46.4,0,head,low-left,0,51.8,19.0,2621001,78,4666,46.4,11.2,48.2,0,48.2,81.0,13,734,shot,6.7,47.1,0.0,47.1,6.7,0,0.0
388,tecnico,independiente,independiente,4,Renzo López,miss,assisted,6.7,50.3,0,left-foot,left,0,98.5,37.5,2620993,75,4472,50.3,6.7,1.5,0,1.5,62.5,16,928,shot,5.4,6.7,0.0,6.7,5.4,0,0.0
389,tecnico,independiente,independiente,4,Renzo López,block,corner,9.0,49.1,0,head,low-left,0,51.9,19.0,2620990,72,4307,49.1,9.0,48.1,0,48.1,81.0,19,1093,shot,4.1,48.6,0.0,48.6,4.1,0,0.0
390,tecnico,independiente,independiente,4,Anthony Landázuri,save,corner,10.8,56.0,0,head,low-right,0,47.9,16.5,2620987,66,3947,56.0,10.8,52.1,0,52.1,83.5,25,1453,shot,1.9,51.4,0.0,51.4,1.9,0,0.0
391,tecnico,independiente,tecnico,4,Milton Maciel,miss,corner,13.3,67.5,0,left-foot,high-right,0,39.3,50.0,2620984,57,3417,67.5,13.3,60.7,0,60.7,50.0,34,1983,shot,0.0,0.0,0.0,0.0,0.0,0,0.0
392,tecnico,independiente,independiente,4,Patrik Mercado,block,assisted,27.0,47.3,0,right-foot,low-centre,0,51.2,19.0,2620985,56,3327,47.3,27.0,48.8,0,48.8,81.0,35,2073,shot,13.8,48.0,0.0,48.0,13.8,0,0.0
393,tecnico,independiente,tecnico,4,Milton Maciel,save,corner,10.0,63.4,0,left-foot,low-centre,0,48.7,9.5,2620983,55,3241,63.4,10.0,51.3,0,51.3,90.5,36,2159,shot,1.2,53.4,0.0,53.4,1.2,0,0.0
394,tecnico,independiente,independiente,4,Patrik Mercado,save,regular,29.0,33.4,0,right-foot,low-left,0,54.2,10.1,2620959,47,2793,33.4,29.0,45.8,0,45.8,89.9,44,2607,shot,1.0,48.6,0.0,48.6,1.0,0,0.0
395,tecnico,independiente,tecnico,4,Diego Armas,miss,corner,14.9,41.8,0,right-foot,close-right,0,41.2,11.1,2620956,45,2929,41.8,14.9,58.8,0,58.8,88.9,1,2471,shot,0.0,0.0,0.0,0.0,0.0,0,4.0
396,tecnico,independiente,independiente,4,Mateo Carabajal,save,set-piece,12.8,50.1,0,left-foot,low-centre,0,49.1,13.9,2620955,45,2758,50.1,12.8,50.9,0,50.9,86.1,1,2642,shot,1.8,51.3,0.0,51.3,1.8,0,1.0
397,tecnico,independiente,tecnico,4,Milton Maciel,goal,regular,23.3,67.0,0,left-foot,high-left,0,54.3,23.4,2620953,43,2573,67.0,23.3,45.7,0,45.7,76.6,3,127,shot,0.0,0.0,0.0,0.0,0.0,regular,0.0
398,tecnico,independiente,tecnico,4,Emmanuel Torres,block,fast-break,7.5,30.6,0,right-foot,low-left,0,52.9,19.0,2620954,41,2452,30.6,7.5,47.1,0,47.1,81.0,5,248,shot,3.8,38.6,0.0,38.6,3.8,0,0.0
399,tecnico,independiente,tecnico,4,Carlos Pérez,block,regular,29.6,64.8,0,right-foot,low-centre,0,51.3,19.0,2620949,38,2238,64.8,29.6,48.7,0,48.7,81.0,8,462,shot,24.0,61.7,0.0,61.7,24.0,0,0.0
400,tecnico,independiente,independiente,4,Cristian Zabala,miss,regular,26.6,43.0,0,right-foot,close-high-right,0,43.5,56.9,2620944,32,1874,43.0,26.6,56.5,0,56.5,43.1,14,826,shot,0.0,0.0,0.0,0.0,0.0,0,0.0
401,tecnico,independiente,independiente,4,Alexander Bolaños,save,assisted,22.8,39.2,0,right-foot,low-left,0,52.1,13.3,2620943,30,1767,39.2,22.8,47.9,0,47.9,86.7,16,933,shot,1.8,49.1,0.0,49.1,1.8,0,0.0
402,tecnico,independiente,tecnico,4,Milton Maciel,save,assisted,4.5,66.2,0,left-foot,low-right,0,46.9,5.7,2620941,25,1464,66.2,4.5,53.1,0,53.1,94.3,21,1236,shot,0.90000000000001,54.5,0.0,54.5,0.90000000000001,0,0.0
403,tecnico,independiente,independiente,4,Michael Hoyos,goal,assisted,5.4,47.4,0,right-foot,high-left,0,53.2,34.8,2620940,23,1326,47.4,5.4,46.8,0,46.8,65.2,23,1374,shot,0.0,0.0,0.0,0.0,0.0,regular,0.0
404,tecnico,independiente,independiente,4,Anthony Landázuri,block,corner,14.1,47.9,0,head,low-centre,0,49.1,19.0,2620936,8,472,47.9,14.1,50.9,0,50.9,81.0,38,2228,shot,6.8,49.5,0.0,49.5,6.8,0,0.0
405,tecnico,independiente,tecnico,4,Carlos Arboleda,block,regular,13.6,25.8,0,left-foot,low-centre,0,51.7,19.0,2620938,5,290,25.8,13.6,48.3,0,48.3,81.0,41,2410,shot,9.6,32.5,0.0,32.5,9.6,0,0.0
406,tecnico,independiente,independiente,4,Beder Caicedo,block,assisted,21.2,33.1,0,left-foot,low-centre,0,50.7,19.0,2620927,5,273,33.1,21.2,49.3,0,49.3,81.0,41,2427,shot,14.0,38.6,0.0,38.6,14.0,0,0.0
407,delfin,libertad,delfin,5,Cristian García,block,regular,13.1,63.9,0,right-foot,low-centre,0,51.3,19.0,2633479,90,5784,63.9,13.1,48.7,0,48.7,81.0,1,516,shot,6.6,56.3,0.0,56.3,6.6,0,7.0
408,delfin,libertad,delfin,5,Nicolás Messiniti,miss,assisted,7.7,60.1,0,head,close-right,0,41.5,18.1,2633477,90,5632,60.1,7.7,58.5,0,58.5,81.9,1,668,shot,0.0,0.0,0.0,0.0,0.0,0,4.0
409,delfin,libertad,delfin,5,Nicolás Messiniti,goal,penalty,11.5,50.0,0,right-foot,high-centre,0,50.3,22.2,2633475,90,5568,50.0,11.5,49.7,0,49.7,77.8,1,732,shot,0.0,0.0,0.0,0.0,0.0,penalty,3.0
410,delfin,libertad,libertad,5,Leandro Basan,save,assisted,17.6,68.1,0,right-foot,low-right,0,46.3,15.2,2633457,83,4939,68.1,17.6,53.7,0,53.7,84.8,8,461,shot,3.6,54.5,0.0,54.5,3.6,0,0.0
411,delfin,libertad,delfin,5,Jose Enrique Angulo,save,regular,8.9,32.5,0,right-foot,low-left,0,52.3,19.6,2633453,80,4755,32.5,8.9,47.7,0,47.7,80.4,11,645,shot,1.5,44.2,0.0,44.2,1.5,0,0.0
412,delfin,libertad,delfin,5,Michael Mieles,block,regular,15.8,52.3,0,left-foot,low-right,0,47.3,19.0,2633452,80,4751,52.3,15.8,52.7,0,52.7,81.0,11,649,shot,13.7,52.0,0.0,52.0,13.7,0,0.0
413,delfin,libertad,delfin,5,Michael Mieles,miss,free-kick,34.6,50.9,0,left-foot,close-right,0,41.5,26.4,2633450,76,4550,50.9,34.6,58.5,0,58.5,73.6,15,850,shot,0.0,0.0,0.0,0.0,0.0,0,0.0
414,delfin,libertad,delfin,5,Horacio Tijanovich,miss,assisted,19.0,37.7,0,right-foot,right,0,40.2,19.4,2633447,74,4404,37.7,19.0,59.8,0,59.8,80.6,17,996,shot,0.0,0.0,0.0,0.0,0.0,0,0.0
415,delfin,libertad,libertad,5,Libinton Angulo,save,regular,14.0,23.2,0,left-foot,high-left,0,53.5,25.3,2633446,73,4366,23.2,14.0,46.5,0,46.5,74.7,18,1034,shot,1.5,45.3,0.0,45.3,1.5,0,0.0
416,delfin,libertad,delfin,5,Horacio Tijanovich,miss,fast-break,17.0,67.3,0,right-foot,left,0,60.0,16.7,2633430,68,4051,67.3,17.0,40.0,0,40.0,83.3,23,1349,shot,0.0,0.0,0.0,0.0,0.0,0,0.0
417,delfin,libertad,delfin,5,Gianni Cagua,miss,regular,12.2,68.0,0,right-foot,left,0,62.2,16.7,2633429,65,3865,68.0,12.2,37.8,0,37.8,83.3,26,1535,shot,6.6,54.2,0.0,54.2,6.6,0,0.0
418,delfin,libertad,delfin,5,Gianni Cagua,block,assisted,10.0,61.3,0,right-foot,low-centre,0,50.2,19.0,2633428,65,3862,61.3,10.0,49.8,0,49.8,81.0,26,1538,shot,7.9,58.8,0.0,58.8,7.9,0,0.0
419,delfin,libertad,delfin,5,Jose Enrique Angulo,save,assisted,8.2,58.7,0,head,low-centre,0,50.0,9.5,2633426,65,3840,58.7,8.2,50.0,0,50.0,90.5,26,1560,shot,1.6,53.2,0.0,53.2,1.6,0,0.0
420,delfin,libertad,delfin,5,Mariano Miño,miss,assisted,6.7,32.5,0,right-foot,right,0,39.5,19.4,2633423,60,3542,32.5,6.7,60.5,0,60.5,80.6,31,1858,shot,0.0,0.0,0.0,0.0,0.0,0,0.0
421,delfin,libertad,delfin,5,Luis Castro,miss,assisted,25.0,44.8,0,left-foot,close-right,0,41.0,19.4,2633393,52,3073,44.8,25.0,59.0,0,59.0,80.6,39,2327,shot,0.0,0.0,0.0,0.0,0.0,0,0.0
422,delfin,libertad,libertad,5,Andrés Felipe Ávila,block,corner,3.0,65.6,0,left-foot,low-right,0,46.8,19.0,2633390,47,2801,65.6,3.0,53.2,0,53.2,81.0,44,2599,shot,1.9,61.0,0.0,61.0,1.9,0,0.0
423,delfin,libertad,libertad,5,José Hernández,miss,assisted,6.5,29.3,0,left-foot,close-left,0,57.3,16.7,2633371,45,2995,29.3,6.5,42.7,0,42.7,83.3,1,2405,shot,0.0,0.0,0.0,0.0,0.0,0,5.0
424,delfin,libertad,delfin,5,Horacio Tijanovich,save,assisted,12.5,27.8,0,left-foot,low-centre,0,50.6,9.5,2633370,45,2941,27.8,12.5,49.4,0,49.4,90.5,1,2459,shot,3.3,43.0,0.0,43.0,3.3,0,5.0
425,delfin,libertad,delfin,5,Horacio Tijanovich,block,assisted,14.0,34.7,0,right-foot,low-centre,0,50.9,19.0,2633368,45,2673,34.7,14.0,49.1,0,49.1,81.0,1,27,shot,11.2,37.5,0.0,37.5,11.2,0,0.0
426,delfin,libertad,delfin,5,Ignacio Gariglio,miss,set-piece,9.9,47.2,0,head,right,0,40.0,15.3,2633366,44,2615,47.2,9.9,60.0,0,60.0,84.7,2,85,shot,0.0,0.0,0.0,0.0,0.0,0,0.0
427,delfin,libertad,delfin,5,Ignacio Gariglio,post,corner,6.9,50.3,0,head,left,0,55.4,28.5,2633362,38,2252,50.3,6.9,44.6,0,44.6,71.5,8,448,shot,0.0,0.0,0.0,0.0,0.0,0,0.0
428,delfin,libertad,libertad,5,Ivan Zambrano,goal,assisted,7.3,52.8,0,right-foot,low-centre,0,48.4,15.8,2633357,32,1867,52.8,7.3,51.6,0,51.6,84.2,14,833,shot,0.0,0.0,0.0,0.0,0.0,regular,0.0
429,delfin,libertad,delfin,5,Mariano Miño,save,penalty,11.5,50.0,0,right-foot,low-left,0,52.9,5.1,2633355,23,1379,50.0,11.5,47.1,0,47.1,94.9,23,1321,shot,0.90000000000001,49.8,0.0,49.8,0.90000000000001,0,0.0
430,delfin,libertad,libertad,5,Lautaro Disanto,miss,fast-break,17.0,66.2,0,right-foot,close-high,0,47.2,59.7,2633351,18,1034,66.2,17.0,52.8,0,52.8,40.3,28,1666,shot,0.0,0.0,0.0,0.0,0.0,0,0.0
431,delfin,libertad,delfin,5,Mariano Miño,block,assisted,27.7,56.5,0,right-foot,low-centre,0,50.8,19.0,2633350,17,965,56.5,27.7,49.2,0,49.2,81.0,29,1735,shot,20.2,54.5,0.0,54.5,20.2,0,0.0
432,delfin,libertad,libertad,5,Leandro Basan,save,assisted,7.0,59.4,0,head,high-centre,0,50.9,26.6,2633343,12,702,59.4,7.0,49.1,0,49.1,73.4,34,1998,shot,1.5,52.2,0.0,52.2,1.5,0,0.0
433,delfin,libertad,delfin,5,Horacio Tijanovich,miss,fast-break,19.9,36.1,0,right-foot,close-high,0,48.1,54.2,2633340,7,404,36.1,19.9,51.9,0,51.9,45.8,39,2296,shot,0.0,0.0,0.0,0.0,0.0,0,0.0
434,delfin,libertad,delfin,5,Jose Enrique Angulo,save,assisted,13.9,53.0,0,right-foot,low-centre,0,51.0,10.1,2633313,6,325,53.0,13.9,49.0,0,49.0,89.9,40,2375,shot,2.4,51.1,0.0,51.1,2.4,0,0.0
435,imbabura,cumbaya,cumbaya,5,Melvin Diaz,block,corner,13.1,52.7,0,left-foot,low-centre,0,51.7,19.0,2626092,90,5772,52.7,13.1,48.3,0,48.3,81.0,1,528,shot,7.2,50.7,0.0,50.7,7.2,0,7.0
436,imbabura,cumbaya,cumbaya,5,Maikel Valencia,block,assisted,21.3,45.1,0,right-foot,low-centre,0,50.9,19.0,2626087,90,5675,45.1,21.3,49.1,0,49.1,81.0,1,625,shot,14.4,46.4,0.0,46.4,14.4,0,5.0
437,imbabura,cumbaya,cumbaya,5,Maikel Valencia,miss,free-kick,25.4,35.5,0,right-foot,high,0,51.8,72.2,2626077,88,5239,35.5,25.4,48.2,0,48.2,27.8,3,161,shot,0.0,0.0,0.0,0.0,0.0,0,0.0
438,imbabura,cumbaya,cumbaya,5,Maikel Valencia,miss,corner,11.9,26.2,0,right-foot,close-right,0,42.2,19.4,2626074,82,4895,26.2,11.9,57.8,0,57.8,80.6,9,505,shot,0.0,0.0,0.0,0.0,0.0,0,0.0
439,imbabura,cumbaya,imbabura,5,Danny Burbano,save,regular,19.7,35.8,0,right-foot,low-left,0,52.2,19.6,2626073,80,4789,35.8,19.7,47.8,0,47.8,80.4,11,611,shot,1.1,49.3,0.0,49.3,1.1,0,0.0
440,imbabura,cumbaya,cumbaya,5,Melvin Diaz,miss,assisted,30.0,60.6,0,left-foot,high-left,0,59.2,62.5,2626066,76,4533,60.6,30.0,40.8,0,40.8,37.5,15,867,shot,0.0,0.0,0.0,0.0,0.0,0,0.0
441,imbabura,cumbaya,imbabura,5,Óscar Pepinos,miss,assisted,19.5,21.5,0,left-foot,high-left,0,58.5,63.9,2626030,72,4286,21.5,19.5,41.5,0,41.5,36.1,19,1114,shot,0.0,0.0,0.0,0.0,0.0,0,0.0
442,imbabura,cumbaya,cumbaya,5,Melvin Diaz,block,assisted,18.9,71.1,0,left-foot,low-centre,0,48.4,19.0,2626023,65,3867,71.1,18.9,51.6,0,51.6,81.0,26,1533,shot,16.3,68.4,0.0,68.4,16.3,0,0.0
443,imbabura,cumbaya,imbabura,5,Federico Paz,save,corner,21.6,59.6,0,right-foot,low-centre,0,51.3,19.0,2625990,56,3300,59.6,21.6,48.7,0,48.7,81.0,35,2100,shot,2.2,51.8,0.0,51.8,2.2,0,0.0
444,imbabura,cumbaya,imbabura,5,Leandro Pantoja,save,free-kick,32.8,62.5,0,right-foot,high-left,0,54.2,22.8,2625986,55,3269,62.5,32.8,45.8,0,45.8,77.2,36,2131,shot,1.8,51.3,0.0,51.3,1.8,0,0.0
445,imbabura,cumbaya,cumbaya,5,Ariel Almagro,miss,assisted,24.8,72.7,0,left-foot,high-left,0,58.8,79.2,2626022,48,2870,72.7,24.8,41.2,0,41.2,20.8,43,2530,shot,0.0,0.0,0.0,0.0,0.0,0,0.0
446,imbabura,cumbaya,cumbaya,5,Franco Suárez,miss,regular,8.4,37.4,0,left-foot,high-left,0,56.8,80.6,2625891,45,2922,37.4,8.4,43.2,0,43.2,19.4,1,2478,shot,0.0,0.0,0.0,0.0,0.0,0,4.0
447,imbabura,cumbaya,imbabura,5,Leonar Espinoza,miss,set-piece,30.2,58.9,0,right-foot,left,0,69.4,37.5,2625887,45,2885,58.9,30.2,30.6,0,30.6,62.5,1,2515,shot,0.0,0.0,0.0,0.0,0.0,0,4.0
448,imbabura,cumbaya,imbabura,5,Leandro Pantoja,block,free-kick,20.7,32.7,0,right-foot,low-centre,0,50.6,19.0,2625881,45,2876,32.7,20.7,49.4,0,49.4,81.0,1,2524,shot,11.1,40.4,0.0,40.4,11.1,0,3.0
449,imbabura,cumbaya,imbabura,5,Leonar Espinoza,miss,assisted,19.9,68.8,0,left-foot,high-left,0,59.8,55.6,2625873,43,2535,68.8,19.9,40.2,0,40.2,44.4,3,165,shot,0.0,0.0,0.0,0.0,0.0,0,0.0
450,imbabura,cumbaya,cumbaya,5,Alejandro Altuna,miss,assisted,27.7,54.5,0,right-foot,high,0,46.1,62.5,2625872,41,2422,54.5,27.7,53.9,0,53.9,37.5,5,278,shot,0.0,0.0,0.0,0.0,0.0,0,0.0
451,imbabura,cumbaya,imbabura,5,Jonathan Benítez,save,set-piece,10.1,43.0,0,head,low-centre,0,51.3,17.7,2625880,40,2359,43.0,10.1,48.7,0,48.7,82.3,6,341,shot,1.6,48.7,0.0,48.7,1.6,0,0.0
452,imbabura,cumbaya,cumbaya,5,Luis Caicedo,save,assisted,11.5,47.9,0,head,low-left,0,53.6,18.4,2625870,37,2169,47.9,11.5,46.4,0,46.4,81.6,9,531,shot,1.4,49.3,0.0,49.3,1.4,0,0.0
453,imbabura,cumbaya,cumbaya,5,Luis Gustavino,miss,assisted,35.0,64.3,0,right-foot,high,0,51.4,72.2,2625862,33,1930,64.3,35.0,48.6,0,48.6,27.8,13,770,shot,0.0,0.0,0.0,0.0,0.0,0,0.0
454,imbabura,cumbaya,cumbaya,5,Juan Carlos Paredes,block,assisted,29.7,44.2,0,right-foot,low-centre,0,48.3,19.0,2625860,32,1919,44.2,29.7,51.7,0,51.7,81.0,14,781,shot,16.7,47.5,0.0,47.5,16.7,0,0.0
455,imbabura,cumbaya,cumbaya,5,Augusto Magoia,block,assisted,24.6,30.1,0,right-foot,low-centre,0,50.8,19.0,2625857,26,1530,30.1,24.6,49.2,0,49.2,81.0,20,1170,shot,20.6,33.2,0.0,33.2,20.6,0,0.0
456,imbabura,cumbaya,cumbaya,5,Fernando Delgado,miss,regular,29.1,82.7,0,right-foot,high-left,0,63.2,59.7,2625842,19,1096,82.7,29.1,36.8,0,36.8,40.3,27,1604,shot,0.0,0.0,0.0,0.0,0.0,0,0.0
457,imbabura,cumbaya,cumbaya,5,Juan Carlos Paredes,block,assisted,31.8,50.9,0,right-foot,low-centre,0,49.1,12.5,2625825,14,834,50.9,31.8,50.9,0,50.9,87.5,32,1866,shot,17.9,50.9,0.0,50.9,17.9,0,0.0
458,imbabura,cumbaya,cumbaya,5,Melvin Diaz,block,free-kick,26.7,66.0,0,left-foot,low-right,0,48.2,19.0,2625819,13,756,66.0,26.7,51.8,0,51.8,81.0,33,1944,shot,18.0,61.4,0.0,61.4,18.0,0,0.0
459,imbabura,cumbaya,cumbaya,5,Melvin Diaz,block,assisted,25.3,64.1,0,right-foot,low-right,0,47.6,19.0,2625818,12,689,64.1,25.3,52.4,0,52.4,81.0,34,2011,shot,18.2,60.8,0.0,60.8,18.2,0,0.0
460,imbabura,cumbaya,imbabura,5,Leonar Espinoza,save,assisted,9.4,52.4,0,left-foot,low-centre,0,49.9,9.5,2625804,3,123,52.4,9.4,50.1,0,50.1,90.5,43,2577,shot,2.2,51.4,0.0,51.4,2.2,0,0.0
461,imbabura,cumbaya,imbabura,5,Federico Paz,save,assisted,9.4,28.5,0,right-foot,low-centre,0,50.9,14.6,2625803,3,121,28.5,9.4,49.1,0,49.1,85.4,43,2579,shot,1.2,47.1,0.0,47.1,1.2,0,0.0
462,independiente,aucas,independiente,5,Renzo López,block,throw-in-set-piece,13.6,47.3,0,right-foot,low-centre,0,50.5,19.0,2630180,90,5761,47.3,13.6,49.5,0,49.5,81.0,1,539,shot,7.1,48.4,0.0,48.4,7.1,0,7.0
463,independiente,aucas,aucas,5,Carlos Rolón,goal,set-piece,7.7,45.0,0,head,low-right,0,47.7,19.0,2630162,86,5130,45.0,7.7,52.3,0,52.3,81.0,5,270,shot,0.0,0.0,0.0,0.0,0.0,regular,0.0
464,independiente,aucas,aucas,5,Jean Carlos Blanco,miss,throw-in-set-piece,11.9,33.1,0,right-foot,close-left,0,58.7,25.0,2630165,84,5006,33.1,11.9,41.3,0,41.3,75.0,7,394,shot,0.0,0.0,0.0,0.0,0.0,0,0.0
465,independiente,aucas,aucas,5,Ronald Briones,save,assisted,8.6,41.4,0,right-foot,low-centre,0,51.3,7.0,2630153,77,4564,41.4,8.6,48.7,0,48.7,93.0,14,836,shot,1.1,49.1,0.0,49.1,1.1,0,0.0
466,independiente,aucas,independiente,5,Beder Caicedo,miss,regular,13.7,33.5,0,left-foot,close-left,0,59.0,29.2,2630147,70,4145,33.5,13.7,41.0,0,41.0,70.8,21,1255,shot,0.0,0.0,0.0,0.0,0.0,0,0.0
467,independiente,aucas,independiente,5,Renzo López,miss,assisted,11.4,46.1,0,right-foot,high,0,52.8,62.5,2630145,67,4018,46.1,11.4,47.2,0,47.2,37.5,24,1382,shot,0.0,0.0,0.0,0.0,0.0,0,0.0
468,independiente,aucas,aucas,5,Juan Gonzalez,miss,assisted,21.4,66.6,0,left-foot,high-left,0,71.4,40.3,2630141,63,3727,66.6,21.4,28.6,0,28.6,59.7,28,1673,shot,0.0,0.0,0.0,0.0,0.0,0,0.0
469,independiente,aucas,independiente,5,Renzo López,block,assisted,19.6,47.6,0,right-foot,low-left,0,52.1,19.0,2630139,61,3634,47.6,19.6,47.9,0,47.9,81.0,30,1766,shot,15.8,47.7,0.0,47.7,15.8,0,0.0
470,independiente,aucas,independiente,5,Michael Hoyos,goal,assisted,12.6,52.0,0,right-foot,high-centre,0,50.6,30.4,2630135,57,3388,52.0,12.6,49.4,0,49.4,69.6,34,2012,shot,0.0,0.0,0.0,0.0,0.0,regular,0.0
471,independiente,aucas,independiente,5,Cristian Zabala,block,assisted,10.2,35.4,0,left-foot,low-left,0,52.0,19.0,2630134,53,3179,35.4,10.2,48.0,0,48.0,81.0,38,2221,shot,5.4,41.3,0.0,41.3,5.4,0,0.0
472,independiente,aucas,aucas,5,Michael Carcelén,save,assisted,31.7,44.3,0,right-foot,high-centre,0,49.8,31.0,2630133,49,2909,44.3,31.7,50.2,0,50.2,69.0,42,2491,shot,2.9,49.1,0.0,49.1,2.9,0,0.0
473,independiente,aucas,independiente,5,Cristian Zabala,miss,assisted,28.5,46.0,0,right-foot,close-high-right,0,41.2,52.8,2630132,48,2822,46.0,28.5,58.8,0,58.8,47.2,43,2578,shot,0.0,0.0,0.0,0.0,0.0,0,0.0
474,independiente,aucas,independiente,5,Junior Sornoza,save,free-kick,32.8,58.7,0,right-foot,high-centre,0,51.1,26.6,2630080,45,2862,58.7,32.8,48.9,0,48.9,73.4,1,2538,shot,1.8,50.9,0.0,50.9,1.8,0,3.0
475,independiente,aucas,independiente,5,Michael Hoyos,miss,assisted,14.0,56.0,0,right-foot,close-high,0,45.0,56.9,2630079,45,2731,56.0,14.0,55.0,0,55.0,43.1,1,2669,shot,0.0,0.0,0.0,0.0,0.0,0,1.0
476,independiente,aucas,independiente,5,Yaimar Medina,miss,assisted,5.0,51.5,0,right-foot,close-right,0,41.2,4.2,2630078,42,2499,51.5,5.0,58.8,0,58.8,95.8,4,201,shot,0.0,0.0,0.0,0.0,0.0,0,0.0
477,independiente,aucas,independiente,5,Alexander Bolaños,miss,assisted,12.1,56.2,0,left-foot,right,0,37.5,19.4,2630068,41,2404,56.2,12.1,62.5,0,62.5,80.6,5,296,shot,0.0,0.0,0.0,0.0,0.0,0,0.0
478,independiente,aucas,aucas,5,Michael Carcelén,save,assisted,27.2,47.9,0,left-foot,low-centre,0,50.6,9.5,2630065,37,2213,47.9,27.2,49.4,0,49.4,90.5,9,487,shot,4.8,49.8,0.0,49.8,4.8,0,0.0
479,independiente,aucas,aucas,5,Michael Carcelén,save,assisted,10.1,75.3,0,right-foot,low-right,0,45.8,6.3,2630067,36,2150,75.3,10.1,54.2,0,54.2,93.7,10,550,shot,1.0,55.4,0.0,55.4,1.0,0,0.0
480,independiente,aucas,independiente,5,Alexander Bolaños,miss,assisted,14.6,69.0,0,right-foot,close-right,0,43.0,16.7,2630056,31,1819,69.0,14.6,57.0,0,57.0,83.3,15,881,shot,0.0,0.0,0.0,0.0,0.0,0,0.0
481,independiente,aucas,independiente,5,Michael Hoyos,miss,assisted,8.0,44.8,0,right-foot,close-left,0,58.0,19.4,2630055,30,1756,44.8,8.0,42.0,0,42.0,80.6,16,944,shot,0.0,0.0,0.0,0.0,0.0,0,0.0
482,independiente,aucas,aucas,5,Jeison Medina,miss,set-piece,12.4,45.0,0,head,close-high-left,0,57.1,44.4,2630130,29,1728,45.0,12.4,42.9,0,42.9,55.6,17,972,shot,0.0,0.0,0.0,0.0,0.0,0,0.0
483,independiente,aucas,independiente,5,Yaimar Medina,save,assisted,10.0,32.8,0,left-foot,low-right,0,47.6,10.1,2630050,26,1513,32.8,10.0,52.4,0,52.4,89.9,20,1187,shot,1.5,47.5,0.0,47.5,1.5,0,0.0
484,independiente,aucas,independiente,5,Alexander Bolaños,miss,assisted,11.6,57.6,0,left-foot,left,0,61.3,16.7,2630021,19,1117,57.6,11.6,38.7,0,38.7,83.3,27,1583,shot,0.0,0.0,0.0,0.0,0.0,0,0.0
485,independiente,aucas,independiente,5,Yaimar Medina,block,assisted,12.4,26.7,0,left-foot,low-left,0,52.7,19.0,2630044,19,1106,26.7,12.4,47.3,0,47.3,81.0,27,1594,shot,10.3,30.1,0.0,30.1,10.3,0,0.0
486,independiente,aucas,independiente,5,Richard Schunke,post,corner,7.4,47.8,0,head,high,0,49.4,39.2,2630013,16,911,47.8,7.4,50.6,0,50.6,60.8,30,1789,shot,0.0,0.0,0.0,0.0,0.0,0,0.0
487,independiente,aucas,independiente,5,Cristian Zabala,block,regular,26.7,32.0,0,left-foot,low-left,0,53.3,19.0,2630020,15,867,32.0,26.7,46.7,0,46.7,81.0,31,1833,shot,15.0,38.4,0.0,38.4,15.0,0,0.0
488,independiente,aucas,independiente,5,Renato Ibarra,save,assisted,11.1,39.5,0,right-foot,low-centre,0,48.8,17.1,2630009,10,590,39.5,11.1,51.2,0,51.2,82.9,36,2110,shot,2.3,46.8,0.0,46.8,2.3,0,0.0
489,independiente,aucas,independiente,5,Alexander Bolaños,save,regular,26.4,32.3,0,right-foot,low-right,0,47.8,8.9,2629986,9,530,32.3,26.4,52.2,0,52.2,91.1,37,2170,shot,1.0,49.5,0.0,49.5,1.0,0,0.0
490,independiente,aucas,independiente,5,Cristian Zabala,save,assisted,13.8,51.5,0,head,low-centre,0,48.6,18.4,2629985,9,502,51.5,13.8,51.4,0,51.4,81.6,37,2198,shot,1.2,49.3,0.0,49.3,1.2,0,0.0
491,nacional,cuenca,cuenca,5,Raúl Becerra,save,assisted,13.3,53.2,0,right-foot,low-left,0,53.6,10.1,2629437,90,5628,53.2,13.3,46.4,0,46.4,89.9,1,672,shot,0.90000000000001,50.4,0.0,50.4,0.90000000000001,0,4.0
492,nacional,cuenca,nacional,5,Jorge Ordóñez,save,assisted,22.9,37.3,0,right-foot,high-left,0,52.9,31.6,2629435,90,5493,37.3,22.9,47.1,0,47.1,68.4,1,807,shot,1.1,49.6,0.0,49.6,1.1,0,2.0
493,nacional,cuenca,nacional,5,Jonathan Borja,miss,assisted,27.9,33.1,0,right-foot,close-left,0,57.1,9.7,2629434,90,5470,33.1,27.9,42.9,0,42.9,90.3,1,830,shot,0.0,0.0,0.0,0.0,0.0,0,2.0
494,nacional,cuenca,cuenca,5,Luis Aldair Arroyo Cabeza,miss,assisted,4.2,61.0,0,head,right,0,40.5,2.8,2629427,86,5101,61.0,4.2,59.5,0,59.5,97.2,5,299,shot,0.0,0.0,0.0,0.0,0.0,0,0.0
495,nacional,cuenca,nacional,5,Fidel Martínez,goal,corner,7.2,51.2,0,right-foot,low-left,0,53.9,3.8,2629377,74,4405,51.2,7.2,46.1,0,46.1,96.2,17,995,shot,0.0,0.0,0.0,0.0,0.0,regular,0.0
496,nacional,cuenca,nacional,5,Antony Chere,miss,corner,12.8,66.9,0,right-foot,left,0,62.5,9.7,2629402,74,4404,66.9,12.8,37.5,0,37.5,90.3,17,996,shot,6.6,50.7,0.0,50.7,6.6,0,0.0
497,nacional,cuenca,cuenca,5,Nazareno Romero,miss,assisted,10.6,34.5,0,right-foot,high-right,0,37.0,61.1,2629376,70,4198,34.5,10.6,63.0,0,63.0,38.9,21,1202,shot,0.0,0.0,0.0,0.0,0.0,0,0.0
498,nacional,cuenca,nacional,5,Fidel Martínez,miss,regular,14.9,43.7,0,left-foot,close-right,0,42.7,19.4,2629375,65,3867,43.7,14.9,57.3,0,57.3,80.6,26,1533,shot,0.0,0.0,0.0,0.0,0.0,0,0.0
499,nacional,cuenca,nacional,5,Byron Torrez,save,assisted,22.5,46.3,0,right-foot,low-left,0,54.4,9.5,2629371,61,3605,46.3,22.5,45.6,0,45.6,90.5,30,1795,shot,1.4,50.7,0.0,50.7,1.4,0,0.0
500,nacional,cuenca,nacional,5,Antony Chere,goal,assisted,8.2,47.7,0,head,low-right,0,47.0,8.9,2629369,56,3352,47.7,8.2,53.0,0,53.0,91.1,35,2048,shot,0.0,0.0,0.0,0.0,0.0,regular,0.0
501,nacional,cuenca,nacional,5,Anthony Bedoya Caicedo,miss,corner,7.9,63.0,0,head,close-right,0,42.2,33.3,2629367,55,3272,63.0,7.9,57.8,0,57.8,66.7,36,2128,shot,0.0,0.0,0.0,0.0,0.0,0,0.0
502,nacional,cuenca,nacional,5,Jorge Ordóñez,block,assisted,8.5,24.2,0,left-foot,low-left,0,54.7,19.0,2629360,50,2940,24.2,8.5,45.3,0,45.3,81.0,41,2460,shot,6.2,30.0,0.0,30.0,6.2,0,0.0
503,nacional,cuenca,nacional,5,Anthony Bedoya Caicedo,miss,set-piece,9.7,56.7,0,head,close-right,0,42.0,27.8,2629366,48,2835,56.7,9.7,58.0,0,58.0,72.2,43,2565,shot,0.0,0.0,0.0,0.0,0.0,0,0.0
504,nacional,cuenca,nacional,5,Antony Chere,miss,corner,6.3,43.9,0,head,close-left,0,57.3,18.1,2626279,45,2710,43.9,6.3,42.7,0,42.7,81.9,1,2690,shot,0.0,0.0,0.0,0.0,0.0,0,1.0
505,nacional,cuenca,nacional,5,Kevin Peralta,miss,corner,8.2,32.8,0,head,close-left,0,58.0,11.1,2626278,45,2709,32.8,8.2,42.0,0,42.0,88.9,1,2691,shot,2.4,43.7,0.0,43.7,2.4,0,1.0
506,nacional,cuenca,cuenca,5,Pablo Daniel Magnin,save,assisted,9.5,34.4,0,left-foot,low-centre,0,48.8,19.0,2626237,36,2112,34.4,9.5,51.2,0,51.2,81.0,10,588,shot,1.1,46.9,0.0,46.9,1.1,0,0.0
507,nacional,cuenca,nacional,5,Daniel Patino,miss,assisted,28.2,61.1,0,right-foot,high-right,0,42.5,68.1,2626233,35,2047,61.1,28.2,57.5,0,57.5,31.9,11,653,shot,0.0,0.0,0.0,0.0,0.0,0,0.0
508,nacional,cuenca,cuenca,5,Luis Aldair Arroyo Cabeza,block,assisted,14.5,61.7,0,left-foot,low-right,0,47.7,19.0,2626160,20,1191,61.7,14.5,52.3,0,52.3,81.0,26,1509,shot,11.8,59.9,0.0,59.9,11.8,0,0.0
509,nacional,cuenca,nacional,5,Tomson Minda,miss,assisted,7.9,45.9,0,left-foot,close-high,0,44.5,56.9,2626156,19,1130,45.9,7.9,55.5,0,55.5,43.1,27,1570,shot,0.0,0.0,0.0,0.0,0.0,0,0.0
510,nacional,cuenca,cuenca,5,Danny Luna,miss,free-kick,21.8,70.3,0,left-foot,close-high-right,0,42.9,58.3,2626153,19,1096,70.3,21.8,57.1,0,57.1,41.7,27,1604,shot,0.0,0.0,0.0,0.0,0.0,0,0.0
511,nacional,cuenca,cuenca,5,Guillermo Fratta,goal,set-piece,4.2,58.9,0,right-foot,low-right,0,45.9,13.3,2626146,14,795,58.9,4.2,54.1,0,54.1,86.7,32,1905,shot,0.0,0.0,0.0,0.0,0.0,regular,0.0
512,nacional,cuenca,cuenca,5,Luis Aldair Arroyo Cabeza,miss,set-piece,5.6,42.8,0,head,right,0,40.5,18.1,2626151,14,792,42.8,5.6,59.5,0,59.5,81.9,32,1908,shot,1.9,57.8,0.0,57.8,1.9,0,0.0
513,nacional,cuenca,nacional,5,Eddy Mejía,block,regular,18.5,24.7,0,right-foot,low-left,0,53.8,19.0,2626114,2,107,24.7,18.5,46.2,0,46.2,81.0,44,2593,shot,16.3,27.2,0.0,27.2,16.3,0,0.0
514,orense,emelec,orense,5,Dany Coronel,miss,set-piece,11.7,39.9,0,right-foot,right,0,38.7,5.6,2633563,90,6021,39.9,11.7,61.3,0,61.3,94.4,1,279,shot,6.3,52.5,0.0,52.5,6.3,0,11.0
515,orense,emelec,orense,5,Cristian Barros,miss,regular,34.9,52.4,0,right-foot,right,0,39.3,34.7,2633562,90,5852,52.4,34.9,60.7,0,60.7,65.3,1,448,shot,0.0,0.0,0.0,0.0,0.0,0,8.0
516,orense,emelec,orense,5,Walter Agustin Herrera,goal,penalty,11.5,50.0,0,right-foot,low-right,0,46.9,8.9,2633561,90,5776,50.0,11.5,53.1,0,53.1,91.1,1,524,shot,0.0,0.0,0.0,0.0,0.0,penalty,7.0
517,orense,emelec,emelec,5,Aníbal Leguizamón,block,free-kick,24.0,31.0,0,right-foot,low-centre,0,51.5,19.0,2633559,90,5367,31.0,24.0,48.5,0,48.5,81.0,1,33,shot,18.0,35.4,0.0,35.4,18.0,0,0.0
518,orense,emelec,orense,5,Walter Agustin Herrera,save,assisted,7.7,55.2,0,head,high-centre,0,50.6,24.1,2633558,87,5206,55.2,7.7,49.4,0,49.4,75.9,4,194,shot,1.4,50.5,0.0,50.5,1.4,0,0.0
519,orense,emelec,emelec,5,Jaime Ayoví,block,assisted,13.0,56.8,0,left-foot,low-centre,0,51.2,19.0,2633557,86,5106,56.8,13.0,48.8,0,48.8,81.0,5,294,shot,11.6,56.0,0.0,56.0,11.6,0,0.0
520,orense,emelec,emelec,5,Jaime Ayoví,post,assisted,9.2,43.6,0,right-foot,high,0,47.5,39.2,2633555,81,4806,43.6,9.2,52.5,0,52.5,60.8,10,594,shot,0.0,0.0,0.0,0.0,0.0,0,0.0
521,orense,emelec,emelec,5,Jaime Ayoví,block,assisted,21.6,58.1,0,right-foot,low-centre,0,49.2,19.0,2633553,79,4681,58.1,21.6,50.8,0,50.8,81.0,12,719,shot,13.7,55.4,0.0,55.4,13.7,0,0.0
522,orense,emelec,emelec,5,Rodrigo Rivero,block,assisted,18.3,68.7,0,left-foot,low-centre,0,49.6,19.0,2633556,73,4320,68.7,18.3,50.4,0,50.4,81.0,18,1080,shot,15.1,65.5,0.0,65.5,15.1,0,0.0
523,orense,emelec,orense,5,José Andrade,block,assisted,9.2,63.2,0,right-foot,low-centre,0,49.4,19.0,2633554,66,3941,63.2,9.2,50.6,0,50.6,81.0,25,1459,shot,7.5,60.8,0.0,60.8,7.5,0,0.0
524,orense,emelec,emelec,5,Washington Corozo,miss,assisted,31.5,41.7,0,right-foot,right,0,39.5,13.9,2633552,61,3612,41.7,31.5,60.5,0,60.5,86.1,30,1788,shot,0.0,0.0,0.0,0.0,0.0,0,0.0
525,orense,emelec,orense,5,Richard Calderón,miss,assisted,33.4,66.2,0,right-foot,left,0,62.2,26.4,2633550,60,3572,66.2,33.4,37.8,0,37.8,73.6,31,1828,shot,0.0,0.0,0.0,0.0,0.0,0,0.0
526,orense,emelec,orense,5,Pedro Velasco,miss,set-piece,8.9,53.6,0,head,high-left,0,63.5,54.2,2633549,56,3326,53.6,8.9,36.5,0,36.5,45.8,35,2074,shot,0.0,0.0,0.0,0.0,0.0,0,0.0
527,orense,emelec,orense,5,Dany Coronel,block,assisted,30.6,37.2,0,right-foot,low-left,0,52.4,19.0,2633551,54,3225,37.2,30.6,47.6,0,47.6,81.0,37,2175,shot,20.1,40.8,0.0,40.8,20.1,0,0.0
528,orense,emelec,orense,5,Dany Coronel,post,assisted,6.0,53.2,0,head,right,0,44.7,10.8,2633548,49,2902,53.2,6.0,55.3,0,55.3,89.2,42,2498,shot,0.0,0.0,0.0,0.0,0.0,0,0.0
529,orense,emelec,orense,5,Yeltzin Erique,miss,assisted,23.1,38.4,0,left-foot,left,0,61.8,8.3,2633545,45,2771,38.4,23.1,38.2,0,38.2,91.7,1,2629,shot,0.0,0.0,0.0,0.0,0.0,0,2.0
530,orense,emelec,emelec,5,Jhon Sánchez,save,assisted,23.4,37.6,0,right-foot,low-centre,0,51.3,14.6,2633544,45,2675,37.6,23.4,48.7,0,48.7,85.4,1,25,shot,1.9,48.9,0.0,48.9,1.9,0,0.0
531,orense,emelec,orense,5,Robert Burbano,miss,regular,27.5,49.7,0,right-foot,high-right,0,42.4,66.7,2633543,44,2632,49.7,27.5,57.6,0,57.6,33.3,2,68,shot,0.0,0.0,0.0,0.0,0.0,0,0.0
532,orense,emelec,emelec,5,Marcelo Meli,save,assisted,32.5,62.9,0,right-foot,low-centre,0,50.8,1.3,2633523,43,2543,62.9,32.5,49.2,0,49.2,98.7,3,157,shot,1.0,53.1,0.0,53.1,1.0,0,0.0
533,orense,emelec,emelec,5,Washington Corozo,block,assisted,21.5,47.6,0,right-foot,low-centre,0,49.5,19.0,2633542,42,2494,47.6,21.5,50.5,0,50.5,81.0,4,206,shot,17.1,48.2,0.0,48.2,17.1,0,0.0
534,orense,emelec,orense,5,Bryan Quinonez,miss,corner,9.1,48.9,0,right-foot,high-left,0,65.2,45.8,2633521,40,2368,48.9,9.1,34.8,0,34.8,54.2,6,332,shot,0.0,0.0,0.0,0.0,0.0,0,0.0
535,orense,emelec,orense,5,Walter Agustin Herrera,block,assisted,10.0,29.7,0,left-foot,low-left,0,52.4,19.0,2633541,36,2141,29.7,10.0,47.6,0,47.6,81.0,10,559,shot,7.7,33.8,0.0,33.8,7.7,0,0.0
536,orense,emelec,orense,5,Walter Agustin Herrera,save,assisted,8.8,46.7,0,head,high-centre,0,50.1,27.8,2633520,36,2108,46.7,8.8,49.9,0,49.9,72.2,10,592,shot,1.0,48.6,0.0,48.6,1.0,0,0.0
537,orense,emelec,orense,5,Agustin Maziero,miss,assisted,14.7,58.6,0,head,right,0,31.4,12.5,2633546,36,2101,58.6,14.7,68.6,0,68.6,87.5,10,599,shot,6.8,68.4,0.0,68.4,6.8,0,0.0
538,orense,emelec,emelec,5,Juan Ruiz Gómez,block,assisted,16.8,52.2,0,right-foot,low-centre,0,50.9,19.0,2633519,34,1993,52.2,16.8,49.1,0,49.1,81.0,12,707,shot,15.7,52.0,0.0,52.0,15.7,0,0.0
539,orense,emelec,orense,5,Richard Calderón,block,free-kick,22.5,72.4,0,right-foot,low-centre,0,48.7,19.0,2633518,29,1695,72.4,22.5,51.3,0,51.3,81.0,17,1005,shot,11.9,62.5,0.0,62.5,11.9,0,0.0
540,orense,emelec,emelec,5,Romario Caicedo,save,assisted,16.9,63.4,0,left-foot,low-left,0,52.2,7.6,2633517,27,1565,63.4,16.9,47.8,0,47.8,92.4,19,1135,shot,1.1,51.8,0.0,51.8,1.1,0,0.0
541,orense,emelec,orense,5,Richard Calderón,save,free-kick,27.7,19.3,0,right-foot,low-centre,0,50.6,14.6,2633515,17,1012,19.3,27.7,49.4,0,49.4,85.4,29,1688,shot,2.3,47.5,0.0,47.5,2.3,0,0.0
542,orense,emelec,orense,5,Richard Calderón,miss,free-kick,28.5,9.0,0,right-foot,high,0,48.1,79.2,2633564,15,872,9.0,28.5,51.9,0,51.9,20.8,31,1828,shot,0.0,0.0,0.0,0.0,0.0,0,0.0
543,orense,emelec,emelec,5,Facundo Castelli,goal,assisted,10.2,37.9,0,right-foot,low-right,0,48.0,19.6,2633511,12,665,37.9,10.2,52.0,0,52.0,80.4,34,2035,shot,0.0,0.0,0.0,0.0,0.0,regular,0.0
544,orense,emelec,emelec,5,Juan Ruiz Gómez,block,regular,10.3,57.4,0,right-foot,low-right,0,47.2,19.0,2633514,11,659,57.4,10.3,52.8,0,52.8,81.0,35,2041,shot,7.1,56.0,0.0,56.0,7.1,0,0.0
545,orense,emelec,emelec,5,Facundo Castelli,save,assisted,9.9,37.6,0,left-foot,low-centre,0,51.2,12.7,2633512,11,658,37.6,9.9,48.8,0,48.8,87.3,35,2042,shot,1.0,48.0,0.0,48.0,1.0,0,0.0
546,orense,emelec,orense,5,Pedro Velasco,miss,set-piece,10.7,66.2,0,head,high-right,0,39.3,62.5,2633510,7,363,66.2,10.7,60.7,0,60.7,37.5,39,2337,shot,0.0,0.0,0.0,0.0,0.0,0,0.0
547,tecnico,macara,macara,5,Ronaldo Lora,miss,assisted,36.8,68.4,0,right-foot,left,0,63.0,8.3,2629921,90,5579,68.4,36.8,37.0,0,37.0,91.7,1,721,shot,0.0,0.0,0.0,0.0,0.0,0,3.0
548,tecnico,macara,tecnico,5,Willian Cevallos,miss,assisted,33.7,54.5,0,right-foot,close-left,0,57.8,18.1,2629928,90,5521,54.5,33.7,42.2,0,42.2,81.9,1,779,shot,0.0,0.0,0.0,0.0,0.0,0,3.0
549,tecnico,macara,macara,5,Facundo Pons,miss,corner,12.9,51.5,0,right-foot,close-right,0,42.4,18.1,2629917,87,5208,51.5,12.9,57.6,0,57.6,81.9,4,192,shot,0.0,0.0,0.0,0.0,0.0,0,0.0
550,tecnico,macara,macara,5,Jorge Valdez,miss,regular,19.9,61.2,0,right-foot,close-high-right,0,41.7,50.0,2629910,85,5053,61.2,19.9,58.3,0,58.3,50.0,6,347,shot,0.0,0.0,0.0,0.0,0.0,0,0.0
551,tecnico,macara,macara,5,Facundo Pons,miss,assisted,7.8,35.5,0,right-foot,close-left,0,57.8,15.3,2629909,83,4979,35.5,7.8,42.2,0,42.2,84.7,8,421,shot,0.0,0.0,0.0,0.0,0.0,0,0.0
552,tecnico,macara,macara,5,Miguel Perea,miss,regular,30.5,24.6,0,left-foot,close-left,0,57.5,18.1,2629926,81,4805,24.6,30.5,42.5,0,42.5,81.9,10,595,shot,0.0,0.0,0.0,0.0,0.0,0,0.0
553,tecnico,macara,tecnico,5,Edison Caicedo,save,assisted,35.6,52.2,0,right-foot,low-centre,0,51.0,15.2,2629905,76,4555,52.2,35.6,49.0,0,49.0,84.8,15,845,shot,1.5,49.6,0.0,49.6,1.5,0,0.0
554,tecnico,macara,macara,5,Jorge Valdez,miss,assisted,12.4,52.8,0,left-foot,right,0,39.0,26.4,2629904,74,4380,52.8,12.4,61.0,0,61.0,73.6,17,1020,shot,0.0,0.0,0.0,0.0,0.0,0,0.0
555,tecnico,macara,macara,5,Daniel Porozo,miss,corner,6.8,50.0,0,left-foot,close-left,0,59.2,11.1,2629900,71,4208,50.0,6.8,40.8,0,40.8,88.9,20,1192,shot,0.0,0.0,0.0,0.0,0.0,0,0.0
556,tecnico,macara,tecnico,5,Willian Cevallos,miss,assisted,10.2,21.9,0,right-foot,high-right,0,37.5,43.1,2629898,69,4138,21.9,10.2,62.5,0,62.5,56.9,22,1262,shot,0.0,0.0,0.0,0.0,0.0,0,0.0
557,tecnico,macara,tecnico,5,Diego Armas,goal,penalty,11.5,50.0,0,right-foot,low-centre,0,51.5,15.8,2629896,63,3779,50.0,11.5,48.5,0,48.5,84.2,28,1621,shot,0.0,0.0,0.0,0.0,0.0,penalty,0.0
558,tecnico,macara,macara,5,Janpol Morales,save,regular,46.8,32.7,0,right-foot,low-left,0,53.5,16.5,2629940,56,3350,32.7,46.8,46.5,0,46.5,83.5,35,2050,shot,2.2,47.7,0.0,47.7,2.2,0,0.0
559,tecnico,macara,tecnico,5,Diego Armas,block,regular,23.2,63.4,0,right-foot,low-centre,0,49.7,19.0,2629875,52,3082,63.4,23.2,50.3,0,50.3,81.0,39,2318,shot,11.6,56.9,0.0,56.9,11.6,0,0.0
560,tecnico,macara,macara,5,Freddy Mina,miss,assisted,15.3,58.6,0,head,close-left,0,58.7,12.5,2629864,46,2723,58.6,15.3,41.3,0,41.3,87.5,45,2677,shot,0.0,0.0,0.0,0.0,0.0,0,0.0
561,tecnico,macara,tecnico,5,Milton Maciel,miss,free-kick,32.5,63.4,0,left-foot,close-right,0,41.2,18.1,2629836,43,2522,63.4,32.5,58.8,0,58.8,81.9,3,178,shot,0.0,0.0,0.0,0.0,0.0,0,0.0
562,tecnico,macara,macara,5,Glendys Mina,miss,assisted,24.8,37.4,0,left-foot,high,0,54.5,72.2,2629830,39,2285,37.4,24.8,45.5,0,45.5,27.8,7,415,shot,0.0,0.0,0.0,0.0,0.0,0,0.0
563,tecnico,macara,macara,5,Leonel Álvarez,save,free-kick,22.6,28.0,0,right-foot,high-centre,0,50.3,31.0,2629824,37,2172,28.0,22.6,49.7,0,49.7,69.0,9,528,shot,1.2,48.9,0.0,48.9,1.2,0,0.0
564,tecnico,macara,macara,5,Freddy Mina,save,assisted,8.3,46.6,0,left-foot,low-centre,0,50.1,7.6,2629823,34,2030,46.6,8.3,49.9,0,49.9,92.4,12,670,shot,2.8,46.8,0.0,46.8,2.8,0,0.0
565,tecnico,macara,macara,5,Freddy Mina,block,free-kick,32.9,53.8,0,right-foot,low-centre,0,49.4,19.0,2629829,28,1637,53.8,32.9,50.6,0,50.6,81.0,18,1063,shot,21.6,52.7,0.0,52.7,21.6,0,0.0
566,tecnico,macara,macara,5,Daniel Porozo,save,regular,10.5,50.7,0,right-foot,low-centre,0,50.6,5.7,2629780,27,1585,50.7,10.5,49.4,0,49.4,94.3,19,1115,shot,3.1,51.3,0.0,51.3,3.1,0,0.0
567,tecnico,macara,tecnico,5,Milton Maciel,save,regular,7.0,70.5,0,left-foot,low-centre,0,48.7,10.8,2629771,26,1521,70.5,7.0,51.3,0,51.3,89.2,20,1179,shot,1.6,50.7,0.0,50.7,1.6,0,0.0
568,tecnico,macara,macara,5,Janpol Morales,block,regular,13.3,31.6,0,right-foot,low-centre,0,51.6,19.0,2629814,25,1466,31.6,13.3,48.4,0,48.4,81.0,21,1234,shot,10.6,35.0,0.0,35.0,10.6,0,0.0
569,tecnico,macara,tecnico,5,Carlos Arboleda,miss,free-kick,25.7,43.0,0,left-foot,close-high-right,0,41.7,59.7,2629762,23,1336,43.0,25.7,58.3,0,58.3,40.3,23,1364,shot,0.0,0.0,0.0,0.0,0.0,0,0.0
570,tecnico,macara,macara,5,Freddy Mina,miss,free-kick,21.6,67.9,0,right-foot,high-right,0,41.8,62.5,2629759,20,1176,67.9,21.6,58.2,0,58.2,37.5,26,1524,shot,0.0,0.0,0.0,0.0,0.0,0,0.0
571,tecnico,macara,macara,5,Facundo Pons,goal,penalty,11.5,50.0,0,right-foot,high-right,0,45.9,20.3,2629754,14,806,50.0,11.5,54.1,0,54.1,79.7,32,1894,shot,0.0,0.0,0.0,0.0,0.0,penalty,0.0
572,tecnico,macara,macara,5,Leonel Álvarez,post,assisted,24.2,33.3,0,right-foot,left,0,55.3,17.7,2629749,10,567,33.3,24.2,44.7,0,44.7,82.3,36,2133,shot,0.0,0.0,0.0,0.0,0.0,0,0.0
573,tecnico,macara,tecnico,5,Rodrigo Ruiz Díaz,miss,assisted,30.9,37.6,0,right-foot,left,0,60.2,20.8,2629748,9,515,37.6,30.9,39.8,0,39.8,79.2,37,2185,shot,0.0,0.0,0.0,0.0,0.0,0,0.0
574,tecnico,macara,tecnico,5,Carlos Arboleda,miss,set-piece,25.2,41.3,0,left-foot,close-high-left,0,57.5,52.8,2629744,7,383,41.3,25.2,42.5,0,42.5,47.2,39,2317,shot,0.0,0.0,0.0,0.0,0.0,0,0.0
